reach,row,col,Channel,d,gwf_q_m3d,gain_m3d,c_PFOS,load_PFOS,c_PFOA,load_PFOA,c_PFHxS,load_PFHxS,c_PFBS,load_PFBS,c_PFHxA,load_PFHxA
0,31,41,85,116.7222667053814,92.55082012812302,92.55082012812302,0.9999719969875381,0.03378010337561907,0.9996724561166251,0.03376998457067739,0.9996335883181543,0.03376867157565924,0.9990826779199771,0.03375006124431277,0.9956928979157226,0.03363555091871437
1,100,57,128,117.06716405001823,-0.0,-0.0,0.9998672841455032,-0.0,0.9989518792488787,-0.0,0.9988398475674933,-0.0,0.9972721200226002,-0.0,0.9874569557324732,-0.0
2,67,80,136,74.9025454406043,-0.0,-0.0,0.9999672836613034,-0.0,0.9996181730723974,-0.0,0.9995723887572603,-0.0,0.9989136710488717,-0.0,0.9945982959349642,-0.0
3,121,52,413,40.29540514865177,-0.0,-0.0,0.9998230467009991,-0.0,0.9979355027921897,-0.0,0.997694169547992,-0.0,0.9943174659046771,-0.0,0.9747510544579743,-0.0
4,139,96,145,58.06923493592812,-0.0,-0.0,0.9997808201464999,-0.0,0.9976960814822995,-0.0,0.9974371111649071,-0.0,0.9938667641999097,-0.0,0.971811482490288,-0.0
5,35,31,399,69.61992423277677,1351.793576374571,1351.793576374571,0.9999565261080148,0.4933832051560256,0.999511105797994,0.493163432701462,0.9994531536956365,0.49313483886436993,0.99862519904106,0.49272632218336104,0.9935238881601619,0.490209311646202
6,107,49,194,109.62922666265013,172.56114973956394,172.56114973956394,0.999379255146222,0.06294572215227391,0.9962255453104651,0.06274708630702475,0.9958898764098404,0.06272594426185513,0.9914927843152279,0.06244899420926979,0.9707976381301971,0.06114551415907298
7,23,48,183,114.71431802115364,-0.0,-0.0,0.9998964475745039,-0.0,0.9990825255763378,-0.0,0.9989821576101695,-0.0,0.9975694575569576,-0.0,0.9885405052923902,-0.0
8,77,93,245,32.77499392237507,-0.0,-0.0,0.999961657115548,-0.0,0.9995686955071297,-0.0,0.9995169643666681,-0.0,0.9987726468681732,-0.0,0.993960173014345,-0.0
9,70,57,450,18.0666938674136,392.2805479168461,392.2805479168461,0.9998481759032936,0.14316066145110615,0.9981382335209543,0.14291582779695877,0.9979006478306683,0.14288180970762046,0.9944076087996829,0.14238166799590643,0.9729290032223352,0.13930630970091074
10,42,49,206,116.71992833014671,308.39626126411343,308.39626126411343,0.9999460449741245,0.11255856193358782,0.9993973485862317,0.11249679812476054,0.9993248070465719,0.11248863251280018,0.9982720301545133,0.11237012706582869,0.9905388149201728,0.11149964051280392
11,54,26,257,24.114348105969512,29.535907314988773,29.535907314988773,0.9999970985957926,0.010780574891074802,0.9999470161068195,0.010780034971485171,0.9999391769121632,0.010779950460214892,0.9998121987315932,0.010778581558457989,0.9987658943123398,0.010767301762580115
12,146,89,272,51.64087665061236,234.3580478992731,234.3580478992731,0.9997582087685565,0.08552000449506958,0.9976222937422824,0.08533729685531632,0.997354352892698,0.08531437701083804,0.9936110554790089,0.08499417277661686,0.971855469769169,0.08313318501839673
13,39,39,364,31.323780796513976,68.91341437111556,68.91341437111556,0.9999670626930702,0.025152567760324714,0.9995853113470452,0.025142965417450914,0.99953249020613,0.02514163678636334,0.9987504403629701,0.02512196557677464,0.9934793524968997,0.024989379815034744
14,57,53,330,47.95056175067575,551.9480176611963,551.9480176611963,0.999845416986136,0.2014298839936925,0.9984815271567536,0.2011551133487054,0.9983056143758482,0.2011196737792991,0.9956925804341483,0.20059324927926517,0.9788308212137226,0.1971962619590272
15,74,13,282,19.020752012385827,-0.0,-0.0,0.99998759779337,-0.0,0.9997989201194092,-0.0,0.9997705425395594,-0.0,0.9993312204359353,-0.0,0.996061900298808,-0.0
16,88,14,591,15.592259064831673,262.5096742199303,262.5096742199303,0.9999203268255065,0.09580839712291021,0.9990869736334624,0.09572854852755214,0.9989783622845163,0.09571814181916478,0.9974292650511342,0.09556971347048918,0.9882062047393306,0.09468599643690592
17,72,80,428,7.664423278569785,-0.0,-0.0,0.9999643924810133,-0.0,0.9995558607632,-0.0,0.9994997331533264,-0.0,0.9986668022550568,-0.0,0.9932164002707536,-0.0
18,59,85,393,82.2657420575068,-0.0,-0.0,0.9999394522850429,-0.0,0.9993771670338555,-0.0,0.9993061431760659,-0.0,0.99830717370671,-0.0,0.9923184080710805,-0.0
19,109,51,304,81.65666566825155,-0.0,-0.0,0.999759174206639,-0.0,0.9983864044457155,-0.0,0.9982355665454028,-0.0,0.9962360174360823,-0.0,0.9860113613040982,-0.0
20,131,29,494,17.750140634678623,-0.0,-0.0,0.9999520019673599,-0.0,0.9993263189352639,-0.0,0.9992330288735181,-0.0,0.9977425820562968,-0.0,0.9862600169194723,-0.0
20,131,29,410,17.750140634678623,-0.0,-0.0,0.9999520019673599,-0.0,0.9993263189352639,-0.0,0.9992330288735181,-0.0,0.9977425820562968,-0.0,0.9862600169194723,-0.0
20,131,29,306,17.750140634678623,-0.0,-0.0,0.9999520019673599,-0.0,0.9993263189352639,-0.0,0.9992330288735181,-0.0,0.9977425820562968,-0.0,0.9862600169194723,-0.0
21,142,77,555,48.902096984093546,710.2416320744417,710.2416320744417,1.3866197065755377,0.35946479086464955,0.9937246318768719,0.2576113805975332,0.9920996207784617,0.2571901156523772,0.9809304273738184,0.25429463410665304,0.92821028250798,0.2406275588742124
22,107,31,310,110.02798054847872,-0.0,-0.0,0.9999733533337398,-0.0,0.999646661551881,-0.0,0.99960222609183,-0.0,0.9989491290064578,-0.0,0.99445525208065,-0.0
23,107,94,550,41.37999842627888,-0.0,-0.0,0.9998746662502551,-0.0,0.9987354502910072,-0.0,0.9985901764420454,-0.0,0.9965381694193653,-0.0,0.9840156675341923,-0.0
24,76,87,201,24.56685148581389,23.353331915931964,23.353331915931964,0.9997391372592479,0.008521742564143378,0.9976486279866313,0.008503923133868765,0.9974115730049249,0.008501902485229173,0.9942439441701606,0.008474901724268047,0.9762541812778077,0.008321557594339427
25,28,37,317,59.738569843624816,-0.0,-0.0,0.9999330941485841,-0.0,0.9993159114691932,-0.0,0.9992368095081903,-0.0,0.9981154349690302,-0.0,0.9912984483945539,-0.0
26,98,30,237,21.035427924206104,405.6712134175547,405.6712134175547,0.9999806219192604,0.14806712358513002,0.9997349046883478,0.148030740236494,0.9996994061939981,0.1480254839746878,0.9991520574219285,0.14794443804589502,0.9951171334529254,0.14734698688246314
27,27,55,322,34.39343987527423,13.75320203156998,13.75320203156998,0.999832811703415,0.005019079469859652,0.998571412676974,0.0050127473492462835,0.9984147778498889,0.005011961055142223,0.9961779364664861,0.005000732293159864,0.9784370726276871,0.004911674598284669
28,91,29,487,22.284390090198208,-0.0,-0.0,0.9999511610990549,-0.0,0.9994315156685191,-0.0,0.9993633263812521,-0.0,0.9983790696221673,-0.0,0.9919131624100914,-0.0
29,63,33,522,81.51246735873795,-0.0,-0.0,0.9999591079025248,-0.0,0.9995131838641359,-0.0,0.999454082838644,-0.0,0.9986064637328935,-0.0,0.9931638874585833,-0.0
30,40,25,503,48.81516656066095,56.37974214283535,56.37974214283535,0.9999242058066431,0.020577046143301657,0.9992071610833662,0.020562290362541476,0.999116209788179,0.020560418711683348,0.9978157536777186,0.02053365713791917,0.9895983575675408,0.020364554581990435
31,129,47,22,3.840713231828613,13.028004612099805,13.028004612099805,0.999941788335914,0.004754944874049139,0.9993120984275436,0.004751950558943029,0.9992270053556873,0.004751545922522628,0.9979900028111875,0.004745663701200582,0.9901667127110625,0.00470846222248081
32,132,18,404,16.395615491837393,150.27385456246742,150.27385456246742,0.9996197969314409,0.05482910279337108,0.9969262514917479,0.0546813619420545,0.9965847460695317,0.05466263038435962,0.9913245275057553,0.05437410762277141,0.9581123225632829,0.05255241961261468
33,49,44,346,7.918043939840812,-0.0,-0.0,0.9999856381211936,-0.0,0.9997951898198923,-0.0,0.9997660672680614,-0.0,0.9992881047879678,-0.0,0.9952588902810169,-0.0
34,74,59,475,22.008864562656,193.52286982859152,193.52286982859152,0.999920471389646,0.07063022991664406,0.9990866293863128,0.070571330780068,0.9989718238061327,0.07056322139061567,0.9972160767165189,0.07043920270696721,0.9860007344758908,0.06964699750293882
35,53,28,486,79.7418626489997,-0.0,-0.0,0.9999306387647506,-0.0,0.9993156804606559,-0.0,0.9992394835330388,-0.0,0.9981779105439754,-0.0,0.9917468904958168,-0.0
36,44,50,436,17.70721674380887,-0.0,-0.0,0.9998820256681048,-0.0,0.9988299112600274,-0.0,0.9986964584603588,-0.0,0.9968096387099283,-0.0,0.9842376750141053,-0.0
37,65,30,532,31.24945824079621,0.7633129367338904,0.7633129367338904,0.9999672566121246,0.00027860009929805144,0.9995807340542872,0.0002784924105489625,0.9995273522631899,0.00027847753788968083,0.9987319631630114,0.0002782559351513661,0.9930274332791156,0.0002766666005190637
38,48,44,346,5.431879436216916,87.78569507434746,87.78569507434746,0.9999920820393569,0.032041524996594115,0.9998834815010885,0.03203804524217999,0.9998672135608402,0.03203752398843862,0.9996054380287481,0.03202913623476969,0.997348933016536,0.03195683380052813
39,33,38,585,7.972744278608566,336.4882861118144,336.4882861118144,0.9999631053150234,0.1228136930911125,0.999572206186938,0.12276568355426948,0.9995213447191426,0.12275943683910291,0.9988007020651916,0.12267092878789555,0.994383776452447,0.12212844982669527
40,75,14,458,41.99179141493045,23.318697923211666,23.318697923211666,0.9999936895876277,0.008511271032003302,0.9998950820211011,0.008510431750982579,0.9998792666926785,0.008510297141586472,0.9996141798834723,0.008508040901668505,0.9971990488789132,0.008487484937394298
41,119,98,447,56.77608621225781,327.2774230619344,327.2774230619344,0.9998649296296784,0.11944012441640929,0.9987587628317375,0.11930798586843532,0.9986178143074437,0.11929114868495275,0.9966171216289271,0.11905215342133298,0.9843241895635614,0.11758368573952963
42,110,21,358,62.12703924531098,-0.0,-0.0,0.9999266444562893,-0.0,0.9994417487871927,-0.0,0.9993836390066811,-0.0,0.9985888738814495,-0.0,0.9939871386198611,-0.0
43,129,93,360,26.938762776520807,-0.0,-0.0,0.9998244450689822,-0.0,0.9980646323020371,-0.0,0.9978343028708747,-0.0,0.9945691538425654,-0.0,0.975343646928704,-0.0
44,35,26,455,67.41249214520987,-0.0,-0.0,0.999959298020369,-0.0,0.9995371914664652,-0.0,0.9994815297454535,-0.0,0.9986770362975194,-0.0,0.9935973265658096,-0.0
45,64,50,366,22.050707597248195,419.5608119628942,419.5608119628942,0.9997566875546641,0.15310243557245548,0.9979753293708848,0.15282963892107163,0.9977504670684584,0.15279520357635376,0.994533371947658,0.15230253860637236,0.9768261356679437,0.14959085781900783
46,50,48,384,18.99660716127266,-0.0,-0.0,0.9999361931292753,-0.0,0.9992975704227423,-0.0,0.9992156765239814,-0.0,0.9980530407085381,-0.0,0.9905016570665285,-0.0
47,128,8,445,19.526390125759647,-0.0,-0.0,0.9999545176141776,-0.0,0.9994057308061532,-0.0,0.9993281971997513,-0.0,0.9981487646077023,-0.0,0.9870833769429307,-0.0
48,136,92,372,18.67386483276824,202.7197555264441,202.7197555264441,0.9998026276217263,0.07397810664985306,0.9978680656352913,0.07383496316432966,0.9976105550137355,0.0738159092553894,0.9938040228486409,0.0735342536218717,0.97381267517678,0.07205503961574211
49,77,73,373,35.56505371728326,-0.0,-0.0,0.9999339749190906,-0.0,0.9992340395409092,-0.0,0.9991373349256064,-0.0,0.9976594978765613,-0.0,0.9879656569849817,-0.0
50,136,41,391,35.1739218188086,280.659054529721,280.659054529721,0.9999471719350438,0.10243514316705958,0.9993744083624843,0.10237646894885816,0.999298078679829,0.10236864969381136,0.9982155317686149,0.10225775298751767,0.991240983842409,0.10154327642775715
51,94,97,472,26.69686419150413,452.1111599276875,452.1111599276875,0.9999656682717457,0.1650149079321245,0.999600921429246,0.16495471719903898,0.9995521758478274,0.16494667317524386,0.9988386090503764,0.16482891997318813,0.9941789447263801,0.16405997949471374
52,135,69,382,47.97665594213569,131.52412293576535,131.52412293576535,0.9998918808984196,0.048001114473001434,0.999165838745102,0.047966259872039674,0.9990873631409927,0.04796249254826383,0.9979029177486015,0.04790563170165299,0.990144067675112,0.04753315797957237
53,35,33,70,77.88957774180382,-0.0,-0.0,0.9999862821463793,-0.0,0.9998098463367978,-0.0,0.9997840847944517,-0.0,0.9993801922653334,-0.0,0.9961605622701838,-0.0
54,31,42,89,120.24147585035456,54.7629452315842,54.7629452315842,0.9999675945130291,0.019987827273261743,0.9996330829885385,0.019981140898014064,0.9995890977240455,0.01998026169965396,0.9989589251507912,0.019967665510921773,0.9949588079099643,0.01988770926741832
55,101,57,112,85.95672272069935,187.6656996868413,187.6656996868413,0.999865037904631,0.06848873575473567,0.9988697367478795,0.06842055963562264,0.99874745804334,0.0684121837913175,0.9970381006927537,0.0682950962650449,0.9858496067812985,0.06752870702855256
56,67,81,121,22.63184281362198,-0.0,-0.0,0.9999772298098115,-0.0,0.9996932558214613,-0.0,0.9996531782209549,-0.0,0.9990545987803993,-0.0,0.9948823391284813,-0.0
57,121,53,279,1.266485468025848,559.6070281340582,559.6070281340582,0.9998647391312908,0.20422893734847342,0.998119539961957,0.2038724689604351,0.9978848792836027,0.20382453797627073,0.9944442061427321,0.2031217578983035,0.9727581295458554,0.1986922343784665
58,139,95,145,65.40099576701259,437.89334234671855,437.89334234671855,0.99986063219206,0.1598087946506917,0.9983724559111848,0.15957093784343548,0.9981766101369436,0.15953963560379203,0.9954271375758946,0.15910018446254337,0.9784778615934723,0.15639116354728394
59,35,32,399,70.595942816668,1036.1593900963885,1036.1593900963885,0.9999687234042571,0.37818634863367706,0.9996399778787715,0.3780620176751148,0.9995960009161677,0.37804538566801116,0.9989542034202482,0.377802659024804,0.9947611412493028,0.3762168505540898
60,107,48,194,84.102806255926,200.40004147790597,200.40004147790597,0.9998822645310175,0.07313740325903904,0.9987810977422334,0.0730568572964356,0.9986448581936227,0.07304689191635033,0.9965821248609062,0.07289601119276683,0.9862381988392465,0.0721393942233853
61,22,48,205,70.40632296048514,-0.0,-0.0,0.9999401950902228,-0.0,0.9994218465421622,-0.0,0.9993561187904239,-0.0,0.9984291686190797,-0.0,0.9926073606868904,-0.0
62,77,92,211,62.67817682886308,42.68698010302771,42.68698010302771,0.999965917421307,0.015580216705544249,0.9995839321245212,0.01557426508899556,0.9995320594845126,0.015573456874477098,0.9987729821192906,0.015561629881536249,0.9937893877892093,0.015483981755452693
63,70,56,217,3.2141726717497257,938.589805055252,938.589805055252,0.99985201582251,0.34253458164445694,0.9983558780493508,0.34202202686824834,0.9981542938239013,0.341952967080162,0.9951614057331352,0.34092764767903444,0.9753071091740937,0.3341258579560806
64,42,50,340,60.16864317434256,1655.9584886656555,1655.9584886656555,0.9999112820737849,0.6043712250438646,0.9988893031768888,0.6037535156040781,0.9987491402720764,0.6036687976615908,0.9966750557526531,0.6024151694404463,0.9806739148419974,0.5927436822718888
64,42,50,441,60.16864317434256,1655.9584886656555,1655.9584886656555,0.9999112820737849,0.6043712250438646,0.9988893031768888,0.6037535156040781,0.9987491402720764,0.6036687976615908,0.9966750557526531,0.6024151694404463,0.9806739148419974,0.5927436822718888
65,54,27,257,97.71285419973069,474.3112732564999,474.3112732564999,0.9999812946822619,0.17312037640640082,0.9997691261925256,0.173083645030524,0.9997404618282782,0.17307868255217135,0.9993191852351554,0.17300574962556511,0.9963767629921626,0.1724963468507709
66,146,88,272,18.621170429180665,164.67762031893844,164.67762031893844,0.9998288479258828,0.06009704392197096,0.9980784606007058,0.05999183281090946,0.9978517714105791,0.05997820712862999,0.9946466802249474,0.059785557650515415,0.9757019839670684,0.0586468425139598
67,39,38,276,121.9465404147731,1232.6259095363887,1232.6259095363887,0.9999829890486123,0.44990080360989115,0.9997642750210999,0.44980240231925317,0.9997323607023797,0.4497880437973621,0.9992405820271597,0.4495667884124178,0.9956345726468212,0.4479444142962514
68,56,53,280,19.504867954974653,689.2182418800985,689.2182418800985,0.9998588595117913,0.25152915232754935,0.9985336758503494,0.25119578295259226,0.9983530759324128,0.25115035039595,0.9954273542592235,0.25041434222299347,0.9748889578987492,0.24524760756082353
69,73,13,282,116.4840885074627,97.00613955900478,97.00613955900478,0.9999750337129416,0.035406356951695514,0.9996564015376919,0.03539507506549552,0.9996128640031305,0.035393533521519416,0.9989755412351277,0.0353709676807168,0.9946895817301309,0.035219213679868425
70,88,15,298,20.265013613583985,-77.79234801883975,0.0,0.9999381631090613,0.0,0.9992285784033094,0.0,0.9991300259883085,0.0,0.9976620498863971,0.0,0.9881993353585776,0.0
71,71,81,301,107.7274326420429,722.5544172950945,722.5544172950945,0.9998822436863036,0.2637013061619211,0.9990153181015206,0.26347266982949696,0.9989123331448561,0.2634455093635932,0.9975087423307185,0.2630753370424602,0.9894161443625256,0.26094105706306164
72,59,86,444,87.62500673869499,-0.0,-0.0,0.9998522886570168,-0.0,0.9989354942986393,-0.0,0.998829129930957,-0.0,0.9974005908919052,-0.0,0.9894015137686408,-0.0
73,110,51,592,5.286062066793328,-0.0,-0.0,0.9999667155019138,-0.0,0.9994681120599754,-0.0,0.9994025464387684,-0.0,0.9983566307567844,-0.0,0.9921583845423523,-0.0
74,131,30,306,4.223822925041255,-0.0,-0.0,0.9999723088294575,-0.0,0.9995882437291044,-0.0,0.9995294534939176,-0.0,0.9985572871613743,-0.0,0.9898547934936833,-0.0
75,142,78,308,116.44521273224277,1241.1587411681253,1241.1587411681253,34.574620667150555,15.663096322216202,9.671692468933472,4.381498562142948,1.5608342782759648,0.7070937344189254,1.7787142905987108,0.8057983782832965,1.9993797495790373,0.9057648933831641
76,107,30,310,134.33290562141565,-0.0,-0.0,0.9999543937657616,-0.0,0.9995419770487763,-0.0,0.9994896382683942,-0.0,0.9987441912891921,-0.0,0.9935880031531693,-0.0
77,107,93,312,85.14481337935887,-0.0,-0.0,0.9998035775780606,-0.0,0.9982607397391691,-0.0,0.9980698277370997,-0.0,0.9954040407515464,-0.0,0.9794369184839944,-0.0
78,76,88,314,104.7672475623156,-23.353331915931964,0.0,0.9999805044727795,0.0,0.9997375376146711,0.0,0.999703752543847,0.0,0.9992024060521075,0.0,0.9958634811243023,0.0
79,28,36,402,41.23044950905653,175.56902710031108,175.56902710031108,0.9999415714573028,0.06407895063313891,0.9993991701312128,0.06404419209445028,0.9993295017151501,0.06403972755460016,0.9983394313300746,0.06397628117619214,0.9921279677645097,0.06357823385168966
80,98,31,237,123.45187041472968,204.7324710714265,204.7324710714265,0.9999780266906383,0.07472570993384868,0.9996587154576351,0.07470184865096133,0.9996094496306613,0.07469816714617039,0.998826805616424,0.0746396822314739,0.9930674868502487,0.0742093035910931
81,27,54,322,35.46249233686986,62.733360254994814,62.733360254994814,0.9998732450086748,0.02289477409828786,0.9987705105651111,0.02286952404174137,0.9986313620841428,0.022866337864839655,0.9966582573604121,0.022821158351188715,0.9812758978476276,0.02246893805936483
82,92,29,323,93.46421272605716,418.0875472467073,418.0875472467073,0.9999426238062031,0.1525931990257189,0.999382605528892,0.1525077391419083,0.9993108699075215,0.15249679214586231,0.9982920604411748,0.15234131982978505,0.9918472089765725,0.15135782289824523
83,63,34,461,122.28985838940812,-0.0,-0.0,0.9999710035884593,-0.0,0.9996333272807976,-0.0,0.9995872902876142,-0.0,0.9989141175331613,-0.0,0.9944213181911113,-0.0
84,40,26,328,26.57491505960997,199.78528842980305,199.78528842980305,0.9999323230454535,0.07291669516302039,0.9993010145354029,0.07287065911725985,0.999220057585206,0.07286475560446926,0.998059980055832,0.07278016085977972,0.9904548723673197,0.07222558400870219
85,129,47,22,3.840713231828613,235.7170566098115,235.7170566098115,0.999941788335914,0.08603171732160787,0.9993120984275436,0.08597754086370892,0.9992270053556873,0.08597021973442982,0.9979900028111875,0.08586379208586478,0.9901667127110625,0.08519070182174154
86,132,19,333,78.14621088236757,12.549490406768806,12.549490406768806,0.9996368747982749,0.004578900680244655,0.9971159517260295,0.004567353430777014,0.9968046850984766,0.004565927654068919,0.9920655438488041,0.0045442197142770025,0.9616078361831473,0.004404706235067752
87,75,59,255,48.52649162471853,-0.0,-0.0,0.9999244349491393,-0.0,0.9991035731860917,-0.0,0.9989928379295636,-0.0,0.9973425619662054,-0.0,0.9866334682634581,-0.0
88,54,28,339,4.371713944756105,-0.0,-0.0,0.9999693466995897,-0.0,0.9995877114349877,-0.0,0.9995345690651416,-0.0,0.9987446338013546,-0.0,0.993369777746192,-0.0
89,45,50,341,137.50423732942048,819.4143006234984,819.4143006234984,0.999740624929842,0.29900864421835177,0.9979979126263967,0.2984874229834416,0.9977909703321176,0.29842552939494393,0.9949863658861853,0.2975867108533789,0.9791559722341584,0.2928520582591947
90,64,30,485,27.85897848470294,-0.7633129367338904,0.0,0.9999541046234806,0.0,0.9994489854239998,0.0,0.9993819255286976,0.0,0.9984163442983958,0.0,0.9919040896270438,0.0
91,49,44,346,7.918043939840812,3.5317161914156063,3.5317161914156063,0.9999856381211936,0.0012890578963075257,0.9997951898198923,0.001288812393895019,0.9997660672680614,0.0012887748527004588,0.9992881047879678,0.0012881587225425685,0.9952588902810169,0.0012829647571713655
92,33,37,351,9.274693941598382,243.70246822639416,243.70246822639416,0.999972058228509,0.08894891544291604,0.9996730788400618,0.08892232080747266,0.9996338065562038,0.08891882748280683,0.9990725945024092,0.08886890688441836,0.9955529658405381,0.08855583098428786
93,74,14,219,104.13833523831642,103.6853935324676,103.6853935324676,0.9997985391532637,0.03783754431963171,0.9978154741877339,0.03776249489158845,0.9975828242632004,0.03775369021596055,0.9947109026994007,0.037645001860059556,0.9806923566534791,0.03711446762087316
94,118,98,447,122.51431983943256,-66.31510937013294,0.0,0.9997047936954765,0.0,0.9978485202353303,0.0,0.9976337123498783,0.0,0.9947837778541727,0.0,0.9782721798178158,0.0
94,118,98,355,122.51431983943256,-66.31510937013294,0.0,0.9997047936954765,0.0,0.9978485202353303,0.0,0.9976337123498783,0.0,0.9947837778541727,0.0,0.9782721798178158,0.0
94,118,98,270,122.51431983943256,-66.31510937013294,0.0,0.9997047936954765,0.0,0.9978485202353303,0.0,0.9976337123498783,0.0,0.9947837778541727,0.0,0.9782721798178158,0.0
95,110,20,358,108.29718370090002,-0.0,-0.0,0.9999253077320641,-0.0,0.9994486186589152,-0.0,0.9993922692566903,-0.0,0.998630885357614,-0.0,0.9942554980119668,-0.0
96,128,93,360,164.58861522875677,-0.0,-0.0,0.9996292110949812,-0.0,0.9969574711800405,-0.0,0.9966299490459545,-0.0,0.9921622780759854,-0.0,0.9684698299707417,-0.0
97,36,26,289,103.79413852530176,-0.0,-0.0,0.999965110410675,-0.0,0.999593193712662,-0.0,0.9995430669477781,-0.0,0.9988076105340807,-0.0,0.9939257405103582,-0.0
98,64,49,495,76.0498632980501,27.49303524436629,27.49303524436629,0.9997757381579868,0.010032707406058546,0.9981946519576468,0.010016841272658478,0.9979996305602146,0.010014884241152627,0.9951512803630429,0.009986301166941543,0.9777020676061495,0.009811199052162767
99,49,48,368,5.10888670437591,-0.0,-0.0,0.9999476031275513,-0.0,0.9993687200737245,-0.0,0.9992917208642002,-0.0,0.9981639094921555,-0.0,0.9901470901334123,-0.0
100,128,9,371,59.69732616318439,-0.0,-0.0,0.9999585052028385,-0.0,0.9994223799647016,-0.0,0.9993434490403128,-0.0,0.9981345223020063,-0.0,0.9849087033341827,-0.0
101,137,92,145,26.82584172739758,413.7564651870836,413.7564651870836,0.9999417284877866,0.1510123095648417,0.9991983497532512,0.15090004368335544,0.9990863484160953,0.15088312911711985,0.9972404705448984,0.1506043625924688,0.985186304580592,0.14878392907090682
102,77,73,373,35.56505371728326,43.29035378949714,43.29035378949714,0.9999339749190906,0.015799935872240743,0.9992340395409092,0.01578887620793553,0.9991373349256064,0.015787348180327055,0.9976594978765613,0.015763996907952868,0.9879656569849817,0.015610824730304783
103,135,41,375,139.34080429426805,171.75914712401027,171.75914712401027,0.999919458330717,0.062687039374789,0.999232428810658,0.06264396805917775,0.999145635241821,0.06263852678906161,0.9979275975279759,0.06256216546066497,0.9897776394779174,0.06205122756768728
104,94,98,376,23.48175794291077,84.08577499540819,84.08577499540819,0.9999522813009284,0.03068984332403947,0.9994276466884703,0.030673741601627513,0.9993559839829352,0.030671542179468898,0.9982983352837624,0.030639081557620768,0.9910780895974726,0.03041748277434181
105,135,68,382,24.95309351647621,904.8860548274922,904.8860548274922,0.9998991517406647,0.33025010150504763,0.9992116008491008,0.33002301485202507,0.9991272378883124,0.32999515116565714,0.9979689491488914,0.3296125876110227,0.9906519615211277,0.327195907986309
106,31,41,85,116.7222667053814,-0.0,-0.0,0.9999719969875381,-0.0,0.9996724561166251,-0.0,0.9996335883181543,-0.0,0.9990826779199771,-0.0,0.9956928979157226,-0.0
107,101,56,112,39.204899268374845,-43.39727727843412,0.0,0.9999282505999645,0.0,0.9991893680196059,0.0,0.9990910392702486,0.0,0.9976643542334047,0.0,0.9878476864713771,0.0
108,67,81,121,22.63184281362198,-0.0,-0.0,0.9999772298098115,-0.0,0.9996932558214613,-0.0,0.9996531782209549,-0.0,0.9990545987803993,-0.0,0.9948823391284813,-0.0
109,121,52,413,40.29540514865177,254.71227479848764,254.71227479848764,0.9998230467009991,0.0929535289567256,0.9979355027921897,0.09277804403670549,0.997694169547992,0.09275560728974633,0.9943174659046771,0.09244167521854352,0.9747510544579743,0.09062258633177352
110,138,95,145,95.43944395328636,-32.82339661267222,0.0,0.9996294270988441,0.0,0.9965188148530904,0.0,0.9961477653806425,0.0,0.9911304732917733,0.0,0.963934187551521,0.0
111,35,33,70,77.88957774180382,324.34369295913973,324.34369295913973,0.9999862821463793,0.11838382393584047,0.9998098463367978,0.11836293650349228,0.9997840847944517,0.11835988671176224,0.9993801922653334,0.11831207171378696,0.9961605622701838,0.11793091437464204
112,106,48,194,112.7719149171956,10.37921375290945,10.37921375290945,0.999918387519527,0.0037881038380283465,0.9991775188947432,0.003785297121684245,0.9990824792863331,0.003784937072394346,0.9976389091707384,0.003779468232573416,0.9888432945586292,0.0037461468116596537
113,21,48,406,4.012165420663634,-0.0,-0.0,0.9999601741801273,-0.0,0.9995469063790745,-0.0,0.9994918853695113,-0.0,0.9987030412986666,-0.0,0.9934740159228391,-0.0
114,77,91,211,87.76117640775226,348.17348223535413,348.17348223535413,0.9999800389215312,0.12708078429576136,0.9997413734482403,0.12705045389480377,0.9997082965483625,0.12704625037251835,0.9992183834875475,0.12698399059374094,0.9959240778112616,0.12656533928795696
115,70,55,217,16.734947591823435,594.3572157729695,594.3572157729695,0.9998710158442426,0.2169124018848853,0.9986580221739032,0.21664925457254686,0.9984987918195043,0.21661471107835775,0.9962033878137876,0.21611674525247995,0.9810925824269704,0.21283860133298446
116,42,49,206,116.71992833014671,1087.1795735530009,1087.1795735530009,0.9999460449741245,0.39679913388410715,0.9993973485862317,0.3965813998847824,0.9993248070465719,0.3965526139115269,0.9982720301545133,0.39613485041214436,0.9905388149201728,0.39306615173330206
117,55,27,257,120.74070904136836,115.60147489223294,115.60147489223294,0.9999708084278645,0.042193306610755474,0.9996304509600853,0.042178945384533435,0.9995836906531596,0.04217697235497027,0.9988951971418647,0.042147921689114076,0.9943520817811248,0.041956227033861995
118,146,87,272,149.873914399498,367.6774317301242,367.6774317301242,0.9992261201236985,0.13409840615112942,0.9950135923872784,0.1335330753977145,0.9945227967127032,0.13346720950772129,0.9879180904730172,0.13258084298666933,0.952492338170163,0.1278266268739747
119,39,37,69,166.08891447227097,-223.9833377753313,0.0,0.9999941218437117,0.0,0.9999076532419339,0.0,0.9998951336563838,0.0,0.9997030698034575,0.0,0.998342027011918,0.0
119,39,37,276,166.08891447227097,-223.9833377753313,0.0,0.9999941218437117,0.0,0.9999076532419339,0.0,0.9998951336563838,0.0,0.9997030698034575,0.0,0.998342027011918,0.0
120,56,52,280,26.37543409443152,23.319946817215907,23.319946817215907,0.9997635688450622,0.008509768138168741,0.9979946008619152,0.008494711070828494,0.997771934821025,0.008492815786343975,0.9944255924667511,0.008464332454451115,0.9709371999487149,0.008264404410966103
121,73,12,369,56.44309592122848,-97.00613955900478,0.0,0.999980386514973,0.0,0.9997018068905441,0.0,0.9996600419575131,0.0,0.9990058897531409,0.0,0.9940142891602644,0.0
122,89,15,298,110.05488879525272,333.5366039923863,333.5366039923863,0.9999454236662062,0.12173421628738434,0.9993549222324152,0.12166232813473339,0.9992761341904134,0.12165273641070636,0.9981255806756255,0.12151266703581402,0.9906417072710002,0.12060157384798202
123,72,81,301,111.70477478737874,177.2708447757756,177.2708447757756,0.9999210313542447,0.06469874876708959,0.9992315570378065,0.06465413711858753,0.999146810653499,0.06464865370054221,0.9979764859139726,0.06457292917438039,0.9910680683320738,0.06412592790178584
124,60,86,303,41.01392636613658,-0.0,-0.0,0.999957208149465,-0.0,0.9995057045954792,-0.0,0.9994458558917808,-0.0,0.9985817890712205,-0.0,0.9930679311232262,-0.0
125,110,51,592,5.286062066793328,269.6243982747438,269.6243982747438,0.9999667155019138,0.09840962974612104,0.9994681120599754,0.09836056073277225,0.9994025464387684,0.09835410822949685,0.9983566307567844,0.09825117662846047,0.9921583845423523,0.09764118921029785
126,131,30,306,4.223822925041255,-0.0,-0.0,0.9999723088294575,-0.0,0.9995882437291044,-0.0,0.9995294534939176,-0.0,0.9985572871613743,-0.0,0.9898547934936833,-0.0
127,143,78,261,35.1934041584598,954.7887189281056,954.7887189281056,77.07531476018893,26.860583979914374,20.192703298846233,7.037114339756266,2.5404078052092873,0.8853267405701187,3.214106504655898,1.1201093107087972,3.9631069289573744,1.3811343725011231
127,143,78,308,35.1934041584598,954.7887189281056,954.7887189281056,77.07531476018893,26.860583979914374,20.192703298846233,7.037114339756266,2.5404078052092873,0.8853267405701187,3.214106504655898,1.1201093107087972,3.9631069289573744,1.3811343725011231
128,108,30,310,84.46353123093132,-0.0,-0.0,0.9999780192573451,-0.0,0.9996888272689085,-0.0,0.9996479350731378,-0.0,0.9990228263250206,-0.0,0.9945608414013863,-0.0
129,107,92,312,46.424181702215456,-0.0,-0.0,0.9998626556271287,-0.0,0.9984462494254657,-0.0,0.9982633412491512,-0.0,0.9956706562384534,-0.0,0.9800343591071238,-0.0
130,75,88,314,7.620188005605848,1841.2536842269767,1841.2536842269767,0.9999521027239411,0.6720254050147036,0.9994713864893531,0.6717023360183326,0.9994087111245901,0.6716602145634403,0.9985142052278384,0.6710590550819862,0.9929487544523433,0.6673187516201471
131,28,36,402,41.23044950905653,426.2438414113912,426.2438414113912,0.9999415714573028,0.15556991186078992,0.9993991701312128,0.1554855256037309,0.9993295017151501,0.1554746866610809,0.9983394313300746,0.15532065249854712,0.9921279677645097,0.15435427919534184
132,99,31,193,125.72404213921956,714.6942789156087,714.6942789156087,0.9999715960142899,0.26085600224357597,0.9996444521026568,0.26077066236663643,0.9996013432623946,0.2607594168474867,0.9989830280392975,0.26059812102881913,0.99511920485765,0.2595901909310464
133,27,53,322,49.974629748173534,-48.31141165893798,0.0,0.9998947890763167,0.0,0.9989786989384943,0.0,0.9988605362873145,0.0,0.9971754438333048,0.0,0.9843245708376317,0.0
134,92,28,323,59.8093415989264,299.8053013126431,299.8053013126431,0.9999644616582539,0.10942504605622652,0.999541132954919,0.10937872164707452,0.9994811513292661,0.109372157921661,0.9985700538847381,0.1092724574986441,0.992109859077777,0.10856552526116074
135,64,34,324,84.95512973681998,292.0928182864444,292.0928182864444,0.9999858788150501,0.10661237316025321,0.999824608865317,0.10659517954539852,0.9998015530061418,0.10659272147082567,0.9994444416974785,0.10655464844909053,0.9965915476840667,0.1062504903528733
136,41,26,328,76.40282082389933,385.9540808821124,385.9540808821124,0.9998688680021205,0.14085476653262477,0.9987786598509986,0.14070118537862294,0.9986452781025326,0.14068239545962344,0.9967948309565139,0.1404217169755996,0.9855679836862318,0.13884015463101657
137,132,20,333,119.17362466970413,-48.18070663649437,0.0,0.9994337941336662,0.0,0.9962294722526835,0.0,0.9958628118784272,0.0,0.9905439445150296,0.0,0.9578605501105946,0.0
138,75,59,255,48.52649162471853,-0.0,-0.0,0.9999244349491393,-0.0,0.9991035731860917,-0.0,0.9989928379295636,-0.0,0.9973425619662054,-0.0,0.9866334682634581,-0.0
139,55,28,452,3.5320593850443758,-0.0,-0.0,0.9999764637868068,-0.0,0.9996919732790924,-0.0,0.9996512764882018,-0.0,0.9990341851806528,-0.0,0.9947114967696001,-0.0
140,45,49,341,46.05964294940588,74.14534826971227,74.14534826971227,0.9998931546273258,0.02706016055655568,0.9987778768477469,0.027029977735880402,0.998629629657199,0.02702596571443619,0.9964872883665388,0.026967987420431553,0.9832851401680128,0.02661069699565941
141,64,30,485,27.85897848470294,135.12459162548214,135.12459162548214,0.9999541046234806,0.04931821236148744,0.9994489854239998,0.049293299642160955,0.9993819255286976,0.049289992216207945,0.9984163442983958,0.049242369290367544,0.9919040896270438,0.048921181790512476
142,49,44,346,7.918043939840812,33.305060034622976,33.305060034622976,0.9999856381211936,0.012156172324656296,0.9997951898198923,0.012153857169036756,0.9997660672680614,0.01215350314519372,0.9992881047879678,0.012147692867474476,0.9952588902810169,0.01209871233814255
143,33,36,351,10.572424409748605,116.34041974649578,116.34041974649578,0.9999603255888144,0.04246256846322852,0.9995758277506273,0.042446241049670014,0.9995275376194365,0.04244419044531171,0.9988560609182651,0.04241567668865025,0.9948527087129418,0.04224567732692472
144,74,13,282,19.020752012385827,-0.3256968413523035,0.0,0.99998759779337,0.0,0.9997989201194092,0.0,0.9997705425395594,0.0,0.9993312204359353,0.0,0.996061900298808,0.0
145,118,99,355,80.02471732108812,251.8171925202097,251.8171925202097,0.9997699201118735,0.0918921278737851,0.9984952931908139,0.09177497273872336,0.99834847037103,0.09176147777247265,0.9963402695374799,0.09157689745646136,0.9840381516302665,0.09044616950685319
146,111,20,358,42.17495967226632,-0.0,-0.0,0.9999320692200472,-0.0,0.9994713139909599,-0.0,0.9994156503876386,-0.0,0.9986541368539188,-0.0,0.9941594209296944,-0.0
147,128,92,360,3.423415248147964,-0.0,-0.0,0.9998177117682384,-0.0,0.998041368911785,-0.0,0.9978052385247858,-0.0,0.9943885958333271,-0.0,0.9744488342194473,-0.0
148,38,26,590,15.894051455100549,926.7225360548832,926.7225360548832,0.999949762932823,0.3382367327848935,0.9994643363914218,0.3380725354487303,0.9994021575800566,0.3380515032341289,0.9985161327878788,0.3377518020471476,0.9928017752046093,0.3358188993048531
149,65,49,366,97.99936769668103,56.36131509606747,56.36131509606747,0.9997881338513528,0.02056752152507646,0.9980106201783282,0.02053095472707875,0.9977907661006664,0.020526431915373372,0.9946921733039549,0.02046268803615937,0.9768356044813264,0.020095344844948796
150,48,48,368,51.382885172844375,-0.0,-0.0,0.999929744732522,-0.0,0.999201954890782,-0.0,0.9991061797564553,-0.0,0.9977065675287589,-0.0,0.9876504133616573,-0.0
151,128,9,371,59.69732616318439,-0.0,-0.0,0.9999585052028385,-0.0,0.9994223799647016,-0.0,0.9993434490403128,-0.0,0.9981345223020063,-0.0,0.9849087033341827,-0.0
152,137,91,132,70.93934392069629,249.0050879402688,249.0050879402688,0.9998336717435256,0.09087174004572052,0.9983675333327191,0.09073848733349138,0.998171237307817,0.09072064660472717,0.9951901094712297,0.09044970126505178,0.9752281434220257,0.0886354209093387
153,77,73,373,35.56505371728326,-17.2596235396851,0.0,0.9999339749190906,0.0,0.9992340395409092,0.0,0.9991373349256064,0.0,0.9976594978765613,0.0,0.9879656569849817,0.0
154,135,42,375,74.85475513361476,20.822556487600227,20.822556487600227,0.9999331059579236,0.007599724707660099,0.9992987676337327,0.007594903588520582,0.9992165062770613,0.00759427838303328,0.9980458870279856,0.0075853814038479165,0.990344932730817,0.0075268523559585705
155,94,99,376,20.4144820427651,1345.7622060876524,1345.7622060876524,0.9999026318683895,0.4911553776836596,0.9990018601524236,0.49071291572960385,0.998885558309604,0.4906557878916376,0.997209729814418,0.4898326155633999,0.9857604209945795,0.48420867837351883
156,134,68,382,142.25460387939157,402.8361952224171,402.8361952224171,0.9999326342155722,0.14702530611383746,0.9991167735082707,0.14690534586238374,0.9990118648878606,0.1468899206012192,0.9974875197145344,0.14666578818663178,0.9879814102407151,0.1452680553719244
157,31,40,85,113.69035932174032,-0.0,-0.0,0.9999700191820555,-0.0,0.9996193104925459,-0.0,0.9995712085545152,-0.0,0.9988666569923065,-0.0,0.9942930376474113,-0.0
158,101,55,112,138.74381463097876,855.4666197780989,855.4666197780989,0.999715024835678,0.31215633405870785,0.99822617781403,0.3116914485496316,0.9980597282720882,0.3116394754597735,0.9958418914827671,0.3109469663101698,0.9825860012198383,0.3068078766632571
159,68,81,111,61.89705023371023,-0.0,-0.0,0.999810872172036,-0.0,0.998087268473587,-0.0,0.9978941845105231,-0.0,0.9954034542050243,-0.0,0.9814118103745468,-0.0
160,122,52,117,12.891893395148246,-814.3193029325458,0.0,0.9999046327107024,0.0,0.998566030093033,0.0,0.9983798868838959,0.0,0.9956018955572197,0.0,0.9786015010737937,0.0
161,138,94,145,48.456191799540015,376.19205080547215,376.19205080547215,0.999800911114322,0.13728276162948588,0.9976876437098915,0.13699258867393369,0.9974117666388218,0.1369547079661191,0.9935260345960883,0.13642115771641578,0.9717616140790274,0.13343268299046518
162,106,47,194,35.05908649326111,1491.413367716,1491.413367716,0.9999386405267571,0.5443324772127399,0.999363365823973,0.5440193172933679,0.9992907461862203,0.5439797856404143,0.9982332751568853,0.5434041344937846,0.9910366416412214,0.5394865327626324
163,23,48,183,114.71431802115364,-0.0,-0.0,0.9998964475745039,-0.0,0.9990825255763378,-0.0,0.9989821576101695,-0.0,0.9975694575569576,-0.0,0.9885405052923902,-0.0
164,77,90,211,128.27920077342029,-390.8604623383818,0.0,0.9999831763945789,0.0,0.9997910810634464,0.0,0.9997651174242494,0.0,0.9993854836626538,0.0,0.996854704986978,0.0
165,70,54,217,30.362665972182945,245.4669669550078,245.4669669550078,0.9998275127674489,0.08957998886857618,0.9983283102706596,0.08944566715682173,0.9981416268846618,0.08942894117616398,0.9955378978155761,0.0891956589169272,0.9797084656086361,0.08777741392688021
166,43,49,206,65.00917698312716,-207.71020664995103,0.0,0.9999133716828884,0.0,0.9990092242017059,0.0,0.9988899161875056,0.0,0.9971843090627622,0.0,0.9856014401823746,0.0
167,55,28,452,3.5320593850443758,839.447856616694,839.447856616694,0.9999764637868068,0.3063912562054363,0.9996919732790924,0.3063040887498073,0.9996512764882018,0.3062916193154396,0.9990341851806528,0.3061025434843971,0.9947114967696001,0.3047780783790569
168,145,87,272,18.92469029487986,262.3616718205245,262.3616718205245,0.9998327783779958,0.09574599673581699,0.997987542713764,0.0955692932592907,0.9977345090796491,0.09554506224983599,0.9939959340009817,0.09518704878496496,0.9708947356895146,0.09297483159629527
169,42,38,127,70.8976485809695,-163.8690858214932,0.0,0.9999425317083093,0.0,0.9992800153769761,0.0,0.9991863227165627,0.0,0.9978238282178142,0.0,0.9894531770911896,0.0
170,56,51,280,109.56498665294556,318.2760721947261,318.2760721947261,0.9997858271919192,0.11614588573182873,0.9979997416684149,0.11593839480779468,0.9977805130299232,0.11591292684885497,0.9946410920543275,0.1155482179082214,0.9731351733189623,0.11304985884765005
171,89,16,298,44.96840318226625,-0.0,-0.0,0.9999660632408367,-0.0,0.9995340568445105,-0.0,0.9994717132381208,-0.0,0.9985208152172516,-0.0,0.9918854728386199,-0.0
172,72,82,101,5.075453657653718,781.5677021351324,781.5677021351324,0.9999661729177575,0.2852625613527709,0.9995218406591025,0.28513580570680164,0.9994582416458113,0.2851176626756449,0.998508406442937,0.28484670108697,0.9922270683917068,0.2830548098913026
173,60,87,303,153.35438809380489,105.64417915504468,105.64417915504468,0.9999661990307225,0.03855882202197761,0.9995720502392592,0.03854362359515584,0.9995184111567904,0.038541555265409956,0.9987289132912454,0.03851111212871815,0.9934902994607172,0.038309110522534856
174,130,30,291,134.17410476848443,245.5349481283654,245.5349481283654,0.9999448695556532,0.08961531526231391,0.9994670000175795,0.08957248847194522,0.9994044308738186,0.08956688100925947,0.9984743618589552,0.08948352798598759,0.9913311034109329,0.08884334733472408
175,143,78,261,35.1934041584598,-244.81822981795403,0.0,77.07531476018893,0.0,20.192703298846233,0.0,2.5404078052092873,0.0,3.214106504655898,0.0,3.9631069289573744,0.0
175,143,78,308,35.1934041584598,-244.81822981795403,0.0,77.07531476018893,0.0,20.192703298846233,0.0,2.5404078052092873,0.0,3.214106504655898,0.0,3.9631069289573744,0.0
176,109,30,310,101.26745304696166,-0.0,-0.0,0.9999731384501428,-0.0,0.9996617443113534,-0.0,0.9996191682253681,-0.0,0.9989730168919498,-0.0,0.9941884394498288,-0.0
177,108,92,312,131.49457227029686,-0.0,-0.0,0.9998132738071851,-0.0,0.9983828277853697,-0.0,0.9982066877329526,-0.0,0.9957468350062771,-0.0,0.9809841516909131,-0.0
178,74,88,314,159.24023662068254,-357.1981167365011,0.0,0.9998946981104466,0.0,0.9991648810603113,0.0,0.9990794785296941,0.0,0.9979267222634115,0.0,0.9913489396234786,0.0
179,29,36,262,47.181215159764704,-105.20573197919758,0.0,0.9999525273838086,0.0,0.99942167529621,0.0,0.9993503719617903,0.0,0.9983215259838041,0.0,0.9917453265416872,0.0
180,27,52,322,48.18196063329141,1463.8185961409945,1463.8185961409945,0.9998971313246133,0.5342388254972662,0.9990488545946251,0.533785596510275,0.9989408852314158,0.533727909150262,0.9974056808582044,0.5329076589909719,0.9860464057453245,0.526838468866618
181,93,28,323,21.90608249506897,161.30982921521166,161.30982921521166,0.9999491437193665,0.05887509334300288,0.9994387547436264,0.058845042616146745,0.9993728958848115,0.058841164972484004,0.998430841294153,0.05878569859971137,0.992153237026855,0.05841608526534431
182,64,35,260,97.03134961422346,-31.88547560062196,0.0,0.9999807135399912,0.0,0.999753796178388,0.0,0.9997229332805816,0.0,0.9992711838304783,0.0,0.9961462367557905,0.0
183,41,26,328,76.40282082389933,7.176422463737547,7.176422463737547,0.9998688680021205,0.002619050712869621,0.9987786598509986,0.0026161950279625814,0.9986452781025326,0.0026158456485843623,0.9967948309565139,0.0026109985980640356,0.9855679836862318,0.0025815910594482335
184,131,20,333,126.87992981588567,-16.59209745013085,0.0,0.9996367880763736,0.0,0.9973173512948799,0.0,0.9970453886426691,0.0,0.9931802933652291,0.0,0.9678201530393382,0.0
185,76,59,255,117.25734692936676,-0.0,-0.0,0.9998970398485797,-0.0,0.998948098594765,-0.0,0.9988225496470649,-0.0,0.9969626290633261,-0.0,0.9850680818728347,-0.0
186,45,48,283,24.25989750717125,-0.0,-0.0,0.9999241293925062,-0.0,0.9991375237602768,-0.0,0.999032880381589,-0.0,0.9974980018875095,-0.0,0.9873855429740167,-0.0
187,64,31,284,21.43053168539191,1.0621037485490008,1.0621037485490008,0.9999559405977122,0.00038765078780582537,0.9994683326245988,0.00038746175786236116,0.9994019542408661,0.00038743602509584354,0.9984349062075024,0.00038706113164628276,0.9918381246200505,0.0003845037713911598
188,50,44,286,60.24639240898343,262.78157422192385,262.78157422192385,0.999973600773913,0.09591274250198308,0.9996497211182986,0.09588167749588039,0.999603652935804,0.09587725885350652,0.9988948914037453,0.09580927779653957,0.9936606177692517,0.09530723100360265
189,73,14,415,34.009591062442695,202.46056115646653,202.46056115646653,0.9998750974252024,0.07388887475854534,0.9983852889771582,0.0737787807376869,0.9981867570367996,0.07376410960354773,0.9954702417143224,0.07356336426949646,0.9817025363703143,0.07254595693682502
190,118,100,355,17.359015161898622,-204.1610494032107,0.0,0.9999339318228607,0.0,0.999166999681905,0.0,0.9990624644620225,0.0,0.9975378899061444,0.0,0.9875846843686431,0.0
191,112,20,358,39.81629324391515,431.5996684426904,431.5996684426904,0.9999219481120319,0.15752158316490855,0.9993666739092728,0.1574341086658495,0.9992978954708823,0.15742327373165957,0.9983417962239075,0.15727265570859225,0.9926889351653508,0.15638213857869387
192,128,91,360,29.788066364852384,-0.0,-0.0,0.9994994868685014,-0.0,0.9962531636956,-0.0,0.9958406922708934,-0.0,0.9898737657830439,-0.0,0.9545286521000254,-0.0
193,37,26,289,99.60320173464136,-926.7225360548832,0.0,0.9999571551119855,0.0,0.9995304575675278,0.0,0.9994756324588194,0.0,0.9986942518503653,0.0,0.993720471472853,0.0
194,65,49,366,97.99936769668103,116.51935157061956,116.51935157061956,0.9997881338513528,0.04252055274849119,0.9980106201783282,0.0424449558681763,0.9977907661006664,0.0424356055702585,0.9946921733039549,0.04230382377169771,0.9768356044813264,0.0415443916972193
195,47,49,577,40.511206149066254,-0.0,-0.0,0.9999490490010583,-0.0,0.999320917100269,-0.0,0.9992291682769836,-0.0,0.9978087037366447,-0.0,0.9865453426085414,-0.0
196,127,9,258,15.859681326053884,320.6646279042723,320.6646279042723,0.9999075873532641,0.117031772969612,0.999096128856058,0.11693679776608276,0.9989938068383202,0.11692482173219608,0.9975358385143576,0.1167541773446097,0.9857824858823003,0.11537853452094869
197,77,72,593,14.712634128003168,-521.7343438213801,0.0,0.99993929823151,0.0,0.9992138228974342,0.0,0.9991127593369916,0.0,0.9975903892392912,0.0,0.9873732885162861,0.0
198,134,42,375,30.19079181768576,148.6335799967784,148.6335799967784,0.9999424944345571,0.05424813694963166,0.9993762777519732,0.05421741898303764,0.9993024168996919,0.05421341193898053,0.9982510322390086,0.054156372999864595,0.991226643982098,0.053775291109386746
199,93,99,376,37.409521137881846,794.2954669196962,794.2954669196962,0.999928169890756,0.2898970205951804,0.9992415205236563,0.28969794869010795,0.9991512754519234,0.2896717850333509,0.9978396563869736,0.28929152326002133,0.988406487497608,0.28655667926007977
200,134,67,382,87.6253922408551,716.0309323372776,716.0309323372776,0.9998806993809823,0.2613201109323921,0.9990456787364115,0.2611018772095038,0.9989440499703158,0.2610753164003528,0.9975437882857815,0.26070935620233776,0.9895040741721601,0.2586081665450746
201,31,39,85,110.72548459521664,-0.0,-0.0,0.999969276024441,-0.0,0.999651314818679,-0.0,0.9996094669187826,-0.0,0.9990071801300284,-0.0,0.9951497968016476,-0.0
202,102,55,112,30.07295314736128,160.10229059509922,160.10229059509922,0.9998959551593765,0.05843125596389363,0.9988394701562492,0.05836951779471592,0.9987021009448646,0.05836149030394495,0.996752890495676,0.05824758363786,0.9844362228744618,0.05752783039285097
203,69,81,111,1.787798450343498,-0.0,-0.0,0.9999587277521276,-0.0,0.9994886887702035,-0.0,0.9994234140919428,-0.0,0.9984841735358128,-0.0,0.9925813525439398,-0.0
204,122,52,117,12.891893395148246,580.2622756831822,580.2622756831822,0.9999046327107024,0.21177553223964704,0.998566030093033,0.21149202192022207,0.9983798868838959,0.21145259758324214,0.9956018955572197,0.21086423088054063,0.9786015010737937,0.20726361991002107
205,138,93,145,42.61904777992052,1300.1674794351609,1300.1674794351609,0.9999464127275565,0.47453569955726954,0.9992034201455714,0.4741831041579857,0.9990942929316168,0.4741313166240184,0.9974094770856544,0.47333176851232694,0.9865397021516835,0.46817339583688306
206,106,46,194,20.886578732956146,1173.4990686523563,1173.4990686523563,0.999944512447653,0.4283033932323947,0.9993995541290644,0.4280699727834436,0.9993306500316711,0.4280404592870908,0.998358817678423,0.4276241970951714,0.9920514623040055,0.42492258548017
207,23,49,183,133.68870232951588,-0.0,-0.0,0.999927146593973,-0.0,0.9992396393270663,-0.0,0.9991508816165892,-0.0,0.9979024784085446,-0.0,0.9896910075388208,-0.0
208,78,90,211,115.06689270505672,824.2491903085067,824.2491903085067,0.999927672077239,0.300829194538008,0.9993301598366934,0.3006494324101368,0.9992580250509178,0.3006277305909862,0.9982667113686757,0.30032949292351185,0.9922949782899073,0.2985328913269685
209,70,53,217,115.23395769831777,-233.60603035661495,0.0,0.9995076037724986,0.0,0.9957848701742252,0.0,0.9953533283747213,0.0,0.9895564601948073,0.0,0.9575661907213501,0.0
210,43,48,206,33.800967759469835,-656.6838344085418,0.0,0.9999658921751413,0.0,0.9995578144167485,0.0,0.9994989125366619,0.0,0.9986054869824024,0.0,0.992120495321807,0.0
211,55,28,452,3.5320593850443758,757.6592758852513,757.6592758852513,0.9999764637868068,0.2765391268610773,0.9996919732790924,0.2764604522527713,0.9996512764882018,0.27644919773286364,0.9990341851806528,0.27627854382493366,0.9947114967696001,0.2750831232103742
212,145,86,549,44.5027955632278,384.5614875736637,384.5614875736637,0.9995088083007486,0.14029599686953725,0.9958790625343422,0.1397865078120604,0.9954111959499096,0.13972083574562155,0.9888439736863335,0.13879902796716026,0.9509549310537074,0.13348073465905647
213,41,38,69,135.7358238889682,-358.0384401005726,0.0,0.9999628389956089,0.0,0.999540588271742,0.0,0.9994836822098923,0.0,0.9986485259367355,0.0,0.9932574585136049,0.0
214,55,51,213,72.83108457474272,59.79481261507011,59.79481261507011,0.9998842685434814,0.021822580753124578,0.9985554983027842,0.02179358020096847,0.9983792785258465,0.021789734185550986,0.99578424702748,0.0217330973464571,0.9759889405035926,0.02130106267130449
215,90,16,298,131.0807013448583,836.7402140762002,836.7402140762002,0.9998492770028878,0.3053641458004156,0.9982956452003208,0.30488965083483305,0.9981010810791519,0.3048302289719276,0.9954568506499041,0.30402265408549356,0.9810545840057892,0.29962405526412617
216,61,87,303,71.75462006380852,-436.3049750027969,0.0,0.9999740796085671,0.0,0.9995768763261078,0.0,0.9995203180750722,0.0,0.9986768693983488,0.0,0.9928781220750674,0.0
217,130,31,291,85.47077052412308,996.355089054654,996.355089054654,0.9998808079880664,0.3636262609927511,0.998864400305991,0.3632566244099457,0.9987413690880299,0.36321188169519897,0.9969826543933954,0.36257229061248797,0.9835886869674652,0.3577013117357659
218,143,78,261,35.1934041584598,-751.0297214491412,0.0,77.07531476018893,0.0,20.192703298846233,0.0,2.5404078052092873,0.0,3.214106504655898,0.0,3.9631069289573744,0.0
218,143,78,308,35.1934041584598,-751.0297214491412,0.0,77.07531476018893,0.0,20.192703298846233,0.0,2.5404078052092873,0.0,3.214106504655898,0.0,3.9631069289573744,0.0
219,110,30,288,45.811069576581744,-0.0,-0.0,0.999964153528829,-0.0,0.9995926306007371,-0.0,0.9995435217357855,-0.0,0.9988125169456887,-0.0,0.9933586400193233,-0.0
220,108,91,312,90.85051169500956,-0.0,-0.0,0.9998058231796163,-0.0,0.9982229347232607,-0.0,0.9980294756826794,-0.0,0.9953516743898053,-0.0,0.9796981012702943,-0.0
221,74,89,438,9.237293827721722,-111.19578587542073,0.0,0.9999634571856463,0.0,0.9995595064594399,0.0,0.999504566555628,0.0,0.998702049892394,0.0,0.9935445229006676,0.0
222,30,36,407,40.91601779901561,409.4674419667599,409.4674419667599,0.9999784305336558,0.14945239263998122,0.9997145374875194,0.14941295234212892,0.999677273254023,0.1494073829931451,0.9991167929390465,0.14932361606223626,0.9952506862998226,0.14874580471172044
223,28,52,322,17.93086685504245,477.6715934259842,477.6715934259842,0.9998793693252084,0.17432909962645926,0.9988299048477258,0.17414612535670013,0.9986961006758039,0.1741227965817169,0.9968010999381051,0.17379240295371606,0.9827603223622245,0.17134439153558817
224,93,27,323,83.95164866812155,376.1385725263855,376.1385725263855,0.9999668479616363,0.13728602750958965,0.9995629268325017,0.13723057294391167,0.9995057776399059,0.1372227268981724,0.9986458535063067,0.13710466741599847,0.9926682360612669,0.13628399685609505
225,64,35,260,97.03134961422346,350.40036438754794,350.40036438754794,0.9999807135399912,0.12789366633780058,0.999753796178388,0.12786464448474064,0.9997229332805816,0.12786069723945798,0.9992711838304783,0.12780292023170425,0.9961462367557905,0.12740325158501747
226,41,27,252,25.10524735512313,110.62201124079776,110.62201124079776,0.9999332048923253,0.0403743371145507,0.9992317792505512,0.040346015627492134,0.9991394381411466,0.04034228716736861,0.9978128436294039,0.04028872321552727,0.9894006472251718,0.03994906367443337
227,131,21,333,88.68456295752107,835.9284179631271,835.9284179631271,0.9996224823606843,0.30499868668765134,0.9971849381714775,0.30425495814055475,0.9969092767166664,0.30417085000656285,0.9931584321110127,0.30302641528357405,0.9699484029312369,0.29594471339838224
228,76,58,255,116.54436243860238,-0.0,-0.0,0.999910607154181,-0.0,0.9990724072167344,-0.0,0.9989640549646113,-0.0,0.9973935021203308,-0.0,0.9869437436198171,-0.0
229,45,48,283,24.25989750717125,-0.0,-0.0,0.9999241293925062,-0.0,0.9991375237602768,-0.0,0.999032880381589,-0.0,0.9974980018875095,-0.0,0.9873855429740167,-0.0
230,64,31,284,21.43053168539191,24.39011715111316,24.39011715111316,0.9999559405977122,0.008902000526052358,0.9994683326245988,0.00889765964836272,0.9994019542408661,0.008897068721919947,0.9984349062075024,0.008888459680509006,0.9918381246200505,0.008829732539864544
231,50,43,286,41.71579090317114,217.26806160849816,217.26806160849816,0.9999892162432537,0.07930198730453916,0.999845742446143,0.07929060942460586,0.9998254876105772,0.07928900315857139,0.999520942767389,0.07926485188684176,0.9972676168092575,0.07908615673331197
232,74,14,219,104.13833523831642,93.57248982117518,93.57248982117518,0.9997985391532637,0.034147078099272775,0.9978154741877339,0.03407934858017263,0.9975828242632004,0.034071402664238845,0.9947109026994007,0.03397331517351585,0.9806923566534791,0.03349452632964162
233,117,100,355,49.58775852657823,-482.3123334409041,0.0,0.999855713865002,0.0,0.9987315220685938,0.0,0.9985898414645011,0.0,0.9965947456256122,0.0,0.9842446897922201,0.0
234,112,20,358,39.81629324391515,-431.5996684426904,0.0,0.9999219481120319,0.0,0.9993666739092728,0.0,0.9992978954708823,0.0,0.9983417962239075,0.0,0.9926889351653508,0.0
235,127,91,360,123.35673690087134,-0.0,-0.0,0.9996540218522817,-0.0,0.9966557255776373,-0.0,0.9962622652990154,-0.0,0.9904958072706608,-0.0,0.9595748080364347,-0.0
236,36,26,289,103.79413852530176,-0.0,-0.0,0.999965110410675,-0.0,0.999593193712662,-0.0,0.9995430669477781,-0.0,0.9988076105340807,-0.0,0.9939257405103582,-0.0
237,65,48,295,34.33429925630903,552.0738487717274,552.0738487717274,0.9998939332928947,0.20148558162252583,0.9987752262967596,0.20126015438241937,0.9986244011163877,0.20122976205961518,0.9963966499920902,0.200780854714502,0.9817720407173097,0.19783389423437656
238,47,48,368,120.62298428305137,-0.0,-0.0,0.9999184327125701,-0.0,0.9991379725403453,-0.0,0.9990372502424923,-0.0,0.997586212265186,-0.0,0.9873870513685669,-0.0
239,126,9,258,149.47434147780515,6.522589599293449,6.522589599293449,0.9997779545011686,0.0023802165699857536,0.9984327531762451,0.002377013988383374,0.9982775172109879,0.00237664441110364,0.9962136939910319,0.002371730973871358,0.9823287982255982,0.0023386745748733423
240,77,72,593,14.712634128003168,-153.95351761977324,0.0,0.99993929823151,0.0,0.9992138228974342,0.0,0.9991127593369916,0.0,0.9975903892392912,0.0,0.9873732885162861,0.0
241,133,42,375,75.12751854027834,914.763091098426,914.763091098426,0.9997564708104574,0.333807216648243,0.998091624486655,0.3332513435594246,0.9979030969972882,0.3331883963934651,0.9954173613610752,0.3323584377802691,0.9803180388427787,0.32731694720704896
242,92,99,327,67.24083394490329,-881.1926103778302,0.0,0.9999259144264676,0.0,0.9992265416010008,0.0,0.9991352614162103,0.0,0.9978272371877709,0.0,0.9888492540113866,0.0
243,133,67,382,56.627402307589314,510.0131464139299,510.0131464139299,0.9999161152688519,0.18613918289586528,0.9993424316503027,0.18603238893748528,0.999271715862778,0.18601922485431202,0.9982808655773683,0.18583477331914627,0.9921242727281789,0.18468869401822163
244,31,38,85,112.1813601986324,-0.0,-0.0,0.9999678877431958,-0.0,0.9996084781157759,-0.0,0.9995593049427692,-0.0,0.9988372744878264,-0.0,0.994077723079729,-0.0
245,102,54,112,86.67486989566551,944.1634978062252,944.1634978062252,0.9993077844210871,0.3443811255902611,0.9958745941827448,0.3431979806802764,0.9954949923457123,0.34306716241792384,0.990594993447567,0.3413785263818182,0.9640801513939417,0.33224099008556557
246,70,81,111,61.62775683948339,-0.0,-0.0,0.9998764566844071,-0.0,0.9988823879193104,-0.0,0.9987583702281283,-0.0,0.9969953584160066,-0.0,0.986099819944278,-0.0
247,122,51,504,60.787881288562005,-580.2622756831822,0.0,0.9998696945492727,0.0,0.9985004430803973,0.0,0.9983147252202531,0.0,0.9954581635898078,0.0,0.9797199953490505,0.0
248,137,93,145,169.12271620047431,-27.43846675685484,0.0,0.9998778130991376,0.0,0.9983564780305112,0.0,0.9981372866031156,0.0,0.9948609386517774,0.0,0.9772898563958162,0.0
249,106,45,194,27.82076457809608,112.36381032216846,112.36381032216846,0.9999229642610274,0.041009631316947376,0.9992413124208427,0.04098167487264954,0.9991571717708281,0.04097822402977544,0.9979875009424807,0.04093025256482548,0.9909809565547234,0.04064289462584654
250,24,49,183,109.21803925223853,-0.0,-0.0,0.9999224889626822,-0.0,0.9992396645919633,-0.0,0.9991522223301126,-0.0,0.9979186485415037,-0.0,0.9896739735783577,-0.0
251,77,89,211,38.36160588086118,676.0768125488853,676.0768125488853,0.9999559543011511,0.24675716750971843,0.9995385110922587,0.24665415586867617,0.9994859905760272,0.24664119548400557,0.9987518752667478,0.24646003929051113,0.994273219899942,0.24535485029912443
252,71,53,178,26.495407085357986,-34.32489993271599,0.0,0.9997005560555753,0.0,0.996678596244314,0.0,0.9962946112894908,0.0,0.9909136240599168,0.0,0.9579337103225718,0.0
253,43,47,181,38.6865763339233,149.68942223903724,149.68942223903724,0.9999786913382577,0.0546354748835869,0.9997367991747624,0.05462225870874472,0.9997042559536216,0.054620480656515535,0.9992316117847055,0.0545946569676276,0.9958827408253992,0.054411685913573746
253,43,47,206,38.6865763339233,149.68942223903724,149.68942223903724,0.9999786913382577,0.0546354748835869,0.9997367991747624,0.05462225870874472,0.9997042559536216,0.054620480656515535,0.9992316117847055,0.0545946569676276,0.9958827408253992,0.054411685913573746
254,55,29,224,57.555400574468855,82.27294759875413,82.27294759875413,0.9999801993589629,0.030029031267702854,0.9997065883582253,0.03002081483171582,0.9996659771534085,0.030019595292428904,0.9990315362467339,0.030000543269362585,0.9943134524540729,0.029858860978228936
255,143,83,210,93.69609220401809,727.126980847005,727.126980847005,2.040320346676488,0.5415037703784501,1.018561525967471,0.2703276020220306,0.9863892859617185,0.26178904615602977,0.9652175304893806,0.25617003371395103,0.8280814069830184,0.2197739216746123
256,41,37,69,114.10146085570236,-513.0381581266357,0.0,0.9999784192774752,0.0,0.9997155860361593,0.0,0.9996780720787932,0.0,0.9991044258098738,0.0,0.9948906953619859,0.0
257,55,51,213,72.83108457474272,643.6852102500146,643.6852102500146,0.9998842685434814,0.23491791120242894,0.9985554983027842,0.23460572314303757,0.9983792785258465,0.23456432116961615,0.99578424702748,0.23395463123021065,0.9759889405035926,0.2293038209249566
258,90,17,298,1.0533308212159396,646.5172016867805,646.5172016867805,0.999956161148396,0.23596843357701744,0.9994430108583189,0.2358473409983188,0.9993691439955539,0.23582990998626333,0.9982326746999552,0.2355617273499537,0.9904776205681133,0.2337316991478232
259,62,87,303,52.52107984587092,672.6671090391199,672.6671090391199,0.9995710026131193,0.24541816586159204,0.9964243710894303,0.24464559389305035,0.99608953855803,0.2445633846397684,0.9917393538757914,0.24349531209356295,0.9676459431796419,0.23757981369780998
260,129,31,291,23.90945029836304,-885.4144575655863,0.0,0.9999639394335091,0.0,0.9995451513731614,0.0,0.9994856277663685,0.0,0.9985679038636982,0.0,0.9908648509127347,0.0
261,143,79,225,85.39263440676535,841.4107062249936,841.4107062249936,199.17522271550524,61.169680154764386,47.098139159671135,14.464540664261,5.091072290270988,1.563544196887784,6.828041656978537,2.0969933837471753,8.956189093087715,2.7505791873133245
262,110,30,288,45.811069576581744,-0.0,-0.0,0.999964153528829,-0.0,0.9995926306007371,-0.0,0.9995435217357855,-0.0,0.9988125169456887,-0.0,0.9933586400193233,-0.0
263,109,91,312,110.0330616890638,-0.0,-0.0,0.9992730136852885,-0.0,0.9946875167779355,-0.0,0.9941811975305486,-0.0,0.9874608817059528,-0.0,0.9495245971245518,-0.0
264,30,36,407,40.91601779901561,-674.9132689128076,0.0,0.9999784305336558,0.0,0.9997145374875194,0.0,0.999677273254023,0.0,0.9991167929390465,0.0,0.9952506862998226,0.0
265,29,52,463,3.9836190066931607,410.2962536025802,410.2962536025802,0.99987611973721,0.1497395804881247,0.9986560575819886,0.1495568662581456,0.998496136407918,0.14953291676175917,0.9961960788839409,0.14918846444217643,0.9790641019426098,0.14662281156829704
266,94,27,250,37.078582480494646,113.73542815141565,113.73542815141565,0.9999794478869543,0.04151257808653422,0.9997574989628425,0.041503364225126495,0.9997251505902922,0.041502021333185764,0.9991997415988644,0.04148020980312871,0.9946912600551884,0.041293047264409515
267,41,28,243,25.31500449239719,65.8961306527906,65.8961306527906,0.9999601689101949,0.024051129667403855,0.9995443848209039,0.024041129192028842,0.999489553027805,0.024039810372933127,0.998697073031776,0.024020749574577435,0.9935988126556718,0.02389812576895375
268,131,22,333,54.42430936561727,69.94752167664925,69.94752167664925,0.9997222723175575,0.025523754789449907,0.9976882608769281,0.025471824757793003,0.9974509928325036,0.025465767104029605,0.9942330776647111,0.02538361100933184,0.9751483820396221,0.024896362595593056
269,77,58,255,100.41472076137327,-0.0,-0.0,0.999860495059893,-0.0,0.9988145731813003,-0.0,0.9986830929709392,-0.0,0.9967964839240283,-0.0,0.9843046722971898,-0.0
270,44,48,283,164.74096122885385,-0.0,-0.0,0.9999153557134665,-0.0,0.9990618854143781,-0.0,0.9989536207808659,-0.0,0.9974537436466036,-0.0,0.9882186420615328,-0.0
271,64,32,171,17.540514230586055,1.5210480272319755,1.5210480272319755,0.9999659952829226,0.0005551636511148141,0.9995734818624197,0.000554945734520984,0.9995183052975135,0.0005549151014560861,0.9986956838594341,0.0005544583964049105,0.9929231556391196,0.0005512535895834082
272,50,42,420,45.386993622127626,762.945510178547,762.945510178547,0.9999742494296369,0.2784679403222239,0.999665608695192,0.2783819915593739,0.999624334270493,0.27837049765936545,0.9990302046155513,0.2782050473376293,0.9953347917062738,0.27717596681673234
273,74,13,282,19.020752012385827,-13.907633190540942,0.0,0.99998759779337,0.0,0.9997989201194092,0.0,0.9997705425395594,0.0,0.9993312204359353,0.0,0.996061900298808,0.0
274,117,101,355,64.95894676663399,99.2990592247356,99.2990592247356,0.999921309516133,0.03624130454680695,0.9991507581453428,0.036213376562242564,0.9990500878780882,0.03620972785330951,0.9976130521302731,0.03615764370460143,0.9885823386659857,0.03583033311143829
275,112,21,249,128.49030584348054,-0.0,-0.0,0.9999132394171266,-0.0,0.9993163385096272,-0.0,0.9992429565765129,-0.0,0.9982214263587913,-0.0,0.992052060466028,-0.0
276,127,90,274,50.86638938937048,-0.0,-0.0,0.9997352931365151,-0.0,0.9971019801177284,-0.0,0.9967507955346284,-0.0,0.9914975814444285,-0.0,0.9612108018995174,-0.0
277,38,26,590,15.894051455100549,61.20109795693522,61.20109795693522,0.999949762932823,0.02233727853854204,0.9994643363914218,0.022326434885923452,0.9994021575800566,0.02232504591071675,0.9985161327878788,0.022305253533830855,0.9928017752046093,0.022177603924082512
278,65,47,295,10.505695276690837,93.4502522814004,93.4502522814004,0.999918728979239,0.034106569981662595,0.9990979554295254,0.03407857393588297,0.9989878810748614,0.034074819372065204,0.9973521752444352,0.03401902652234852,0.9857578573057921,0.033623551965563624
279,46,48,248,22.014902589938227,243.0071967242738,243.0071967242738,0.9999273318254954,0.08869118130973716,0.9990798682354343,0.08861601330049565,0.9989652757925185,0.0886058492227593,0.9972923644200551,0.08845746595416779,0.9854951979918901,0.08741108528897347
280,126,10,258,11.871853372233286,87.80972791050765,87.80972791050765,0.9999413445861036,0.03204867074901912,0.9992538298772107,0.03202663552399346,0.9991607166741804,0.03202365119456007,0.9978290796232345,0.0319809714937616,0.9874885419963683,0.03164955156841742
281,77,71,163,138.21740442424849,1129.852968949345,1129.852968949345,0.9996485255001742,0.41225138687140556,0.9976844217462886,0.41144139768436244,0.997461406591453,0.41134942705215616,0.9944272300037242,0.41009814375168,0.9761787019991867,0.40257251770779806
282,133,41,375,132.51563792303585,-372.8847528998949,0.0,0.9998381967715769,0.0,0.998737553156945,0.0,0.9986081966159311,0.0,0.9968538381723617,0.0,0.9856836807673723,0.0
283,92,98,327,66.87607690125255,-291.8792519163221,0.0,0.9999322402148508,0.0,0.9993411620884749,0.0,0.9992658855398132,0.0,0.9981931861291243,0.0,0.9908200380678124,0.0
284,133,66,382,108.8332195863021,380.1025049521387,380.1025049521387,0.9999417061180662,0.13872932676508118,0.9995452357004622,0.13867432148449338,0.9994963553047782,0.13866753994478587,0.998813578416789,0.13857281324479728,0.9943697061616137,0.1379562818986013
285,31,37,85,114.57707790682925,-0.0,-0.0,0.9999909189323619,-0.0,0.9998777725500001,-0.0,0.9998616900270092,-0.0,0.9996174591125713,-0.0,0.9978438530550627,-0.0
286,103,54,112,60.33475406153065,357.72123632234343,357.72123632234343,0.9997002945166836,0.13052911923680643,0.9973469189219488,0.13022184310084942,0.9970633781985859,0.1301848216844396,0.993154272686699,0.12967441661377088,0.9702712866194195,0.12668662513941292
287,70,82,111,123.89449726601822,1283.5573159429316,1283.5573159429316,0.9998959917612581,0.4684496926236193,0.9989989361778523,0.4680294234998552,0.9988895327601623,0.46797816817148996,0.9973932772668296,0.46727717483646963,0.9890652753676646,0.46337551910229574
288,123,51,104,44.52623696932997,-0.0,-0.0,0.9999515139661276,-0.0,0.9990992554611564,-0.0,0.9989704206985006,-0.0,0.9968444145554264,-0.0,0.9829900121082868,-0.0
289,137,92,145,26.82584172739758,408.493921619368,408.493921619368,0.9999417284877866,0.14909159309220124,0.9991983497532512,0.14898075511370185,0.9990863484160953,0.14896405568281573,0.9972404705448984,0.14868883477280673,0.985186304580592,0.146891555235594
290,106,44,194,23.932728202113037,1003.6489859036004,1003.6489859036004,0.9999045030677017,0.3662968962840849,0.9990687732439231,0.36599074180668933,0.998965866015346,0.3659530436081941,0.9975394873953022,0.3654305156469287,0.9892616614740437,0.36239808411608326
291,24,48,183,117.7001006235358,-0.0,-0.0,0.9998329559345445,-0.0,0.9984441416442854,-0.0,0.9982801114641078,-0.0,0.9960820755345596,-0.0,0.9833825541074322,-0.0
292,77,88,211,90.89263482800952,-510.6227340325341,0.0,0.9999599191535707,0.0,0.9995537521109008,0.0,0.999500734110686,0.0,0.9987433632100808,0.0,0.9939902524474636,0.0
293,71,52,168,63.57044754405039,296.62708956817625,296.62708956817625,0.9990581719637226,0.10816691701849905,0.9935238481802673,0.10756772193833487,0.9928796660479567,0.10749797705539828,0.9840207450724308,0.10653883153522337,0.9292168914837338,0.10060527926591888
294,43,47,181,38.6865763339233,-105.54416674217865,0.0,0.9999786913382577,0.0,0.9997367991747624,0.0,0.9997042559536216,0.0,0.9992316117847055,0.0,0.9958827408253992,0.0
294,43,47,206,38.6865763339233,-105.54416674217865,0.0,0.9999786913382577,0.0,0.9997367991747624,0.0,0.9997042559536216,0.0,0.9992316117847055,0.0,0.9958827408253992,0.0
295,55,30,224,28.34106516529943,45.889376417133455,45.889376417133455,0.9999906154367231,0.016749465204362508,0.9998671194122054,0.01674739669258489,0.9998495720406757,0.01674710278073779,0.9995818675101092,0.01674261883093811,0.9976151854424664,0.016709677648939474
296,143,84,210,85.5216647317569,131.80600585192013,131.80600585192013,2.2806028595851293,0.10971796115757992,1.0602809346193107,0.05100925920168596,0.9978051265196703,0.048003598545971575,0.9943135645311204,0.04783562231940985,0.9716329993602794,0.04674447865185389
297,40,37,69,113.53966386891972,-42.61030208347131,0.0,0.9999889403521364,0.0,0.9998371134571157,0.0,0.9998146394894407,0.0,0.99946416390894,0.0,0.9967960802905973,0.0
298,55,51,213,72.83108457474272,388.9438111390028,388.9438111390028,0.9998842685434814,0.14194806130841106,0.9985554983027842,0.1417594231174472,0.9983792785258465,0.14173440616649852,0.99578424702748,0.14136600384053336,0.9759889405035926,0.13855577322437945
299,90,18,298,79.67694887752218,96.47680849378958,96.47680849378958,0.9999572699432515,0.03521253040251502,0.9994906557179022,0.0351960990328053,0.9994281810732036,0.03519389904847401,0.9985127912611367,0.03516166447950149,0.9924118995595168,0.034946827464977924
300,62,87,303,52.52107984587092,189.8259258168556,189.8259258168556,0.9995710026131193,0.06925673921161206,0.9964243710894303,0.06903872024321316,0.99608953855803,0.06901552088144082,0.9917393538757914,0.06871411197174604,0.9676459431796419,0.06704476476485499
301,129,31,291,23.90945029836304,-303.9776835483506,0.0,0.9999639394335091,0.0,0.9995451513731614,0.0,0.9994856277663685,0.0,0.9985679038636982,0.0,0.9908648509127347,0.0
302,144,79,5,76.32382578706496,206.08461130230532,206.08461130230532,1221.3421851748178,91.8704377670841,219.58673293355102,16.517507973870206,22.23364752131273,1.6724346016507021,28.96632931803864,2.178872872202336,38.32990768016658,2.8832095058149374
303,110,31,238,132.30638922183408,133.99775612644007,133.99775612644007,0.9999484911716451,0.04890666173154223,0.9994911622296812,0.04888429414754951,0.9994344211647525,0.04888151898853556,0.9986456792582801,0.04884294226788055,0.9935154137935811,0.048592025185760584
304,108,90,312,132.77551125524656,-0.0,-0.0,0.9995658832888485,-0.0,0.9966516541971868,-0.0,0.9963120577485154,-0.0,0.9917638486252819,-0.0,0.9672806028930864,-0.0
305,30,35,232,37.490262691685295,-264.5958486545324,0.0,0.9999651144256114,0.0,0.9994860836695917,0.0,0.999419263429335,0.0,0.9984305459602147,0.0,0.9926827203203482,0.0
306,29,52,463,3.9836190066931607,-316.315720343953,0.0,0.99987611973721,0.0,0.9986560575819886,0.0,0.998496136407918,0.0,0.9961960788839409,0.0,0.9790641019426098,0.0
307,41,28,243,25.31500449239719,719.471357045874,719.471357045874,0.9999601689101949,0.26259658539693836,0.9995443848209039,0.2624873975657579,0.999489553027805,0.2624729983505824,0.998697073031776,0.2622648875203487,0.9935988126556718,0.2609260484266991
308,130,22,333,32.51259624714894,138.53977412571592,138.53977412571592,0.9998124686306772,0.05055753465384148,0.998387574256589,0.05048548199501169,0.9982110304714212,0.05047655470232773,0.995744183844094,0.05035181362561599,0.9805700501175646,0.0495845029390712
309,77,59,255,118.61559037836064,-0.0,-0.0,0.9999085702061893,-0.0,0.9990281004125616,-0.0,0.9989100384827545,-0.0,0.9971266407815547,-0.0,0.9854084860239967,-0.0
310,44,47,241,89.45851816313852,-0.0,-0.0,0.9999510762510516,-0.0,0.9993959386445038,-0.0,0.9993217592396078,-0.0,0.9982581157859153,-0.0,0.9915285566607193,-0.0
311,64,33,171,89.61460525229091,25.40396265450099,25.40396265450099,0.9999772636481927,0.009272235547290102,0.9996999663923011,0.009269664323356607,0.9996601155671307,0.00926929480871746,0.9990538546244578,0.009263673286640971,0.994648136857567,0.009222821504930997
312,51,42,286,53.40979093967213,704.2515820608018,704.2515820608018,0.9999773272970766,0.25704599939247286,0.9997023211702999,0.25697530856502443,0.9996637483930797,0.2569653933621501,0.9990849762684101,0.25681661892982527,0.9950143206949285,0.25577024947573346
313,73,14,415,34.009591062442695,163.05109808947168,163.05109808947168,0.9998750974252024,0.05950621739443632,0.9983852889771582,0.05941755345469655,0.9981867570367996,0.05940573809412488,0.9954702417143224,0.05924406834982291,0.9817025363703143,0.05842470194162573
314,117,102,355,154.02219436407486,-165.74147028809327,0.0,0.9998362814321257,0.0,0.9987378448185422,0.0,0.9986056359839074,0.0,0.9968038782157783,0.0,0.9864430895041069,0.0
315,113,21,249,92.50651757410635,-0.0,-0.0,0.9998942844585667,-0.0,0.9991821765872684,-0.0,0.9990953617957847,-0.0,0.9978932682220133,-0.0,0.9905809479264259,-0.0
316,127,90,274,50.86638938937048,-0.0,-0.0,0.9997352931365151,-0.0,0.9971019801177284,-0.0,0.9967507955346284,-0.0,0.9914975814444285,-0.0,0.9612108018995174,-0.0
317,39,26,242,89.32791093516964,1717.4324176491905,1717.4324176491905,0.9999253089129648,0.6268160113755775,0.9992322162529584,0.6263815373475812,0.9991445642325687,0.6263265915538103,0.9979062382932474,0.6255503310480011,0.9902300970900325,0.6207384434311295
318,65,46,401,1.364048790179835,171.69725278517407,171.69725278517407,0.9998303153108925,0.06265886321242833,0.9984715306802833,0.06257370886273449,0.998304707206369,0.06256325411949201,0.9959494822412042,0.06241565335497542,0.9800422988789517,0.0614187581707356
319,44,47,241,89.45851816313852,-243.0071967242738,0.0,0.9999510762510516,0.0,0.9993959386445038,0.0,0.9993217592396078,0.0,0.9982581157859153,0.0,0.9915285566607193,0.0
320,126,11,258,145.20370071645507,3.041379800398506,3.041379800398506,0.999949991973941,0.0011100481130543402,0.9993696181111861,0.0011094038379241956,0.9992912260199758,0.0011093168145794037,0.9981486441981314,0.0011080484303546637,0.9875936860598516,0.001096331333040991
321,78,71,163,17.928667732853043,154.59298866895438,154.59298866895438,0.9998860941021718,0.056420013559760465,0.9988963590868043,0.05636416633544464,0.9987748906645368,0.05635731230469869,0.9970694589852056,0.05626108086489703,0.9861411788983493,0.05564443691482896
322,132,42,375,61.67027801854064,983.995432852302,983.995432852302,0.9999029200622273,0.35912346592247285,0.9989293428448381,0.3587737975520373,0.9988055317347065,0.3587293297601166,0.99708900126071,0.35811282353654766,0.9862121623308615,0.3542063161982907
323,92,97,327,66.51131985760316,1610.710910838022,1610.710910838022,0.9999294602679408,0.5878680114785105,0.9993066510251503,0.5875018560189128,0.9992273858096455,0.5874552552470886,0.9981084614503921,0.5867974290061327,0.9906463075493475,0.5824103579681634
324,134,66,382,115.2605646573007,306.94722522341226,306.94722522341226,0.9999313310290814,0.11202804382776536,0.9994551505594758,0.11197469459780977,0.9993960440370853,0.11196807255500003,0.9985655083994495,0.11187502288256121,0.9935289058514611,0.11131074340308098
325,31,36,85,117.52753229273932,-0.0,-0.0,0.999982476689547,-0.0,0.9997737983555197,-0.0,0.9997457758708872,-0.0,0.9993383350173343,-0.0,0.9967719133432137,-0.0
326,103,53,103,76.29750066284583,-67.3415668462378,0.0,0.9999014112288892,0.0,0.9987529261887492,0.0,0.9986008779588124,0.0,0.9964296952471258,0.0,0.9830720590563845,0.0
327,71,82,111,2.6574835776972776,529.6481993132918,529.6481993132918,0.999926519205661,0.19330738732515337,0.9991695358831415,0.19316104610355922,0.9990715146795263,0.19314209648835312,0.9976911277462269,0.1928752378877973,0.9895404804690623,0.19129954177423766
328,123,51,104,44.52623696932997,697.9665801523316,697.9665801523316,0.9999515139661276,0.25474544956019585,0.9990992554611564,0.2545283300569419,0.9989704206985006,0.25449550839601803,0.9968444145554264,0.2539538917444895,0.9829900121082868,0.2504243746324188
329,137,91,132,70.93934392069629,242.6568618830764,242.6568618830764,0.9998336717435256,0.088555022934466,0.9983675333327191,0.08842516741522982,0.998171237307817,0.08840778152447779,0.9951901094712297,0.0881437437635978,0.9752281434220257,0.08637571732953933
330,106,43,194,136.29560072757457,-107.558236247675,0.0,0.9998360684267836,0.0,0.9984440326019017,0.0,0.9982747626547605,0.0,0.995938390405927,0.0,0.9825705977243199,0.0
331,25,48,183,90.25143834126142,-0.0,-0.0,0.9999334192761623,-0.0,0.9992832832341866,-0.0,0.999197751548243,-0.0,0.997971764648144,-0.0,0.9898738259210136,-0.0
332,76,88,314,104.7672475623156,1240.8481570231563,1240.8481570231563,0.9999805044727795,0.4529007476024592,0.9997375376146711,0.452790705585452,0.999703752543847,0.4527754040033056,0.9992024060521075,0.4525483393756443,0.9958634811243023,0.45103610829791074
333,71,53,178,26.495407085357986,142.22995210181455,142.22995210181455,0.9997005560555753,0.05189838720443877,0.996678596244314,0.05174150538672738,0.9962946112894908,0.05172157121769507,0.9909136240599168,0.05144222300978326,0.9579337103225718,0.0497301059936009
334,42,47,181,17.241307292717035,3324.268854579093,3324.268854579093,0.999963932406752,1.2133143690138026,0.9995764064364652,1.2128441612264245,0.9995241876050758,1.2127808010827186,0.9987641612059903,1.2118586168709136,0.9934739599169304,1.2054397081173316
335,56,30,224,125.46227076147257,296.51458936048857,296.51458936048857,0.9999881515599571,0.10822654278568149,0.9998341957709453,0.1082098804854726,0.9998120977013744,0.10820748885946369,0.9994757491353414,0.10817108658568084,0.9970263611854749,0.10790599465500002
336,144,84,210,100.05480007227676,433.3283485578721,433.3283485578721,0.9997098109035383,0.1581189495095155,0.9967935189029005,0.15765769463077514,0.9963729288225335,0.15759117206497014,0.9914055438725158,0.15680550638324967,0.9631717732933497,0.152339916373049
337,39,37,69,166.08891447227097,-0.0,-0.0,0.9999941218437117,-0.0,0.9999076532419339,-0.0,0.9998951336563838,-0.0,0.9997030698034575,-0.0,0.998342027011918,-0.0
337,39,37,276,166.08891447227097,-0.0,-0.0,0.9999941218437117,-0.0,0.9999076532419339,-0.0,0.9998951336563838,-0.0,0.9997030698034575,-0.0,0.998342027011918,-0.0
338,54,51,186,35.633624169268415,9.54880919064098,9.54880919064098,0.9999162961311195,0.003485023620204511,0.9988390653356513,0.003481269131172634,0.9986881943003393,0.003480743298036699,0.9963631336855364,0.0034726397285755883,0.9777426874856817,0.003407741601526031
339,91,19,298,123.10399944368564,1281.605053453089,1281.605053453089,0.9999364819978522,0.46775613168810126,0.999319730547246,0.4674676240899264,0.9992399236603876,0.4674302915579596,0.9980808656468717,0.4668881006262705,0.9902450155245722,0.46322260085935396
340,62,88,293,124.53212204039784,-215.116706791416,0.0,0.9998502987246126,0.0,0.998589680943933,0.0,0.9984399869354912,0.0,0.9964360952911444,0.0,0.9850457678324449,0.0
341,128,31,294,13.739136706133898,-279.576723823531,0.0,0.9999397871558444,0.0,0.9993538911024793,0.0,0.9992763197074795,0.0,0.9981080270241117,0.0,0.9895193873186975,0.0
342,144,80,6,11.77518748347224,178.15146716391828,178.15146716391828,228.32930849098824,14.847178476030248,43.21674925237675,2.810181459158622,4.866246915864159,0.3164290950897287,6.0818661352540815,0.3954750819078734,7.750840298145245,0.5040006033667459
343,111,31,238,117.75040678900233,80.54994633313225,80.54994633313225,0.9999441560687932,0.029399088559226745,0.9994413741177937,0.029384306402629585,0.9993781802813712,0.02938244845768125,0.9984929639404744,0.02935642245068661,0.9926384642718238,0.02918429588423385
344,109,90,312,29.30344834299545,-0.0,-0.0,0.9997061708176964,-0.0,0.9970228864276341,-0.0,0.9966868950321036,-0.0,0.9920272487471549,-0.0,0.9654200772532967,-0.0
345,30,34,199,34.2460207069184,1067.533676803955,1067.533676803955,0.9999594640842815,0.389633997222314,0.999544240568672,0.38947220546580935,0.9994891139008066,0.3894507253711401,0.9986897767722575,0.3891392638252363,0.993487980527207,0.38711238500015205
346,29,51,247,25.58035997802984,233.36212813149976,233.36212813149976,0.9999141820137873,0.0851698670342159,0.9990491742919536,0.08509618811858759,0.9989311873050827,0.08508613832015055,0.9971941769589151,0.08493818468284721,0.9840957321120183,0.08382249613073721
347,41,29,243,23.68423751712057,1199.818377012474,1199.818377012474,0.9999737521256231,0.4379222127806103,0.9996758960299413,0.4377917715562943,0.9996343992410284,0.4377735987136717,0.999008991782774,0.4374997117067117,0.9946026624994629,0.4355700315867227
348,130,23,333,94.10330066961056,578.9129002354553,578.9129002354553,0.9998071271429927,0.2112624539324064,0.9984470674450385,0.21097506895436027,0.9982800800539253,0.21093978398282462,0.995937709229345,0.21044483351189272,0.9819429415839968,0.20748769420501592
349,78,59,255,64.16131017520871,-0.0,-0.0,0.9999091072688823,-0.0,0.999053299082149,-0.0,0.9989404374802966,-0.0,0.9972253111358281,-0.0,0.9853418078944652,-0.0
350,64,34,324,84.95512973681998,-0.0,-0.0,0.9999858788150501,-0.0,0.999824608865317,-0.0,0.9998015530061418,-0.0,0.9994444416974785,-0.0,0.9965915476840667,-0.0
351,51,42,286,53.40979093967213,98.78404439167043,98.78404439167043,0.9999773272970766,0.0360553587119881,0.9997023211702999,0.03604544304262415,0.9996637483930797,0.03604405225577206,0.9990849762684101,0.03602318394606361,0.9950143206949285,0.0358764116714446
352,73,15,152,36.525754738867896,188.79535612996688,188.79535612996688,0.9999633103916531,0.06890777669533685,0.9993493957251491,0.0688654716484318,0.999249422945971,0.06885858249372818,0.9975821994562647,0.06874369361457032,0.9852790457851641,0.06789587954278746
353,116,102,355,48.28426118191168,709.6965039049651,709.6965039049651,0.9998963195499534,0.25901236662199595,0.9991417694055367,0.2588169085381735,0.9990487540500781,0.2587928139126824,0.9977620977264637,0.25845951945715473,0.9901013601139356,0.25647508793130996
354,113,22,249,97.91204276544504,-0.0,-0.0,0.9998948947330405,-0.0,0.9990990220315311,-0.0,0.9990011449309119,-0.0,0.9976420152837099,-0.0,0.9893519860203356,-0.0
355,127,89,274,90.96513655041404,-0.0,-0.0,0.999881702393723,-0.0,0.9985350442214151,-0.0,0.998348168479518,-0.0,0.9954887699017223,-0.0,0.9767356738087136,-0.0
356,39,27,242,114.18522221099693,940.3320023894316,940.3320023894316,0.9999470851121678,0.34320301936185504,0.9994243988627708,0.34302362237011136,0.9993562113381522,0.343000218967391,0.9983780328260469,0.34266448738336247,0.9921436422500257,0.3405247124878424
357,65,46,401,1.364048790179835,354.2285699371275,354.2285699371275,0.9998303153108925,0.12927148891191312,0.9984715306802833,0.1290958069890712,0.998304707206369,0.12907423781025343,0.9959494822412042,0.12876972270073236,0.9800422988789517,0.12671302843357185
358,45,47,248,46.89944579174614,-0.0,-0.0,0.9999762709159559,-0.0,0.9996539560260288,-0.0,0.999605900265764,-0.0,0.9988485025882705,-0.0,0.9930388418906201,-0.0
359,125,11,258,89.30080213314925,851.1941282773088,851.1941282773088,0.9999773455235815,0.3106788183958008,0.9996873327812911,0.3105887155384732,0.9996446822638344,0.31057546462591334,0.9989907490168254,0.3103722968147624,0.9935730350012397,0.30868908969381786
360,79,71,163,88.17958196459325,565.5364403441052,565.5364403441052,0.999833708086995,0.20638647461576173,0.9984330315562795,0.2060973458447339,0.9982655089477561,0.20606276569374285,0.9959871446440206,0.20559246390982117,0.9820564817686656,0.202716885324452
361,131,42,375,115.76916117273254,-587.3195996277577,0.0,0.9997687332009105,0.0,0.9981448143060575,0.0,0.9979524525966996,0.0,0.9953700432219379,0.0,0.9800762956253525,0.0
362,92,97,327,66.51131985760316,-539.2637141675264,0.0,0.9999294602679408,0.0,0.9993066510251503,0.0,0.9992273858096455,0.0,0.9981084614503921,0.0,0.9906463075493475,0.0
363,32,36,85,59.361756380619234,34.13019473093503,34.13019473093503,0.9999872076999188,0.012457361716443403,0.9998321714913284,0.012455430349607223,0.9998111494186769,0.01245516846669409,0.9995045793496669,0.012451349363597883,0.9975203873070954,0.012426631249407146
364,104,53,586,79.61318026509578,71.03612763411415,71.03612763411415,0.9999014601698818,0.025925631627350162,0.9988408294069209,0.025898131395028785,0.9986926983583981,0.025894290625563438,0.9963890600994387,0.025834561462957446,0.9811945307650217,0.025440594871281377
365,72,82,101,5.075453657653718,26.10067583509413,26.10067583509413,0.9999661729177575,0.009526424417765914,0.9995218406591025,0.009522191376896043,0.9994582416458113,0.00952158548520733,0.998508406442937,0.009512536645841984,0.9922270683917068,0.009452695929417665
366,123,50,104,21.56550717757377,123.97494206092745,123.97494206092745,0.9999367272754311,0.045247990707426224,0.9988978106683073,0.0452009788438726,0.9987450609966599,0.0451940667908049,0.9962513433492308,0.04508122393799234,0.9820893989842517,0.044440383863269144
367,137,91,132,70.93934392069629,526.3614198536033,526.3614198536033,0.9998336717435256,0.1920899629428727,0.9983675333327191,0.1918082856189736,0.998171237307817,0.19177057285012525,0.9951901094712297,0.19119783285162184,0.9752281434220257,0.18736270164227595
368,105,43,194,34.09815833805166,-500.5539662727381,0.0,0.9989358733734127,0.0,0.9930909923500032,0.0,0.9924510350422303,0.0,0.9840855402910165,0.0,0.9395984031495548,0.0
369,25,47,183,60.94762703488828,28.052506662023987,28.052506662023987,0.9997528970463802,0.010236634803741547,0.9978816975079238,0.010217475283047284,0.9976640255733937,0.010215246504208644,0.9947433462162596,0.010185341186558514,0.9778214127540258,0.010012074718876485
370,76,87,201,24.56685148581389,-916.2901851612442,0.0,0.9997391372592479,0.0,0.9976486279866313,0.0,0.9974115730049249,0.0,0.9942439441701606,0.0,0.9762541812778077,0.0
371,71,52,168,63.57044754405039,-312.16141392840103,0.0,0.9990581719637226,0.0,0.9935238481802673,0.0,0.9928796660479567,0.0,0.9840207450724308,0.0,0.9292168914837338,0.0
372,41,47,511,23.019765386103327,-2060.779850231331,0.0,0.9999418629422192,0.0,0.99933117305713,0.0,0.9992496685584156,0.0,0.9980746009547264,0.0,0.990202861389882,0.0
373,56,31,224,72.49276293077193,97.99396142285012,97.99396142285012,0.9999960664879919,0.03576765522628554,0.9999380237812041,0.03576557916659455,0.9999293096891866,0.035765267482729644,0.999790948831286,0.035760318619801036,0.9986716533203746,0.03572028388639332
374,144,85,210,29.34465128833691,248.4143769713733,248.4143769713733,0.9997055243267526,0.09064454711787166,0.9968513282952552,0.0903857536028164,0.9964567844662134,0.09034997982160642,0.9913450997257847,0.08988649698888172,0.9610326092040217,0.08713802565557546
375,54,51,186,35.633624169268415,2031.3296356035844,2031.3296356035844,0.9999162961311195,0.7413732559907512,0.9988390653356513,0.740574559034436,0.9986881943003393,0.7404626979205442,0.9963631336855364,0.7387388158665744,0.9777426874856817,0.7249329594357912
376,90,19,298,101.83759736749631,630.0098514309493,630.0098514309493,0.9999689044197818,0.22994644523181273,0.9995922413580087,0.22985983020636339,0.9995381715857895,0.22984739666781903,0.9987125242591147,0.2296575360962103,0.9926684057181936,0.2282676693044515
377,63,88,293,118.34819019176568,561.9361383189761,561.9361383189761,0.9998714634233956,0.2050803267745925,0.9988095947251968,0.20486253040017377,0.9986795682996084,0.20483586111034555,0.996912903715568,0.20447350638431347,0.9868573977966856,0.2024110548441248
378,128,32,202,20.706737953068284,-42.54557052029537,0.0,0.9999634101095649,0.0,0.9995560584952892,0.0,0.9994995898311402,0.0,0.9986469450221342,0.0,0.9917433420241558,0.0
379,144,80,6,11.77518748347224,1385.5340744982127,1385.5340744982127,228.32930849098824,115.47068354912058,43.21674925237675,21.855571717547797,4.866246915864159,2.4609580846508448,6.0818661352540815,3.0757209599299187,7.750840298145245,3.9197544687620542
380,111,30,238,117.62997095721008,10.274400448038216,10.274400448038216,0.9999429847728261,0.0037499423475283473,0.9994600241062588,0.003748131169607875,0.9993996538224185,0.003747904771615837,0.9985370107038727,0.003744669725207893,0.9922999241709132,0.00372127967670382
381,110,90,312,37.49642706585061,-0.0,-0.0,0.9996992970095316,-0.0,0.9968483242119279,-0.0,0.9964930854689176,-0.0,0.9916064661685676,-0.0,0.9636287662635468,-0.0
382,30,34,199,34.2460207069184,3169.9672901194667,3169.9672901194667,0.9999594640842815,1.1569911592962858,0.999544240568672,1.1565107298849475,0.9994891139008066,1.156446946232057,0.9986897767722575,1.1555220827508403,0.993487980527207,1.1495034065103036
383,29,50,247,127.06670580705126,679.2327160662716,679.2327160662716,0.9999045161313554,0.24789626900907352,0.9990616834156594,0.2476873139716183,0.9989507757989585,0.247659817761789,0.9973382541871516,0.24726004149834133,0.9855621936874891,0.2443405212697639
384,42,29,546,57.20182203842319,544.6564111188256,544.6564111188256,0.9999315601250097,0.19878598423927968,0.9992504939131148,0.19865058855555234,0.9991628113989368,0.19863315730767844,0.9979158206522816,0.1983852560584368,0.9902738696034409,0.19686603932268115
385,129,23,489,42.85649643061818,78.96879204518133,78.96879204518133,0.9998348138949875,0.028818847836772132,0.9986936091730004,0.02878595419796651,0.9985530876485487,0.028781903860476066,0.9965648379821274,0.028724595329304915,0.9843522972467288,0.028372585829072802
386,79,59,255,42.68927476008175,-0.0,-0.0,0.9998800350908887,-0.0,0.9988706784183093,-0.0,0.9987413831280878,-0.0,0.9968361234058679,-0.0,0.9832260429797897,-0.0
387,65,34,171,56.64983547967172,-0.0,-0.0,0.9999725118345903,-0.0,0.9996493224626642,-0.0,0.999604431963281,-0.0,0.9989398661247827,-0.0,0.9943943805970513,-0.0
388,51,41,233,153.90928111575508,349.04543109924896,349.04543109924896,0.9999808898499122,0.12739914768786573,0.9997402179379665,0.12736848570545634,0.9997071593342901,0.12736427398703765,0.9992192108455644,0.12730210857746813,0.9960093590212107,0.12689316837593248
389,73,15,152,36.525754738867896,26.16640683270064,26.16640683270064,0.9999633103916531,0.009550388081080968,0.9993493957251491,0.009544524742643596,0.999249422945971,0.009543569928773156,0.9975821994562647,0.009527646713212021,0.9852790457851641,0.009410142509848637
390,116,103,355,33.91613541615349,372.4728863937139,372.4728863937139,0.9999371049238197,0.13594405278434943,0.9993374225286036,0.13586252440142646,0.9992609619253571,0.13585212938334734,0.9981898243850734,0.13570650544600307,0.9917007478360359,0.1348242985946319
391,114,22,249,32.60723967090217,-0.0,-0.0,0.9999071294582355,-0.0,0.9990849822782026,-0.0,0.9989811814949435,-0.0,0.9975246309569151,-0.0,0.9885474257142036,-0.0
392,127,88,274,71.69930978186346,-0.0,-0.0,0.9995365976456618,-0.0,0.9959551738971926,-0.0,0.9954840315100809,-0.0,0.9884294037831731,-0.0,0.9440314972984887,-0.0
393,39,28,242,113.00996035398158,-1802.055735528272,0.0,0.9999690700346923,0.0,0.9996183227619028,0.0,0.9995701030387909,0.0,0.9988567322052916,0.0,0.9940946507905768,0.0
394,64,45,215,81.97357815670762,634.2045774157474,634.2045774157474,0.9997338679396859,0.2314230652643882,0.9980290156789472,0.23102841810012217,0.9978280425251397,0.23098189589578214,0.9950919119162384,0.23034852360263314,0.9791041042052245,0.22664759119852687
395,45,48,283,24.25989750717125,-0.0,-0.0,0.9999241293925062,-0.0,0.9991375237602768,-0.0,0.999032880381589,-0.0,0.9974980018875095,-0.0,0.9873855429740167,-0.0
396,125,12,258,13.9725454549168,10.242023109665467,10.242023109665467,0.9999292907291032,0.003738074099842789,0.9992651291572969,0.0037355912391118374,0.9991810014836174,0.003735276741395872,0.9980070418566227,0.0037308880830011063,0.9897177543429755,0.003699899920889842
397,79,70,163,5.316680384955226,-340.60806213253807,0.0,0.9999235843224377,0.0,0.9991532744132005,0.0,0.999051539861115,0.0,0.9975970806312311,0.0,0.9884373479791622,0.0
398,131,43,375,35.998531538573154,746.2139929337396,746.2139929337396,0.9998885019580467,0.272337738910147,0.9989009802409133,0.27206876948901443,0.9987765534710461,0.27203487960519324,0.9970677253578983,0.27156944932610766,0.9868051730042577,0.2687742573642396
399,92,97,327,66.51131985760316,1779.9764837086568,1779.9764837086568,0.9999294602679408,0.6496455874952148,0.9993066510251503,0.6492409536760235,0.9992273858096455,0.6491894557458789,0.9981084614503921,0.6484625001938991,0.9906463075493475,0.6436144028553881
400,33,36,351,10.572424409748605,268.9638910959353,268.9638910959353,0.9999603255888144,0.09816792534085295,0.9995758277506273,0.0981301784881959,0.9995275376194365,0.0981254377581168,0.9988560609182651,0.09805951766810735,0.9948527087129418,0.09766650129500884
401,104,53,586,79.61318026509578,-15.834696279251068,0.0,0.9999014601698818,0.0,0.9988408294069209,0.0,0.9986926983583981,0.0,0.9963890600994387,0.0,0.9811945307650217,0.0
402,72,82,101,5.075453657653718,33.107836253837654,33.107836253837654,0.9999661729177575,0.012083951454003306,0.9995218406591025,0.012078581982926731,0.9994582416458113,0.012077813429539681,0.998508406442937,0.012066335278786495,0.9922270683917068,0.01199042932703237
403,123,50,104,21.56550717757377,1055.8145863013312,1055.8145863013312,0.9999367272754311,0.38534794044307297,0.9988978106683073,0.3849475707357435,0.9987450609966599,0.38488870523979046,0.9962513433492308,0.383927695474601,0.9820893989842517,0.37847007406231054
404,136,91,132,105.49911147727896,468.2539506931802,468.2539506931802,0.9992400621334196,0.1707828089764785,0.994419285279143,0.1699588770267683,0.9938559164212246,0.16986259013867075,0.9861625104790477,0.16854768941842135,0.944920829866636,0.16149896276222567
405,105,43,194,34.09815833805166,-1406.944166227356,0.0,0.9989358733734127,0.0,0.9930909923500032,0.0,0.9924510350422303,0.0,0.9840855402910165,0.0,0.9395984031495548,0.0
406,26,47,183,46.79821879206002,0.9317090827404548,0.9317090827404548,0.9999030178381022,0.00034004083410646305,0.9990178970975734,0.0003397398277193185,0.9989046166137042,0.00033970130399298143,0.9973132022641744,0.00033916010564357237,0.9873367394181071,0.00033576737186130656
407,76,87,201,24.56685148581389,1069.3180213329315,1069.3180213329315,0.9997391372592479,0.39019926277765016,0.9976486279866313,0.3893833347554252,0.9974115730049249,0.38929081194057047,0.9942439441701606,0.38805448299233436,0.9762541812778077,0.381033059146325
408,71,51,168,17.6269234424113,-754.5868110015675,0.0,0.999554474809621,0.0,0.9958635941348706,0.0,0.9954081010683454,0.0,0.989061852768257,0.0,0.9514508265213463,0.0
409,41,47,511,23.019765386103327,2254.8242927623373,2254.8242927623373,0.9999418629422192,0.8229630194279324,0.99933117305713,0.8224604150162237,0.9992496685584156,0.8223933359280837,0.9980746009547264,0.8214262425209545,0.990202861389882,0.8149477153180094
410,56,32,224,125.6119178852052,358.2712491265628,358.2712491265628,0.9999990407927836,0.13076888049662128,0.9999832552308668,0.13076681623438133,0.9999808311299253,0.13076649923711095,0.9999414984450606,0.13076135574101058,0.9996062048970517,0.1307175097370423
411,145,85,210,168.92530696675414,86.47334959416199,86.47334959416199,0.9993939965190051,0.03154364545180254,0.995515011789982,0.03142121393887426,0.9950395923212835,0.03140620838229323,0.9885362007157771,0.031200943311907727,0.9522139696350633,0.030054512991914622
412,54,50,156,47.88995034411733,-66.38678494394951,0.0,0.9999867918967075,0.0,0.9997921410281111,0.0,0.9997624228586938,0.0,0.9992916618307762,0.0,0.9952954002723552,0.0
413,90,20,298,131.63136760448546,531.2844332854598,531.2844332854598,0.9999636049146423,0.19391176045725383,0.9995411352453971,0.1938298356382899,0.9994831234167798,0.19381858605304578,0.9986182254985684,0.19365086607092652,0.9924869818358218,0.19246190254606202
414,63,89,293,31.17183299300066,139.08735576294978,139.08735576294978,0.9999300758023172,0.05076333501978443,0.9992007594729035,0.05072630990166733,0.9991029967761851,0.05072134679410007,0.9976902177454342,0.050649624403722525,0.9889499110131408,0.050205906258260116
415,128,33,202,107.5997483057456,841.0419263105927,841.0419263105927,0.9999601272574645,0.3069680629567772,0.9995780969142476,0.3068507871662218,0.9995280921003196,0.30683543667328556,0.9988092458944353,0.3066147650471185,0.9936766806119284,0.3050391686009967
416,112,30,238,99.35156532874991,346.0455878321044,346.0455878321044,0.9999548371546082,0.12630093519148378,0.9995044835294394,0.12624405253847562,0.9994462779486136,0.12623670078715793,0.9986056805486778,0.12613052775435024,0.9925261865749729,0.12536264730031407
417,110,89,312,55.7412916222717,-0.0,-0.0,0.9995110402643923,-0.0,0.9963375824460153,-0.0,0.9959799582532991,-0.0,0.991286134803162,-0.0,0.9665252035144138,-0.0
418,30,33,199,31.0015650542904,-844.2013246401257,0.0,0.9999260496255045,0.0,0.999223315459541,0.0,0.999133297013509,0.0,0.9978585000148968,0.0,0.9897672631100012,0.0
419,30,50,247,107.38621148332214,708.4402837832606,708.4402837832606,0.9998867511089771,0.2585514196029697,0.998884967258943,0.25829237763019186,0.9987564576334155,0.2582591475208061,0.9969254544636582,0.2577856854329114,0.9841454346960948,0.25448101892963715
420,42,29,546,57.20182203842319,185.08571963242545,185.08571963242545,0.9999315601250097,0.06755166412195263,0.9992504939131148,0.06750565381702238,0.9991628113989368,0.06749973031187131,0.9979158206522816,0.06741548824627362,0.9902738696034409,0.06689922640288992
421,129,23,489,42.85649643061818,39.84521637000568,39.84521637000568,0.9998348138949875,0.0145411015902772,0.9986936091730004,0.014524504474866634,0.9985530876485487,0.01452246079951719,0.9965648379821274,0.014493544682590195,0.9843522972467288,0.014315931547859439
422,79,60,255,135.20464437949542,-0.0,-0.0,0.9998771876343897,-0.0,0.9988152606258125,-0.0,0.9986756380742096,-0.0,0.9965482670767211,-0.0,0.9828591547241885,-0.0
423,65,35,171,78.47529792545768,-0.0,-0.0,0.9999675561128877,-0.0,0.9996095974168011,-0.0,0.9995622949285853,-0.0,0.9988854392535382,-0.0,0.9944947132189867,-0.0
424,52,41,233,116.0633452113903,16.87725366647175,16.87725366647175,0.9999862582526037,0.006160112936383018,0.9998074256241691,0.006159011292056634,0.9997813194684626,0.006158850472979213,0.9993758251606576,0.0061563525479222175,0.9962832793333064,0.006137301854574978
425,73,15,152,36.525754738867896,443.9853997126896,443.9853997126896,0.9999633103916531,0.16204872517272575,0.9993493957251491,0.16194923743348777,0.999249422945971,0.1619330363776596,0.9975821994562647,0.16166285502372663,0.9852790457851641,0.15966907150458418
426,116,104,355,142.8811100813122,807.4552175323832,807.4552175323832,0.9998764412083349,0.2946847390096041,0.9990875208014331,0.2944522274765529,0.9989945238827979,0.29442481931733716,0.9977463651346109,0.29405696053019786,0.9906802974936039,0.2919744409179766
427,115,22,430,48.97381050588605,-0.0,-0.0,0.9999314375606654,-0.0,0.9992158154722428,-0.0,0.9991197354326964,-0.0,0.9977388769984864,-0.0,0.9888320097464177,-0.0
428,127,87,274,141.57709992410383,423.0859333586138,423.0859333586138,0.999312220757167,0.154320154427036,0.9950949707985172,0.15366889984277488,0.9945674141641729,0.15358743118904492,0.9868972081740567,0.1524029491540058,0.9404191272399767,0.14522550803176576
429,39,29,242,111.83469849696183,-291.4807049166069,0.0,0.9999889700417183,0.0,0.9998455503088672,0.0,0.9998247657341865,0.0,0.9995031505554017,0.0,0.9971042579904683,0.0
430,65,45,215,116.87530844010185,424.56566442205394,424.56566442205394,0.9998277762609001,0.15493977860957933,0.9984892363871832,0.15473234981372272,0.9983289351173672,0.1547075084922013,0.9961463919652579,0.15436928748972195,0.9829076089789436,0.15231772005614772
431,46,48,248,22.014902589938227,-0.0,-0.0,0.9999273318254954,-0.0,0.9990798682354343,-0.0,0.9989652757925185,-0.0,0.9972923644200551,-0.0,0.9854951979918901,-0.0
432,125,13,258,91.47302874639846,1577.3757404380212,1577.3757404380212,0.9998975173789599,0.5756831416957884,0.9990551583111986,0.5751981600790362,0.99894830503467,0.5751366401443797,0.997414127117449,0.5742533492591085,0.9864137471008152,0.5679199668696578
433,79,69,163,136.5982463264668,-520.3155267323497,0.0,0.999635794071617,0.0,0.9970022083809456,0.0,0.9967154106084893,0.0,0.9930607782711943,0.0,0.9738406972486366,0.0
434,131,44,375,75.6625389375228,-375.4211431276576,0.0,0.9998750583551608,0.0,0.9988986001787615,0.0,0.9987783925587329,0.0,0.9971331520208305,0.0,0.9876820747968004,0.0
435,92,96,228,63.565137967580526,-288.52226244537104,0.0,0.9999496858963215,0.0,0.9994222281801302,0.0,0.9993526308003361,0.0,0.998360710548476,0.0,0.9918438262101937,0.0
436,33,36,351,10.572424409748605,1618.2330339109596,1618.2330339109596,0.9999603255888144,0.590631623485885,0.9995758277506273,0.5904045178932091,0.9995275376194365,0.5903759950829998,0.9988560609182651,0.5899793839735418,0.9948527087129418,0.5876147837470044
437,103,53,103,76.29750066284583,-55.89300730698694,0.0,0.9999014112288892,0.0,0.9987529261887492,0.0,0.9986008779588124,0.0,0.9964296952471258,0.0,0.9830720590563845,0.0
438,72,81,301,111.70477478737874,946.3564908359676,946.3564908359676,0.9999210313542447,0.34539284179610186,0.9992315570378065,0.3451546834955634,0.999146810653499,0.345125410389398,0.9979764859139726,0.3447211566784205,0.9910680683320738,0.34233485025410765
439,124,50,98,146.53925000379087,-159.89861997977562,0.0,0.9998466648651282,0.0,0.9986293557118876,0.0,0.9984827877492107,0.0,0.9964741708329359,0.0,0.9856173581617952,0.0
440,136,90,132,49.573261987702935,-221.8049132919031,0.0,0.9996053645663917,0.0,0.9961414397963968,0.0,0.9957099987236772,0.0,0.9895704456457989,0.0,0.9541329838170193,0.0
441,27,47,183,44.788399924706845,-0.6478610808627167,0.0,0.9999193377874722,0.0,0.9991774272489923,0.0,0.9990821805130048,0.0,0.9977451096225559,0.0,0.9892005124847728,0.0
442,76,86,201,133.7239764906909,1134.9958466639648,1134.9958466639648,0.999686556827909,0.41414363283739886,0.9976234368222399,0.41328893692467344,0.9973920481218325,0.41319307872159,0.9943423209924721,0.41192965763836187,0.9774578957906345,0.4049348879841131
443,71,50,168,9.33408243957089,-492.26149434001945,0.0,0.9997254842583766,0.0,0.9971550162717445,0.0,0.9968355209869425,0.0,0.9923907380242323,0.0,0.9660449459329261,0.0
444,41,46,153,72.5233605543735,2153.440860379803,2153.440860379803,0.9999606648706154,0.7859749963943023,0.9995191183124343,0.7856279381882485,0.999458069143558,0.7855799531804645,0.998560415978327,0.7848743924838376,0.9924470516254577,0.7800692519478094
445,57,32,224,123.94487568694105,676.1465512012294,676.1465512012294,0.9999916585792176,0.2467914325800924,0.9998803581729894,0.24676396436426862,0.9998644342903026,0.2467600344536671,0.999622070927698,0.2467002207532737,0.997859658349915,0.24626526880028823
446,144,86,210,101.64046987273312,172.3188613925782,172.3188613925782,0.9995179955901934,0.06286606807364536,0.9962096142878202,0.0626579828514821,0.9957940441169576,0.0626318449902669,0.9900488203248201,0.06227049118612496,0.9565142017265844,0.0601612849237849
447,54,49,156,37.76190138825007,-597.2511128659077,0.0,0.9999721257815373,0.0,0.9996436249761559,0.0,0.9995993433934676,0.0,0.9989502113499894,0.0,0.9945035927487903,0.0
448,91,20,298,41.51943370360751,15.843290660121635,15.843290660121635,0.999902647234146,0.00578223811926381,0.999058232845832,0.005777355038817858,0.9989542785568299,0.005776753891842009,0.9975064765732454,0.005768381540951865,0.9883173327507236,0.005715242550030141
449,63,90,293,100.70244561627402,-171.76799162753974,0.0,0.9999158003882067,0.0,0.9991300473015262,0.0,0.9990283495124582,0.0,0.997580717768013,0.0,0.988624593652424,0.0
450,128,34,202,35.320057941493324,339.1336508991691,339.1336508991691,0.9999629110290797,0.12377919156508427,0.9995838140076985,0.12373226550181357,0.9995337328174191,0.12372606626264478,0.9988195467675164,0.12363766161192322,0.9939734547092511,0.123037794006229
451,113,30,238,142.38391351356876,953.631197104784,953.631197104784,0.9999599983879168,0.34806146336664195,0.9995256583113563,0.3479102802764282,0.9994681568433655,0.3478902654307075,0.9986253207574349,0.34759689493396745,0.9923862434958112,0.34542522570195894
452,111,89,312,56.98736883463625,3.568324648266468,3.568324648266468,0.9998313316470289,0.0013022188164611903,0.9979525778984468,0.0012997718552533728,0.9977112858340559,0.001299457587179782,0.9943517780596628,0.0012950820349247275,0.9754570756781713,0.001270472847160947
453,30,33,199,31.0015650542904,1548.740158338356,1548.740158338356,0.9999260496255045,0.5652483543746324,0.999223315459541,0.564851105667068,0.999133297013509,0.5648002191255064,0.9978585000148968,0.5640795889290061,0.9897672631100012,0.5595056923422932
454,29,49,247,36.480419866289736,556.8578023557831,556.8578023557831,0.9999184690449652,0.20323652644067855,0.9991399855722274,0.20307829726321186,0.9990374458509956,0.20305745574721784,0.9975567670833154,0.2027565032007515,0.9870539619245445,0.20062177551601282
455,42,30,159,41.64737873723792,1514.4242494085622,1514.4242494085622,0.9999495687652724,0.5527369744201736,0.9994284340033507,0.5524489094411311,0.9993599072273017,0.5524110302479767,0.9983686107898861,0.5518630764204179,0.9920979768629276,0.5483968903918932
456,128,23,296,57.56852957799571,29.970660857693915,29.970660857693915,0.999841968727196,0.010937562462944306,0.9988002335589066,0.010926166618571504,0.9986734270490115,0.01092477944523205,0.9968797207883326,0.010905157570095799,0.9856658648304747,0.0107824859341515
457,80,60,255,101.18198880787156,-0.0,-0.0,0.9998861416745585,-0.0,0.9988754789177421,-0.0,0.9987449650937585,-0.0,0.9967979389858885,-0.0,0.9834252362673676,-0.0
458,64,35,260,97.03134961422346,-0.0,-0.0,0.9999807135399912,-0.0,0.999753796178388,-0.0,0.9997229332805816,-0.0,0.9992711838304783,-0.0,0.9961462367557905,-0.0
459,52,42,233,131.2442956428719,0.2770858568865574,0.2770858568865574,0.9999587841048408,0.00010113216933889941,0.9994890407202699,0.00010108466121329521,0.9994264375789869,0.00010107832976085336,0.9985250534672041,0.00010098716707286937,0.992739032903981,0.00010040199014288012
460,73,16,131,102.3563608224746,115.23503834047132,115.23503834047132,0.9999743027348249,0.042059708147023776,0.9995301680902735,0.04204102749345425,0.999456661567466,0.04203793575110874,0.9982575483073423,0.04198750010129444,0.9880438425352798,0.04155790357796615
461,115,104,424,40.85251096864557,1395.9805745800618,1395.9805745800618,0.9999418924869613,0.5095033020315273,0.9994664391425714,0.5092610429055233,0.9994072716423975,0.5092308951169987,0.99858012057295,0.5088094344258037,0.9934456333701019,0.5061932442214077
462,115,23,209,46.11445926721999,-0.0,-0.0,0.9999278558505563,-0.0,0.9991823717399616,-0.0,0.9990824307150085,-0.0,0.9976369645899548,-0.0,0.9882311402378565,-0.0
463,126,87,274,63.98144680371834,441.7600223357074,441.7600223357074,0.9995414804771412,0.16116847536048248,0.9959269827218777,0.1605856650381619,0.9954730906520717,0.160512478387785,0.9888912787344252,0.15945121118417666,0.9501425987442229,0.15320328070982456
464,39,30,242,110.65943663994214,-625.4290775506785,0.0,0.9999936948018465,0.0,0.9999039657897203,0.0,0.9998907260931872,0.0,0.9996837962936242,0.0,0.9981018809955078,0.0
465,65,44,169,85.39194881870958,311.75645231049305,311.75645231049305,0.9999150046120601,0.11378143337420843,0.9990396740284306,0.11368182853977524,0.9989263912330959,0.11366893796530604,0.9973274631769614,0.11348699417483378,0.9874149342044843,0.11235903654878596
466,44,47,241,89.45851816313852,28.173809685906765,28.173809685906765,0.9999510762510516,0.010282937430892891,0.9993959386445038,0.010277228706327017,0.9993217592396078,0.010276465886827821,0.9982581157859153,0.010265527972620954,0.9915285566607193,0.010196324951527837
467,124,13,258,50.92422433421084,19.0078811198126,19.0078811198126,0.9998350615678187,0.0069367322862410865,0.9985506549009785,0.006927821231271117,0.9983943389837915,0.006926736730725694,0.9962493351313919,0.006911854958672491,0.9817690799663112,0.006811392735074213
468,80,69,163,15.3438435469389,-1127.9606487105018,0.0,0.9999222078908819,0.0,0.9991196099469069,0.0,0.9990107169756196,0.0,0.9974433679550609,0.0,0.9877562600800515,0.0
469,131,45,375,134.14887296034868,234.64273310826687,234.64273310826687,0.9997635663827381,0.08562434832251156,0.9981442106188689,0.08548565924976882,0.9979499884870341,0.08546902517344582,0.9953267720103436,0.08524436085392258,0.9807708695416174,0.08399772644450905
470,92,95,567,89.29598479008133,-358.16541378794216,0.0,0.9999655854100158,0.0,0.9996141792285402,0.0,0.9995682738562833,0.0,0.998912876965635,0.0,0.9947976050967388,0.0
471,34,36,80,66.60229600618699,142.86516355505316,142.86516355505316,0.9999566565107344,0.05214352451733512,0.9994289860287401,0.05211600872598977,0.9993570229133636,0.05211225615286917,0.998311790791801,0.052057751703699154,0.9917074696735197,0.05171336419659149
472,103,52,165,20.507060559719434,1134.838379313427,1134.838379313427,0.9999385275306498,0.4141905455685171,0.999198431839989,0.4138839860856609,0.999094547193523,0.4138409554020626,0.997545018885206,0.4131991159712122,0.9874634793294552,0.4090231808974044
473,73,81,101,130.26009027909953,1319.148812877291,1319.148812877291,0.9997864971991811,0.48138651738253124,0.997942931622323,0.4804988602526379,0.9977300285121038,0.4803963496795751,0.9949092416114462,0.47903817092222056,0.9794580973902033,0.4715986100488979
474,124,49,91,24.491093483328047,-808.0866520623468,0.0,0.9999574895068855,0.0,0.9992751253639579,0.0,0.9991737193146489,0.0,0.9975748086822533,0.0,0.9874065460889678,0.0
475,136,89,132,58.28425361582844,237.09871797827276,237.09871797827276,0.9997620331666031,0.08652043816671084,0.9973308481220267,0.08631004090381933,0.9970162043822914,0.08628281130985077,0.9924884154937763,0.0858909717864795,0.9647814852158862,0.0834931854449591
476,28,47,183,22.01395985882167,1308.3012621451817,1308.3012621451817,0.9999468326245207,0.4775045716682691,0.9993940125916204,0.47724058353969345,0.9993189755443942,0.47720475110148164,0.9982338729177893,0.47668658208686215,0.9910545204593364,0.47325822618964775
477,75,86,201,12.72978763696357,1353.2586663595612,1353.2586663595612,0.9998641650705097,0.4938723189958724,0.9985353383746715,0.49321595911745736,0.9983712803077195,0.4931349243721329,0.996076740491638,0.4920015607217648,0.9822604234105372,0.4851771371698473
478,71,49,598,30.053605420147957,949.7508421460924,949.7508421460924,0.9998091746184472,0.34659290603642984,0.9977143782719478,0.34586672590954226,0.9974469471383942,0.34577401848486966,0.9937051539470699,0.34447689198424186,0.9720894718343984,0.33698361999836557
479,41,45,153,64.72843608876971,1158.2892338291583,1158.2892338291583,0.9999700434259373,0.42276290543995776,0.9995728810057606,0.4225949948712469,0.999515591467138,0.4225707742538807,0.9986502572729629,0.4222049320963971,0.9927318006158615,0.41970275320761324
480,57,33,224,151.31100515184562,1070.772359901758,1070.772359901758,0.999990416531064,0.3908281658386599,0.9998562993470564,0.3907757485632874,0.9998372412149482,0.39076830003708846,0.9995487280883576,0.3906555399003695,0.997580296905934,0.3898862141789541
481,145,86,549,44.5027955632278,13.140121454529456,13.140121454529456,0.9995088083007486,0.004793788504619501,0.9958790625343422,0.00477637972003933,0.9954111959499096,0.004774135764372785,0.9888439736863335,0.004742638418543552,0.9509549310537074,0.004560917101517731
482,54,48,156,12.483359369515606,-796.9782848515252,0.0,0.9999531425234275,0.0,0.9994480342250092,0.0,0.9993803946029282,0.0,0.9983941472831058,0.0,0.9918232830549633,0.0
483,91,21,298,104.690103934148,246.87161989793776,246.87161989793776,0.9999301267455557,0.09010184511366534,0.9992088812478107,0.0900368550224694,0.9991160392126075,0.09002848919924619,0.9978025426672145,0.08991013246698579,0.9894160192676213,0.08915443843179191
484,64,90,293,22.235126944629467,99.03199491935132,99.03199491935132,0.9999232439133273,0.03614390366800256,0.9990979948394466,0.03611407365533907,0.9989888622403398,0.036110128874403964,0.9974212728515587,0.036053465725303296,0.9876542557231168,0.03570042050071931
485,128,35,202,45.463940018894135,1534.8582482489596,1534.8582482489596,0.9999201416732071,0.5601785221186474,0.9992351530539483,0.559794775560885,0.9991489669439015,0.5597464920972952,0.9979334801378883,0.5590655481156008,0.9898114251766202,0.5545153840023387
486,113,31,238,102.93465078090593,-700.1194749331981,0.0,0.9998987215245584,0.0,0.9992242293188325,0.0,0.9991435578957215,0.0,0.998039088009694,0.0,0.9909975652464847,0.0
487,112,89,312,61.18859468381975,-3.568324648266468,0.0,0.9996297058534364,0.0,0.9967663180632503,0.0,0.9964097110697182,0.0,0.99148746052486,0.0,0.9642049910403138,0.0
488,31,33,166,76.02323018641432,-945.9981186072424,0.0,0.9999751489596699,0.0,0.9997011101256629,0.0,0.9996636900264634,0.0,0.9991117408872963,0.0,0.9953642012867403,0.0
489,28,49,247,107.00512540494849,648.5998374950725,648.5998374950725,0.9998746637487268,0.23670926871434553,0.9988414458181706,0.23646466579596817,0.9987133611260676,0.23643434316164164,0.9969385323962515,0.23601417208824643,0.985278083325151,0.23325368972723456
490,42,30,159,41.64737873723792,318.36246315824,318.36246315824,0.9999495687652724,0.1161964388273382,0.9994284340033507,0.11613588176988658,0.9993599072273017,0.116127918800963,0.9983686107898861,0.11601272787589251,0.9920979768629276,0.11528406579706171
491,127,23,296,81.73939210587116,140.80932793660156,140.80932793660156,0.9998309160121225,0.05138671455687485,0.9987382985542969,0.05133055904045104,0.9986076623666011,0.051323844940716366,0.9967941409916641,0.05123063827572507,0.9853812222320727,0.050644066697303494
492,80,59,255,52.31834671188432,-0.0,-0.0,0.9998469016709066,-0.0,0.9987129812809691,-0.0,0.9985727862979857,-0.0,0.9965700723199618,-0.0,0.9823331102726539,-0.0
493,64,35,260,97.03134961422346,-0.0,-0.0,0.9999807135399912,-0.0,0.999753796178388,-0.0,0.9997229332805816,-0.0,0.9992711838304783,-0.0,0.9961462367557905,-0.0
494,53,42,233,109.50427830563052,0.9369489390709024,0.9369489390709024,0.9999688847896413,0.0003419757217832623,0.9996181756995253,0.00034185578405714626,0.9995706575546504,0.0003418395334996154,0.9988743987314855,0.0003416014224771411,0.9941150466736479,0.0003399737889777827
495,73,16,131,102.3563608224746,237.3468577818464,237.3468577818464,0.9999743027348249,0.08662937689509678,0.9995301680902735,0.08659090079885132,0.999456661567466,0.0865845328109429,0.9982575483073423,0.08648065170693146,0.9880438425352798,0.08559582200240429
496,118,98,447,122.51431983943256,331.3793984386252,331.3793984386252,0.9997047936954765,0.12091777420012115,0.9978485202353303,0.12069325146448646,0.9976337123498783,0.12066726970311721,0.9947837778541727,0.12032256020686383,0.9782721798178158,0.11832542495690368
496,118,98,355,122.51431983943256,331.3793984386252,331.3793984386252,0.9997047936954765,0.12091777420012115,0.9978485202353303,0.12069325146448646,0.9976337123498783,0.12066726970311721,0.9947837778541727,0.12032256020686383,0.9782721798178158,0.11832542495690368
496,118,98,270,122.51431983943256,331.3793984386252,331.3793984386252,0.9997047936954765,0.12091777420012115,0.9978485202353303,0.12069325146448646,0.9976337123498783,0.12066726970311721,0.9947837778541727,0.12032256020686383,0.9782721798178158,0.11832542495690368
497,115,23,209,46.11445926721999,-0.0,-0.0,0.9999278558505563,-0.0,0.9991823717399616,-0.0,0.9990824307150085,-0.0,0.9976369645899548,-0.0,0.9882311402378565,-0.0
498,126,86,274,114.60003718253374,1082.776771814967,1082.776771814967,0.9995720938008528,0.39504440739653546,0.9959698826688056,0.39362076484908726,0.9955055412766113,0.3934372508522012,0.9887633802207075,0.3907726576373449,0.9485037849175345,0.3748615211948594
499,39,31,242,109.484174782929,-0.0,-0.0,0.9999951262088586,-0.0,0.999927401612795,-0.0,0.9999175210761904,-0.0,0.999763918402388,-0.0,0.998584573428031,-0.0
500,65,44,169,85.39194881870958,218.033449310568,218.033449310568,0.9999150046120601,0.07957544487763038,0.9990396740284306,0.07950578413618134,0.9989263912330959,0.07949676884108708,0.9973274631769614,0.07936952261435046,0.9874149342044843,0.07858066166196051
501,44,46,241,31.7123420791496,21.763651547442603,21.763651547442603,0.9999737331581967,0.007943524158043376,0.9995952676379838,0.007940517729071183,0.9995387481535056,0.007940068753387658,0.9986635088087523,0.007933116085883922,0.9923525631807057,0.007882983620005885
502,124,14,335,110.13922824944191,1129.8303002298046,1129.8303002298046,0.9997989076237503,0.41230513148904,0.9985218973407902,0.4117785076963814,0.9983729790137732,0.41171709555646635,0.9963846701034595,0.41089714070308875,0.983932907359522,0.4057621824267175
503,81,69,163,128.18070896371583,-50.8916075996583,0.0,0.9998314586534949,0.0,0.998515110662317,0.0,0.9983504706741232,0.0,0.9960148398247308,0.0,0.9817770701723226,0.0
504,130,45,375,80.05271015421421,-507.8055220556086,0.0,0.9998557538102207,0.0,0.998674742901091,0.0,0.9985291859102299,0.0,0.996526673420318,0.0,0.9849733636274816,0.0
505,91,95,195,44.371770055752,842.2655858547365,842.2655858547365,0.9999317692770352,0.30740596287468314,0.9992348990075135,0.3071917261809575,0.9991438302812083,0.30716372920120577,0.9978608999635481,0.30676932186090633,0.9901393887830027,0.30439552131547576
506,35,36,80,68.2821005492539,171.22306335046838,171.22306335046838,0.9999614556953957,0.062494009241944155,0.9995719440745107,0.062469666160821585,0.9995221613655536,0.062466554919827305,0.9988222271722361,0.062422811539823216,0.9945962338338213,0.06215870209316096
507,104,52,103,119.41156300414696,-9.52975730923587,0.0,0.9998999588515082,0.0,0.9988524894162216,0.0,0.9987086404467376,0.0,0.9965054913312213,0.0,0.9807190343896033,0.0
508,73,82,101,80.32984062166267,549.1363840157737,549.1363840157737,0.9999253158764214,0.20041981086986604,0.9992525836715932,0.20028497193828093,0.9991679659417212,0.20026801160219587,0.9979832293406333,0.2000305491820025,0.9908954287064523,0.19860990742003173
509,124,49,91,24.491093483328047,-268.5757377457724,0.0,0.9999574895068855,0.0,0.9992751253639579,0.0,0.9991737193146489,0.0,0.9975748086822533,0.0,0.9874065460889678,0.0
510,136,88,132,29.004532514605096,317.4490609891881,317.4490609891881,0.9998706001640714,0.11585391384346484,0.9983688588470488,0.11567990871807268,0.998167730784406,0.11565660422923472,0.9951795559752002,0.11531036767938704,0.9756026592445495,0.11304201404764405
511,29,47,158,35.982816215604835,409.3233388677417,409.3233388677417,0.9999423421362743,0.14939440442783408,0.9993953048072866,0.14931267539954898,0.9993236508572184,0.149301970083108,0.9982983640298407,0.149148789136078,0.991396636860804,0.14811765026287177
512,71,49,598,30.053605420147957,13.986529219225089,13.986529219225089,0.9998091746184472,0.005104108985574335,0.9977143782719478,0.005093414876011681,0.9974469471383942,0.0050920496178339745,0.9937051539470699,0.005072947452405969,0.9720894718343984,0.004962597597552207
513,41,44,153,161.01920686187793,367.7475132940272,367.7475132940272,0.9999706724712771,0.13422390578141793,0.9996429838010421,0.13417992083824898,0.9996000583312752,0.13417415904506022,0.9989888164905493,0.13409211337162413,0.995203988502749,0.133584084077147
514,56,33,224,88.76166264218254,-93.3841390109912,0.0,0.9999962900302023,0.0,0.9999426745446642,0.0,0.9999348914011971,0.0,0.9998149936091821,0.0,0.9989367638131521,0.0
515,143,83,210,93.69609220401809,80.32758164009489,80.32758164009489,2.040320346676488,0.05982130971515483,1.018561525967471,0.029863783208403254,0.9863892859617185,0.028920507052406768,0.9652175304893806,0.028299760343005322,0.8280814069830184,0.02427898854078666
516,54,47,156,17.376439987999746,-152.17868217715082,0.0,0.9999861919666099,0.0,0.9997862412809655,0.0,0.9997562494454907,0.0,0.9992840543046725,0.0,0.995628437888013,0.0
517,92,21,298,22.846865314474705,479.4881251871177,479.4881251871177,0.9999583200937159,0.17500587116095337,0.9994042255594829,0.1749088973224239,0.9993246652163981,0.17489497321491698,0.9981380685535751,0.17468730317655526,0.9899743597779465,0.17325854665993431
518,65,90,293,0.0430666352330127,1470.154774654039,1470.154774654039,0.9999598345372152,0.5365849397006097,0.9994437706551138,0.536308016470801,0.9993722240699091,0.5362696241086462,0.9983227815074611,0.5357064864158697,0.991585492423988,0.5320912133501529
519,128,36,202,107.77474002660348,1055.8757748960834,1055.8757748960834,0.9997857702192356,0.3853120948240143,0.9983174749139408,0.3847462216572264,0.9981407569838399,0.38467811551102143,0.9956432736232134,0.383715598765799,0.9778769685963282,0.37686855971893357
520,114,31,238,105.53588160599892,-1463.5520092609995,0.0,0.9999018850137229,0.0,0.9992193820785154,0.0,0.9991374668336098,0.0,0.9980170320387305,0.0,0.9908703584171803,0.0
521,112,88,312,116.85480217341193,-0.0,-0.0,0.9996017748609015,-0.0,0.9965271822850447,-0.0,0.9961484636810446,-0.0,0.9909292648434762,-0.0,0.9622807337384354,-0.0
522,31,33,166,76.02323018641432,-549.5360599520425,0.0,0.9999751489596699,0.0,0.9997011101256629,0.0,0.9996636900264634,0.0,0.9991117408872963,0.0,0.9953642012867403,0.0
523,28,48,558,5.407130961946572,23.471515576072125,23.471515576072125,0.9998963538783974,0.008566215238247804,0.9989867814854392,0.008558422837702861,0.9988720435143551,0.008557439865665315,0.9972751235743609,0.008543758887760775,0.9869825765544651,0.008455581575402124
524,42,31,159,5.474283475910143,345.8446879921391,345.8446879921391,0.9999627102108464,0.12622860390357504,0.9995410224349168,0.12617537285936184,0.9994830448365323,0.12616805415514715,0.9986206362716245,0.12605918946646305,0.9928094035533792,0.12532561831876673
525,127,24,296,115.74440660938836,618.9597347515593,618.9597347515593,0.9998335250436569,0.22588269311170947,0.9987829406026362,0.2256453447562734,0.9986595553093183,0.22561746951339848,0.9969736294101279,0.22523658462310714,0.9868446263889337,0.22294823718960408
526,80,58,255,151.16907792629863,-0.0,-0.0,0.9998486925107581,-0.0,0.9987127035381131,-0.0,0.9985732243610232,-0.0,0.9966266027087117,-0.0,0.9833089706824524,-0.0
527,65,35,171,78.47529792545768,-0.0,-0.0,0.9999675561128877,-0.0,0.9996095974168011,-0.0,0.9995622949285853,-0.0,0.9988854392535382,-0.0,0.9944947132189867,-0.0
528,54,42,233,107.02220447050496,22.969202229995695,22.969202229995695,0.9999642964116514,0.008383459483674922,0.9995570741718213,0.00838004543063251,0.9995025815963544,0.008379588578022646,0.9987152131445808,0.008372987470825263,0.9936229923365418,0.008330295519743293
529,73,17,115,56.46534050661984,115.3105568428737,115.3105568428737,0.9997828258335038,0.04207921274461314,0.9977370770829429,0.0419931105485436,0.9974980053639037,0.04198304841358116,0.9942507189516285,0.04184637547596503,0.9738620310266913,0.040988249176324196
530,118,97,270,26.921466942370127,-1060.1177827807535,0.0,0.9998747961539789,0.0,0.9986618240489246,0.0,0.9985074176330604,0.0,0.9963700906401023,0.0,0.9832697743454799,0.0
531,115,24,191,14.987539702611194,-0.0,-0.0,0.9999356552001315,-0.0,0.9992679237860856,-0.0,0.9991785122980253,-0.0,0.997886552514045,-0.0,0.9894684049609463,-0.0
532,127,86,274,74.8158486083051,335.25361378241524,335.25361378241524,0.9994498833302083,0.12230025259101594,0.996025379760154,0.12188120441401185,0.9956032077231184,0.12182954424812713,0.989486662865687,0.12108107752305673,0.9510860032461304,0.11638208215624078
533,39,32,242,108.30891292591365,-0.0,-0.0,0.9999952687453628,-0.0,0.9999292413144067,-0.0,0.9999197109643666,-0.0,0.9997732980502699,-0.0,0.9986855301027339,-0.0
534,65,43,169,3.1949890434851524,126.5779470428965,126.5779470428965,0.9999335543948659,0.04619788082053214,0.999249320306799,0.04616626855518218,0.9991601084011087,0.04616214688032814,0.9978826546566024,0.04610312730289417,0.9897177329398885,0.045725900157430485
535,43,46,241,161.16683755273002,29.49858226573517,29.49858226573517,0.9999830992923473,0.010766800557369347,0.9997692452027945,0.010764497994123807,0.9997399785360025,0.010764182880433832,0.9993155478255425,0.010759613042390391,0.996513318833041,0.010729441491791492
536,123,14,258,67.6889061041494,41.654613775867375,41.654613775867375,0.9998944156086323,0.015202328730070833,0.998936644087032,0.015187766835042337,0.9988180436294527,0.015185963641509592,0.9972070291221483,0.015161469883222072,0.9871400237267347,0.015008411797328758
537,81,68,163,77.73679692312746,-0.0,-0.0,0.9995044091288822,-0.0,0.9962357020289545,-0.0,0.995847622175294,-0.0,0.9904524432718322,-0.0,0.9577603760859845,-0.0
538,130,46,375,0.0476982406718479,-1647.6519135466092,0.0,0.9999146394886086,0.0,0.9990849989312763,0.0,0.9989770956604364,0.0,0.997439220031967,0.0,0.9883764365086659,0.0
539,91,95,195,44.371770055752,1033.9695583093671,1033.9695583093671,0.9999317692770352,0.3773731385838912,0.9992348990075135,0.3771101405185479,0.9991438302812083,0.37707577128243747,0.9978608999635481,0.3765915948061666,0.9901393887830027,0.37367750506690384
540,36,36,80,69.96190509232082,1390.9323393410118,1390.9323393410118,0.9999812574405077,0.5076807884437455,0.9997658539455453,0.5075714301779356,0.9997366564047022,0.5075566068695531,0.9993091320978614,0.5073395569243059,0.9964570743446447,0.5058915948569505
541,104,51,94,39.30808391629693,209.60908124006627,209.60908124006627,0.9998862240692804,0.07649860996169273,0.998640793880038,0.07640332544232649,0.998474212604601,0.07639058075627139,0.996020247292349,0.07620283445998029,0.9799901033553823,0.07497641119386794
542,74,81,101,33.16101051607734,228.3783523733284,228.3783523733284,0.9999553658724859,0.0833543780002619,0.9994987948959172,0.08331631911177176,0.9994367133648951,0.08331114411338658,0.9985312102718498,0.08323566309725915,0.9927128516544363,0.08275065578584402
543,125,49,73,154.49127102904816,291.7787866182403,291.7787866182403,0.9999270208597157,0.10649148489143251,0.9992840595910516,0.10642300999396562,0.9992050606435051,0.106414596664739,0.9981050122400281,0.10629744232697742,0.9917400315172739,0.10561957660844863
544,135,88,132,100.99048376782436,-45.913547974352646,0.0,0.9993374324380228,0.0,0.9950221349643857,0.0,0.9945259614150392,0.0,0.9878412216130176,0.0,0.9516649165880122,0.0
545,71,48,141,82.15125546492877,-1206.0581022579993,0.0,0.9991722194670383,0.0,0.9940370859091598,0.0,0.9934552721231995,0.0,0.9857038474430139,0.0,0.9427605924210722,0.0
546,42,44,153,61.03335707065369,-1340.45314660105,0.0,0.9999895402667406,0.0,0.9998462821167557,0.0,0.9998259205300307,0.0,0.9995185018719618,0.0,0.9973912938888356,0.0
547,56,34,224,47.87132089855939,53.526036646758605,53.526036646758605,0.9999791326040222,0.019536595689681222,0.9997134555910928,0.01953140515698268,0.99967688580753,0.01953069069299775,0.9991341077439381,0.019520086436136896,0.9955799051694807,0.0194506479684405
548,143,83,210,93.69609220401809,-71.95789557782201,0.0,2.040320346676488,0.0,1.018561525967471,0.0,0.9863892859617185,0.0,0.9652175304893806,0.0,0.8280814069830184,0.0
549,54,46,156,46.61277041667508,-259.32245837167454,0.0,0.9996498379503662,0.0,0.996484668729735,0.0,0.9961256377968698,0.0,0.9913467521878181,0.0,0.9590024683005228,0.0
550,92,22,298,141.82643581633937,-1027.1224353097357,0.0,0.9998980831861053,0.0,0.9989979279547488,0.0,0.9988841076229084,0.0,0.9972719168774823,0.0,0.9876902060164975,0.0
551,66,90,293,10.417740063647932,-285.0434778748887,0.0,0.999960505331488,0.0,0.9994299216230647,0.0,0.9993551072192641,0.0,0.9982480081795287,0.0,0.9910925448006535,0.0
552,128,37,202,82.70928716981811,632.3720863643318,632.3720863643318,0.9996905822029678,0.23074439300305952,0.9977573168054494,0.23029816478144197,0.9975279420706793,0.23024522146589316,0.9943087421496932,0.229502179223676,0.9715427190499564,0.2242474211267593
553,115,31,238,145.4830240296193,-1367.816189444338,0.0,0.9999438797441168,0.0,0.9994427788820521,0.0,0.9993801243937689,0.0,0.9985081559807752,0.0,0.9928681841604692,0.0
554,113,88,312,27.24335995487269,-0.0,-0.0,0.999625048126233,-0.0,0.9962931734464543,-0.0,0.9958730949380047,-0.0,0.9900184357494696,-0.0,0.9576075032307738,-0.0
555,32,33,137,80.28439960583582,939.9439110493666,939.9439110493666,0.9999805457198991,0.34307285316779335,0.9997406330714198,0.34299054404970386,0.9997071324503405,0.3429790506724519,0.9992083006624034,0.34280791169832797,0.9958693183273465,0.3416623752163756
556,28,48,558,5.407130961946572,632.0016517125587,632.0016517125587,0.9998963538783974,0.23065669372526693,0.9989867814854392,0.23044687301730082,0.9988720435143551,0.23042040519295848,0.9972751235743609,0.23005202673845737,0.9869825765544651,0.22767773578678768
557,42,32,159,21.70636177587012,609.4326008358701,609.4326008358701,0.9999685973843437,0.2224359140162202,0.9996147148920954,0.22235719536863124,0.9995658155663226,0.22234631806083224,0.9988308144060706,0.22218282227175318,0.9938280599499161,0.22106999506601469
558,126,24,296,148.86457338201507,470.2052086890133,470.2052086890133,0.9997044703977489,0.17157418093271026,0.9980229327138631,0.17128558719389722,0.9978321590612667,0.17125284568462423,0.9952867913612065,0.17081599720465632,0.9806843578868264,0.16830985600275258
559,81,59,255,30.93775326074637,-0.0,-0.0,0.9999093170387413,-0.0,0.9990376465305432,-0.0,0.9989228553395604,-0.0,0.9972529268593462,-0.0,0.9848835091717619,-0.0
560,65,36,167,18.00953074293846,-0.0,-0.0,0.9999564081482015,-0.0,0.9994982018845621,-0.0,0.9994376086045137,-0.0,0.9985700897618847,-0.0,0.9929689634181731,-0.0
561,55,42,233,104.54013063537916,248.3815167278147,248.3815167278147,0.9999703993722613,0.09065657003483531,0.9996191853196399,0.09062472923096884,0.9995702220120335,0.09062029025404719,0.9988425816781236,0.09055432292448154,0.9938622101383755,0.09010280615800915
562,73,18,115,50.89098457538748,522.9096247117284,522.9096247117284,0.9998436145127739,0.19083216497088182,0.9980971661399415,0.1904988343188079,0.997882816886197,0.19045792318874893,0.9950393028803958,0.18991520438155177,0.978078066562865,0.18667794867468362
563,117,97,270,119.90015502580708,-645.7505285491615,0.0,0.9997422363576511,0.0,0.9979575316555295,0.0,0.9977460891906568,0.0,0.9949072055909505,0.0,0.97897409910716,0.0
564,117,28,191,115.10990547291787,-0.0,-0.0,0.9996830133641494,-0.0,0.9978667307293773,-0.0,0.9976602248311617,-0.0,0.9948632347133081,-0.0,0.9785344281260956,-0.0
565,127,85,274,121.82563436048872,-866.4180502396177,0.0,0.9996476079454351,0.0,0.9974313142743855,0.0,0.9971645381711025,0.0,0.9933542146467994,0.0,0.9686622518732926,0.0
566,39,33,72,76.24307902028627,-0.0,-0.0,0.9999983289752721,-0.0,0.9999750389154027,-0.0,0.9999716545044609,-0.0,0.9999195057452246,-0.0,0.999491474886508,-0.0
567,65,42,169,162.4925030181902,2.6773439434640007,2.6773439434640007,0.9999227548737362,0.0009771550530679582,0.999191315679753,0.0009764402683499099,0.9990988750199783,0.0009763499325140991,0.9978004094063523,0.0009750810322621492,0.9897288178845496,0.000967193226525769
568,43,45,241,28.964369020054683,-11.034149571996664,0.0,0.9999935155461688,0.0,0.9999048017761003,0.0,0.9998918093325498,0.0,0.9996898727211233,0.0,0.9981096297586438,0.0
569,123,14,258,67.6889061041494,169.85069506811868,169.85069506811868,0.9998944156086323,0.061988957942337636,0.998936644087032,0.06192958041442664,0.9988180436294527,0.06192222771931998,0.9972070291221483,0.06182235206347186,0.9871400237267347,0.061198242993233946
570,81,67,163,21.965627261239803,-0.0,-0.0,0.9997668759924152,-0.0,0.9979188755171682,-0.0,0.997689736246733,-0.0,0.9944521949058001,-0.0,0.9749963368326166,-0.0
571,130,47,375,56.26247830764355,74.60768586883549,74.60768586883549,0.9998648903144552,0.027228126061468363,0.9987665583096201,0.027198216498111667,0.9986288168038998,0.02719446554824036,0.996668852148561,0.027141092172268726,0.9850707116166082,0.02682525386697198
572,91,94,195,43.067398015788704,247.8248775073768,247.8248775073768,0.9999796165110852,0.09045423647968266,0.9997108837086796,0.09042992796373166,0.9996720970880784,0.09042641947806437,0.9990815652983167,0.09037300228707577,0.9952246969463633,0.09002412509376277
573,37,36,80,72.78259839543229,752.2873938494052,752.2873938494052,0.9999867890609432,0.27458127123066955,0.9998274381710469,0.27453751588270087,0.9998051808591094,0.2745314043609559,0.9994719103771774,0.2744398933194166,0.9971225463752158,0.2737947934427992
574,104,51,94,39.30808391629693,265.6059462514638,265.6059462514638,0.9998862240692804,0.09693514024101942,0.998640793880038,0.09681440055369449,0.998474212604601,0.09679825113698358,0.996020247292349,0.096560348597711,0.9799901033553823,0.09500628753235327
575,75,81,101,41.55279314426506,1298.7921474020686,1298.7921474020686,0.9998900981356463,0.4740070338191364,0.9989849632367082,0.473577946352972,0.9988726305291866,0.47352469400694663,0.9972711699879437,0.47276550700994735,0.9870610129944619,0.46792528882963746
576,124,49,91,24.491093483328047,-513.1171370055888,0.0,0.9999574895068855,0.0,0.9992751253639579,0.0,0.9991737193146489,0.0,0.9975748086822533,0.0,0.9874065460889678,0.0
577,135,87,519,9.708652395927285,420.20858819506776,420.20858819506776,0.9997841342716413,0.15334302604017175,0.997402673280658,0.15297776675845687,0.9970912486804593,0.15293000165703066,0.9925730892117165,0.15223702382179644,0.9658249204269153,0.1481344930835158
578,72,48,141,92.86551657337267,160.69747926205605,160.69747926205605,0.9998398156084353,0.05864518438245178,0.9980736290456894,0.05854158945153476,0.9978486622703553,0.05852839411982919,0.9946887645973781,0.05834305164919687,0.9753944054300426,0.05721134911720571
579,55,34,224,127.82510195726034,1320.7752965351451,1320.7752965351451,0.9999412238609217,0.482054648258858,0.9993345626036976,0.4817621871901621,0.9992572709420731,0.48172492619534696,0.9981712489515502,0.4812013734742966,0.9917852803976922,0.47812280670300566
580,142,83,134,14.20484261194888,-75.55399485858064,0.0,349.43657757134946,0.0,62.36958975643065,0.0,6.825294137718946,0.0,8.628009189798643,0.0,11.113256595691745,0.0
581,55,46,156,115.16205079551048,-159.21231239337646,0.0,0.9999359458669698,0.0,0.9992237189622418,0.0,0.9991240602705431,0.0,0.9976267134270081,0.0,0.9868689690090636,0.0
582,93,22,298,62.8546624979451,210.7951048716971,210.7951048716971,0.9999296509531646,0.076934800607502,0.9992520493450399,0.07688266579525527,0.9991658857873279,0.07687603635274809,0.9979485135287832,0.07678237147153674,0.9903423029627723,0.07619714800834919
583,66,90,293,10.417740063647932,-217.5564867251857,0.0,0.999960505331488,0.0,0.9994299216230647,0.0,0.9993551072192641,0.0,0.9982480081795287,0.0,0.9910925448006535,0.0
584,127,37,202,114.06258671939024,415.1843193944509,415.1843193944509,0.9996977267039704,0.15149646939554523,0.9979217918748389,0.15122734018848275,0.9977182486623538,0.15119649478668054,0.9949421998456881,0.15077580602910864,0.9763492467552285,0.14795818758945437
585,115,30,437,25.948195771960144,-496.5532903540662,0.0,0.9999570961396695,0.0,0.9994989806194675,0.0,0.9994375662846748,0.0,0.9985450147581428,0.0,0.9917952986835908,0.0
586,114,88,312,141.27282705514054,360.58040475323867,360.58040475323867,0.9995375513755567,0.13155098401698664,0.9961935383296208,0.1311108722811613,0.9957849233443333,0.13105709370793545,0.9901628420210713,0.13031716119686487,0.9595846446593727,0.12629270814168828
587,33,33,137,85.79897338218682,-37.30863995529648,0.0,0.9999844537740105,0.0,0.9997791514969696,0.0,0.9997498343982778,0.0,0.9993062830218622,0.0,0.9962659104361066,0.0
588,28,47,183,22.01395985882167,333.5925750811885,333.5925750811885,0.9999468326245207,0.12175481617641458,0.9993940125916204,0.12168750409612353,0.9993189755443942,0.12167836748846264,0.9982338729177893,0.12154624399296833,0.9910545204593364,0.1206720767769471
589,42,33,54,108.62622784042424,84.96513534844048,84.96513534844048,0.9999249028967147,0.03100994547020688,0.998991464718684,0.03098099742929233,0.9988645820847073,0.030977062510230566,0.997029606765265,0.030920155752102794,0.9869512396958132,0.03060760266701905
590,126,23,296,93.50156387201376,-2.7128051036007936,0.0,0.9998166555216673,0.0,0.9986336880754361,0.0,0.9984939883486834,0.0,0.996579032631573,0.0,0.9848590526197607,0.0
591,82,60,255,113.39451772155238,-0.0,-0.0,0.9998923317423867,-0.0,0.9988938011570204,-0.0,0.9987640897246595,-0.0,0.9968911430735211,-0.0,0.9837491208768087,-0.0
592,65,37,167,26.969333654801183,-0.0,-0.0,0.9999538837194454,-0.0,0.9994748130141254,-0.0,0.9994110012648716,-0.0,0.998492733728983,-0.0,0.9925493825307676,-0.0
593,56,42,233,102.05805680025362,281.96040205568835,281.96040205568835,0.9999259313377006,0.10290792393344862,0.9990573268663772,0.10281853102937262,0.9989425908847838,0.10280672291309499,0.997306685037721,0.10263836276841247,0.987945549674959,0.10167495640435001
594,73,19,115,63.35193913056093,-215.917794558781,0.0,0.9999596811873606,0.0,0.9994246527242452,0.0,0.9993421318315253,0.0,0.9980613578471828,0.0,0.9888155862537475,0.0
595,117,96,270,42.11250054400395,766.2444943856048,766.2444943856048,0.9998633282302868,0.2796410161940013,0.9985037324184208,0.2792607654700186,0.9983252799825765,0.2792108560283051,0.9958206433499381,0.27851036115728367,0.9811019493075789,0.27439384798708966
596,117,27,191,6.30101616507107,-0.0,-0.0,0.9999634527315051,-0.0,0.9994255356514791,-0.0,0.9993496557305974,-0.0,0.9982114258005296,-0.0,0.990491231022952,-0.0
597,126,85,274,90.3488165614041,1343.6805240659185,1343.6805240659185,0.9997111189165786,0.4903017114658292,0.9968512722496639,0.48889911856795515,0.9964638201673717,0.48870909525475575,0.9907106682238478,0.4858874999050014,0.9552981684273115,0.4685196734109421
598,64,42,169,7.456840200478227,2928.9413414586948,2928.9413414586948,0.9999295143283615,1.0689882359672842,0.9991961650727359,1.068204238979611,0.9991019801102579,1.0681035492655346,0.9977733181708954,1.0666831251632316,0.9896644370675748,1.0580142156230132
599,43,45,241,28.964369020054683,-35.46875389012068,0.0,0.9999935155461688,0.0,0.9999048017761003,0.0,0.9998918093325498,0.0,0.9996898727211233,0.0,0.9981096297586438,0.0
600,123,15,207,108.08158919449916,44.83722866855595,44.83722866855595,0.9998863723157247,0.016363728880103956,0.9989388822712345,0.016348222647962065,0.998820756983261,0.0163462894581119,0.997208068133351,0.016319896856073754,0.9874399969252402,0.016160036622594545
601,82,67,163,74.43719332344038,-0.0,-0.0,0.999705370986347,-0.0,0.9975434774083631,-0.0,0.9972860652170681,-0.0,0.9937279065639469,-0.0,0.9726474714684917,-0.0
602,130,47,375,56.26247830764355,-85.01434274215174,0.0,0.9998648903144552,0.0,0.9987665583096201,0.0,0.9986288168038998,0.0,0.996668852148561,0.0,0.9850707116166082,0.0
603,90,94,195,49.82270008429571,7.705494008655348,7.705494008655348,0.9999330137554323,0.002812316913990447,0.999202871766022,0.00281026338576587,0.9991039553371613,0.0028099851827841403,0.9976707837138304,0.0028059543799788538,0.989589163180363,0.0027832247792895395
604,38,36,80,75.72804787629364,1111.224824599317,1111.224824599317,0.999991382465388,0.4055935657320392,0.9998811934367072,0.4055488733858541,0.9998654514489581,0.4055424884818891,0.9996256048805429,0.40544520741865403,0.9978496841800985,0.40472489920202254
605,104,50,92,41.21475392676405,285.45094884486144,285.45094884486144,0.9999446389642437,0.10418382828440667,0.9991568656644466,0.10410175050230254,0.9990448217902084,0.10409007669627458,0.9973524110087854,0.10391374510013635,0.9862822736789782,0.10276035196044406
606,76,81,101,8.494637395917572,76.34604569050701,76.34604569050701,0.9998739069102349,0.027862792928325806,0.9988978683343749,0.02783559433804228,0.9987816144505872,0.027832354771664253,0.9971856072853171,0.027787879946538092,0.9876082526147918,0.0275209944441345
607,125,49,73,154.49127102904816,-238.8002216057886,0.0,0.9999270208597157,0.0,0.9992840595910516,0.0,0.9992050606435051,0.0,0.9981050122400281,0.0,0.9917400315172739,0.0
608,135,87,519,9.708652395927285,-33.56014018008921,0.0,0.9997841342716413,0.0,0.997402673280658,0.0,0.9970912486804593,0.0,0.9925730892117165,0.0,0.9658249204269153,0.0
609,72,47,141,43.4024486065648,111.82233557736969,111.82233557736969,0.9998187545609671,0.04080775492550846,0.9976766996642453,0.04072032662826593,0.9973917820305953,0.04070869767160263,0.9933267167921825,0.040542781414032336,0.9687925785505754,0.03954141682059492
610,55,35,224,24.14230983332183,1804.061663941234,1804.061663941234,0.999942826570705,0.6584448596354752,0.9993499720498159,0.6580544753040731,0.9992732184998888,0.6580039344340699,0.9981829056565577,0.6572859824992098,0.9916544034533942,0.6529870779993054
611,142,83,134,14.20484261194888,79.57144964920334,79.57144964920334,349.43657757134946,10.148888888800128,62.36958975643065,1.8114361148950306,6.825294137718946,0.19823097031948467,8.628009189798643,0.2505882675689082,11.113256595691745,0.3227687472396083
612,55,45,156,73.58525416077298,-0.0,-0.0,0.99992107016151,-0.0,0.9991956017102046,-0.0,0.9990999128400422,-0.0,0.9977087597080424,-0.0,0.9877924374468571,-0.0
613,93,23,298,13.081326213393313,154.57508196050384,154.57508196050384,0.9999588329833555,0.05641758227641916,0.9995083785635962,0.05639216768088754,0.9994475509527304,0.05638873579286624,0.9985573105707317,0.05633850851516186,0.9925610060944121,0.05600019758676303
614,67,90,230,63.29732418756444,251.72038872874415,251.72038872874415,0.9999627350068874,0.09187451805512002,0.999484380269698,0.09183056780637566,0.9994175531031098,0.09182442786384745,0.9984284447969756,0.0917335506283775,0.9920068355518443,0.09114354638733879
615,127,38,202,6.643170654014158,982.4561034540128,982.4561034540128,0.9998275577636164,0.35853464058213036,0.9985272020435524,0.35806833760107937,0.9983740413174564,0.35801341470417014,0.996266976831797,0.3572578288011979,0.9821010574140024,0.3521779799937347
616,115,30,437,25.948195771960144,1973.3288581345164,1973.3288581345164,0.9999570961396695,0.7202341310687124,0.9994989806194675,0.7199041664783358,0.9994375662846748,0.7198599318804463,0.9985450147581428,0.7192170582255389,0.9917952986835908,0.7143554737528823
617,114,87,312,29.521446792147884,97.46801623915928,97.46801623915928,0.9996986423127436,0.03556510487866945,0.9970170672618076,0.035469705631446385,0.9966830057699521,0.03545782111796311,0.9920137964803959,0.03529171014105977,0.9659763448633252,0.034365406294740546
618,33,33,137,85.79897338218682,754.2254882153818,754.2254882153818,0.9999844537740105,0.2752880234422556,0.9997791514969696,0.2752315053055571,0.9997498343982778,0.27522343453393516,0.9993062830218622,0.2751013282539348,0.9962659104361066,0.2742643370822202
619,29,47,158,35.982816215604835,249.86488133531645,249.86488133531645,0.9999423421362743,0.09119542325091409,0.9993953048072866,0.09114553307360194,0.9993236508572184,0.09113899818451014,0.9982983640298407,0.0910454913269282,0.991396636860804,0.09041604910429166
620,125,23,222,37.07360723924476,145.29464249233783,145.29464249233783,0.9998638751431818,0.05302532546217522,0.9989025005485649,0.0529743413211957,0.9987854078262104,0.05296813159618568,0.9971651494168926,0.0528822051699763,0.9873170804969178,0.05235993701664313
621,82,59,255,112.58445321438914,-0.0,-0.0,0.9996185121544499,-0.0,0.9976545745248161,-0.0,0.9974325890249779,-0.0,0.9944526572114856,-0.0,0.9755745397428711,-0.0
622,65,37,167,26.969333654801183,-0.0,-0.0,0.9999538837194454,-0.0,0.9994748130141254,-0.0,0.9994110012648716,-0.0,0.998492733728983,-0.0,0.9925493825307676,-0.0
623,57,42,233,135.98616019282755,47.6771090929706,47.6771090929706,0.9999418712832104,0.01740113325458656,0.9993198436075684,0.01739030863889365,0.9992386847936289,0.017388896301460142,0.9980828058496093,0.017368781528683156,0.9910659224284573,0.01724667270721069
624,73,20,115,18.08465683604573,29.652390881233245,29.652390881233245,0.9999787010178155,0.01082289215015317,0.9996987043292958,0.010819861711645664,0.9996564109846742,0.01081940396558863,0.9989751912500365,0.0108120310408343,0.9933286041970887,0.010750917336484093
625,117,95,270,49.14872512686435,722.8606250091533,722.8606250091533,0.9998260443908483,0.2637982309623113,0.9983217487961649,0.2634013314026847,0.9981262479739063,0.2633497496586875,0.9953377519451841,0.2626140213552,0.9785116797587737,0.25817456100935204
626,116,27,191,150.05749654359423,-0.0,-0.0,0.9999867360877737,-0.0,0.9998316466956472,-0.0,0.9998090346690663,-0.0,0.9994467184759938,-0.0,0.99648876093475,-0.0
627,126,84,12,39.68306812926514,296.39953527270785,296.39953527270785,0.9999164704281858,0.10817679365845081,0.9988081038391454,0.10805688409865609,0.9986467889449074,0.10803943211287118,0.9961001576409114,0.10776392269059057,0.9784978513311318,0.1058596025659601
628,63,42,169,13.739845962715988,410.20423123510056,410.20423123510056,0.9999683625049659,0.14971980749128175,0.9995712021386827,0.14966034283638593,0.9995128760915921,0.14965160999555857,0.998600746796886,0.14951504185247408,0.9920943230055392,0.1485408705146361
629,43,44,149,117.45050686263106,389.7831943056647,389.7831943056647,0.9999917450707202,0.14226969148563084,0.9998665974005045,0.14225188661822122,0.9998477793069961,0.14224920935176277,0.9995506962622186,0.14220694308973167,0.9972196734208629,0.14187530645160906
630,122,15,207,132.94369639786785,424.89380417717706,424.89380417717706,0.9999481135511054,0.15507819165048015,0.9993021449048851,0.154978010802933,0.999212975029488,0.15496418178236795,0.997944295013955,0.1547674269708675,0.990001500234737,0.1535356088051852
631,82,66,163,12.108642819976652,457.552409595039,457.552409595039,0.999819140683948,0.16697642479740132,0.9980886682805319,0.16668742443386025,0.9978678160507927,0.16665054064735346,0.9947207752347793,0.16612496396776524,0.9752998816935391,0.16288154599552188
632,90,93,195,71.07666262333535,2695.500753735721,2695.500753735721,0.9999888023987086,0.9838467582664451,0.9998469625789378,0.9837072080569427,0.9998255631228555,0.983686154035693,0.9994722562144932,0.9833385502868994,0.9967952462855267,0.9807047532542296
633,39,36,80,113.21268251473526,449.5385598359288,449.5385598359288,0.9999928478440477,0.16408040080310546,0.9998985337435669,0.16406492559701608,0.9998850480478282,0.1640627128428282,0.9996790595238003,0.1640289139215097,0.9981579204536354,0.1637793230280868
634,104,50,92,41.21475392676405,122.86339552108475,122.86339552108475,0.9999446389642437,0.04484265669183204,0.9991568656644466,0.04480732888841447,0.9990448217902084,0.04480230426525923,0.9973524110087854,0.044726407867903155,0.9862822736789782,0.0442299660165561
635,77,81,101,122.26226313529024,907.996487448538,907.996487448538,0.9997183194531292,0.3313253637130098,0.9981268755045947,0.330797929399947,0.9979474709541386,0.33073847137384604,0.9955708589684469,0.3299508176765579,0.9820584945867605,0.3254725671971288
636,125,48,73,91.38852843182885,-286.700705888603,0.0,0.9999626709835244,0.0,0.9994962099089957,0.0,0.9994320666383129,0.0,0.9984824808716897,0.0,0.9925016303545328,0.0
637,135,86,113,39.74116011496038,141.8573195666994,141.8573195666994,0.9995292318303671,0.05175354624444656,0.9962458723497979,0.05158354071453963,0.9957793957719677,0.05155938752684498,0.9895374963706979,0.05123619494874976,0.952065331111799,0.04929596411222421
638,73,46,123,87.08722322765082,-1250.89814913254,0.0,0.9999109088336716,0.0,0.9989462667447331,0.0,0.9988207339313024,0.0,0.9970479595878314,0.0,0.9862749357568585,0.0
639,55,36,224,17.01824110481211,307.1635531586202,307.1635531586202,0.9999342036221885,0.11210732016194071,0.9992553163065109,0.11203120691631233,0.9991627209260789,0.11202082561330057,0.997793253489785,0.11186728818676209,0.9891045158120259,0.11089315299555133
640,142,82,134,49.75412964863082,273.32217987099614,273.32217987099614,1688.510527542486,168.45019301490885,298.2340789599816,29.752605829203745,30.058007794123615,2.998664877697279,39.071275701500255,3.8978518794522774,51.68536714296611,5.1562663834561135
641,56,45,156,67.48190428899737,-0.0,-0.0,0.9998788127750279,-0.0,0.9987395173532909,-0.0,0.9985935044738715,-0.0,0.9964922634956042,-0.0,0.9830240928857203,-0.0
642,93,24,298,156.48814358998928,470.3123979597688,470.3123979597688,0.9999677776542181,0.17165849383773552,0.9995879898481296,0.17159329793419947,0.9995355395757013,0.17158429410930873,0.9987566670309251,0.17145058971311158,0.9933426774206673,0.17052120246392424
643,67,89,230,97.15582769144623,118.76551705946105,118.76551705946105,0.9999735518425233,0.04334826721458252,0.9996680841066892,0.043335025367321686,0.9996272703762846,0.043333256116036646,0.9990369463588127,0.04330766591597044,0.9953442361149061,0.043147589091834505
644,127,39,202,154.5521937562862,90.76569177006476,90.76569177006476,0.9998348106100663,0.03312400485789724,0.9986656748684656,0.03308527200165602,0.9985276342673356,0.033080698788667345,0.9966551747309914,0.03301866518259572,0.9849576385003799,0.03263113191928417
645,116,30,190,26.93081937479615,-147.13588706601385,0.0,0.999968303509579,0.0,0.9995612255456492,0.0,0.9995042976109026,0.0,0.9986599347290255,0.0,0.9924170194443734,0.0
646,115,87,270,35.46436061327355,1136.0998425942926,1136.0998425942926,0.9998601575884731,0.4146184531931876,0.9982273920369529,0.41394138378277007,0.9980072119210295,0.41385008027557946,0.9948143638018119,0.4125260813759096,0.9755273525052636,0.4045282121440948
647,34,33,119,89.26012318548462,623.8373392950599,623.8373392950599,0.9999878024052148,0.2276978514426939,0.9998199769901513,0.22765963749014814,0.9997955707993513,0.22765408018515532,0.9994198389336709,0.22756852580306366,0.9967306413582536,0.22695619382405893
648,29,47,158,35.982816215604835,514.2200157233666,514.2200157233666,0.9999423421362743,0.18767948391695788,0.9993953048072866,0.1875768103134295,0.9993236508572184,0.18756336156163378,0.9982983640298407,0.18737092516353313,0.991396636860804,0.18607553788104922
649,124,21,379,35.15752703961152,953.310685987772,953.310685987772,0.9997836904179396,0.34788313364937495,0.9982254521365712,0.3473409315495706,0.9980360233944183,0.3472750182274639,0.9954137797534841,0.34636258652474333,0.9806941514357773,0.34124076820104443
650,83,59,255,159.17872695717318,-0.0,-0.0,0.999679881459287,-0.0,0.9978124536285875,-0.0,0.9975981609326916,-0.0,0.994698927184405,-0.0,0.9761793290807814,-0.0
651,65,38,46,44.50822601392036,-0.0,-0.0,0.999942320011388,-0.0,0.99925229620234,-0.0,0.9991562272012123,-0.0,0.997733338200543,-0.0,0.9883219244382727,-0.0
652,57,41,233,89.48431834521051,107.44497613221787,107.44497613221787,0.9999521121606441,0.039215538250928356,0.9994473119189903,0.039195741289709006,0.9993799086709334,0.03919309790847078,0.9983966210935196,0.03915453591021627,0.9919779393288344,0.03890281179542875
653,73,21,115,41.108674868339136,253.1615611105587,253.1615611105587,0.9999812896060662,0.09240224089067783,0.9997042302361204,0.09237663950502305,0.9996621956461237,0.09237275534203823,0.9990012397794605,0.09231168039609242,0.9938211462638903,0.09183301919129075
654,117,94,270,56.10379030872244,1052.8254548757238,1052.8254548757238,0.9998573777101388,0.38422648395196174,0.998500659206953,0.38370512241399374,0.9983211655299717,0.38363614635207166,0.9956981961938034,0.3826281883092378,0.9789458023357251,0.37619055676961843
655,116,26,191,83.4169120134369,811.4532755241112,811.4532755241112,0.9999754969873365,0.2961731882530922,0.9996505687648842,0.2960769508673892,0.9996036165728994,0.2960630445462468,0.9989077354821366,0.2958569381747236,0.9944788082345103,0.29454517652914086
656,126,84,12,39.68306812926514,567.392112069276,567.392112069276,0.9999164704281858,0.20708082208792297,0.9988081038391454,0.20685128145005852,0.9986467889449074,0.2068178734385878,0.9961001576409114,0.20629047088089167,0.9784978513311318,0.20264506632053703
657,62,42,118,23.811843543963025,19.23993329747497,19.23993329747497,0.999978674099202,0.007022425890826629,0.9997258159742071,0.007020650175514231,0.9996891289812961,0.00702039253833101,0.9991076644371505,0.007016309159579875,0.9943977231486499,0.006983233240557467
658,42,44,153,61.03335707065369,79.22199528254508,79.22199528254508,0.9999895402667406,0.028915725824186243,0.9998462821167557,0.028911583367470208,0.9998259205300307,0.028910994591252678,0.9995185018719618,0.028902105264642732,0.9973912938888356,0.0288405948584492
659,122,15,207,132.94369639786785,-34.9251826713258,0.0,0.9999481135511054,0.0,0.9993021449048851,0.0,0.999212975029488,0.0,0.997944295013955,0.0,0.990001500234737,0.0
660,82,65,163,75.71621449796423,280.1051384468827,280.1051384468827,0.9998841468696315,0.10222653089726289,0.9988198872689162,0.10211772272454023,0.9986839674155122,0.10210382649952553,0.9967425701912688,0.10190534120105436,0.9846036245674445,0.10066427511978979
661,89,93,195,130.43652854656858,153.5625612650385,153.5625612650385,0.9999270332554141,0.056046245051271246,0.9991257884907283,0.056001335013904384,0.9990117141467474,0.05599494110872513,0.9972571495550727,0.05589659717582522,0.9874650734687435,0.05534774803219483
662,39,36,80,113.21268251473526,567.8835629350383,567.8835629350383,0.9999928478440477,0.2072760179902802,0.9998985337435669,0.20725646879927334,0.9998850480478282,0.20725367351796856,0.9996790595238003,0.20721097673158223,0.9981579204536354,0.20689567882724924
663,104,49,92,57.064666715155845,65.79848045298469,65.79848045298469,0.999974162931597,0.02401582485079771,0.9995951628252262,0.024006722615449595,0.9995359058532678,0.024005299473620047,0.9985592233993867,0.023981843032827122,0.9907864159931358,0.023795167828419592
664,77,82,101,31.453788917730463,652.4449869563257,652.4449869563257,0.9999013826297984,0.23811893525984149,0.9990654751859112,0.2379198702380583,0.9989635307583766,0.23789559294535534,0.9975784220087006,0.23756573979541318,0.9895117587910508,0.2356447250935087
665,125,48,73,91.38852843182885,-0.0,-0.0,0.9999626709835244,-0.0,0.9994962099089957,-0.0,0.9994320666383129,-0.0,0.9984824808716897,-0.0,0.9925016303545328,-0.0
666,135,85,113,31.212310108930605,218.77162922466275,218.77162922466275,3.9702388857640227,0.3170301047491423,1.5613496584300401,0.12467633812590036,1.0024460553694268,0.08004696621119718,1.00754042750993,0.08045376020516212,0.9969756575115674,0.07961014594526426
667,73,47,123,150.8076534381098,584.3774110261921,584.3774110261921,0.9998433934313811,0.2132643511950516,0.9988355362452145,0.21304937751985692,0.9987176174814542,0.2130242257122716,0.9971285749369226,0.21268528650488447,0.987752382856681,0.21068536578348984
668,55,37,50,95.15679270958728,-91.6380863192117,0.0,0.9999408600812537,0.0,0.9992942691724805,0.0,0.9992099815664524,0.0,0.9980319919106355,0.0,0.9911664896252048,0.0
669,142,82,134,49.75412964863082,7.824946407715101,7.824946407715101,1688.510527542486,4.822564101212189,298.2340789599816,0.8517879749578875,30.058007794123615,0.08584883954077054,39.071275701500255,0.11159168303253476,51.68536714296611,0.1476188582042279
670,57,45,156,69.22455793366544,-0.0,-0.0,0.9998350975796939,-0.0,0.9981972711467544,-0.0,0.9979894797339525,-0.0,0.9950808630470996,-0.0,0.9774657278709284,-0.0
671,94,24,298,68.09348785796604,609.4281465494936,609.4281465494936,0.9998410834011572,0.22240592387993974,0.9982224178682447,0.22204586585744343,0.9980262459376557,0.2220022291233801,0.9954129001018621,0.22142091314759496,0.9805484433473927,0.21811444445738531
672,68,89,230,54.63987287841379,-664.9393971066074,0.0,0.9999624104983871,0.0,0.9995404808089338,0.0,0.9994860032938412,0.0,0.9987155542364017,0.0,0.9939878302123567,0.0
673,126,39,192,41.75806537215511,-53.94660338460903,0.0,0.9999025132380138,0.0,0.9990026997669189,0.0,0.9988909389138189,0.0,0.9973574117741207,0.0,0.9875389401518768,0.0
674,117,30,135,31.48478949497464,235.643205156608,235.643205156608,0.9999660647449339,0.0860068511186828,0.9995533486716366,0.08597135350419183,0.9994959149452972,0.08596641364260589,0.9986411951375845,0.08589289938863079,0.9926640555606121,0.08537880698906185
675,115,86,239,61.140378439242646,9.163820954936435,9.163820954936435,0.9998525822916527,0.003344301566589817,0.9981652542874799,0.0033386578009111084,0.9979412864721431,0.003337908674560922,0.9947416266834986,0.0033272064696226776,0.9759982520570785,0.0032645137304764247
676,35,33,70,77.88957774180382,10.511534987096192,10.511534987096192,0.9999862821463793,0.0038366576388602375,0.9998098463367978,0.003835980705777569,0.9997840847944517,0.0038358818662034715,0.9993801922653334,0.0038343322475889096,0.9961605622701838,0.003821979460119985
677,30,47,142,7.224286596543301,76.28589914449871,76.28589914449871,0.9998867671925897,0.027841200293460062,0.9987965609724891,0.027810844206420108,0.9986562743139382,0.027806938015151883,0.996668299814999,0.027751584151075197,0.983837755760854,0.027394325950840705
678,124,22,222,92.34125951471432,1043.8523306613615,1043.8523306613615,0.9998153733973608,0.38093575682944153,0.9985088148031409,0.38043795003413294,0.9983492648741403,0.38037716053781884,0.9961451090109489,0.3795373637070682,0.9833217019251838,0.37465156737574234
679,83,60,255,25.7889636601569,-0.0,-0.0,0.9999036487198003,-0.0,0.9989915103909905,-0.0,0.998870869402906,-0.0,0.9971122792153629,-0.0,0.9844870118331849,-0.0
680,66,38,45,5.858018481737272,49.47400494136256,49.47400494136256,0.9999417413629681,0.01805695976844215,0.9992272898039289,0.018044058193755923,0.9991266101532731,0.018042240119435997,0.9976258892981685,0.01801514008452061,0.9876077650382498,0.017834232678385097
681,58,41,233,6.200603632506739,292.0056448752208,292.0056448752208,0.9999625673622634,0.10657807073180019,0.9995432162960438,0.10653337543114019,0.9994850354455429,0.10652717439621917,0.9986154101117557,0.10643448793638596,0.9925935304925747,0.1057926635992166
682,73,22,115,69.09196024890248,611.6320965697954,611.6320965697954,0.9998722669870655,0.22321719940014195,0.9983748842108872,0.22288291511127406,0.9981883154770134,0.22284126444083752,0.9957220004914885,0.22229067018786716,0.9812838809379228,0.21906742186129566
683,117,93,270,1.0124681645212623,-843.3581205187285,0.0,0.999941656249374,0.0,0.9992581044343248,0.0,0.9991616821567887,0.0,0.9976973243955263,0.0,0.9872037361298925,0.0
684,115,26,191,23.46792022617534,867.2436208001802,867.2436208001802,0.9999664193304133,0.3165332918352251,0.9995613447720334,0.3164050679459784,0.9995035020476564,0.31638675818316847,0.9986299776540598,0.3161102493460131,0.9930036450093702,0.31432926794648164
685,42,44,153,61.03335707065369,894.1733224491971,894.1733224491971,0.9999895402667406,0.3263698489166862,0.9998462821167557,0.32632309328686815,0.9998259205300307,0.3263164478093751,0.9995185018719618,0.32621611457892813,0.9973912938888356,0.3255218507690466
686,122,16,177,5.836125115130171,3.598914119213484,3.598914119213484,0.9999619457449136,0.0013135536653044084,0.9995048399131251,0.0013129532094137291,0.999439803699969,0.0013128677776065164,0.9984701720378236,0.0013115940659125605,0.9921060401537979,0.0013032341190182663
687,83,65,163,100.90728696609492,2012.1280037814813,2012.1280037814813,0.9999432716008977,0.7343850585280788,0.9993013194119911,0.7339135916866972,0.9992128362714993,0.7338486073039284,0.9979090783044571,0.7328910926147203,0.989378098599106,0.7266257131595579
688,89,92,195,39.76938411865106,448.1332399427203,448.1332399427203,0.9999373014191956,0.16355837705796608,0.9993447055501042,0.16346144696198678,0.9992635342365586,0.16344816988122549,0.9979015958613758,0.16322539948353984,0.9887801462803495,0.16173341644843223
689,39,35,72,75.79049642972795,245.83700512511825,245.83700512511825,0.9999937040327689,0.08972994193033727,0.9999099746747704,0.0897224288526041,0.9998978437948821,0.08972134034260296,0.9997105135192104,0.0897045311020147,0.9982756545778256,0.08957578048191633
690,104,48,76,62.47364799334126,274.8913368846585,274.8913368846585,0.9999861738636867,0.10033395071284062,0.9998110565197376,0.10031638025495232,0.9997862576126697,0.10031389204823053,0.999412594575917,0.10027640044115374,0.9966130324788274,0.0999955054319941
691,78,82,101,76.0790454409667,-59.18018159331752,0.0,0.9998541417360354,0.0,0.9988435360125676,0.0,0.998724353373274,0.0,0.9971352445692281,0.0,0.9883694017402841,0.0
692,129,50,65,15.777495491293951,-0.0,-0.0,0.9997168892154439,-0.0,0.9977050603215143,-0.0,0.9974580906680273,-0.0,0.9939495880815696,-0.0,0.972877504557938,-0.0
693,135,84,113,21.24646617380444,-412.1025671197058,0.0,201.1341876782676,0.0,40.37592544198974,0.0,5.988658513154587,0.0,9.039811403927683,0.0,9.519247644264555,0.0
694,72,47,141,43.4024486065648,2049.3863089451734,2049.3863089451734,0.9998187545609671,0.7478904264637092,0.9976766996642453,0.7462881137016112,0.9973917820305953,0.7460749879029946,0.9933267167921825,0.7430342134017259,0.9687925785505754,0.7246820400415728
695,58,45,156,109.35589631382832,403.9963912710331,403.9963912710331,0.9998034664899724,0.1474297022414096,0.9979192609451373,0.1471518597736175,0.9976801318153149,0.14711659810711147,0.9942992788492551,0.14661806198194874,0.9736761043720196,0.14357699583809377
696,94,25,298,106.69219941563765,615.2196216271869,615.2196216271869,0.9999652453185368,0.22454735755080066,0.9995635121328976,0.22445714629026128,0.9995057921690018,0.22444418497442417,0.9986273050905903,0.2242469161663098,0.9923775222763119,0.22284349517464763
697,68,88,230,112.57946570204034,512.704063616462,512.704063616462,0.9995170088942731,0.1870465977215608,0.9963588661116434,0.18645559240864146,0.9960166990998144,0.18639156030629034,0.9915067768988648,0.1855475870710477,0.9669024681648514,0.18094321096035074
698,126,39,192,41.75806537215511,-1232.044628227456,0.0,0.9999025132380138,0.0,0.9990026997669189,0.0,0.9988909389138189,0.0,0.9973574117741207,0.0,0.9875389401518768,0.0
699,35,33,70,77.88957774180382,2129.763826457781,2129.763826457781,0.9999862821463793,0.7773531328943176,0.9998098463367978,0.7772159780835148,0.9997840847944517,0.777195951993149,0.9993801922653334,0.7768819805632723,0.9961605622701838,0.7743791567664117
700,30,47,142,7.224286596543301,244.23048363435328,244.23048363435328,0.9998867671925897,0.0891340324868282,0.9987965609724891,0.08903684700560353,0.9986562743139382,0.08902434127396369,0.996668299814999,0.08884712502369874,0.983837755760854,0.08770335738113168
701,124,23,222,51.50894756144573,1510.1528265240604,1510.1528265240604,0.9997859728320094,0.5510878086688488,0.9984179257721925,0.5503337332198656,0.9982532729832577,0.5502429756506347,0.9959854806087901,0.5489929553821756,0.9824705460282512,0.5415434453023382
702,84,60,255,28.49451658678197,-0.0,-0.0,0.999877877981403,-0.0,0.998826110433884,-0.0,0.9986910422841133,-0.0,0.9967448665521224,-0.0,0.9833524145227944,-0.0
703,67,38,45,31.19282444087728,-49.47400494136256,0.0,0.9999710136082158,0.0,0.999557856462262,0.0,0.9994965920127536,0.0,0.998555464157694,0.0,0.9919190093022443,0.0
704,59,41,233,158.33698450590012,213.20895557644477,213.20895557644477,0.999920615863741,0.07781509101119724,0.9991588127387492,0.0777558065254457,0.9990632854792771,0.07774837247290997,0.9977390593561957,0.07764531951585302,0.9899520435692912,0.07703932406726414
705,74,23,115,84.36296959742963,-35.286767654089815,0.0,0.9998418878007473,0.0,0.9984712951995216,0.0,0.9983040027934013,0.0,0.9959880251827659,0.0,0.9810353116073885,0.0
706,117,92,270,54.13258786160139,-785.2369645883143,0.0,0.999359095495649,0.0,0.9961547404152165,0.0,0.9958022326939168,0.0,0.9909761220172529,0.0,0.9596148812478754,0.0
707,115,25,191,0.7291651583027958,-1678.6968963242914,0.0,0.9999469625603371,0.0,0.9993525755893887,0.0,0.9992726457150255,0.0,0.9981291524670157,0.0,0.990842358134161,0.0
708,42,43,127,96.94272347571771,1546.631700525682,1546.631700525682,0.9999862456535751,0.5645128060803806,0.9997838336899786,0.5643985403631763,0.9997531377649566,0.5643812118820649,0.9992639231861468,0.5641050401888444,0.9954639864371997,0.5619598977267358
709,122,17,177,51.98479868687326,628.6799728255118,628.6799728255118,0.9998073947794747,0.22942399330995764,0.9984878041367349,0.2291211892335199,0.9983234519471498,0.22908347563403988,0.9959754134823926,0.22854467549729077,0.9811877957535938,0.22515138762144898
710,83,64,163,114.63227421224909,-1639.0600586974415,0.0,0.9997021243538853,0.0,0.9972529912318658,0.0,0.9969593850085807,0.0,0.9929730520169878,0.0,0.9698350091145254,0.0
711,89,91,195,15.606255047928292,-980.3948918281886,0.0,0.9999251257723804,0.0,0.9992002469396779,0.0,0.9991049881022993,0.0,0.9975905677189582,0.0,0.9859534799769961,0.0
712,39,34,72,76.14669637932518,908.6922905678488,908.6922905678488,0.9999950308876957,0.3316710379384395,0.999926938614053,0.3316484535911407,0.9999170339526435,0.33164516848548653,0.9997635719147324,0.33159426931916475,0.9985853289998187,0.33120347832674735
713,104,49,92,57.064666715155845,193.5270726808342,193.5270726808342,0.999974162931597,0.07063555646564612,0.9995951628252262,0.07060878489053307,0.9995359058532678,0.07060459913319662,0.9985592233993867,0.07053560884206962,0.9907864159931358,0.06998655807976668
714,79,82,101,115.61680450274122,288.7488636684605,288.7488636684605,0.9999328237826045,0.10538625531338804,0.9993416968116673,0.10532395447037125,0.9992687009061352,0.1053162611884284,0.9982667169412965,0.1052106587565181,0.9926080238833879,0.1046142702220514
715,128,50,67,158.325553011241,-0.0,-0.0,0.9997845365218807,-0.0,0.9984885128171131,-0.0,0.9983371539596434,-0.0,0.9962645786139505,-0.0,0.9842061328574812,-0.0
716,135,83,107,1.5173502761516349,-142.45747395509073,0.0,100000.0,0.0,19277.10843373,0.0,2409.63855422,0.0,3734.93975904,0.0,4216.86746988,0.0
717,73,46,123,87.08722322765082,284.15488310469425,284.15488310469425,0.9999109088336716,0.1037072921063803,0.9989462667447331,0.10360724277397292,0.9988207339313024,0.10359422294586987,0.9970479595878314,0.10341035693835578,0.9862749357568585,0.10229301626386418
718,58,44,156,83.41144405608486,15.246907343372571,15.246907343372571,0.9999715340157307,0.005564962763679012,0.9995934506320459,0.005562858683832537,0.9995373411243168,0.005562546427622656,0.998664980235682,0.005557691633564422,0.9922690808383141,0.005522097678360863
719,94,26,250,139.39228508328415,761.674287332958,761.674287332958,0.9998877767955351,0.27797991557834134,0.9989275681484819,0.27771296690186,0.9988046792503068,0.27767880242227244,0.9970563701463487,0.2771927530591322,0.9871449008525294,0.27443725443069306
720,69,88,230,54.32526043443536,-36.38931838295383,0.0,0.9999106328473678,0.0,0.9988629832977255,0.0,0.9987315188469427,0.0,0.9969037750288411,0.0,0.9859768826209356,0.0
721,126,40,192,96.84012081217058,1178.4051257172064,1178.4051257172064,0.9997033064172043,0.4299902576746425,0.9978133708332724,0.42917736260516853,0.9975913947995902,0.4290818867461732,0.9945588571771279,0.42777753812061575,0.9748734518368939,0.41931049348813104
722,35,33,70,77.88957774180382,-1503.8836965708558,0.0,0.9999862821463793,0.0,0.9998098463367978,0.0,0.9997840847944517,0.0,0.9993801922653334,0.0,0.9961605622701838,0.0
723,30,46,142,11.34199897028551,88.16849441549465,88.16849441549465,0.9999596556416148,0.032180202119667545,0.9994884133488794,0.032165036835606335,0.9994243406280603,0.03216297487931172,0.9984961880852793,0.03213310553782772,0.9923723268442115,0.03193603049447118
724,125,23,222,37.07360723924476,1285.970640587061,1285.970640587061,0.9998638751431818,0.4693153896264746,0.9989025005485649,0.4688641403077761,0.9987854078262104,0.4688091794096175,0.9971651494168926,0.46804866367785786,0.9873170804969178,0.4634261841412465
725,85,60,74,146.98842426393205,-0.0,-0.0,0.9998793096915397,-0.0,0.9987653188392097,-0.0,0.998622900303705,-0.0,0.996591049799342,-0.0,0.9828845361700316,-0.0
726,67,37,139,133.38759481986696,37.65834446226598,37.65834446226598,0.9999462128321754,0.013744556408198926,0.9993533590102094,0.013736407457092094,0.9992746136740973,0.013735325079159973,0.9981501022388194,0.013719868336931743,0.9910954885358484,0.013622900585332479
727,59,40,233,9.920652440656209,108.33093390187422,108.33093390187422,0.9999556933547591,0.03953903895439029,0.9994446974865954,0.03951883377362965,0.9993752366135213,0.03951608723577349,0.9983645419953343,0.039476123571238086,0.9918990173164748,0.03922047161201943
728,73,23,115,94.40233182874832,599.4090655030826,599.4090655030826,0.9999374344139454,0.21877062054011873,0.9992584830281774,0.21862207663040098,0.9991661576102255,0.2186018772776396,0.9978167462774872,0.218306647251773,0.9887652890140232,0.21632633042977006
729,116,92,270,3.7704264316062375,99.71972890645866,99.71972890645866,0.9997973405822934,0.03639032471395658,0.997962279166773,0.03632353269714451,0.99773054278527,0.03631509802560796,0.994422183833333,0.03619468136550642,0.9728665665522821,0.03541010645174404
730,115,24,191,14.987539702611194,2471.116720266178,2471.116720266178,0.9999356552001315,0.9018995666157069,0.9992679237860856,0.9012973011901148,0.9991785122980253,0.9012166558186725,0.997886552514045,0.900051362868874,0.9894684049609463,0.8924585506810466
731,41,43,127,124.07777605973436,1059.7280594229264,1059.7280594229264,0.9999894792138067,0.3867966722414654,0.9998421876878676,0.3867396997699876,0.9998201983288072,0.3867311942695938,0.9994739814190977,0.3865972773121328,0.9968149715413289,0.38556877031925235
732,122,18,177,12.14937298439374,470.34796429728726,470.34796429728726,0.9997186984286817,0.17162871395669038,0.9979556993143878,0.17132604754546027,0.9977439514162186,0.1712896953000707,0.9948037454911081,0.17078492954697666,0.977172837804179,0.16775810808514657
733,84,64,163,67.19623274125506,-1110.7254931259613,0.0,0.9999052719681444,0.0,0.9989342819870957,0.0,0.9988013783594691,0.0,0.9968303777300425,0.0,0.9839833620550112,0.0
734,89,90,195,24.12564521287364,1001.3288661405152,1001.3288661405152,0.999936167162227,0.3654617061942676,0.999198622629744,0.3651921447041572,0.9990978989305889,0.3651553316993312,0.9975726464176307,0.36459787472950805,0.9853327100923421,0.3601243611592929
735,39,33,72,76.24307902028627,1772.3497195034995,1772.3497195034995,0.9999983289752721,0.6469065666201015,0.9999750389154027,0.6468915001022585,0.9999716545044609,0.6468893107009375,0.9999195057452246,0.6468555752697738,0.999491474886508,0.6465786788338532
736,104,48,76,62.47364799334126,190.70804221813864,190.70804221813864,0.9999861738636867,0.06960747299390409,0.9998110565197376,0.06959528334957868,0.9997862576126697,0.06959355713645783,0.999412594575917,0.06956754703709905,0.9966130324788274,0.06937267389968857
737,79,83,101,95.09241584316104,-157.88142456991304,0.0,0.9998711637264924,0.0,0.9989609776840237,0.0,0.998852330942469,0.0,0.9973778401591324,0.0,0.9892426787537406,0.0
738,128,49,67,58.65096705374621,-0.0,-0.0,0.9999596428555909,-0.0,0.9995426246736645,-0.0,0.9994875516270889,-0.0,0.9986883410973693,-0.0,0.9933844490183947,-0.0
739,135,83,107,1.5173502761516349,443.7688896205054,443.7688896205054,100000.0,16197.564471148446,19277.10843373,3122.4220667266113,2409.63855422,390.3027583414338,3734.93975904,604.9692754290604,4216.86746988,683.0298270966991
740,74,46,108,18.224216438257145,357.0239272476435,357.0239272476435,0.999865219822309,0.13029616973724054,0.9981549740014455,0.13007330121921443,0.9979123515782983,0.13004168418543655,0.9943177582310689,0.12957325930614114,0.9711110858028932,0.12654911118118134
741,59,44,354,34.84736372099095,2048.160927286226,2048.160927286226,0.9999502100685412,0.7475415165653246,0.9993751645441044,0.7471116247576093,0.9992938683324218,0.7470508494382381,0.9980535529379304,0.7461236160203325,0.9894332299391256,0.7396792458277728
742,93,26,538,36.09545850399332,277.7568958225262,277.7568958225262,0.9999604960618451,0.10137726201592141,0.99945991792918,0.1013265127706117,0.999388566468665,0.10131927906914417,0.9983098005033193,0.10120991240880768,0.9906897028334424,0.10043737725256062
743,69,87,230,122.916070186743,396.9762072874199,396.9762072874199,0.9999193721467354,0.1448846329810307,0.9991616545523272,0.14477484249329023,0.9990653412824655,0.1447608870553381,0.9977093691813533,0.14456441169374934,0.9896267948048146,0.1433932764455417
744,126,41,192,156.2801019300317,107.12685039595615,107.12685039595615,0.9997653868604841,0.039092126715679285,0.998253674978563,0.03903301681527431,0.9980785956032481,0.03902617098402724,0.995731577642993,0.03893439952973197,0.9813877109448781,0.03837353568914997
745,36,33,60,94.45133756517808,-192.9184949941909,0.0,0.9999885398938305,0.0,0.9998189789552002,0.0,0.999793408432266,0.0,0.9993887835173437,0.0,0.9963276464312272,0.0
746,30,45,142,15.460566546882628,382.45201275189095,382.45201275189095,0.9999399031359882,0.13958659543363072,0.9992598551989158,0.1394916641522908,0.9991688705735664,0.13947896315491135,0.9978642875839847,0.13929684991250024,0.9895679202087089,0.138138718636061
747,124,21,379,35.15752703961152,2018.4606783547056,2018.4606783547056,0.9997836904179396,0.7365787840786724,0.9982254521365712,0.7354307704937385,0.9980360233944183,0.7352912111131427,0.9954137797534841,0.7333593041905663,0.9806941514357773,0.7225147924904264
748,85,59,255,27.21117831474315,-0.0,-0.0,0.9999362487333874,-0.0,0.999229045280922,-0.0,0.9991352683969528,-0.0,0.9977885906531703,-0.0,0.9884734008935149,-0.0
749,68,37,139,99.19179207557364,526.3676171235285,526.3676171235285,0.9996656957871991,0.1920599523272494,0.9963734965068939,0.1914274412393008,0.9960159856834178,0.1913587547654099,0.9914686261327142,0.1904850970394286,0.9675804301862466,0.18589559697556005
750,60,40,233,12.877615716693647,-312.3630849572872,0.0,0.9998860006607094,0.0,0.9988615432153676,0.0,0.9987359939811347,0.0,0.9970142832741123,0.0,0.9871159245319112,0.0
751,73,24,115,56.6979715039289,-159.47456136698722,0.0,0.9999478289883292,0.0,0.9993614571687153,0.0,0.9992797656514338,0.0,0.9980646589622832,0.0,0.9895124784855739,0.0
752,115,92,270,58.40222838044424,671.7894736474432,671.7894736474432,0.9996584614037,0.2451194115389656,0.9967075951476332,0.2443958498144927,0.9963576355216265,0.24431003860906483,0.9916032538205712,0.24314424920219296,0.9635418976369496,0.2362635160515365
753,41,42,127,57.82435566164303,1845.722823482297,1845.722823482297,0.9999461374364781,0.6736525439636077,0.9991778476424763,0.673134955710747,0.9990683577345263,0.6730611935827009,0.997447625029544,0.671969324062013,0.9882297658997514,0.6657593553244945
754,122,19,177,61.89839941806701,-330.36112653855923,0.0,0.9998449331393966,0.0,0.9984137478347808,0.0,0.9982310048355344,0.0,0.9956501066015014,0.0,0.9800481483135554,0.0
755,85,64,163,143.15651173838728,2067.9856693808238,2067.9856693808238,0.9997504112078449,0.7546263760174243,0.9981279817507456,0.7534017423010195,0.9979340648146781,0.7532553709336536,0.9952582806493012,0.7512356495261039,0.980117939722301,0.7398074965818036
756,89,89,195,55.97255388102817,-367.66167303045256,0.0,0.9999658491321153,0.0,0.9995163565767913,0.0,0.9994518120825397,0.0,0.9984620258960855,0.0,0.9906245935943424,0.0
757,104,47,71,101.39501543376286,1162.2822985811245,1162.2822985811245,0.9999534525835236,0.42421329203016184,0.9994413268338069,0.4239960313670186,0.999374919100478,0.4239678590124966,0.9984272905400385,0.42356584366847505,0.9925022763217398,0.42105225688063397
758,80,83,101,74.42921261562404,-9.727117198181714,0.0,0.9999821355708532,0.0,0.9997678705847076,0.0,0.9997386743938185,0.0,0.9993114157985119,0.0,0.9965656655692913,0.0
759,127,49,67,62.28382391419593,440.85777968684414,440.85777968684414,0.9999792105036687,0.16090974428361252,0.9997138443141409,0.160867043390184,0.9996761111126067,0.16086097162414517,0.9991089844708785,0.16076971352403835,0.9951237888747648,0.16012844338806437
760,75,45,97,56.196104791200405,645.9342669542333,645.9342669542333,0.9997123501158516,0.2356981893735694,0.9966000670681453,0.2349644188253938,0.9962205790084111,0.23487494844067974,0.9911205389510824,0.23367253235858798,0.9624297041745808,0.22690820879326043
761,59,44,354,34.84736372099095,-784.0446230030776,0.0,0.9999502100685412,0.0,0.9993751645441044,0.0,0.9992938683324218,0.0,0.9980535529379304,0.0,0.9894332299391256,0.0
762,93,26,538,36.09545850399332,61.31989342195183,61.31989342195183,0.9999604960618451,0.022380876931306165,0.99945991792918,0.022369673111129463,0.999388566468665,0.022368076139786155,0.9983098005033193,0.02234393145766804,0.9906897028334424,0.022173380252069712
763,70,87,230,149.30177276549722,850.2767263780004,850.2767263780004,0.9998966194555459,0.3103189208720881,0.9990405941036563,0.3100532525437142,0.9989343303429193,0.31002027347876077,0.997449745585181,0.30955953110699896,0.9885948888959704,0.3068114174332383
764,125,41,192,25.78359870224318,-184.63376638268167,0.0,0.9998948948491475,0.0,0.9989145385284653,0.0,0.9987940878825298,0.0,0.9971518925069207,0.0,0.9870941564312563,0.0
765,39,33,72,76.24307902028627,1280.3239178637425,1280.3239178637425,0.9999983289752721,0.4673174491199479,0.9999750389154027,0.4673065652503927,0.9999716545044609,0.4673049836534617,0.9999195057452246,0.4672806135875975,0.999491474886508,0.4670805869643082
766,30,44,142,19.580296460390937,-6.230802346031261,0.0,0.9999093455010206,0.0,0.999035445752065,0.0,0.9989191486004753,0.0,0.9972452896016151,0.0,0.986750436130639,0.0
767,123,21,176,95.78907478675718,888.9172294291416,888.9172294291416,0.9998076212761605,0.32439237054343495,0.9983844889525303,0.3239306284460201,0.9982044807832299,0.323872223933478,0.9956300750442345,0.323036945663297,0.9805856311905533,0.3181557038110154
768,85,58,66,76.9312114083103,-0.0,-0.0,0.9995878220447176,-0.0,0.9966425457553242,-0.0,0.9962989109727535,-0.0,0.9916183162170364,-0.0,0.9644786969535996,-0.0
769,68,38,45,42.69387943710886,-12.352757241020408,0.0,0.9999746600613009,0.0,0.999584803325989,0.0,0.9995265996547086,0.0,0.9986704916258251,0.0,0.993265207477092,0.0
770,61,40,233,82.12060395535757,7.287015871781476,7.287015871781476,0.9999650280837828,0.002659667776268621,0.9995536154809,0.0026585735171576453,0.9994989557097497,0.002658428135241374,0.9987128264740153,0.002656337219521779,0.9938340505108801,0.0026433608424962247
771,73,24,115,56.6979715039289,-33.10871718906188,0.0,0.9999478289883292,0.0,0.9993614571687153,0.0,0.9992797656514338,0.0,0.9980646589622832,0.0,0.9895124784855739,0.0
772,115,91,270,109.66753671049244,26.199279474733498,26.199279474733498,0.9998279606758145,0.009561091841465457,0.9981630432752292,0.009545170674223155,0.9979541068237209,0.00954317266988594,0.9950771905984227,0.009515661476628566,0.9780151451461282,0.009352501623144993
773,41,41,127,58.6539737760802,91.77303205071462,91.77303205071462,0.9999629047144323,0.0334959141119174,0.9994517043038136,0.033478790351658565,0.9993728130307709,0.03347614771832331,0.9981097388786256,0.03343383832552706,0.9892047387970091,0.0331355461423929
774,122,20,176,31.403472107905948,1328.946326852826,1328.946326852826,0.999925330566188,0.48502918974180725,0.9989791493154189,0.48457022994612964,0.9988461224530599,0.4845057032166914,0.9968113244368594,0.48351869308411766,0.9835337098363912,0.47707818152339687
775,85,63,163,47.564307437564686,1475.2407131274676,1475.2407131274676,0.9997908355237328,0.5383502329893635,0.9982593944319516,0.5375256088387149,0.9980709893409594,0.5374241596945258,0.9953809760113567,0.5359756874228456,0.9784039874607456,0.5268342096087472
776,89,88,195,23.086889040610497,-538.1704619143284,0.0,0.9999582960760511,0.0,0.9994496507856508,0.0,0.9993799100363137,0.0,0.9983502115191109,0.0,0.9909367933173219,0.0
777,104,47,71,101.39501543376286,1310.2370662477138,1310.2370662477138,0.9999534525835236,0.4782142685055175,0.9994413268338069,0.4779693512644691,0.999374919100478,0.4779375926605713,0.9984272905400385,0.4774844020668743,0.9925022763217398,0.4746508438317705
778,81,83,86,75.84350843714124,-66.34256948458692,0.0,0.9999305681403182,0.0,0.9992918869042505,0.0,0.9992125177408577,0.0,0.9981085555053018,0.0,0.9915620912005223,0.0
779,127,48,67,165.86901182441846,34.973672175482925,34.973672175482925,0.9999910928880447,0.012765276641290318,0.9998729464861882,0.012763768456352874,0.999856063237344,0.012763552935091103,0.9996011390689599,0.012760298728573547,0.9978356457365973,0.012737761517036122
780,74,46,108,18.224216438257145,7.1468393903362335,7.1468393903362335,0.999865219822309,0.0026082447903894453,0.9981549740014455,0.002603783449336553,0.9979123515782983,0.0026031505453624373,0.9943177582310689,0.0025937737021783673,0.9711110858028932,0.002533236860549032
781,59,43,133,43.57413481317825,460.6401911154404,460.6401911154404,0.9999699769510585,0.1681286218717399,0.9996234367412079,0.16807035679453933,0.9995770803088693,0.16806256271745337,0.9989021868009816,0.16794909039527697,0.994319456496194,0.16717857913162582
782,94,26,250,139.39228508328415,54.05433114003745,54.05433114003745,0.9998877767955351,0.019727616721270325,0.9989275681484819,0.019708671967067784,0.9988046792503068,0.019706247389891466,0.9970563701463487,0.019671753546968686,0.9871449008525294,0.01947620193416695
783,70,88,230,67.625586868072,-210.6283290899304,0.0,0.9999331365663381,0.0,0.9991701153621849,0.0,0.9990681831884254,0.0,0.9976076078162132,0.0,0.9885106716781356,0.0
784,125,42,192,115.83738920183504,1545.3556746840595,1545.3556746840595,0.9999245436294848,0.5640122597300978,0.9992447499068448,0.5636288188033807,0.9991595321514859,0.5635807513176136,0.9979905651876009,0.5629213898657409,0.9909593574612077,0.5589554032483905
785,38,33,57,97.92050764027312,136.23241109075207,136.23241109075207,0.9999645092702085,0.049723065277617336,0.999507070509473,0.04970031921298234,0.9994438570056745,0.04969717593224922,0.9985012125641006,0.04965030309759615,0.9926357723077045,0.04935864507768942
786,30,44,142,19.580296460390937,-171.20892998577088,0.0,0.9999093455010206,0.0,0.999035445752065,0.0,0.9989191486004753,0.0,0.9972452896016151,0.0,0.986750436130639,0.0
787,123,20,176,22.465769042631194,221.77514045581867,221.77514045581867,0.9998172390419463,0.08093313214581692,0.9982723250145294,0.08080807455903768,0.9980681715284974,0.08079154875770334,0.9950478234276727,0.08054705784233901,0.9770717740569222,0.0790919339233148
788,62,40,233,27.23515092458905,-0.0,-0.0,0.999929194926473,-0.0,0.9990236686835755,-0.0,0.9988996023455742,-0.0,0.9970860642681864,-0.0,0.9861639732576106,-0.0
789,73,25,106,65.03145924157985,-32.175697313568534,0.0,0.9999639047519643,0.0,0.9995456869606494,0.0,0.9994859807280841,0.0,0.9985800806826277,0.0,0.9919439020387211,0.0
790,116,91,270,119.9804650380744,500.7780753677797,500.7780753677797,0.9998293173256387,0.18275279944771428,0.9983445168865167,0.1824814016879481,0.9981576112893449,0.18244723833574014,0.9955319499483031,0.18196730945971906,0.9784863598422302,0.17885164836022713
791,41,40,127,167.36433360861315,-897.2281333926711,0.0,0.9999620279431559,0.0,0.9995187235315199,0.0,0.9994593905580869,0.0,0.9986249998421919,0.0,0.9935684003907527,0.0
792,86,63,163,28.377839862393675,53.37816470074135,53.37816470074135,0.9998327591637446,0.01947977175752124,0.9981610265469069,0.019447201340601877,0.9979496114244286,0.019443082333403704,0.994936929282234,0.01938438615649808,0.9763991909102179,0.019023214841517814
793,89,87,195,93.06101886644991,1718.6871318487883,1718.6871318487883,0.9999383605843002,0.6272821354370468,0.9993815578019325,0.6269328414684299,0.9993117382854544,0.6268890422332789,0.9983278769123778,0.626271845526557,0.9921239943413275,0.6223800209295938
794,103,47,71,105.2274004938336,-260.41151777536373,0.0,0.9999766931717053,0.0,0.99965958171464,0.0,0.9996118690378277,0.0,0.9988561357330917,0.0,0.9931225818385,0.0
795,126,48,67,83.58639178200868,806.133690490864,806.133690490864,0.9999828958718753,0.29423376433108167,0.9997417384752233,0.29416280646879617,0.9997058844747501,0.2941522568308282,0.999142342792074,0.2939864410040418,0.9950030914514502,0.2927685126689753
796,74,45,97,134.21821088099472,599.466873285084,599.466873285084,0.9999544188061237,0.2187954353372983,0.9993691374748709,0.21866737261638033,0.999284274509082,0.21864880414046325,0.9979968539933447,0.2183671095682854,0.9893293872924588,0.21647062097397926
797,60,43,133,34.66288608587423,568.4591736376044,568.4591736376044,0.9999135078172787,0.20746965232245435,0.9990899706619726,0.20729877857592505,0.998985169792969,0.20727703369530756,0.9974881977357174,0.20696643055830988,0.9878207175909005,0.2049605483206975
798,94,27,250,37.078582480494646,-59.36467231142824,0.0,0.9999794478869543,0.0,0.9997574989628425,0.0,0.9997251505902922,0.0,0.9991997415988644,0.0,0.9946912600551884,0.0
799,71,88,230,87.23808994256157,334.0793491495907,334.0793491495907,0.9999492401866624,0.12193277284062858,0.9994177342520916,0.12186796155843654,0.9993456520344369,0.1218591719276054,0.9982947473511223,0.1217310257008991,0.9916436870594137,0.12092000230980492
800,124,42,192,52.28432963225301,746.424290137456,746.424290137456,0.999944963558413,0.27242987150422365,0.9993997901688704,0.2722813418132174,0.9993272229237794,0.2722615712398598,0.998278347205503,0.271975810435448,0.991606637088822,0.2701581372673841
801,37,33,57,95.75040313500942,900.8088051236008,900.8088051236008,0.9999706347934292,0.3287855587307395,0.9996171887112322,0.328669347350552,0.9995674828905107,0.32865300431459726,0.9988168117987021,0.32840618725241993,0.9937316123849333,0.3267341980235977
802,122,20,176,31.403472107905948,771.7052716638553,771.7052716638553,0.999925330566188,0.281651391836875,0.9989791493154189,0.28138487867027856,0.9988461224530599,0.2813474086714799,0.9968113244368594,0.28077426218158624,0.9835337098363912,0.27703432429004593
803,73,26,106,28.30850491475295,1054.3207567459558,1054.3207567459558,0.9999555619770472,0.3848099752578283,0.9994836104137709,0.38462835551761876,0.9994186700300597,0.3846033646996272,0.9984488544691407,0.3842301534128536,0.9914622907904461,0.38154153453961065
804,115,90,270,96.75015778197556,314.2766725936256,314.2766725936256,0.9996976005197523,0.11467629695428046,0.9968883041880561,0.1143540398035194,0.9965354155359083,0.11431355959846094,0.9916931192790049,0.11375809502276468,0.9639492810896395,0.11057557200260235
805,42,40,127,51.45435563481339,445.3267854130888,445.3267854130888,0.9996846670338703,0.16249302110688585,0.9967508940745428,0.162016153103281,0.9964296027496284,0.16196392903727058,0.9923292818807348,0.16129744534749768,0.9694227418971743,0.15757411837472507
806,86,62,74,13.689789330063531,-1019.092308869136,0.0,0.9998763885798717,0.0,0.9984149466064376,0.0,0.9982207787232547,0.0,0.9953993742774924,0.0,0.9768619674194223,0.0
807,90,87,195,122.54737028492455,178.47246287356666,178.47246287356666,0.9995648594277113,0.06511410282633594,0.9967953369522956,0.06493368934986847,0.9964853141970602,0.06491349370836257,0.9922786654712369,0.06463946230849486,0.966875632572041,0.062984646534713
808,102,47,71,49.67685404766997,-1372.7489045456105,0.0,0.999931530488737,0.0,0.9991144899192923,0.0,0.999006709236543,0.0,0.9974510387078523,0.0,0.9873796641666569,0.0
809,125,48,73,91.38852843182885,-359.7493080453813,0.0,0.9999626709835244,0.0,0.9994962099089957,0.0,0.9994320666383129,0.0,0.9984824808716897,0.0,0.9925016303545328,0.0
810,75,45,97,56.196104791200405,226.141833445703,226.141833445703,0.9997123501158516,0.0825180260773316,0.9966000670681453,0.08226113272829885,0.9962205790084111,0.0822298091124552,0.9911205389510824,0.08180884278309325,0.9624297041745808,0.07944065052059553
811,61,43,118,11.340839157489176,-347.7968165069306,0.0,0.9999394594773566,0.0,0.9992966597677579,0.0,0.9992073545466518,0.0,0.9978447330552349,0.0,0.988092363465258,0.0
812,94,27,250,37.078582480494646,5.241101711287683,5.241101711287683,0.9999794478869543,0.0019129628083840824,0.9997574989628425,0.0019125382196206997,0.9997251505902922,0.0019124763371152827,0.9991997415988644,0.0019114712285983873,0.9946912600551884,0.001902846493826525
813,71,89,230,129.83442337132578,116.07548482320882,116.07548482320882,0.9997694296818957,0.0423577832605384,0.9977790413117278,0.042273455377843785,0.9975451387765257,0.042263545500029934,0.9944487853988817,0.04213236058741462,0.9777858548461097,0.04142639301140632
814,124,43,22,13.734670481436313,-651.2245460485514,0.0,0.9999864530554143,0.0,0.999802717168662,0.0,0.9997756228428054,0.0,0.9993576701869378,0.0,0.9963701787652883,0.0
815,36,33,60,94.45133756517808,139.8809016900866,139.8809016900866,0.9999885398938305,0.051055944003637284,0.9998189789552002,0.05104728681063703,0.999793408432266,0.05104598126848829,0.9993887835173437,0.05102532252473814,0.9963276464312272,0.050869031489970074
816,122,20,176,31.403472107905948,125.91924372981444,125.91924372981444,0.999925330566188,0.045957092115080374,0.9989791493154189,0.04591360512903259,0.9988461224530599,0.04590749114473763,0.9968113244368594,0.04581397076175747,0.9835337098363912,0.045203724637762656
817,73,27,106,104.66101334267928,602.144909837196,602.144909837196,0.9999667908429549,0.21977559328599727,0.9995835786750723,0.21969136980745577,0.9995289083897194,0.21967935421402943,0.9986924525093098,0.2194955155215269,0.9923522749049177,0.21810205295126567
818,116,90,270,112.87979881771214,585.9077523399721,585.9077523399721,0.9995106043093838,0.2137516692379706,0.9959996840247306,0.2130008367123621,0.9955717804974381,0.2129093268345907,0.9896601304168765,0.21164508304645807,0.9534116038382585,0.20389310619879852
819,42,39,127,64.49634738099363,-1568.5240294942655,0.0,0.9997815684637443,0.0,0.9974640662758096,0.0,0.9971962720429802,0.0,0.9938068112337676,0.0,0.9759393519390104,0.0
820,90,86,195,56.0876477108282,-518.2953714778604,0.0,0.9999072545024317,0.0,0.9988926059298683,0.0,0.9987643944786962,0.0,0.996947316275884,0.0,0.9852495255531557,0.0
821,101,47,315,3.316043453065992,1726.6530090868496,1726.6530090868496,0.9998170071063803,0.6301130210076006,0.998002639462873,0.6289695550843936,0.9977687554138538,0.6288221547264825,0.9944442363651625,0.6267269485774785,0.9755698265665865,0.6148317604646694
822,129,50,65,15.777495491293951,887.7794488427321,887.7794488427321,0.9997168892154439,0.323947759750857,0.9977050603215143,0.32329584772434117,0.9974580906680273,0.3232158198015996,0.9939495880815696,0.3220789263818485,0.972877504557938,0.3152507389975977
823,76,45,88,59.02293108904938,-384.1409120574585,0.0,0.9998736593171674,0.0,0.9981239253439828,0.0,0.9978814417669631,0.0,0.99437535045786,0.0,0.9727027460192939,0.0
824,61,43,118,11.340839157489176,2236.5696954131126,2236.5696954131126,0.9999394594773566,0.8162985166949106,0.9992966597677579,0.815773768476902,0.9992073545466518,0.8157008643437257,0.9978447330552349,0.8145884910978077,0.988092363465258,0.8066271642843628
825,94,28,237,88.06000092691585,544.0653823949197,544.0653823949197,0.9999623420525925,0.19857638631341754,0.9995484890082423,0.19849420177650476,0.9994936114028923,0.19848330396955577,0.998701434264537,0.19832599037199386,0.9933326026195808,0.19725982703569048
826,72,89,230,159.8509351601858,119.29683689569951,119.29683689569951,0.9997372584578839,0.04353190482119344,0.9975637353019574,0.04343726235153456,0.9973181331641673,0.043426568012801356,0.9941712510400174,0.043289542237325784,0.978235148404354,0.04259563101486464
827,124,43,22,13.734670481436313,-248.6470771720398,0.0,0.9999864530554143,0.0,0.999802717168662,0.0,0.9997756228428054,0.0,0.9993576701869378,0.0,0.9963701787652883,0.0
828,39,33,72,76.24307902028627,51.39169309550507,51.39169309550507,0.9999983289752721,0.01875793663483101,0.9999750389154027,0.018757499760633733,0.9999716545044609,0.01875743627596165,0.9999195057452246,0.01875645807120571,0.999491474886508,0.018748429082063513
829,121,20,177,141.19173945611803,-53.36972777352295,0.0,0.9999169969199785,0.0,0.9990800992950615,0.0,0.9989717085733524,0.0,0.9974571820938584,0.0,0.9884430015268064,0.0
830,72,27,106,18.98509236350228,102.9823998665168,102.9823998665168,0.999914646982116,0.03758536765288323,0.9989965115147132,0.037550856248133195,0.9988747033103981,0.03754627765119381,0.9971422975231143,0.03748115898468005,0.9863834193093928,0.03707674807379303
831,116,89,270,81.8703713456284,969.7726199455508,969.7726199455508,0.9992646242250219,0.3537067075185661,0.9947405890543236,0.35210534833288804,0.9942095085463858,0.3519173633553996,0.9870130111291469,0.34937004070891686,0.9445808443481643,0.3343504536634734
832,42,38,127,70.8976485809695,-1039.1878687515673,0.0,0.9999425317083093,0.0,0.9992800153769761,0.0,0.9991863227165627,0.0,0.9978238282178142,0.0,0.9894531770911896,0.0
833,90,85,195,134.40596922567082,391.5608236094508,391.5608236094508,0.9998562906238371,0.1428991617164324,0.9987541153382791,0.1427416391545925,0.9986203685442783,0.14272252410283537,0.9967688909682483,0.14245791148196923,0.9858421187205967,0.14089626046361983
834,101,46,68,78.05275623436138,-252.6917210483735,0.0,0.999971401099006,0.0,0.9995456465584822,0.0,0.9994873052410105,0.0,0.9986179021714686,0.0,0.992784863399287,0.0
835,130,50,20,27.3158428781581,442.6999908659876,442.6999908659876,0.9996016292184123,0.16152112572548538,0.9968385825109851,0.16107465745095417,0.9965022471284428,0.16102031053111968,0.9918066924603524,0.16026157699795351,0.9632728005094905,0.1556509138952571
836,76,44,88,91.77628654126669,61.21591595830634,61.21591595830634,0.9994254571674511,0.022330971849282424,0.9950033707462518,0.02223216559346944,0.9944886248572316,0.022220664209474456,0.9875318798715151,0.022065224025992477,0.9480366431360304,0.021182749987137685
837,62,43,118,120.18140225988442,-1453.2581411444107,0.0,0.9999337749987182,0.0,0.9991295688535288,0.0,0.9990130188033234,0.0,0.9972009331959397,0.0,0.9847820562737135,0.0
838,95,28,237,86.64436406749432,678.4824300098081,678.4824300098081,0.9999761222259683,0.24764017371627586,0.9996886594004677,0.24756898467239602,0.9996476396401415,0.24755882628926348,0.9990295996723085,0.24740577110964868,0.9944795170197968,0.24627896094543875
839,72,88,230,12.999235781665435,582.3967153442226,582.3967153442226,0.9999286959936855,0.21255964366568125,0.9990285430182698,0.2123682938259721,0.9989019611517026,0.21234138571086364,0.9970695036517316,0.21195185142228196,0.9859088895737268,0.20957938610448906
840,39,33,72,76.24307902028627,1866.0505126559428,1866.0505126559428,0.9999983289752721,0.6811072989703784,0.9999750389154027,0.6810914359141004,0.9999716545044609,0.6810891307632532,0.9999195057452246,0.681053611803352,0.999491474886508,0.6807620763741327
841,121,21,150,60.59761330614279,-5.895507593209435,0.0,0.9999446510767813,0.0,0.9992427663371655,0.0,0.9991430054583886,0.0,0.9976380001942288,0.0,0.9876750998814554,0.0
842,72,28,106,32.337388083764914,3032.5803851327905,3032.5803851327905,0.9999609457467717,1.1068486117392304,0.9994854452129368,1.1063222840781402,0.9994176913895598,1.1062472879238767,0.9984028070997214,1.1051239207843282,0.991411670246972,1.0973854884456875
843,115,89,270,32.361259373257326,993.7610329063788,993.7610329063788,0.9996230937195968,0.3625860645181276,0.9962884981430093,0.3613765307503798,0.9958704914648464,0.3612249102072674,0.9901080463419207,0.3591347401099073,0.9569773733813319,0.347117490409405
844,42,38,127,70.8976485809695,3331.3689785431584,3331.3689785431584,0.9999425317083093,1.215879798617524,0.9992800153769761,1.215074212098321,0.9991863227165627,1.2149602865381381,0.9978238282178142,1.2133035617922412,0.9894531770911896,1.203125271257134
845,91,85,195,16.904400261478212,33.45065206196567,33.45065206196567,0.9997880047992252,0.012206899649756998,0.9976473411445187,0.012180763242547219,0.9973741535537313,0.012177427761935035,0.9935191135599428,0.012130359697381262,0.9704440560097582,0.011848625059062581
846,101,47,315,3.316043453065992,3204.0746480912053,3204.0746480912053,0.9998170071063803,1.1692732386979918,0.998002639462873,1.167151358878351,0.9977687554138538,1.1668778344658508,0.9944442363651625,1.162989851837483,0.9755698265665865,1.140916470291828
847,130,50,20,27.3158428781581,634.1666973841347,634.1666973841347,0.9996016292184123,0.23137863332395295,0.9968385825109851,0.23073906856906692,0.9965022471284428,0.23066121673401943,0.9918066924603524,0.22957433272938832,0.9632728005094905,0.2229695686613606
848,77,44,88,91.76149458654275,9.317059090867613,9.317059090867613,0.9999602132909106,0.0034005912644480183,0.99947628603115,0.0033989455601586903,0.9994106093706949,0.003398722211794572,0.9984485422078273,0.0033954504844334473,0.9919779193282685,0.0033734456652943444
849,62,42,118,23.811843543963025,-160.01643585711514,0.0,0.999978674099202,0.0,0.9997258159742071,0.0,0.9996891289812961,0.0,0.9991076644371505,0.0,0.9943977231486499,0.0
850,95,29,237,152.1311432968926,392.4054058952531,392.4054058952531,0.9999500497951331,0.1432208188851658,0.9993944159151821,0.14314123657072594,0.9993212942183229,0.1431307634982914,0.9982787932462222,0.14298144819704867,0.9917622099373576,0.14204809117784534
851,72,87,477,119.27633012787416,30.943901423763894,30.943901423763894,0.9999246517897438,0.011293672997503244,0.9992584145368374,0.011286148164847491,0.9991769193014465,0.011285227714953877,0.9980575138787662,0.011272584563519664,0.9914509499187639,0.011197966568185905
852,40,33,54,107.28586838267178,8.958547102655986,8.958547102655986,0.9999969168326232,0.0032698596109138724,0.9999471691195948,0.0032696969423747714,0.9999394629381688,0.003269671744165682,0.9998138101140649,0.003269260875804371,0.9987412046145028,0.0032657535955893774
853,121,22,150,67.0957275928588,76.35264278268639,76.35264278268639,0.9999140734702762,0.027866319953745746,0.9991350533424869,0.027844609664124505,0.9990322746548095,0.027841745354209056,0.9974988785366261,0.027799011575398616,0.9864616856086688,0.027491419195531164
854,72,29,106,14.129315810530152,-1029.90016196263,0.0,0.9999753386256667,0.0,0.9996547770990233,0.0,0.9996079300115651,0.0,0.9988893086901172,0.0,0.9937389898640757,0.0
855,115,88,270,73.12708139329794,572.4411834737161,572.4411834737161,0.9997851637324078,0.20889614385645155,0.997769001995649,0.20847488494255897,0.9975102845174442,0.20842082824567473,0.9938636173108497,0.20765888983628533,0.9722342620195032,0.20313963002091087
856,42,37,64,67.74383186146065,1487.9106287744848,1487.9106287744848,0.99995756437859,0.5430643332522578,0.9994927168967316,0.5428118804514669,0.9994307646172099,0.5427782349503273,0.9985309138537105,0.5422895373572348,0.9928062670068831,0.5391805539026131
857,91,84,195,82.68538061372898,137.44267098259292,137.44267098259292,0.9999185854579966,0.050162490619926337,0.9991969475923457,0.05012628851988226,0.9991065219165217,0.05012175217344237,0.9978291042726457,0.05005766850552123,0.9902048639279067,0.04967518648114535
858,101,45,63,48.144446081226064,-291.99359434636443,0.0,0.9989735404879398,0.0,0.9932662579458787,0.0,0.9926214786922922,0.0,0.9838502171010134,0.0,0.9332783509294676,0.0
859,76,43,88,76.84100542667029,-1113.5958977117327,0.0,0.9996568870572802,0.0,0.9963255891896577,0.0,0.995927277659519,0.0,0.9905617147947503,0.0,0.9601610340970681,0.0
860,62,42,118,23.811843543963025,-960.1844378375336,0.0,0.999978674099202,0.0,0.9997258159742071,0.0,0.9996891289812961,0.0,0.9991076644371505,0.0,0.9943977231486499,0.0
861,96,29,237,77.4389586296566,76.37620130173694,76.37620130173694,0.9999618243326998,0.027876249240089537,0.9995244184509869,0.02786405553920916,0.9994639272101937,0.027862369205927065,0.9985714203199324,0.027837488511568528,0.9925550666233797,0.02766976873359245
862,73,87,175,38.65488754548351,510.3764403088255,510.3764403088255,0.9999503780926454,0.1862781567765818,0.9993826043391939,0.18617238767985841,0.9993067611861071,0.18615825905600805,0.9982202800484841,0.18595586130895683,0.9915106173217615,0.18470593567993668
863,42,33,54,108.62622784042424,253.31340223693465,253.31340223693465,0.9999249028967147,0.0924524483839842,0.998991464718684,0.09236614325774521,0.9988645820847073,0.09235441176657565,0.997029606765265,0.09218475106454177,0.9869512396958132,0.091252911374797
864,120,22,150,163.00476226629738,-145.80078152314024,0.0,0.9998613875735535,0.0,0.9988839828019676,0.0,0.9987635070908293,0.0,0.9970687730103172,0.0,0.9867991106500295,0.0
865,72,30,106,62.47707664750989,-178.1626843634226,0.0,0.999963512852629,0.0,0.9995024714227111,0.0,0.9994364595794546,0.0,0.9984364889894713,0.0,0.9917143584059732,0.0
866,115,87,270,35.46436061327355,763.6055153790477,763.6055153790477,0.9998601575884731,0.2786770367939475,0.9982273920369529,0.2782219588890789,0.9980072119210295,0.2781605911650019,0.9948143638018119,0.27727069326673714,0.9755273525052636,0.271895094373291
867,42,36,64,65.87699067828801,1313.2374502251382,1313.2374502251382,0.999973538491643,0.4793189854932016,0.9996667354431233,0.4791719250757985,0.9996251873935049,0.47915200977981737,0.9990145682152082,0.4788593206697582,0.9949236918280718,0.47689843406208055
868,92,84,195,116.93480189698931,131.67146413539788,131.67146413539788,0.9999567232879331,0.048058004526985325,0.9994452011480841,0.04803342072976689,0.9993763395125012,0.048030111233748216,0.9983712917363827,0.04798180855279247,0.9917522831624257,0.04766369844202141
869,101,46,68,78.05275623436138,-341.7061572415336,0.0,0.999971401099006,0.0,0.9995456465584822,0.0,0.9994873052410105,0.0,0.9986179021714686,0.0,0.992784863399287,0.0
870,76,42,88,64.6838505198945,100.91416034092178,100.91416034092178,0.99990614770677,0.03683021160017736,0.9987374377064688,0.036787163723425075,0.9985749134846766,0.03678117736011238,0.9962251606500987,0.03669462734308919,0.981563417541624,0.03615458155744119
871,62,41,105,70.76425518991361,1889.794462204115,1889.794462204115,0.9999945061895711,0.6897711892115304,0.9999131061924683,0.6897150415302622,0.9999010866270956,0.6897067507348132,0.9997142213127294,0.6895778557165757,0.9982437962465072,0.6885635932978357
872,97,29,237,34.87579935517152,181.7972638812888,181.7972638812888,0.9999657997545784,0.06635373192514019,0.999550228855809,0.06632615630203427,0.9994915877415244,0.06632226511217759,0.9986166846371977,0.06626421004063493,0.9926432881095535,0.06586783933278158
873,73,87,175,38.65488754548351,1177.3800946296835,1177.3800946296835,0.9999503780926454,0.4297224098360529,0.9993826043391939,0.429478412622871,0.9993067611861071,0.4294458195030242,0.9982202800484841,0.428978911041435,0.9915106173217615,0.42609547552375054
874,41,33,54,107.95604811154796,878.5347630836417,878.5347630836417,0.9999737611512326,0.3206567746401425,0.9996783610308086,0.3205620501048363,0.9996368879609915,0.32054875113508463,0.9989990433826413,0.32034421658311796,0.9944125611181034,0.31887349138309096
875,121,23,150,146.89289177670034,647.9615629914601,647.9615629914601,0.9998576857134501,0.2364723123134276,0.9987804758435982,0.23621754574773485,0.9986482598261605,0.2361862758702162,0.9967849305265767,0.23574558736587212,0.9849481366533546,0.23294611494337336
876,72,30,106,62.47707664750989,-130.588071285676,0.0,0.999963512852629,0.0,0.9995024714227111,0.0,0.9994364595794546,0.0,0.9984364889894713,0.0,0.9917143584059732,0.0
877,115,86,239,61.140378439242646,246.2875500072458,246.2875500072458,0.9998525822916527,0.08988170364427568,0.9981652542874799,0.08973002136800037,0.9979412864721431,0.08970988779115066,0.9947416266834986,0.08942225451602695,0.9759982520570785,0.08773731968332966
878,42,35,64,64.0101494951223,55.56638397967989,55.56638397967989,0.9999759827264543,0.020281243040722104,0.9996926071347675,0.020275495693439685,0.9996542247469259,0.02027471723220687,0.9990915602057878,0.020263305421817084,0.9953598482388757,0.020187619846697
879,92,83,195,50.57574392751139,104.98657536288006,104.98657536288006,0.999962411842146,0.038318659625483156,0.9995200359020674,0.03830170773521846,0.9994585092375857,0.038299350027282394,0.9985377722179459,0.03826406729260923,0.9923834199783613,0.03802823189930728
880,101,45,63,48.144446081226064,673.0760808117366,673.0760808117366,0.9989735404879398,0.24542059634518024,0.9932662579458787,0.24401847243677427,0.9926214786922922,0.24386006773183194,0.9838502171010134,0.2417052076047261,0.9332783509294676,0.229281077183767
881,77,42,88,127.24345351920228,-478.227047420426,0.0,0.9999275867954032,0.0,0.9991424784075537,0.0,0.9990376705102553,0.0,0.9975277164791391,0.0,0.9877281821101058,0.0
882,62,40,233,27.23515092458905,475.8988773332447,475.8988773332447,0.999929194926473,0.17369079116655897,0.9990236686835755,0.17353349845988633,0.9988996023455742,0.17351194775358242,0.9970860642681864,0.17319693058529648,0.9861639732576106,0.17129972962502293
883,98,29,474,111.05937829878526,-30.766746193498197,0.0,0.9999718877403413,0.0,0.9996300783284846,0.0,0.9995841519541812,0.0,0.9989197807415753,0.0,0.9947048080429798,0.0
884,74,87,175,123.06375860704668,-38.09805689323145,0.0,0.9999815307640262,0.0,0.9997513258955678,0.0,0.9997206656981837,0.0,0.9992758156592471,0.0,0.9964100978107292,0.0
885,40,33,54,107.28586838267178,402.66935110396935,402.66935110396935,0.9999969168326232,0.14697386000654128,0.9999471691195948,0.146966548370588,0.9999394629381688,0.14696541575986588,0.9998138101140649,0.14694694802234748,0.9987412046145028,0.14678930256576525
886,120,23,150,50.67600447358422,173.54115533515508,173.54115533515508,0.9999143705622375,0.06333709771281221,0.9990310914073529,0.06328114858377912,0.9989152069038125,0.06327380816709924,0.9972309443446801,0.06316712272940338,0.9861359994944067,0.06246434094449424
887,72,31,99,66.55901498210962,1985.257003992488,1985.257003992488,0.999934552762308,0.724571382157996,0.9989904286054999,0.7238872520383421,0.9988645089670543,0.7237960083002221,0.9969940122647177,0.7224406112122927,0.9849113132035052,0.7136852602397747
888,115,86,239,61.140378439242646,1123.6794415764514,1123.6794415764514,0.9998525822916527,0.4100825338348139,0.9981652542874799,0.40939048807165185,0.9979412864721431,0.40929862924082266,0.9947416266834986,0.40798631118836615,0.9759982520570785,0.4002988473606481
889,42,34,64,58.44797303736176,784.5966024295684,784.5966024295684,0.9999686154614859,0.28636877205295774,0.9996105349694463,0.28626622576378824,0.9995632419855051,0.2862526821049888,0.9988845108676836,0.2860583086079016,0.9946414982005908,0.2848432041451283
890,93,83,195,61.61113328483648,15.252649962183728,15.252649962183728,0.9999121177187735,0.00556672797644626,0.9989918029574314,0.00556160438424419,0.9988714700433533,0.005560934464770853,0.9971218967459899,0.005551194210153781,0.9855688745117178,0.005486876025640974
891,101,44,61,62.623252233844205,1899.2936710604167,1899.2936710604167,0.9998076961568667,0.6931088767997051,0.997677026693318,0.6916318068347626,0.9974055818811939,0.6914436298387586,0.9935744223227325,0.6887877083964525,0.9706066395282913,0.6728654723540356
892,77,41,88,8.461946009700014,609.0553992108805,609.0553992108805,0.9999134802194872,0.2222859869130685,0.9988727786699504,0.22205463352540347,0.9987259749610025,0.22202199829448446,0.9965110604853131,0.22152961124310822,0.9820119746898842,0.2183063887752336
893,98,30,237,21.035427924206104,1532.645839097783,1532.645839097783,0.9999806219192604,0.5594048908674832,0.9997349046883478,0.5592674327830665,0.9996994061939981,0.5592475743668909,0.9991520574219285,0.5589413788533033,0.9951171334529254,0.5566841789105619
894,74,86,175,101.49598060091462,309.51649238146814,309.51649238146814,0.99924060492016,0.11288772818420886,0.9952955618261758,0.1124420427804374,0.9948503819295039,0.11239174924060215,0.988927685506795,0.11172264137950019,0.9563979959154205,0.10804764785098844
895,42,33,54,108.62622784042424,-1991.894756397844,0.0,0.9999249028967147,0.0,0.998991464718684,0.0,0.9988645820847073,0.0,0.997029606765265,0.0,0.9869512396958132,0.0
896,120,24,150,1.6481551879205891,-125.69654758562808,0.0,0.9999670857532413,0.0,0.9994513658614557,0.0,0.9993752800797584,0.0,0.9982258850660355,0.0,0.9903277783092028,0.0
897,72,32,99,68.34728466770264,2004.6634676036224,2004.6634676036224,0.9992488085525052,0.7311525172663534,0.9953139636268908,0.7282733827126849,0.9949075658366375,0.7279760205694309,0.9899250316777083,0.7243302895347911,0.9602142907516156,0.7025908760553506
898,115,85,239,53.74045291845062,-1473.4438509325385,0.0,0.9997628634428724,0.0,0.9969491768546492,0.0,0.9965759279545526,0.0,0.9913118699852942,0.0,0.9617730314809628,0.0
899,42,33,54,108.62622784042424,3734.6800162059462,3734.6800162059462,0.9999249028967147,1.3630558366825862,0.998991464718684,1.3617834127704895,0.9988645820847073,1.361610451666796,0.997029606765265,1.3591090900024463,0.9869512396958132,1.345370681229498
900,93,82,195,48.0462706924845,-21.898318999481106,0.0,0.9989652712930539,0.0,0.9935503390581873,0.0,0.9929231482242099,0.0,0.9843215140850406,0.0,0.9323736862791265,0.0
901,102,44,28,82.61394902530616,-2935.749132400348,0.0,0.9996388680059021,0.0,0.9963997992711975,0.0,0.9960411629656398,0.0,0.9914201986226836,0.0,0.9677605906130383,0.0
902,77,40,88,76.81064538249224,37.60559873531118,37.60559873531118,0.9999010701892455,0.01372468562349892,0.9985260589396604,0.013705812159221344,0.9983316560948634,0.013703143777309672,0.9955699585826273,0.013665236597016859,0.9799562557154595,0.013450922231666655
903,98,31,237,123.45187041472968,-585.9534672937534,0.0,0.9999780266906383,0.0,0.9996587154576351,0.0,0.9996094496306613,0.0,0.998826805616424,0.0,0.9930674868502487,0.0
904,75,87,175,171.2106539388034,373.2448978674757,373.2448978674757,0.999938126343072,0.13622595840186094,0.9993590119731436,0.13614706311025296,0.9992850928451668,0.13613699278311212,0.9982378063918632,0.13599431635437714,0.9916370536299473,0.13509506684335568
905,43,33,53,20.763253977676797,58.68508085888645,58.68508085888645,0.9999402483675927,0.021418774630270122,0.9992454908921212,0.021403892887271864,0.9991488042875744,0.021401821854931745,0.997766881600289,0.02137222099563666,0.9894720982845565,0.021194546284836052
906,120,25,150,94.79031107598688,629.1178182181158,629.1178182181158,0.9999200458088141,0.22960964392830682,0.9991008934288749,0.22942154360261652,0.9989936478978327,0.22939691702542295,0.9974616821147173,0.2290451347809867,0.9885267568137113,0.22699342572135825
907,72,33,99,121.05189590079222,-142.97110913744777,0.0,0.9997432845198956,0.0,0.9979045826572537,0.0,0.997692107495702,0.0,0.9948350586986261,0.0,0.977763573651668,0.0
908,115,84,239,128.5637442218357,-740.5009534215255,0.0,0.9999195064411747,0.0,0.9988637016969116,0.0,0.998719561657719,0.0,0.9966485197414656,0.0,0.9841304436427571,0.0
909,43,33,53,20.763253977676797,1258.410066243645,1258.410066243645,0.9999402483675927,0.4592922290786014,0.9992454908921212,0.45897311330133445,0.9991488042875744,0.45892870324163654,0.997766881600289,0.4582939589631721,0.9894720982845565,0.4544840017932051
910,94,82,195,110.19239129153956,211.7496377248066,211.7496377248066,0.999883072051112,0.07727958057000624,0.9987073655811476,0.07718871184203996,0.9985596683342367,0.07717729652597785,0.9964497046240239,0.07701422034727158,0.9826194408547924,0.07594529837715933
911,102,44,28,82.61394902530616,2216.314087563455,2216.314087563455,0.9996388680059021,0.808662502557675,0.9963997992711975,0.8060422428691062,0.9960411629656398,0.8057521223649496,0.9914201986226836,0.8020139718093804,0.9677605906130383,0.7828744220830082
912,78,39,88,66.30645674287977,1.2466098070373357,1.2466098070373357,0.9999606443018102,0.0004549946722308735,0.9993744488138683,0.00045472794590977356,0.9992845975824453,0.0004546870624691864,0.9978957861324358,0.000454055135788783,0.9880378599228924,0.0004495696553549815
913,98,31,237,123.45187041472968,233.08573701999384,233.08573701999384,0.9999780266906383,0.08507442460457007,0.9996587154576351,0.08504725878822966,0.9996094496306613,0.08504306743424929,0.998826805616424,0.08497648298198707,0.9930674868502487,0.0844865014853254
914,75,86,201,12.72978763696357,617.0158138211225,617.0158138211225,0.9998641650705097,0.22518018055536854,0.9985353383746715,0.22488091446928518,0.9983712803077195,0.22484396682536675,0.996076740491638,0.22432721174189973,0.9822604234105372,0.22121562830525054
915,119,25,150,43.43712520585539,831.4699186272119,831.4699186272119,0.9999641257040003,0.3034756329336712,0.999422309230937,0.3033111989376206,0.99934340351859,0.3032872521175487,0.9981351777276806,0.30292057187653015,0.9899901453545601,0.30044866434388967
916,73,33,99,104.1333555786876,2435.367607198324,2435.367607198324,0.9997892463935486,0.8887218358126062,0.9980544006225857,0.8871797154867642,0.9978461289964768,0.8869945809270849,0.9949787506750218,0.8844457420242812,0.9769529337433085,0.8684224279374758
917,116,84,239,101.45964014116534,-975.2792594555387,0.0,0.999422370139239,0.0,0.9951231552259818,0.0,0.9945800296547073,0.0,0.9868754784818087,0.0,0.9410114278179728,0.0
918,43,33,53,20.763253977676797,-2105.7540223122323,0.0,0.9999402483675927,0.0,0.9992454908921212,0.0,0.9991488042875744,0.0,0.997766881600289,0.0,0.9894720982845565,0.0
919,94,81,195,117.04043016138957,53.853449107337234,53.853449107337234,0.9992992777664126,0.019642735171340207,0.995216934217792,0.01956249054894519,0.9947537569814345,0.019553386101465252,0.9884685338087231,0.0194298405560804,0.9511338974775465,0.018695971943855683
920,78,40,88,118.95728667118703,-1883.936755402616,0.0,0.9996854221344883,0.0,0.9966539827877737,0.0,0.9962956756798862,0.0,0.9914572898099805,0.0,0.9638687196435433,0.0
921,99,31,193,125.72404213921956,-1085.3598715215842,0.0,0.9999715960142899,0.0,0.9996444521026568,0.0,0.9996013432623946,0.0,0.9989830280392975,0.0,0.99511920485765,0.0
922,74,85,581,82.18295645632054,-39.90146535557653,0.0,0.9998369423991934,0.0,0.9984201709403024,0.0,0.9982477654533689,0.0,0.9958897506070592,0.0,0.9821038282821006,0.0
923,118,25,150,130.20636795933945,-370.5564690708308,0.0,0.999837977919032,0.0,0.9986002214614103,0.0,0.9984581205287197,0.0,0.996542680557247,0.0,0.9858673625826767,0.0
924,74,33,99,134.77888899818257,-712.3336672622172,0.0,0.9997672538398734,0.0,0.9981113836584433,0.0,0.9979175682392509,0.0,0.995309407148533,0.0,0.9798575518787787,0.0
925,116,83,239,66.73392779336615,-376.4231216395345,0.0,0.998461433687984,0.0,0.9898069179796629,0.0,0.988766990579891,0.0,0.9744818539397044,0.0,0.8966282565048708,0.0
926,44,33,52,124.95695409662136,-2543.601175553028,0.0,0.999698951195617,0.0,0.9966758579755011,0.0,0.9963454923096683,0.0,0.9921582201506509,0.0,0.9704834993310624,0.0
927,95,81,195,42.00964713981238,-766.7974112865015,0.0,0.9999057118636974,0.0,0.9987833018702862,0.0,0.9986392596898584,0.0,0.9965806056274159,0.0,0.9832783593420418,0.0
928,79,40,88,154.69403896476666,1860.62151020684,1860.62151020684,0.9999169566533326,0.6790704542589591,0.9991273399080637,0.6785342043250697,0.9990246165564919,0.6784644421387694,0.9975443462962154,0.6774591508579451,0.9879732837195692,0.6709591852673852
929,99,32,193,133.6824379144393,-224.7110564786705,0.0,0.999803021789991,0.0,0.9981656331914904,0.0,0.9979707470139929,0.0,0.9953470509630387,0.0,0.9803453035753309,0.0
930,75,85,129,44.81433214709524,-646.0206990409044,0.0,0.9998512326245552,0.0,0.9986597264466153,0.0,0.9985135420084595,0.0,0.9964932641887642,0.0,0.984631455854242,0.0
931,118,26,150,28.675783062179867,-26.180363637828005,0.0,0.9999704575635362,0.0,0.9995432125746964,0.0,0.9994816214911961,0.0,0.9985472833962349,0.0,0.9920209421894812,0.0
932,74,34,99,8.787255803154592,1118.4449502730638,1118.4449502730638,0.9998934247693572,0.4081888993867524,0.9987956222465025,0.40774074082060185,0.9986557067136149,0.40768362276585546,0.9967269298264056,0.406896233534914,0.9849374960665188,0.4020834046157207
933,116,82,239,27.009499706375863,1794.3966521956177,1794.3966521956177,0.9996155612331006,0.6547029880441515,0.9958734498681704,0.65225207432569,0.9954021952271419,0.6519434238468695,0.9888866586154763,0.6476760420114903,0.952732289455108,0.6239965651824728
934,44,34,52,116.27915950307536,3294.4541492056387,3294.4541492056387,0.9999571223740469,1.202424205154012,0.9994810034697857,1.2018516837106368,0.9994152664352491,1.201772636519779,0.9984601273918668,1.200624104968422,0.9925334351496846,1.1934974011837844
935,95,80,195,127.32258010565089,376.48545268047104,376.48545268047104,0.9999132079501999,0.13740526350875423,0.9989310082137035,0.13727029238072186,0.9988023387680622,0.1372526109870336,0.996980371820841,0.1370022414084575,0.9855319365137465,0.13542902959604528
936,79,39,41,32.1644763212055,1084.6308887956277,1084.6308887956277,0.9997671142604915,0.39579807721108384,0.997629468923117,0.3949518042118784,0.9973691850529769,0.39484876035910416,0.9937672459238722,0.39342278768887334,0.9722886990459596,0.3849196398714398
937,98,32,193,94.63503983590172,392.6778876857469,392.6778876857469,0.9999898801629904,0.14332597855507706,0.9998292677328535,0.1433029583883993,0.9998039587672923,0.1432993309194346,0.9993890218642928,0.14323985907992826,0.9960305373012153,0.14275849612214836
938,75,86,201,12.72978763696357,580.1366163158336,580.1366163158336,0.9998641650705097,0.21172110192730348,0.9985353383746715,0.2114397230539108,0.9983712803077195,0.21140498378038888,0.996076740491638,0.2109191152841991,0.9822604234105372,0.20799351200809668
939,118,27,150,57.49973058562677,937.9784947951504,937.9784947951504,0.9999386116354809,0.34234113354773127,0.9993081817618028,0.34212529822037624,0.9992267256440468,0.3420974107287217,0.9980525441256228,0.34169541541887904,0.9904934577587758,0.33910747035375244
940,74,35,99,69.86483005897622,373.7259182100729,373.7259182100729,0.9999679731169089,0.13640559136083052,0.9995787417444543,0.13635249632482616,0.9995235649394079,0.13634496965904874,0.9987121317107354,0.13623428208466384,0.9933530373846584,0.1355032482412214
941,116,81,239,122.75228047725064,543.3282990754216,543.3282990754216,0.9996517933020868,0.19824577461071896,0.9968117015397828,0.19768254229807175,0.9964639599142008,0.19761357997700177,0.9917156600842567,0.1966719217074139,0.964994736940594,0.19137276639911338
942,45,34,52,130.0344443209438,-577.042325979314,0.0,0.9998849498562029,0.0,0.9988000847049816,0.0,0.998669916804038,0.0,0.9969234738106975,0.0,0.9871439622999231,0.0
943,96,80,195,12.214234116800274,-168.4139841053617,0.0,0.9998925387194011,0.0,0.9985895196817506,0.0,0.9984098450562942,0.0,0.99578209467035,0.0,0.9784993423240836,0.0
944,98,33,419,96.14642883416982,2370.394309167264,2370.394309167264,0.9999706953304505,0.8651685686240462,0.9996417455173905,0.8648839632448653,0.9995968690770679,0.8648451364214191,0.9989299799823804,0.8642681480294834,0.9940884079217517,0.8600792493056059
945,75,85,129,44.81433214709524,77.83277775985708,77.83277775985708,0.9998512326245552,0.02840473755535195,0.9986597264466153,0.02837088809937726,0.9985135420084595,0.02836673515095353,0.9964932641887642,0.028309341151341507,0.984631455854242,0.02797235946678673
946,117,27,191,6.30101616507107,160.45422665424286,160.45422665424286,0.9999634527315051,0.05856365230904716,0.9994255356514791,0.05853214876883309,0.9993496557305974,0.05852770480111446,0.9982114258005296,0.058461043462952375,0.990491231022952,0.05800890413578283
947,74,36,99,42.96780765802412,753.6150661694961,753.6150661694961,0.9997038943158132,0.2749880495096208,0.9970083184295828,0.27424657880066955,0.9967064976045246,0.2741635570974872,0.9928119049023412,0.27309227343349707,0.9706874618858277,0.2670065139739307
948,117,81,239,32.53544604443122,-1122.7867347555227,0.0,0.9997780353902951,0.0,0.9973819424842704,0.0,0.9970707981861161,0.0,0.9926727202508708,0.0,0.9671258424670884,0.0
949,45,33,52,117.83362114245942,3481.0441571555853,3481.0441571555853,0.9999839924412902,1.2705607784599569,0.9997374702773698,1.2702475520534686,0.9997012126808186,1.2702014838359295,0.9991370216228176,1.269484633331049,0.9950815971091679,1.2643318875211196
950,97,80,195,151.8140196059734,-135.37778274726818,0.0,0.9999403794614363,0.0,0.9992477352678134,0.0,0.9991546760666202,0.0,0.9977971730163041,0.0,0.9894298574458364,0.0
951,98,33,419,96.14642883416982,-251.92082765401992,0.0,0.9999706953304505,0.0,0.9996417455173905,0.0,0.9995968690770679,0.0,0.9989299799823804,0.0,0.9940884079217517,0.0
952,76,85,129,12.863524393543871,176.03435060224402,176.03435060224402,0.9998569023961394,0.06424334358559364,0.9984818251444425,0.06415499138226753,0.9983113989996059,0.06414404106992537,0.9959719588392304,0.06399372610219273,0.9823943908305778,0.06312133289817896
953,117,28,191,115.10990547291787,2374.330401888499,2374.330401888499,0.9996830133641494,0.8663558863719324,0.9978667307293773,0.8647818402684034,0.9976602248311617,0.8646028759386132,0.9948632347133081,0.8621789187238436,0.9785344281260956,0.8480278753279434
954,74,37,99,53.750390035368255,-433.0587992452295,0.0,0.9995528287997505,0.0,0.9963057848907083,0.0,0.9959424084118678,0.0,0.991125689845845,0.0,0.962418778599894,0.0
955,118,81,239,15.088976286636512,-1505.9213186275065,0.0,0.9999442057012173,0.0,0.9991561836801577,0.0,0.9990436684308838,0.0,0.9973472979838135,0.0,0.9860051813450823,0.0
956,46,33,52,118.39056609360848,1208.0940374524848,1208.0940374524848,0.9999800458153036,0.44094552478613985,0.9996901794453087,0.44081770695700395,0.9996511786221718,0.44080050937541493,0.9990922807270041,0.44055406093205074,0.995627400995341,0.4390262072333767
957,97,79,195,0.8929009492075611,-16.476302246230528,0.0,0.9998340612785745,0.0,0.9982287587782733,0.0,0.9980222759422825,0.0,0.9950188042346958,0.0,0.974710976442731,0.0
958,99,33,146,134.37290487531732,-1009.2255023650883,0.0,0.9995623537391845,0.0,0.9963430708751349,0.0,0.9960048489958022,0.0,0.9917102511609057,0.0,0.9688040545854206,0.0
959,77,85,129,77.39185346635352,-621.1859127647031,0.0,0.9999216087721906,0.0,0.99916773754857,0.0,0.9990727850682216,0.0,0.9977612209423344,0.0,0.9900463382335362,0.0
960,118,28,150,101.4185249442358,1080.8144214834017,1080.8144214834017,0.9995736181568424,0.3943290573709643,0.9972077490574788,0.3933957284846583,0.9969169361762736,0.393281003598733,0.9927506654912017,0.39163742121304934,0.9656297380530029,0.3809382895458376
961,74,38,43,109.15325501998794,-846.6472512990139,0.0,0.9990093107430108,0.0,0.9932745762719805,0.0,0.9926632422763253,0.0,0.9847066529499652,0.0,0.9408417461986495,0.0
962,118,80,239,92.83318060252708,-120.57374803890576,0.0,0.9998286836526324,0.0,0.9982140071390742,0.0,0.9979969668103568,0.0,0.9948157804203652,0.0,0.9757784030505134,0.0
963,46,34,52,121.53475038743672,-505.7297124885403,0.0,0.999120145193293,0.0,0.9939399357156626,0.0,0.9934000295690594,0.0,0.9864773265658097,0.0,0.94929355978924,0.0
964,97,78,195,116.47914618163644,-1551.612614984248,0.0,0.9997084043363138,0.0,0.9970946085464836,0.0,0.9967884384281395,0.0,0.9926317701765043,0.0,0.9677993147811736,0.0
965,99,34,146,27.999855691743395,-1036.801325865995,0.0,0.9998897675489357,0.0,0.9984484692034409,0.0,0.9982588921174808,0.0,0.9956255734751766,0.0,0.9791333985519606,0.0
966,78,85,129,146.17254817255602,2198.701928493523,2198.701928493523,0.9997134383423522,0.8022962306608405,0.9976118580429415,0.8006096574009632,0.9973756393360865,0.8004200856988606,0.9943120785265195,0.7979614978719415,0.9781975649852891,0.7850291784920006
967,117,28,191,115.10990547291787,-596.0427603658543,0.0,0.9996830133641494,0.0,0.9978667307293773,0.0,0.9976602248311617,0.0,0.9948632347133081,0.0,0.9785344281260956,0.0
968,75,38,99,35.18161808447181,-13.784349010593584,0.0,0.999902813336866,0.0,0.998625507876644,0.0,0.9984640912292095,0.0,0.9962464809280959,0.0,0.9828872443994671,0.0
969,119,80,239,103.78878439260136,1112.1870966624122,1112.1870966624122,0.9999113139207312,0.4059122883195294,0.9989257160696439,0.40551218655697513,0.9987882347294792,0.40545637624198966,0.9967040268002536,0.4046102955965288,0.9824505047088055,0.3988241026730118
970,47,34,52,40.94619516114204,1026.5429000175925,1026.5429000175925,0.9998978235528548,0.37464987420159773,0.99860199746151,0.37416434350968714,0.9984409686301284,0.3741040079133903,0.9962188336039856,0.3732714002324923,0.9832122395588858,0.36839798346129327
971,98,78,195,42.56840313961688,1621.8740260724678,1621.8740260724678,0.9999314632485218,0.5919434468548261,0.9990605501342151,0.5914278802087692,0.9989388657172005,0.5913558449784724,0.997158915020429,0.5903021426104564,0.9850966824173604,0.5831614936697496
972,100,34,146,98.667518383837,1681.1590820995025,1681.1590820995025,0.9999468596034796,0.6135904567933321,0.9993182605130535,0.6132047338928297,0.99923152162856,0.6131515089126751,0.9979476841683408,0.6123637166354168,0.9897537648506413,0.6073357387496032
973,78,84,129,14.72416342426291,480.9963093722928,480.9963093722928,0.9999014057956426,0.17554634336221303,0.9988776322876788,0.1753666059453913,0.9987448941863692,0.17534330195944361,0.9968924088921043,0.17501807287420024,0.9862710530260832,0.17315334883938888
974,118,28,150,101.4185249442358,1401.2579820104208,1401.2579820104208,0.9995736181568424,0.5112410865329988,0.9972077490574788,0.5100310411026444,0.9969169361762736,0.5098823021897074,0.9927506654912017,0.5077514248704819,0.9656297380530029,0.4938801780113917
975,76,38,99,32.77691450602341,-1540.2866873098314,0.0,0.9992546806500826,0.0,0.9942638135114411,0.0,0.9937322259477955,0.0,0.986840679036466,0.0,0.9495738400142681,0.0
976,119,79,239,68.04096793513806,-47.16728296970901,0.0,0.9998996579707121,0.0,0.9987553066240644,0.0,0.9985968334587406,0.0,0.9962686094990967,0.0,0.9809647847758982,0.0
977,47,35,52,146.03120101241413,1760.148935937319,1760.148935937319,0.999818343013146,0.6423376552935989,0.9983760985446715,0.6414110790443092,0.9982049658959458,0.6413011341277203,0.9959029483486237,0.6398221929139241,0.9831708385272355,0.6316423934265851
978,98,77,195,136.45731345887708,-309.78047586711403,0.0,0.9999337571619119,0.0,0.9992526135131622,0.0,0.9991618513654299,0.0,0.9978491327482567,0.0,0.9894485823399137,0.0
979,101,34,146,138.0163277151374,355.66612993418295,355.66612993418295,0.999844600987242,0.1297979638155827,0.998468506671049,0.12961932181453203,0.9982953085738329,0.12959683756014573,0.9958243687366105,0.12927606475278589,0.9806033601834954,0.1273001017726756
980,79,84,129,5.432295920190892,-216.8069564756368,0.0,0.9999015818370085,0.0,0.9988760183715356,0.0,0.9987431860202324,0.0,0.9968684186663703,0.0,0.9858312597610062,0.0
981,118,29,135,127.99414957164312,1620.2362362171898,1620.2362362171898,0.9997621654919928,0.5912455741671192,0.9983887983631299,0.5904333837635674,0.9982264050897486,0.590337346618459,0.9959627412353058,0.588998646994151,0.9820472349424731,0.5807692082417023
982,120,79,239,89.25916236570808,-141.91875503627435,0.0,0.9997380791255952,0.0,0.9971496248936765,0.0,0.9968185941612259,0.0,0.9921830101161082,0.0,0.9649620532269897,0.0
983,48,35,52,21.98478937896724,-1344.078002954005,0.0,0.9998550251068692,0.0,0.9982592483492757,0.0,0.9980530464467618,0.0,0.9951566090089576,0.0,0.9782325181122862,0.0
984,99,77,195,44.37439427623949,1047.5787713970292,1047.5787713970292,0.9999477602192417,0.3823462768307648,0.9992182899778734,0.3820673520289483,0.9991154274560857,0.3820280208720664,0.9975926561046804,0.38144576449844664,0.9873854935512035,0.3775428900138109
985,101,35,146,97.9036788876682,1647.9209965649466,1647.9209965649466,0.9999244685412987,0.6014457322412118,0.998936062728698,0.600851214878737,0.998801764123719,0.6007704354545388,0.9968586025562655,0.5996016409419842,0.9842044736311195,0.5919902942086037
986,80,84,129,41.99383773363417,1771.4577431099713,1771.4577431099713,0.99967557525515,0.6463723090100324,0.9973499035952933,0.644868571399561,0.9970886519432123,0.6446996507639385,0.9936242325256025,0.6424596192639511,0.9744464877608526,0.6300596332364515
987,117,29,135,51.607590496798665,-990.8253910073236,0.0,0.999902690178797,0.0,0.9989219570305256,0.0,0.9988003984843057,0.0,0.9970809571714305,0.0,0.9860242111175412,0.0
988,120,78,239,4.2162779321865065,2176.599155980164,2176.599155980164,0.9999006293379916,0.7943797460466043,0.9985785383673401,0.7933293993834443,0.9983922058290087,0.793181365878777,0.9956813996678826,0.7910277423619255,0.9787215895988206,0.7775538738390304
989,55,37,50,95.15679270958728,2283.90373417728,2283.90373417728,0.9999408600812537,0.833575562468046,0.9992942691724805,0.8330365482103192,0.9992099815664524,0.8329662839662937,0.9980319919106355,0.8319842825008775,0.9911664896252048,0.826261029098933
990,99,76,195,110.18471383112492,64.97793200941544,64.97793200941544,0.9996037060450683,0.023707546301430994,0.9964864418965794,0.023633614318498992,0.9961373432089523,0.02362533476406093,0.9914708883418205,0.023514660709776182,0.9645012552092336,0.022875023399153222
991,102,34,146,118.270679312869,-1237.7068204926463,0.0,0.9996540644357045,0.0,0.9969431958646843,0.0,0.9966410134007875,0.0,0.9927774695096248,0.0,0.9718975961299513,0.0
992,80,84,129,41.99383773363417,-882.5074833978857,0.0,0.99967557525515,0.0,0.9973499035952933,0.0,0.9970886519432123,0.0,0.9936242325256025,0.0,0.9744464877608526,0.0
993,117,30,135,31.48478949497464,-403.0480903970174,0.0,0.9999660647449339,0.0,0.9995533486716366,0.0,0.9994959149452972,0.0,0.9986411951375845,0.0,0.9926640555606121,0.0
994,121,78,239,20.86636945124521,449.69964749800647,449.69964749800647,0.9999582355560398,0.16413351610543206,0.9992859737617569,0.16402317080488293,0.9991879174353344,0.16400707580305204,0.9976864727186796,0.16376062810971867,0.987064357901121,0.1620171102391828
995,55,36,224,17.01824110481211,1879.4691014882,1879.4691014882,0.9999342036221885,0.6859610853186264,0.9992553163065109,0.6854953643960053,0.9991627209260789,0.6854318433888966,0.997793253489785,0.6844923802067134,0.9891045158120259,0.6785318520980695
996,100,76,195,14.482105193720974,504.7086458373032,504.7086458373032,0.9999012906721891,0.1842004716309383,0.9985107764930308,0.18394431297807937,0.9983281972544028,0.183910678476175,0.9957202520493318,0.18343024631627772,0.9790242569529861,0.18035453254354394
997,102,35,146,52.12881886737559,2509.1538278636845,2509.1538278636845,0.9995363456497001,0.9154165134381756,0.9960095342526742,0.9121865144424705,0.9956166046551221,0.9118266533490912,0.9904551319091895,0.9070995642283685,0.9618423937329066,0.8808948412733194
998,80,83,101,74.42921261562404,-1196.5120302147857,0.0,0.9999821355708532,0.0,0.9997678705847076,0.0,0.9997386743938185,0.0,0.9993114157985119,0.0,0.9965656655692913,0.0
999,117,30,135,31.48478949497464,28.519062439086238,28.519062439086238,0.9999660647449339,0.010409104542661264,0.9995533486716366,0.01040480839211691,0.9994959149452972,0.010404210538166845,0.9986411951375845,0.010395313368405953,0.9926640555606121,0.010333094586272929
1000,122,78,239,10.744832005614022,-0.0255023039036993,0.0,0.9998143322370043,0.0,0.9976923560286711,0.0,0.9974143643586061,0.0,0.993398312315777,0.0,0.967647242488068,0.0
1001,54,36,51,18.3813737188235,1545.2682519180776,1545.2682519180776,0.999797650303942,0.5639087820852955,0.9977232633002471,0.56273878028696,0.9974493654115549,0.5625842956022029,0.993512011316425,0.5603635376800891,0.9696567895845506,0.5469086460536621
1002,100,75,195,110.7852043878346,1862.967744311238,1862.967744311238,0.9992283680231946,0.6794585298722092,0.9945837051774341,0.676300237043538,0.9940465500647275,0.6759349805767755,0.98672345791316,0.6709554007463245,0.9429465991176801,0.6411878710489395
1003,103,35,146,155.69217967231913,-2116.675085831272,0.0,0.9996771018563918,0.0,0.9974781646511086,0.0,0.9972330789377299,0.0,0.9939152222603621,0.0,0.973678393998101,0.0
1004,81,83,86,75.84350843714124,-369.2638376199224,0.0,0.9999305681403182,0.0,0.9992918869042505,0.0,0.9992125177408577,0.0,0.9981085555053018,0.0,0.9915620912005223,0.0
1005,116,30,190,26.93081937479615,-205.31204244387888,0.0,0.999968303509579,0.0,0.9995612255456492,0.0,0.9995042976109026,0.0,0.9986599347290255,0.0,0.9924170194443734,0.0
1006,122,78,239,10.744832005614022,806.880424393266,806.880424393266,0.9998143322370043,0.29445667363910033,0.9976923560286711,0.293831727550911,0.9974143643586061,0.2937498558475083,0.993398312315777,0.29256708291901157,0.967647242488068,0.28498310045383723
1007,53,36,51,21.243850745315875,60.3790471813083,60.3790471813083,0.9999724992975146,0.022037746151009827,0.9996271950430152,0.0220301362142257,0.999579018380728,0.022029074479973376,0.9988613139548314,0.022013257457044764,0.994048015380148,0.021907180287710198
1008,101,75,195,66.49018549340751,451.0207459183872,451.0207459183872,0.999945694312876,0.1646136323183086,0.9992808549883377,0.1645041847585634,0.99919369954354,0.16448983700505432,0.9979362216993891,0.16428282776778996,0.9895052265057213,0.1628948956522949
1009,103,36,146,11.566911776065504,38.69861534903872,38.69861534903872,0.9997755447383108,0.014121824173039291,0.9976661922696428,0.014092029580804799,0.9974108177334174,0.014088422416859024,0.9939882657113183,0.014040078888020443,0.9742750039640169,0.013761629172244131
1010,81,83,86,75.84350843714124,1896.283165626216,1896.283165626216,0.9999305681403182,0.6920952986532333,0.9992918869042505,0.6916532396794361,0.9992125177408577,0.691598304840366,0.9981085555053018,0.6908342047143542,0.9915620912005223,0.6863031129440872
1011,116,31,110,108.57716770586516,16.84917685822793,16.84917685822793,0.9996868477699075,0.006148023682835637,0.9976333676776156,0.0061353948838594324,0.9973970833729311,0.006133941747305397,0.9941723144361757,0.0061141095810234546,0.9749596851669371,0.00599595288023228
1012,52,36,51,57.53845719418644,-563.6035503823729,0.0,0.9999551055366414,0.0,0.9993756224312618,0.0,0.9992931373102729,0.0,0.998051527272286,0.0,0.989780617803589,0.0
1013,100,74,195,166.16692928312057,1024.6886308268734,1024.6886308268734,0.999795500485307,0.37393486511219265,0.9982390602046199,0.37335273878122655,0.9980526796743879,0.3732830303474538,0.9954895007699238,0.3723243723444582,0.979916439058774,0.3664998705063163
1014,103,37,146,31.3618031369047,-242.24629179435317,0.0,0.9998960543110329,0.0,0.9987970452447305,0.0,0.9986522770374235,0.0,0.996588996284341,0.0,0.9841603492098518,0.0
1015,81,82,86,57.62411143642704,1038.63580810211,1038.63580810211,0.9993983446520365,0.37887398116945636,0.9958969450167446,0.37754659331996965,0.995505848848972,0.3773983279532146,0.9903283845003619,0.3754355405015265,0.9621196649889282,0.364741556543898
1016,117,31,110,84.23245866298896,-1778.1905165309593,0.0,0.9999753304635859,0.0,0.9996359356786507,0.0,0.9995879915068099,0.0,0.9988655803205794,0.0,0.9936063782379722,0.0
1017,51,36,51,51.53375469775858,102.6876940160841,102.6876940160841,0.9999825471121667,0.03748035416403668,0.9997617580180009,0.0374720787661622,0.9997316776074909,0.037470951322045726,0.9992916754504432,0.037454459597538424,0.996434842799016,0.037347382629173226
1018,101,74,195,65.26501814272805,36.88898459840036,36.88898459840036,0.9999430907525378,0.013463713125027237,0.9992472229981517,0.013454343627998197,0.999150236440223,0.013453037754488986,0.9977197389170831,0.013433776850087792,0.9879619064779597,0.013302392716433176
1019,103,38,459,5.947251269612996,491.0946601536757,491.0946601536757,0.9999297464434715,0.17923695803763084,0.9992134081234616,0.1791085547154364,0.9991212582318322,0.1790920368887412,0.9978089090869031,0.17885679889381506,0.9898085625206726,0.1774227403643251
1020,82,82,86,10.84891419297485,-6.130279523866513,0.0,0.9999137952670889,0.0,0.9989259530519514,0.0,0.9988018155743041,0.0,0.9970566795052004,0.0,0.9865421300254396,0.0
1021,117,31,110,84.23245866298896,2018.74736345852,2018.74736345852,0.9999753304635859,0.7368246100923781,0.9996359356786507,0.7365745294929283,0.9995879915068099,0.736539202175697,0.9988655803205794,0.7360068987033964,0.9936063782379722,0.7321316935799684
1022,50,36,51,41.996183105241705,1252.762797586939,1252.762797586939,0.9999823126000928,0.4572503334066775,0.9997576453310769,0.45714760240597024,0.9997266793680836,0.45713344295862335,0.9992687433368356,0.4569240478520013,0.9962471253030072,0.45554238756062754
1023,101,73,195,73.13957311482369,78.37898697479449,78.37898697479449,0.9999550511631732,0.02860704433463188,0.9994058930436285,0.02859133383779078,0.9993267153404056,0.028589068695908878,0.9981257809539215,0.028554711968376806,0.9896671381021129,0.028312724320240994
1024,104,38,146,72.67304046060282,842.1595098151058,842.1595098151058,0.9999749759420012,0.30738052898184115,0.999581514233976,0.30725958348734717,0.9995257393171618,0.3072424389348866,0.9986809640027511,0.30698276495377547,0.9927440887536052,0.3051578394321517
1025,83,83,86,117.11796927386504,600.3856368095062,600.3856368095062,0.9998578897635622,0.21910961529061745,0.9986293182123693,0.21884038519032536,0.9984790384767906,0.2188074527752435,0.9963796657967479,0.21834739465599956,0.983673657397898,0.21556299035149412
1026,116,31,110,108.57716770586516,-767.0890409387014,0.0,0.9996868477699075,0.0,0.9976333676776156,0.0,0.9973970833729311,0.0,0.9941723144361757,0.0,0.9749596851669371,0.0
1027,49,36,51,26.65441982999681,-1074.813020763382,0.0,0.9999019324202406,0.0,0.9987203117262082,0.0,0.9985605726909217,0.0,0.9962508778950873,0.0,0.9820779601157884,0.0
1028,101,72,195,29.31454565805976,1454.680131194434,1454.680131194434,0.9998895853784852,0.5308996223319878,0.9987426186770665,0.5302906309018192,0.9985948952528199,0.5302121959313093,0.9964882372547322,0.5290936484917498,0.9830519496233745,0.5219595407529122
1029,104,38,146,72.67304046060282,1945.4686665188297,1945.4686665188297,0.9999749759420012,0.7100782937943007,0.999581514233976,0.7097988981843807,0.9995257393171618,0.7097592926355213,0.9986809640027511,0.7091594210104026,0.9927440887536052,0.7049436692678034
1030,83,82,86,91.40216673479232,55.959118231960986,55.959118231960986,0.9995743503119927,0.0204163842265217,0.9967802245879079,0.020359313990233305,0.9964659733486843,0.020352895384111964,0.9922954422587845,0.0202677119606543,0.9691249688316323,0.01979445323002411
1031,116,32,110,91.76060923833548,-1392.9321518515408,0.0,0.9999395629174871,0.0,0.9991565181307734,0.0,0.9990533884317533,0.0,0.9975765006291504,0.0,0.9879700330120161,0.0
1032,48,36,51,176.12042765921657,1197.21351581268,1197.21351581268,0.9998877910035383,0.4369338998552149,0.9989129494232766,0.436507910721997,0.9987935457500107,0.4364557333546098,0.9971510529842399,0.43573799204794583,0.9878121163519262,0.43165703612471973
1033,101,71,195,89.85197896386036,-23.295336807041423,0.0,0.999035778122626,0.0,0.9938012645467349,0.0,0.9932057280872683,0.0,0.9851720460156806,0.0,0.9381172489906636,0.0
1034,104,39,126,111.84385826606488,-2149.193593396397,0.0,0.9991809517982785,0.0,0.9945920027935057,0.0,0.9941124246354348,0.0,0.988131072029309,0.0,0.9543531904814322,0.0
1035,84,82,86,115.51768641627832,-1417.9235454619643,0.0,0.999727293764339,0.0,0.9976420366018365,0.0,0.9974013337247631,0.0,0.9942148153522328,0.0,0.9769422294942673,0.0
1036,116,32,110,91.76060923833548,-603.6954440832005,0.0,0.9999395629174871,0.0,0.9991565181307734,0.0,0.9990533884317533,0.0,0.9975765006291504,0.0,0.9879700330120161,0.0
1037,48,35,52,21.98478937896724,955.358535101728,955.358535101728,0.9998550251068692,0.348655311716573,0.9982592483492757,0.34809885500147136,0.9980530464467618,0.34802695118862625,0.9951566090089576,0.3470169464655543,0.9782325181122862,0.3411154167048093
1038,102,71,195,75.85041021457162,612.1155177964979,612.1155177964979,0.9999071223038307,0.2234014130598567,0.9987187308709518,0.22313590007424886,0.9985630962307889,0.223101127846151,0.9963265583213953,0.2226014357065758,0.9817942848035376,0.21935460370943832
1039,105,39,126,7.611434677223093,2202.231067495878,2202.231067495878,0.9998266330568439,0.8036749848010677,0.9979810592662807,0.8021914861233567,0.9977537566385539,0.8020087770117529,0.9945441953695149,0.7994288856397592,0.9757521667032377,0.7843235835269549
1040,83,81,86,39.79963149378498,1723.015588052148,1723.015588052148,0.999794496004558,0.628771448034577,0.9979991211742937,0.6276423355656632,0.9977793066946832,0.6275040940878434,0.9947546122524267,0.625601861667161,0.9774733905417349,0.6147336894155018
1041,116,33,90,62.287856978990746,3145.098827341204,3145.098827341204,0.9999853869944382,1.14794429681801,0.9997591547127544,1.1476845909654116,0.9997243014205015,1.1476445807426752,0.999184045384546,1.1470243878444961,0.9953102425950112,1.1425774130415844
1042,56,37,49,76.47205023803966,197.79238184357453,197.79238184357453,0.9995698409454717,0.07216316437575684,0.9956224332662424,0.07187818435980829,0.9951986900516931,0.07184759254921932,0.9897732661292034,0.0714559083043681,0.9610528131809768,0.06938245762373464
1043,103,71,195,135.80390990475493,-308.6577695993777,0.0,0.9997227359810109,0.0,0.997322175197886,0.0,0.997037245675987,0.0,0.9931883350491635,0.0,0.9704414149223441,0.0
1044,106,39,126,106.595733745683,-995.8191579610808,0.0,0.9984478890190063,0.0,0.9918965638354729,0.0,0.991202470538504,0.0,0.9824695440475223,0.0,0.9332822682587115,0.0
1045,83,80,86,55.436118160972704,-1405.5718312613214,0.0,0.9985861256603402,0.0,0.991486243419869,0.0,0.9906784663261571,0.0,0.9800668277710918,0.0,0.9211962879888156,0.0
1046,117,33,433,124.64441020375756,-4167.872686025709,0.0,0.9999636140920773,0.0,0.9995458260891619,0.0,0.9994904199264839,0.0,0.998697133555914,0.0,0.9933855397641959,0.0
1047,55,37,50,95.15679270958728,85.85865312440174,85.85865312440174,0.9999408600812537,0.03133655503948078,0.9992942691724805,0.031316291909520136,0.9992099815664524,0.03131365047010017,0.9980319919106355,0.031276734149186504,0.9911664896252048,0.031061580234760404
1048,103,70,195,33.71879007628861,-33.17085652373069,0.0,0.9999631622932584,0.0,0.9993973318104565,0.0,0.9993168804704378,0.0,0.9981148879812233,0.0,0.9897509280416369,0.0
1049,106,40,126,103.39821731366057,1133.7410234508045,1133.7410234508045,0.9997940908081897,0.4137302651498244,0.9981244882054421,0.4130393577581121,0.9979290512474379,0.4129584829207847,0.9953078161369003,0.4118737752722066,0.9804642049700296,0.40573125928785425
1050,83,79,86,4.786424723358264,143.12755174554178,143.12755174554178,0.999719771487961,0.05222691681350978,0.9976652987634594,0.05211958796082693,0.9974129428928081,0.05210640449738068,0.9939166931885476,0.05192375497131209,0.9741013097996363,0.05088856850266783
1051,116,33,90,62.287856978990746,2090.76037263178,2090.76037263178,0.9999853869944382,0.7631163844236715,0.9997591547127544,0.7629437403399842,0.9997243014205015,0.7629171428329453,0.999184045384546,0.7625048585754118,0.9953102425950112,0.7595486529976431
1052,56,37,49,76.47205023803966,802.4377229892476,802.4377229892476,0.9995698409454717,0.2927637797050082,0.9956224332662424,0.29160762438211985,0.9951986900516931,0.29148351432994135,0.9897732661292034,0.2898944631711472,0.9610528131809768,0.28148253634469417
1053,103,69,195,73.55094341063685,-651.5123762984583,0.0,0.9991601953886616,0.0,0.9941047565710667,0.0,0.9935260434813493,0.0,0.9856728081440479,0.0,0.9393747421955504,0.0
1054,107,40,126,34.476838052446105,-2201.6704933800524,0.0,0.9999308592001985,0.0,0.999036419789295,0.0,0.9989183718005225,0.0,0.9972513697976695,0.0,0.9872600560798008,0.0
1055,84,79,86,14.485547405528733,612.746318374212,612.746318374212,0.9998373003980893,0.22361601804913123,0.9983342751189744,0.22327986282886786,0.9981481287243141,0.22323823073979537,0.9955762984273893,0.2226630347055331,0.9807993054300477,0.2193581246651798
1056,116,34,90,37.17830286996081,1652.926873732839,1652.926873732839,0.9999265962449473,0.60327402308312,0.9990291912571587,0.6027326022234778,0.998906216779582,0.6026584094696268,0.9970701170481416,0.6015506568846596,0.9846465632743115,0.594055299431149
1057,57,37,49,145.8004590568068,1239.3863913464752,1239.3863913464752,0.9999677410492388,0.45236143966529446,0.9995824534981607,0.45218714481143457,0.9995300277127043,0.4521634286425912,0.9987773213083507,0.45182292230549537,0.9940913939417965,0.4497031210732303
1058,104,69,195,54.92479994735612,149.8316545128154,149.8316545128154,0.9998703070032532,0.05468146117473494,0.9983962104812796,0.05460084496764336,0.9982086544621306,0.05459058780018138,0.9955492945510224,0.05444515125235075,0.978586444060383,0.05351747748904363
1059,107,40,126,34.476838052446105,2377.2357214256517,2377.2357214256517,0.9999308592001985,0.867631045467993,0.999036419789295,0.8668549484068314,0.9989183718005225,0.8667525192248817,0.9972513697976695,0.865306076526144,0.9872600560798008,0.856636703152102
1060,84,78,86,67.54110425451498,13.271650529442658,13.271650529442658,0.9998511345857947,0.0048434313164866325,0.9984929626247709,0.004836852124463291,0.9983255690855102,0.004836041244641097,0.9960222866687785,0.0048248837934945984,0.9832587885225571,0.004763055462765208
1061,116,34,90,37.17830286996081,1563.61327599289,1563.61327599289,0.9999265962449473,0.5706769528310485,0.9990291912571587,0.5701647868922587,0.998906216779582,0.570094603040361,0.9970701170481416,0.5690467063209746,0.9846465632743115,0.5619563500512177
1062,57,38,49,78.78830442884724,1396.4310610953023,1396.4310610953023,0.9998580495898325,0.5096249855536944,0.9984519362821419,0.5089082933448227,0.9982786698049666,0.5088199798827632,0.9958982302871545,0.5076066761989311,0.9828961718222411,0.5009795616199486
1063,105,69,195,82.5245107421781,-300.06133717203204,0.0,0.9993709638055087,0.0,0.9951126565942546,0.0,0.9946182239451716,0.0,0.9878084874747018,0.0,0.9463781878704047,0.0
1064,84,77,83,135.8346860391962,-2032.737693437012,0.0,0.9998753027083361,0.0,0.9986594077937894,0.0,0.9985008234018802,0.0,0.9962239137140266,0.0,0.983471632239703,0.0
1065,116,35,81,53.6855088517943,98.60256224336632,98.60256224336632,0.9993272907120062,0.035965724455132714,0.9956992201417164,0.035835150430338636,0.9952711494774867,0.03581974419486394,0.9893160213906771,0.035605419520799826,0.9529884672318217,0.03429799319996413
1066,58,38,49,69.98405727190281,-2353.226295025075,0.0,0.9998749489100157,0.0,0.9982608498601795,0.0,0.9980459116419796,0.0,0.9950138344779415,0.0,0.9771584735369783,0.0
1067,105,68,195,8.088890905189784,1947.5092989416448,1947.5092989416448,0.9999006325925993,0.7107702596969779,0.998790254189975,0.7099809573204519,0.9986442978648816,0.7098772055958209,0.9965540029292955,0.7083913384748476,0.9830585912885464,0.6987982479977051
1068,84,77,83,135.8346860391962,1277.293177246915,1277.293177246915,0.9998753027083361,0.4661538743201739,0.9986594077937894,0.4655870095084849,0.9985008234018802,0.4655130755604266,0.9962239137140266,0.4644515529189582,0.983471632239703,0.4585062861446159
1069,117,35,81,126.28152604483545,328.47769020685126,328.47769020685126,0.9999267066347678,0.1198855694646093,0.9991238599050077,0.11978931267223497,0.9990210876182992,0.1197769908550103,0.9975758736738339,0.11960371785851885,0.9886880441090538,0.11853811724838607
1070,59,38,49,132.60240548593566,-368.8826426037065,0.0,0.9995513755391701,0.0,0.9957689298803608,0.0,0.9953728231542484,0.0,0.9903187389988094,0.0,0.963862688767687,0.0
1071,106,68,195,139.6326143226926,-1068.7335231840395,0.0,0.9997201978958355,0.0,0.9979742391388793,0.0,0.9977665784453184,0.0,0.9949431721800247,0.0,0.9782146149555928,0.0
1072,85,77,83,30.19770668281148,-237.05520094367668,0.0,0.999897968781152,0.0,0.9988455228992453,0.0,0.9987077209488461,0.0,0.9967153430299935,0.0,0.9846367718310204,0.0
1073,117,36,81,12.232207058802882,1942.862888244065,1942.862888244065,0.9999433017758192,0.7091047469494933,0.9992688884271571,0.7086264901262384,0.9991775305826012,0.708561704171744,0.9978602198809374,0.7076275399345336,0.9892646927329228,0.7015320652287519
1074,59,39,49,113.8495290797375,1730.791136228993,1730.791136228993,0.999947136002376,0.6317053684870251,0.9992863680363172,0.6312879357483783,0.9991978735047428,0.6312320303223167,0.9979500836565268,0.63044375310497,0.9904486112428089,0.6257047821887198
1075,106,67,195,17.52430575586962,714.9909393720642,714.9909393720642,0.9998648779152794,0.26093642983160964,0.9986066494403356,0.2606080678164853,0.998445634062554,0.26056604736076744,0.9961778672556696,0.25997422441813856,0.982302452657322,0.2563531339811236
1076,86,77,83,28.097692047258413,995.3987028302864,995.3987028302864,0.9999321975161855,0.36329589249893474,0.9992054386467478,0.36303184608382816,0.9991095150694211,0.3629969950792069,0.9977335890022955,0.3624970928960282,0.9893225043001947,0.3594411731733469
1077,117,37,81,146.51828776644803,1397.2140063947045,1397.2140063947045,0.9999654304872421,0.509965482466359,0.999555602996311,0.5097564773670139,0.9995006622836325,0.5097284585313684,0.9986937921162224,0.5093169683721429,0.9931595539001756,0.5064946003423253
1078,59,39,49,113.8495290797375,882.0797749639738,882.0797749639738,0.999947136002376,0.3219420978158088,0.9992863680363172,0.3217293575443451,0.9991978735047428,0.32170086592302377,0.9979500836565268,0.3212991286042152,0.9904486112428089,0.3188839611632296
1079,106,67,195,17.52430575586962,11.864892462509278,11.864892462509278,0.9998648779152794,0.004330100577529236,0.9986066494403356,0.004324651585404043,0.998445634062554,0.004323954278402144,0.9961778672556696,0.004314133293009933,0.982302452657322,0.004254043232749957
1080,86,76,83,100.3282977620398,561.8133960929424,561.8133960929424,0.9998967143234618,0.2050407096179271,0.9987380720670507,0.2048031162474873,0.9985924679184418,0.20477325838564372,0.9966025032493498,0.20436519247041438,0.9855938305786253,0.20210773325085477
1081,118,37,81,88.85146380307494,-680.8736032136052,0.0,0.9995707026583142,0.0,0.997028501716892,0.0,0.9967322341628022,0.0,0.9926690692656329,0.0,0.9681566520138637,0.0
1082,60,39,48,103.44865412213278,-1873.3533690875176,0.0,0.9998825015487959,0.0,0.9984736001886922,0.0,0.9982776628040094,0.0,0.9954099890613588,0.0,0.9774231843225549,0.0
1083,107,67,157,2.8267793959672387,1666.5395668463025,1666.5395668463025,0.9999782064034201,0.6082736851386839,0.9996927075014893,0.608100019884713,0.999651115393561,0.608074719948574,0.9990098053662232,0.6076846194332356,0.9943121560628498,0.6048271007043731
1084,87,76,83,121.7056743776748,445.9857028318817,445.9857028318817,0.9999761104235497,0.16278089267415347,0.9996939428623565,0.16273496008934873,0.999653932841772,0.16272844706688872,0.9990448559794545,0.16262929862291917,0.994819145660281,0.16194141729178804
1085,118,38,81,24.638229875486186,567.817497409114,567.817497409114,0.9999097075973614,0.20723467314809965,0.9990993898016677,0.20706673204075687,0.9989969334426989,0.20704549761338656,0.997536010553014,0.20674271639700464,0.9878606311862248,0.20473746125703976
1086,60,38,414,98.0266094447703,283.6443355636999,283.6443355636999,0.9999457868554924,0.10352456978400673,0.9992896119017556,0.10345663587130706,0.9992012984508728,0.10344749276362164,0.9979422803471596,0.10331714638959766,0.9902216405710087,0.10251782714470463
1087,107,66,157,117.34409318706784,620.6785569289923,620.6785569289923,0.9998168614584543,0.22650618366860728,0.9978453238150337,0.22605953640270823,0.9975981047464003,0.2260035294979191,0.9942803645909675,0.2252519031851612,0.9757445278454012,0.22105265249817224
1088,87,75,83,66.84301356277342,-623.3854622748669,0.0,0.9999411164045938,0.0,0.9993877436244598,0.0,0.9993164516594913,0.0,0.9982895120529115,0.0,0.9919789794612448,0.0
1089,119,38,81,150.92148416797633,-62.2688253964098,0.0,0.9997608566836027,0.0,0.998160780629032,0.0,0.9979674561612601,0.0,0.9952762207289286,0.0,0.9797898070062577,0.0
1090,61,38,48,100.07908657278956,-716.0908266465365,0.0,0.9999296010225514,0.0,0.9990346683222562,0.0,0.9989129486378862,0.0,0.9971286425754443,0.0,0.986398847091313,0.0
1091,108,66,157,53.70742962921787,-306.9989875290711,0.0,0.9999109162387223,0.0,0.9987295300386158,0.0,0.9985584406671754,0.0,0.995992339866623,0.0,0.9793228320326042,0.0
1092,87,74,83,56.56673995010468,2193.5462266476293,2193.5462266476293,0.9999313853678113,0.8005894368072363,0.9992750735675134,0.8000639644575738,0.9991890018660002,0.7999950516341061,0.9979224925116492,0.7989810280465397,0.9894241868766395,0.7921769074621604
1093,119,39,81,34.689374173190366,628.3347079402907,628.3347079402907,0.9996150450067931,0.2292538819853283,0.9971630491272454,0.22869153593340938,0.996883547784583,0.228627434489413,0.9930864202893327,0.22775659303596785,0.9705591841724247,0.22259014785689776
1094,62,38,473,61.67647389847768,-1325.3954960982155,0.0,0.9998391222271528,0.0,0.9979740532675312,0.0,0.9977331775411741,0.0,0.9944097085537031,0.0,0.9764958323424654,0.0
1095,108,67,157,66.79880633716505,-619.5815289460562,0.0,0.9999301930851133,0.0,0.9991738646320004,0.0,0.9990752886844737,0.0,0.9976837453811586,0.0,0.9880111536750851,0.0
1096,87,73,83,14.968146166327882,-535.3621272416285,0.0,0.9999447566616042,0.0,0.999285099583685,0.0,0.9991938659946031,0.0,0.9978301663707214,0.0,0.9887000697153834,0.0
1097,119,40,81,96.60820466793228,1066.5959853330908,1066.5959853330908,0.9999041874119252,0.38927023408412664,0.9988770688788321,0.3888703691002184,0.9987483880765924,0.38882027269434205,0.996944226925611,0.38811789916454836,0.9855963378190445,0.38370008043302817
1098,63,38,47,86.1012457759308,1961.4212757982527,1961.4212757982527,0.9998162020306055,0.7157871812509814,0.9982535836583587,0.7146684734347148,0.9980629285820358,0.7145319798878057,0.9954545853061024,0.7126646179892653,0.9808367539715898,0.702199438223542
1099,109,68,157,28.094257314174857,-43.05322281603714,0.0,0.999909622050029,0.0,0.9987154701761652,0.0,0.9985472156735654,0.0,0.996092406801814,0.0,0.980261190810808,0.0
1100,87,73,83,14.968146166327882,2491.7871847011806,2491.7871847011806,0.9999447566616042,0.909452078471362,0.999285099583685,0.9088521188269963,0.9991938659946031,0.9087691416658441,0.9978301663707214,0.907528853690846,0.9887000697153834,0.8992250095789338
1101,119,41,81,104.2494514351795,486.2130584804361,486.2130584804361,0.9999668566315282,0.1774618844657873,0.9995797817354244,0.1773931911485674,0.9995274212321146,0.17738389884700032,0.99877043931074,0.17724955895625014,0.9938151395689155,0.1763701529794968
1102,63,38,47,86.1012457759308,591.9547028892575,591.9547028892575,0.9998162020306055,0.21602375452816594,0.9982535836583587,0.2156861297857564,0.9980629285820358,0.21564493618904987,0.9954545853061024,0.21508136849888737,0.9808367539715898,0.21192298918724242
1103,109,67,157,126.8321856222672,96.5302343014882,96.5302343014882,0.9998251930486763,0.03522737645311458,0.997879399380588,0.035158819262795314,0.9976300203348721,0.03515003275733014,0.9941437856271315,0.03502720038292374,0.9728209950459407,0.03427592308359491
1104,88,73,78,158.66061643201,-893.5957395878305,0.0,0.9999260791178899,0.0,0.9992660380649657,0.0,0.9991833724332255,0.0,0.9980229411184665,0.0,0.9909498507904562,0.0
1105,118,41,81,142.85683725436726,-152.2017632167476,0.0,0.9999001943869676,0.0,0.9991363168396104,0.0,0.9990456185051184,0.0,0.9978059081187329,0.0,0.99043142113519,0.0
1106,62,40,233,27.23515092458905,31.426062614706037,31.426062614706037,0.999929194926473,0.01146970068386166,0.9990236686835755,0.011459313833452535,0.9988996023455742,0.011457890728927698,0.9970860642681864,0.011437088517099132,0.9861639732576106,0.01131180653176575
1107,110,67,157,20.945401559557936,-289.9446653382708,0.0,0.9985130484008146,0.0,0.9903024683145167,0.0,0.989329626868546,0.0,0.9759634945812281,0.0,0.8967960059448403,0.0
1108,87,72,78,120.43848241699054,-3918.466616883978,0.0,0.9999600565711837,0.0,0.9995369302696974,0.0,0.9994804321671773,0.0,0.9986432170852994,0.0,0.9928411540823991,0.0
1109,118,42,26,71.51229554618016,218.49814253141463,218.49814253141463,0.9986646631890947,0.07964532648028097,0.9920629895751998,0.07911883098116532,0.9913087003042574,0.07905867503747452,0.98118975548542,0.07825167075121227,0.9240912947870124,0.07369796447575042
1110,62,39,93,153.61897593059527,-183.679965842193,0.0,0.9999752980973166,0.0,0.9996920532974688,0.0,0.9996528840998457,0.0,0.9990559015517585,0.0,0.9948051413237613,0.0
1111,111,68,157,14.619561574084022,175.59612446456077,175.59612446456077,0.9999042081618823,0.06408644588299665,0.9987825241406189,0.06401455425403886,0.9986330853629727,0.06400497633641608,0.9964840337129984,0.06386723805994755,0.9826602086008418,0.06298123336798331
1112,88,72,78,87.59306738214835,1206.1279460016613,1206.1279460016613,0.9999528154381864,0.4402159279148089,0.9994851661953437,0.44001005155524636,0.9994244196315154,0.43998330868843266,0.9985564062471552,0.4396011773402939,0.9930008034589085,0.43715539710067086
1113,118,42,26,71.51229554618016,134.39353738366464,134.39353738366464,0.9986646631890947,0.04898813801230768,0.9920629895751998,0.04866430188389501,0.9913087003042574,0.048627301248678666,0.98118975548542,0.04813093016076898,0.9240912947870124,0.04533004275973525
1114,63,39,93,77.35085143673538,-35.045175969121,0.0,0.9999384449938639,0.0,0.9991895519307156,0.0,0.999085688126697,0.0,0.9975430848097124,0.0,0.9872101551103554,0.0
1115,112,68,235,66.83042311742084,1454.791485195639,1454.791485195639,0.9998515660274977,0.5309200738214601,0.998595308028543,0.5302530022158279,0.9984306902370439,0.5301655903509225,0.995989721323877,0.5288694385623891,0.9792392855992157,0.5199749757504618
1116,87,71,78,122.15202721128568,-511.0146911152862,0.0,0.9999431589439961,0.0,0.9993631743148527,0.0,0.9992873874061557,0.0,0.9981903988259399,0.0,0.9911927610172538,0.0
1117,63,38,47,86.1012457759308,25.91901178664054,25.91901178664054,0.9998162020306055,0.009458700492590486,0.9982535836583587,0.009443917436327463,0.9980629285820358,0.009442113755550267,0.9954545853061024,0.009417437682309198,0.9808367539715898,0.009279146576240356
1118,111,67,130,33.03312724980257,-4.799501522143969,0.0,0.9998115033362658,0.0,0.9978564759061191,0.0,0.9975981950238276,0.0,0.9938393419339058,0.0,0.9690517944275251,0.0
1119,88,71,78,57.35752769847548,691.8977915766591,691.8977915766591,0.9999489008786583,0.25252978921571967,0.9993601607171105,0.2523811071893003,0.9992798870352427,0.2523608346574301,0.9980919649315758,0.2520608336091964,0.990108520082155,0.25004467294011823
1120,63,38,47,86.1012457759308,1642.2616446518402,1642.2616446518402,0.9998162020306055,0.5993153271081636,0.9982535836583587,0.5983786538086049,0.9980629285820358,0.5982643702940957,0.9954545853061024,0.5967008628209707,0.9808367539715898,0.5879385619600097
1121,111,67,130,33.03312724980257,-322.6575210877708,0.0,0.9998115033362658,0.0,0.9978564759061191,0.0,0.9975981950238276,0.0,0.9938393419339058,0.0,0.9690517944275251,0.0
1122,88,70,78,50.72616574893498,2569.781950804605,2569.781950804605,0.998919942914291,0.9369573504539677,0.993094208900245,0.9314929843203562,0.9924184083411061,0.9308591033914412,0.9832876211651665,0.922294695181742,0.9326876807177,0.8748334481908462
1123,64,38,46,71.95221737730272,-3539.618096664109,0.0,0.9999163521822153,0.0,0.9989300371358509,0.0,0.9987972963334505,0.0,0.9968902577165938,0.0,0.9851055060516779,0.0
1124,111,66,130,95.7047770294412,1633.6835729237944,1633.6835729237944,0.9997789327612018,0.5961626829376492,0.9974931965153254,0.5947997109763716,0.997201677525374,0.594625879804818,0.9930845130604461,0.5921708372618347,0.9672476587251876,0.576764463018044
1125,89,70,78,52.49881031945809,2253.7286682387703,2253.7286682387703,0.9998810494984068,0.8225131139203783,0.998779520485622,0.8216069840773997,0.9986405127728737,0.8214926348088255,0.996668557598882,0.8198704828623663,0.9844297079897191,0.8098026709882581
1126,65,38,46,44.50822601392036,1536.0659624574491,1536.0659624574491,0.999942320011388,0.560631737199433,0.99925229620234,0.5602448656379102,0.9991562272012123,0.560191003200132,0.997733338200543,0.5593932404528987,0.9883219244382727,0.5541165988492268
1127,111,65,130,92.93197406917908,609.4912104230693,609.4912104230693,0.9993796620658775,0.22232628876522634,0.9947586451245878,0.22129827750396602,0.994224078292265,0.22117935547219125,0.9868717476728479,0.21954372444783068,0.9420394819384521,0.2095701462012407
1128,89,69,78,36.026627104686995,-2127.141552428915,0.0,0.9999387993629208,0.0,0.9991720764485281,0.0,0.9990696549447856,0.0,0.9975863053340034,0.0,0.9880652098891471,0.0
1129,65,38,46,44.50822601392036,1874.517249810123,1874.517249810123,0.999942320011388,0.6841593316019229,0.99925229620234,0.6836872181424363,0.9991562272012123,0.6836214878475144,0.997733338200543,0.6826479489061577,0.9883219244382727,0.676208670939654
1130,112,65,130,72.55116813995339,192.1498331006861,192.1498331006861,0.9985181713510003,0.07003076149018041,0.9905648640378825,0.06947295875460327,0.9896212034571455,0.06940677541317458,0.9766449478109309,0.06849668975798201,0.8998027601983339,0.063107386821411
1131,89,68,78,92.65284560347791,-3306.251575381379,0.0,0.999833915286181,0.0,0.9982851796793396,0.0,0.998094776490013,0.0,0.9954613247660491,0.0,0.9802412469114576,0.0
1132,66,38,45,5.858018481737272,-1110.2591733413572,0.0,0.9999417413629681,0.0,0.9992272898039289,0.0,0.9991266101532731,0.0,0.9976258892981685,0.0,0.9876077650382498,0.0
1133,112,66,130,108.24870563679508,642.9258449919421,642.9258449919421,0.9995213882298729,0.2345556185870517,0.9962133119030129,0.23377931915182498,0.995812722462139,0.23368531365558445,0.9902241365474875,0.23237385174824154,0.9557037917279155,0.2242730337684157
1134,88,68,78,127.74047364564268,-1069.7012346054917,0.0,0.9998930731605412,0.0,0.9988480767998076,0.0,0.9987163311150499,0.0,0.996868652669093,0.0,0.9858842728102769,0.0
1135,67,38,45,31.19282444087728,367.5563317059134,367.5563317059134,0.9999710136082158,0.13415417231453913,0.999557856462262,0.13409874395291965,0.9994965920127536,0.13409052483316095,0.998555464157694,0.13396426494490465,0.9919190093022443,0.13307393102910128
1136,113,66,120,13.493882904704591,632.4156504136307,632.4156504136307,0.9997902184807809,0.23078328817366378,0.9975870868915978,0.230274735536288,0.9973064481950332,0.23020995522539395,0.9932963876523426,0.22928430608349315,0.9674225684265474,0.22331180808524956
1137,88,67,78,38.68204431107686,636.7184905662218,636.7184905662218,0.9999506191761691,0.23239077284215237,0.9993646373516847,0.2322545893482359,0.9992816215799216,0.23223529629617098,0.9980404979158839,0.2319468563652912,0.9898632234831636,0.23004643939597336
1138,68,38,45,42.69387943710886,912.4519453107742,912.4519453107742,0.9999746600613009,0.3330365206995612,0.999584803325989,0.3329066808787285,0.9995265996547086,0.33288729643935283,0.9986704916258251,0.3326021739750848,0.993265207477092,0.3308019713317736
1139,113,66,120,13.493882904704591,96.30167682626738,96.30167682626738,0.9997902184807809,0.035142738197682793,0.9975870868915978,0.03506529787548064,0.9973064481950332,0.03505543339385319,0.9932963876523426,0.034914479316484066,0.9674225684265474,0.034005011671753585
1140,87,67,78,105.9585215896944,871.7491930943105,871.7491930943105,0.9998925262769056,0.31815425858146734,0.9987390788858717,0.3177872449376374,0.9985852885125533,0.31773831061628366,0.9963638690946222,0.31703148060272013,0.9831481358371231,0.31282638684948855
1141,68,38,45,42.69387943710886,501.8819321449896,501.8819321449896,0.9999746600613009,0.18318226328797213,0.999584803325989,0.18311084663914612,0.9995265996547086,0.18310018448873105,0.9986704916258251,0.18294335670837486,0.993265207477092,0.18195317943326386
1142,113,66,120,13.493882904704591,456.25209974312367,456.25209974312367,0.9997902184807809,0.1664970810668398,0.9975870868915978,0.16613018912088487,0.9973064481950332,0.16608345379286435,0.9932963876523426,0.16541565032477898,0.9674225684265474,0.16110683103697676
1143,88,66,78,162.8464110395844,1203.6456613695964,1203.6456613695964,0.9998312978319135,0.4392565503639741,0.9985471818747463,0.4386923988447771,0.9983928272487647,0.4386245861240827,0.9962944706965812,0.4377027137416673,0.984035021849478,0.4323167619099739
1144,68,37,139,99.19179207557364,-373.7299648420422,0.0,0.9996656957871991,0.0,0.9963734965068939,0.0,0.9960159856834178,0.0,0.9914686261327142,0.0,0.9675804301862466,0.0
1145,114,66,109,30.091548183134147,-646.3284386834857,0.0,0.9998760981064121,0.0,0.9983736384178197,0.0,0.9981688718884235,0.0,0.9951956837609662,0.0,0.9753367559702765,0.0
1146,87,66,78,0.1448190326267438,2631.6303659968817,2631.6303659968817,0.9999365044476721,0.9604840932482436,0.9992001406845987,0.9597767826558902,0.9990919312744098,0.9596728426389354,0.9973971404515128,0.9580449196462902,0.9862529452245733,0.9473404177104989
1147,69,37,484,38.75042660742895,934.3366103490448,934.3366103490448,0.9999313268131518,0.34100944296389446,0.9990635932895042,0.340713517316197,0.9989426844096524,0.3406722834147659,0.9971904968909046,0.3400747298891245,0.9855534673185683,0.3361061203798454
1148,115,66,109,31.404551998138764,883.8278280641233,883.8278280641233,0.9999682706885645,0.32258692145773465,0.9995382710804018,0.3224482048065256,0.999474718384027,0.3224277028873399,0.9984956547614758,0.3221118597459445,0.9909373410554629,0.31967356923083085
1149,87,65,78,28.43838146439765,1129.2466508066957,1129.2466508066957,0.9999393328895455,0.4121500220765213,0.9993221428048118,0.411895631736346,0.9992370912580525,0.4118605756127179,0.9979531075333877,0.4113313495856375,0.9893552240432376,0.40778751672126096
1150,69,38,44,18.85225249261606,1082.805360025362,1082.805360025362,0.9998908482013146,0.39518081700353147,0.9985917034633858,0.3946673638802589,0.9983992744987128,0.3945913113435133,0.9954771422633866,0.3934364146803166,0.9756093073432981,0.38558417035791315
1151,115,66,109,31.404551998138764,2101.5011158286097,2101.5011158286097,0.9999682706885645,0.7670235693755066,0.9995382710804018,0.7666937390759352,0.999474718384027,0.7666449911131792,0.9984956547614758,0.7658940024104098,0.9909373410554629,0.7600964136996662
1152,87,64,78,143.5274261660446,137.4693435268985,137.4693435268985,0.999726926901309,0.05016260858675962,0.9976031571111295,0.05005604565457635,0.9973607483166052,0.05004388247566168,0.9941310539901501,0.049881828330681326,0.9763330793777941,0.04898879163226613
1153,70,38,484,10.051913350609292,-783.0668570202754,0.0,0.9999807791941373,0.0,0.9997216332148956,0.0,0.9996844611805679,0.0,0.9991214611294553,0.0,0.9949921082695365,0.0
1154,116,66,96,86.64215396322005,214.131652701096,214.131652701096,0.9999695766791451,0.07815567540836904,0.9995830149013044,0.0781254624923576,0.9995255577195491,0.0781209717508872,0.9986304306348238,0.07805101036054635,0.9917741384573846,0.07751513591154115
1155,88,64,78,10.980213161903691,557.7532192574508,557.7532192574508,0.999939106726064,0.20356752838082687,0.9992653746053799,0.2034303700462084,0.9991735671411679,0.20341167988952705,0.9978396197481836,0.20314011497927068,0.9892793287951623,0.20139741158882843
1156,70,38,484,10.051913350609292,1136.4255815721397,1136.4255815721397,0.9999807791941373,0.41478736457318044,0.9997216332148956,0.4146798720293178,0.9996844611805679,0.4146644532428016,0.9991214611294553,0.41443092344671517,0.9949921082695365,0.41271808713446256
1157,116,67,96,46.571979304529975,-10.6177465061725,0.0,0.9999562815220987,0.0,0.9992968643852792,0.0,0.9991982136447917,0.0,0.9977081949300176,0.0,0.9873133408064827,0.0
1158,88,63,78,51.64450403889378,1575.9025805017288,1575.9025805017288,0.9999316898571874,0.5751651495855595,0.9990931882485312,0.5746828397357343,0.9989797222550504,0.5746175735922815,0.997322740956796,0.5736644705894082,0.9866347114368386,0.5675166685345507
1159,71,38,43,38.82276976820591,2404.1734200654337,2404.1734200654337,0.9999411620032268,0.8774716666108882,0.9991143538090196,0.8767461231572261,0.9990040633726388,0.8766493407297197,0.9974098718955188,0.8752504005665576,0.9874202664392338,0.866484289037604
1160,117,67,96,133.64648575977174,761.3381911671194,761.3381911671194,0.9996052266270412,0.2777787368193219,0.9961241081863292,0.27681137424715707,0.995713452449649,0.27669725776520593,0.9901302901192799,0.27514576149620346,0.95699689338797,0.26593837357406064
1161,88,62,78,44.67855165642357,-1476.641097937785,0.0,0.9989406995395718,0.0,0.993068189359265,0.0,0.9923798733916701,0.0,0.9829976357316595,0.0,0.9297643363653443,0.0
1162,72,38,43,140.79088620035148,-4022.0607152742823,0.0,0.9987893570962908,0.0,0.9928092689787181,0.0,0.9921785414660538,0.0,0.9840436724391378,0.0,0.940525684623322,0.0
1163,117,68,96,86.38535803692456,-1485.72254805199,0.0,0.9999285680007506,0.0,0.9990217847080763,0.0,0.9988947906245271,0.0,0.9970450024726099,0.0,0.9849998678056603,0.0
1164,87,62,78,55.08184273635834,1118.020663858358,1118.020663858358,0.9998587155224861,0.4080198872859505,0.9985724453958755,0.4074949893339387,0.9984079168682024,0.4074278489367262,0.9960523632728174,0.40646660041474597,0.9814690677658272,0.40051548502549783
1165,72,39,43,66.21902326016773,284.3180482444732,284.3180482444732,0.9998753631847049,0.1037631532881693,0.9981539737058978,0.10358451422280701,0.9979411830798808,0.10356243164415904,0.9949915533712481,0.1032563306131012,0.9775086165393002,0.10144201982876229
1166,118,68,96,3.6953959749180783,2037.316869157114,2037.316869157114,0.9996945925048182,0.7433935499200528,0.99637329213804,0.74092376235841,0.9959333194038291,0.7405965895446274,0.9896751655662289,0.7359428970747874,0.9513097322383531,0.707413568328125
1167,86,62,74,13.689789330063531,3574.705065108448,3574.705065108448,0.9998763885798717,1.3046060646196656,0.9984149466064376,1.3026992228506147,0.9982207787232547,1.302445878936459,0.9953993742774924,1.2987646025379689,0.9768619674194223,1.2745775993387944
1168,73,39,43,43.78775753973931,513.5360024976501,513.5360024976501,0.9999275416324207,0.18742705926878378,0.9988926157808198,0.1872330721038637,0.9987511356557038,0.18720655297853572,0.9967346300024659,0.18682857786649085,0.9843990550663023,0.18451638979444274
1169,118,69,96,165.40723807282626,1523.6869926318852,1523.6869926318852,0.9999010693335869,0.5560907324407393,0.9990510834516828,0.5556180164029942,0.9989436944639721,0.555558292473634,0.9974214472490885,0.5547117011511098,0.9875058221062071,0.5491971683463918
1170,86,62,74,13.689789330063531,-266.52628262522126,0.0,0.9998763885798717,0.0,0.9984149466064376,0.0,0.9982207787232547,0.0,0.9953993742774924,0.0,0.9768619674194223,0.0
1171,74,38,43,109.15325501998794,3083.3640398394973,3083.3640398394973,0.9990093107430108,1.124312925236592,0.9932745762719805,1.1178588952098012,0.9926632422763253,1.1171708828904359,0.9847066529499652,1.1082163154762714,0.9408417461986495,1.0588495267041809
1172,119,69,96,94.09769960189996,-1473.158354764451,0.0,0.997710981214961,0.0,0.9859446444179257,0.0,0.9845479837180633,0.0,0.9654345656015275,0.0,0.8541840592909387,0.0
1173,86,61,74,146.65926046287126,-4364.504889782165,0.0,0.9999414217744123,0.0,0.9994312657519822,0.0,0.999367100712846,0.0,0.9984603369444461,0.0,0.9925666270699492,0.0
1174,74,39,43,58.54455466103487,-247.17532310084695,0.0,0.9999250705144221,0.0,0.99879047488468,0.0,0.9986464142809832,0.0,0.9966449733017044,0.0,0.9843108802450747,0.0
1175,119,68,96,149.85110304132982,1607.723407276402,1607.723407276402,0.9997166194409742,0.5866527505472485,0.9978866831460543,0.5855789090807125,0.9976656850484339,0.5854492231884171,0.9945919827709369,0.5836455161574534,0.9754303860690322,0.5724011263059218
1176,85,61,74,53.15347060435237,-982.208349489154,0.0,0.9998199889213482,0.0,0.998396975442274,0.0,0.9982198295015766,0.0,0.9957210855575972,0.0,0.9795547926366772,0.0
1177,75,39,43,29.88848468540603,-607.4898721298026,0.0,0.9999792707289991,0.0,0.9996569376736029,0.0,0.9996052748600456,0.0,0.9987846619959038,0.0,0.992713461277479,0.0
1178,120,68,96,32.68356254739086,1006.326808302794,1006.326808302794,0.9998158451413971,0.36724164324107145,0.9976912641342253,0.36646126491033776,0.9974146046723343,0.3663596453211937,0.993448113792976,0.36490271639221655,0.9682662751718332,0.35565319325253064
1179,85,60,74,146.98842426393205,2591.082953368886,2591.082953368886,0.9998793096915397,0.9456311356903191,0.9987653188392097,0.9445775841020158,0.998622900303705,0.9444428924445654,0.996591049799342,0.9425212794245035,0.9828845361700316,0.9295584088820193
1180,76,39,43,133.7370158327205,383.8528190479062,383.8528190479062,0.9999753195744682,0.14010282106990155,0.9995916290353961,0.1400490636162029,0.9995384528400859,0.14004161329734913,0.9987617569407959,0.13993279332502195,0.9936919004690565,0.13922247459994336
1181,121,68,96,89.1808338373528,457.3540924396594,457.3540924396594,0.9984969376166852,0.16668333115822226,0.9906154169556952,0.16536763546715497,0.9896979064487469,0.1652144715445536,0.9772208173135999,0.16313161810569535,0.9041617673222189,0.15093556084698653
1182,86,60,74,31.631798492796605,-2635.6902134624,0.0,0.999937284009528,0.0,0.9990860322585926,0.0,0.9989684602139419,0.0,0.9972539521513362,0.0,0.9859292224141261,0.0
1183,76,38,99,32.77691450602341,2534.950547645282,2534.950547645282,0.9992546806500826,0.9245673379821288,0.9942638135114411,0.9199495034761207,0.9937322259477955,0.9194576483883822,0.986840679036466,0.9130811967131779,0.9495738400142681,0.8785997949074379
1184,121,69,96,22.434599595684023,-638.19564927637,0.0,0.9998321974899169,0.0,0.9979023671460759,0.0,0.9976500653626169,0.0,0.9939932153933421,0.0,0.9695760823013062,0.0
1185,86,59,74,62.96602743328457,2034.9819560634207,2034.9819560634207,0.9999895135177499,0.7427606249353597,0.9998272238811969,0.7426400813194144,0.9998012094983859,0.7426207586575537,0.9993722206560333,0.7423021192955116,0.9958546898581491,0.7396894085237006
1186,76,38,99,32.77691450602341,810.9564370601446,810.9564370601446,0.9992546806500826,0.2957784856705172,0.9942638135114411,0.29430119349162065,0.9937322259477955,0.2941438440514618,0.986840679036466,0.29210395237136055,0.9495738400142681,0.28107300157857407
1187,121,70,96,133.68473475131594,-954.3258579737444,0.0,0.999394418726865,0.0,0.9951731329451828,0.0,0.9946757398411644,0.0,0.9877833519195779,0.0,0.9455788832947382,0.0
1188,85,59,255,27.21117831474315,-1425.0602087247398,0.0,0.9999362487333874,0.0,0.999229045280922,0.0,0.9991352683969528,0.0,0.9977885906531703,0.0,0.9884734008935149,0.0
1189,77,38,42,7.955824132419162,1186.3166843230945,1186.3166843230945,0.9999148639343984,0.4329687253856324,0.9986456141038449,0.43241913311417796,0.9984811236163911,0.4323479078136452,0.9961601807230998,0.43134292656729467,0.9816700811009629,0.42506863243447035
1190,120,70,96,40.02299418993547,2260.2629756191195,2260.2629756191195,0.999751860564917,0.8247912720630418,0.9977056273483965,0.8231031378727859,0.9974506283353474,0.8228927647105605,0.9938625847035778,0.8199326431163957,0.9710482479203817,0.8011109068447028
1191,85,58,66,76.9312114083103,-956.4748475456172,0.0,0.9995878220447176,0.0,0.9966425457553242,0.0,0.9962989109727535,0.0,0.9916183162170364,0.0,0.9644786969535996,0.0
1192,78,38,297,19.18648702497486,-500.0018374941602,0.0,0.9999419350441723,0.0,0.9992699714968359,0.0,0.9991773743118505,0.0,0.9978149167108172,0.0,0.9887417882951426,0.0
1193,120,71,96,95.99224830735464,1080.363662143218,1080.363662143218,0.999021791933611,0.39394699721841075,0.9932331426887377,0.3916643433199861,0.9925612313444212,0.39139938668077384,0.9834309385474266,0.38779901333542455,0.9298334493343747,0.3666637687347431
1194,85,58,66,76.9312114083103,-2436.677698540617,0.0,0.9995878220447176,0.0,0.9966425457553242,0.0,0.9962989109727535,0.0,0.9916183162170364,0.0,0.9644786969535996,0.0
1195,78,39,88,66.30645674287977,-1487.008874702886,0.0,0.9999606443018102,0.0,0.9993744488138683,0.0,0.9992845975824453,0.0,0.9978957861324358,0.0,0.9880378599228924,0.0
1196,121,71,96,14.12220765525135,-7.38668827356186,0.0,0.9998341664580263,0.0,0.9975413712836333,0.0,0.9972397465458055,0.0,0.9928780295828157,0.0,0.9640946858394023,0.0
1197,84,58,66,63.535063472026046,3776.098327318403,3776.098327318403,0.9999098658867569,1.3781516597961152,0.9989430601572123,1.3768191347692813,0.9988181607891302,1.3766469889816435,0.9970622774473863,1.3742268973069935,0.9853756122962773,1.3581194485008967
1198,78,39,88,66.30645674287977,1444.8194335416456,1444.8194335416456,0.9999606443018102,0.5273383386573893,0.9993744488138683,0.5270292031364052,0.9992845975824453,0.5269818192724752,0.9978957861324358,0.5262494169255132,0.9880378599228924,0.5210507498983951
1199,122,71,96,34.485011088761894,1140.2785147159746,1140.2785147159746,0.9998784082307527,0.4161510511753864,0.9985504410498734,0.41559834903310583,0.9983750326821987,0.4155253437796751,0.9959009466377661,0.41449562506626597,0.9800870596349285,0.407913859078295
1200,85,57,66,11.027668872990432,-229.39771575887025,0.0,0.9999140599714526,0.0,0.9987714098689557,0.0,0.9986190241915115,0.0,0.996413636707141,0.0,0.9820268737967468,0.0
1201,79,39,41,32.1644763212055,3132.55427872316,3132.55427872316,0.9997671142604915,1.1431160342987443,0.997629468923117,1.14067188843123,0.9973691850529769,1.140374284458082,0.9937672459238722,1.1362558909699214,0.9722886990459596,1.1116977003879676
1202,123,71,96,19.69942381086896,2113.4951651325746,2113.4951651325746,0.9999085428558956,0.771355182878753,0.9987201037278497,0.7704383903505725,0.9985496571673879,0.7703069034873434,0.9960438222007616,0.7683738379057401,0.9792790332838174,0.755441048288783
1203,86,56,66,113.83477053183354,2381.39601609601,2381.39601609601,0.9998234545207603,0.8690560908592074,0.9981304424640476,0.8675845086182312,0.9979214612316349,0.8674028601361093,0.9951163504623248,0.8649646310781881,0.9793678260685108,0.851275863341639
1204,79,39,41,32.1644763212055,-752.5377342292701,0.0,0.9997671142604915,0.0,0.997629468923117,0.0,0.9973691850529769,0.0,0.9937672459238722,0.0,0.9722886990459596,0.0
1205,124,71,15,0.924088254452606,158.7311832050371,158.7311832050371,0.9999067124656408,0.05793147708098044,0.9984405097703937,0.057846529868628684,0.9982174641409054,0.05783360730034142,0.9948193405309317,0.05763673061417126,0.9714947407863286,0.05628537603410694
1206,85,56,66,100.00281273376892,424.6004919328555,424.6004919328555,0.9999774620323941,0.15497568663976385,0.9996252655418297,0.15492110351661387,0.9995703720781551,0.15491259617265063,0.9987186226423986,0.1547805927439102,0.9927477397505363,0.15385523021210748
1207,80,40,40,83.5642465520025,948.8733685679646,948.8733685679646,0.9999421996992232,0.34631876104167975,0.9993596260209495,0.34611699318496164,0.9992864410770114,0.34609164640079837,0.9982614808901511,0.3457366629406171,0.9918555881313537,0.3435180538607524
1208,124,71,15,0.924088254452606,203.66370186134603,203.66370186134603,0.9999067124656408,0.07433031644051774,0.9984405097703937,0.07422132296248124,0.9982174641409054,0.07420474236349751,0.9948193405309317,0.07395213519516428,0.9714947407863286,0.07221824856529094
1209,85,55,66,13.273978949614555,37.66043611988523,37.66043611988523,0.9999217072352006,0.013744982966779515,0.9990744705184884,0.013733336800728939,0.9989589496971198,0.013731748844681448,0.997266074976166,0.013708478488576531,0.9863521584964718,0.01355845514672006
1210,80,39,40,45.60243625302412,1723.438423255214,1723.438423255214,0.9981123812686687,0.6278676084408912,0.9889980701836412,0.6221342052581066,0.9879965915059005,0.6215042200639561,0.9747786843799667,0.6131894291731697,0.9018490459473703,0.5673126736830405
1211,86,55,66,124.7153401691958,-3315.9712569490325,0.0,0.9997474726383416,0.0,0.9981190894051012,0.0,0.9979251924916447,0.0,0.995315364275471,0.0,0.9806934808037724,0.0
1212,81,40,40,57.74120988267827,-191.97733462321065,0.0,0.9999278314047413,0.0,0.9991405697355128,0.0,0.9990363850613911,0.0,0.9975550622629589,0.0,0.9882763030808714,0.0
1213,85,54,66,52.98455444277694,316.09029779706015,316.09029779706015,0.9999060012064598,0.11536211377700237,0.9988170182295517,0.11523647458898696,0.9986744394464275,0.11522002485293069,0.9966145017602903,0.1149823637473518,0.9832818071086552,0.11344413131800331
1214,82,40,40,23.23535993627381,2143.5249651552385,2143.5249651552385,0.9998933892393009,0.7823032014497661,0.998606071406956,0.7812960212119877,0.9984283364720099,0.7811569637783512,0.9958452737250741,0.7791360100664654,0.9795439003100913,0.7663820337447783
1215,86,54,66,115.2388600796966,1966.2134431237785,1966.2134431237785,0.9990625590431571,0.7169951354509891,0.9941951879524056,0.7135019794289619,0.993640780809037,0.7131040992148987,0.9861831840480842,0.7077520213581534,0.9437955761378687,0.6773317955175056
1216,82,39,138,3.8732714572451625,-1724.6509225675743,0.0,0.9998802863969416,0.0,0.9986007028729735,0.0,0.998433675508588,0.0,0.9960868333357434,0.0,0.9820425283368641,0.0
1217,86,53,66,113.38364912759336,527.4970522511235,527.4970522511235,0.9995388791034584,0.19244764150317523,0.9964429855995834,0.19185156923863242,0.9960918454773601,0.1917839619751515,0.9913818415912546,0.1908771146695571,0.9646984615968446,0.18573959210328814
1218,82,40,40,23.23535993627381,-1387.0316226880232,0.0,0.9998933892393009,0.0,0.998606071406956,0.0,0.9984283364720099,0.0,0.9958452737250741,0.0,0.9795439003100913,0.0
1219,85,53,66,42.38775284135335,222.09121873450977,222.09121873450977,0.9998340547310249,0.08104984276783014,0.9974563392452315,0.08085709731636416,0.9971494246503667,0.08083221780807054,0.9928011013079335,0.08047972839091151,0.9658403007298747,0.0782941970645812
1220,82,39,138,3.8732714572451625,4199.221803293371,4199.221803293371,0.9998802863969416,1.5325324712522588,0.9986007028729735,1.5305712331652206,0.998433675508588,1.5303152276583705,0.9960868333357434,1.52671818520867,0.9820425283368641,1.5051922548150305
1221,85,52,66,92.26228454078782,207.25857425097703,207.25857425097703,0.9993953353732419,0.07560363709772533,0.9951750227519194,0.07528437306619745,0.9946812266955406,0.07524701770088268,0.9879525795401846,0.07473799971802189,0.9490692314586696,0.07179649855882196
1222,83,39,38,41.52546532145892,-2031.930016460849,0.0,0.9998430632893398,0.0,0.9981468271626367,0.0,0.9979274899860759,0.0,0.994855815036429,0.0,0.9770292383143491,0.0
1223,86,52,66,106.80852138647326,839.5797050289773,839.5797050289773,0.998996971561018,0.306139217688435,0.993260259157381,0.3043812217211312,0.9925919463278295,0.304176419531901,0.9835125967333449,0.3013940837880478,0.931417798281033,0.2854298103239281
1224,83,39,38,41.52546532145892,-2901.2422774660845,0.0,0.9998430632893398,0.0,0.9981468271626367,0.0,0.9979274899860759,0.0,0.994855815036429,0.0,0.9770292383143491,0.0
1225,85,51,66,140.9757592672938,1138.3075889211616,1138.3075889211616,0.9998500790266136,0.41541998044988737,0.9985900592693018,0.41489646458092977,0.9984338614348568,0.4148315671501122,0.9962467799807382,0.41392287358297597,0.9827268269263097,0.4083055727982205
1226,84,39,37,4.246785822376947,-20.869206717277407,0.0,0.9996264342206381,0.0,0.9968587377704966,0.0,0.9965330239927209,0.0,0.9921191800611925,0.0,0.9672850171656378,0.0
1227,86,51,66,7.395488814844631,1951.782510149947,1951.782510149947,0.999793791157488,0.7122537128982583,0.9976662943326429,0.710738082849265,0.9973983293360726,0.7105471844205871,0.9936252733473211,0.7078592570092254,0.9705929249954336,0.6914509978506989
1228,84,40,37,127.68940309421684,4008.841226819096,4008.841226819096,0.9999373528533205,1.4631353807894818,0.9992493513279233,1.4621286783486003,0.9991576850051221,1.4619945497057065,0.9978156361169207,1.460030827473035,0.989283451399725,1.4475463040181025
1229,87,51,66,28.19208687492738,-439.8316962688054,0.0,0.9998664383830537,0.0,0.9984736380231182,0.0,0.998291091227141,0.0,0.9956813403858252,0.0,0.9792234759295765,0.0
1230,85,39,37,126.04992852244752,1974.8836868145472,1974.8836868145472,0.9974890309813618,0.7190225574974627,0.9863091466902458,0.7109637330434081,0.9850816359085897,0.7100789033218082,0.9689113425635183,0.6984228296053698,0.8804016327825389,0.6346221501859015
1231,87,50,66,7.811972814589953,-3823.1595879933993,0.0,0.9998255865725756,0.0,0.9980068748275203,0.0,0.9977723352065612,0.0,0.9944490764516097,0.0,0.9740420322876998,0.0
1232,85,40,37,77.5516786844394,3555.461078743931,3555.461078743931,0.9997078046190842,1.2973640991454891,0.9975883614013824,1.2946136059232505,0.9973416735825871,1.2942934684607612,0.9939874392096875,1.2899405332976934,0.9742122778834142,1.2642774503038654
1233,87,49,66,48.78823290844636,2265.42240951426,2265.42240951426,0.998941882637897,0.8260042442565432,0.9929034143336397,0.8210111605398471,0.9921944010091753,0.8204248921838786,0.982527956577321,0.8124319105436485,0.9265823511656508,0.7661716542457432
1234,86,40,36,28.272359795412846,-3284.168665120244,0.0,0.999728567159606,0.0,0.9965925396149768,0.0,0.9962020879161595,0.0,0.9908511169530146,0.0,0.9607617277591173,0.0
1235,88,49,66,74.90476210603984,651.5225096071268,651.5225096071268,0.9999296086419373,0.2377889765392965,0.9991424048270785,0.2376017749724609,0.999038331201792,0.23757702566948227,0.9975259825173786,0.23721738050773364,0.9875703581961857,0.2348498761377396
1236,86,40,36,28.272359795412846,862.4019290735233,862.4019290735233,0.999728567159606,0.3146912633769491,0.9965925396149768,0.31370411496244677,0.9962020879161595,0.3135812098635781,0.9908511169530146,0.31189684886000124,0.9607617277591173,0.302425410100808
1237,87,48,66,129.31599999913357,1830.4148829696444,1830.4148829696444,0.9994554544161495,0.6677376205994058,0.9955635806481429,0.6651374541607323,0.9951170229827581,0.6648391083448915,0.9890912814038444,0.6608133017654464,0.9544599224136467,0.6376760412221567
1238,91,42,34,40.14915301597086,-1457.5547295730696,0.0,0.9982343656682937,0.0,0.99015224824115,0.0,0.9893047352297367,0.0,0.9781235757326409,0.0,0.9142897295583613,0.0
1239,88,48,66,55.87411465597437,-1056.6719836573943,0.0,0.9999213292119623,0.0,0.998874843140604,0.0,0.9987315963124295,0.0,0.9966360333382808,0.0,0.9828048773600506,0.0
1240,90,42,35,30.885019534444584,1592.1677150121643,1592.1677150121643,0.9995206285240812,0.5808626334570186,0.995874883886227,0.5787439409850256,0.9954457367068228,0.5784945458713524,0.9896478390173507,0.5751251485579681,0.957152104422456,0.556240537841346
1241,89,48,66,140.8624826153289,3334.259423488384,3334.259423488384,0.999910260232701,1.216895475855616,0.9989802442524605,1.2157636420462854,0.9988578076764804,1.2156146361591422,0.9971160416206952,1.2134948987011123,0.9860528059692137,1.2000308890314053
1242,89,42,35,121.43349724892424,778.6879600011584,778.6879600011584,0.9996706850388467,0.28412750713813895,0.9972526650493897,0.2834402548238552,0.9969696506237864,0.28335981615096595,0.9931223174698539,0.2822663228691116,0.9710257039796133,0.2759859989573095
1243,89,47,66,4.462484408600593,2589.5283743577197,2589.5283743577197,0.9998097725973776,0.9449980579118828,0.9979369728623122,0.9432279290723767,0.9976994852999106,0.9430034610871671,0.9943670647262127,0.9398537309518945,0.9741461282183288,0.9207413495241077
1244,89,41,35,120.20643768144322,2704.2882496180623,2704.2882496180623,0.9975745858178899,0.9846711691488976,0.9865767769546547,0.9738156146215545,0.9853725173578514,0.9726269318684038,0.9694748817358525,0.9569349288070162,0.8829439280018798,0.8715232346919914
1245,90,47,66,126.60515060257792,-3874.184954630483,0.0,0.9990260708873545,0.0,0.9936653151028265,0.0,0.9930514229448514,0.0,0.9847889430969075,0.0,0.9379290330216358,0.0
1246,88,41,35,0.1922584476395631,-2195.137343565589,0.0,0.9992658174899346,0.0,0.9937450018697273,0.0,0.9930999686187113,0.0,0.9845317025261977,0.0,0.9385136540477027,0.0
1247,90,46,66,74.79409828536853,4601.835521036777,4601.835521036777,0.9997849787329908,1.6793088004143535,0.9975944780171475,1.67562948215325,0.9973260746402561,1.6751786530625332,0.9936062327774914,1.6689305464104338,0.9715014930691591,1.631801879034261
1248,87,41,35,57.46368661751987,3018.897569474778,3018.897569474778,0.9992945581167249,1.1011202881311029,0.9946760636429623,1.0960311800954645,0.9941922029939231,1.095498015201332,0.9880164741902306,1.0886929943748833,0.9528580751697721,1.0499520384223207
1249,91,46,66,87.54752503927453,-1646.5547152140418,0.0,0.9991316658566897,0.0,0.9940886871342315,0.0,0.9935182240448732,0.0,0.9858573442851433,0.0,0.9425124449940093,0.0
1250,87,40,35,48.38175894277306,-1857.9901156073108,0.0,0.9996836733484797,0.0,0.9969518452274763,0.0,0.9966377332492911,0.0,0.9925141966586134,0.0,0.9706192591118497,0.0
1251,90,45,66,143.68730735087928,-770.229964778891,0.0,0.9994074918194171,0.0,0.9957228366622654,0.0,0.9953183863085604,0.0,0.989986225118882,0.0,0.9604726642137733,0.0
1252,86,40,36,28.272359795412846,-1077.0484861634568,0.0,0.999728567159606,0.0,0.9965925396149768,0.0,0.9962020879161595,0.0,0.9908511169530146,0.0,0.9607617277591173,0.0
1253,91,45,66,10.58689802865209,1000.7465154384544,1000.7465154384544,0.9998274358251824,0.36520944519126286,0.9979103996780815,0.36450920464713693,0.997672848477648,0.3644224337314706,0.994384408578261,0.3632212571402234,0.9748903341616215,0.35610060826910866
1254,91,42,34,40.14915301597086,2497.5071399647977,2497.5071399647977,0.9982343656682937,0.9099805712994,0.99015224824115,0.9026129930165812,0.9893047352297367,0.9018404085405965,0.9781235757326409,0.8916477741684619,0.9142897295583613,0.8334574715624993
1255,92,45,66,15.780298440743673,-1590.726438720648,0.0,0.9998445592375635,0.0,0.9983091033534426,0.0,0.9981156963614647,0.0,0.9954240701070611,0.0,0.9794537234900285,0.0
1256,92,42,34,127.45895625944378,1822.202221339671,1822.202221339671,0.9983883914330558,0.6640319237896052,0.9907704572108067,0.6589652067080475,0.9899459959921868,0.6584168544096957,0.979154397249708,0.6512393209615674,0.9209206180647524,0.6125078125090095
1257,93,45,66,117.42702861792056,-1722.3206142651204,0.0,0.9988918964577765,0.0,0.9928632947598907,0.0,0.9921792820970197,0.0,0.9830213385562615,0.0,0.9315665377289697,0.0
1258,92,43,33,13.617681257713112,-1935.4197129222912,0.0,0.9996769600019793,0.0,0.9969586214382384,0.0,0.9966446609645941,0.0,0.9924473329501409,0.0,0.9687088365267028,0.0
1259,92,44,66,145.13159134993043,847.937010341924,847.937010341924,0.9998332634458053,0.30944540431002554,0.9983480283194823,0.30898572848110134,0.9981625799516615,0.3089283327659786,0.9956139864104967,0.3081395506884054,0.9819860357364146,0.3039217407190464
1260,92,43,33,13.617681257713112,-392.4892142245844,0.0,0.9996769600019793,0.0,0.9969586214382384,0.0,0.9966446609645941,0.0,0.9924473329501409,0.0,0.9687088365267028,0.0
1261,93,44,66,34.53039871381137,1100.5573184347627,1100.5573184347627,0.9998381675842306,0.40163841259360805,0.9983005945926446,0.4010207642624992,0.9981062753248221,0.4009427055478043,0.9953522116241226,0.39983638873695154,0.9784988521022736,0.3930663365578277
1262,93,44,66,34.53039871381137,1344.4505474601954,1344.4505474601954,0.9998381675842306,0.4906450346997793,0.9983005945926446,0.48989051003942075,0.9981062753248221,0.4897951528236285,0.9953522116241226,0.4884436664293253,0.9784988521022736,0.48017331085029724
1263,94,44,31,7.127354043740937,304.8988981133903,304.8988981133903,0.9998139154971105,0.11126738882102873,0.9977493537175779,0.11103762766777044,0.9974857399859204,0.11100829059701732,0.9938301459304639,0.11060146648821495,0.9728398776385939,0.10826549945746206
1264,93,43,470,32.14374805115657,460.3366648994627,460.3366648994627,0.9996539250333714,0.16796473417478466,0.9966786740008345,0.16746482391957648,0.9963329165417689,0.16740672875459334,0.9917126303139537,0.16663041494375072,0.9662887300864059,0.16235861793833833
1265,93,43,470,32.14374805115657,1984.2364194188688,1984.2364194188688,0.9996539250333714,0.7239956495761758,0.9966786740008345,0.7218408350448551,0.9963329165417689,0.7215904214868193,0.9917126303139537,0.7182441963133191,0.9662887300864059,0.6998310308176814
1266,93,44,66,34.53039871381137,19.281220150651333,19.281220150651333,0.9998381675842306,0.00703650643583861,0.9983005945926446,0.007025685542416421,0.9981062753248221,0.007024317992323844,0.9953522116241226,0.007004935868713276,0.9784988521022736,0.006886327901358398
1267,94,44,31,7.127354043740937,36.06098710623703,36.06098710623703,0.9998139154971105,0.013159811001112846,0.9977493537175779,0.013132636701578054,0.9974857399859204,0.013129166949024964,0.9938301459304639,0.013081051068538664,0.9728398776385939,0.012804771693644867
1268,94,44,31,7.127354043740937,557.405530530172,557.405530530172,0.9998139154971105,0.20341515918967715,0.9977493537175779,0.20299511786345523,0.9974857399859204,0.2029414848539936,0.9938301459304639,0.20219774320847572,0.9728398776385939,0.19792720976235753
1269,94,43,31,63.50855788196098,441.7330652599172,441.7330652599172,0.9994433962024641,0.1611428261597782,0.9957621540289341,0.1605492900276919,0.9953602189525855,0.1604844850028334,0.9900972950176951,0.15963593025730743,0.9611082953803268,0.1549619593782563
1270,95,44,31,35.70062214277939,-1014.1742643950053,0.0,0.9998565732499962,0.0,0.9983021020374403,0.0,0.9981008115133015,0.0,0.9952700180549519,0.0,0.9789756498849896,0.0
1271,96,44,30,42.05631511778492,878.5916862436429,878.5916862436429,0.9998740670731604,0.3206455805567005,0.9984116364747349,0.32017659958829847,0.9982200480657103,0.3201151598743759,0.9955177431232662,0.3192485686048897,0.9803178508687,0.31437417648205845
1272,96,44,30,42.05631511778492,-19.172465420568543,0.0,0.9998740670731604,0.0,0.9984116364747349,0.0,0.9982200480657103,0.0,0.9955177431232662,0.0,0.9803178508687,0.0
1273,97,44,30,8.314597619339027,893.0997331057307,893.0997331057307,0.9999438275585091,0.325963091412328,0.9992982358624263,0.32575264052574254,0.9992140420032132,0.32572519489342733,0.9980289041234074,0.3253388619851133,0.9914208642013254,0.32318476386298467
1274,98,44,30,12.189375563095243,232.88524097924008,232.88524097924008,0.9999232080398874,0.08499658540176297,0.9989199293116303,0.08491130358669714,0.99877498598691,0.08489898295289351,0.9965641343931609,0.08471105368513797,0.9833721273664509,0.0835896920217114
1275,102,44,28,82.61394902530616,955.0894000545036,955.0894000545036,0.9996388680059021,0.3484817376509458,0.9963997992711975,0.3473525735726299,0.9960411629656398,0.3472275502197517,0.9914201986226836,0.34561664678712634,0.9677605906130383,0.33736872688802455
1276,101,43,29,90.02143775090258,-29.83558957900089,0.0,0.9998820484889797,0.0,0.9986815547516793,0.0,0.9985287047374986,0.0,0.9963853833079535,0.0,0.9842376308444836,0.0
1277,101,44,61,62.623252233844205,634.5753039881932,634.5753039881932,0.9998076961568667,0.23157544454224474,0.997677026693318,0.2310819389110214,0.9974055818811939,0.23101906686744944,0.9935744223227325,0.23013169374432463,0.9706066395282913,0.22481189621604286
1278,100,43,29,133.4787726516634,1541.9144913187197,1541.9144913187197,0.9994152767458961,0.5624697077918291,0.9953981700195019,0.5602088849895996,0.9949628640016697,0.5599638952897752,0.989251099075789,0.5567493209045442,0.957912033620814,0.539111732807709
1279,100,44,29,17.80059084794359,-1017.122571149756,0.0,0.9999505409674286,0.0,0.9992111809206098,0.0,0.9991108469113354,0.0,0.9976783223326938,0.0,0.9889082573238623,0.0
1280,99,44,29,19.271699381551908,794.8200401112283,794.8200401112283,0.9999195253687004,0.2900859682004661,0.9986730054609595,0.2897243411643455,0.9985021597823925,0.2896747772416271,0.9960188227834126,0.2889543380468314,0.9809401806736633,0.28457988351866115
1281,99,45,29,66.18829223414042,1098.4358392450715,1098.4358392450715,0.9993394835637874,0.4006642610764808,0.9948503027014823,0.3988644179174574,0.9943695838237142,0.3986716837394186,0.9881866529487815,0.39619276694383915,0.9543519363286407,0.382627445092453
1282,98,45,29,102.6587149674512,-1185.3630913721884,0.0,0.9998429237909964,0.0,0.9981692817475966,0.0,0.9979592060950218,0.0,0.9950621775871761,0.0,0.9788835316950829,0.0
1283,98,44,30,12.189375563095243,1790.6498072041948,1790.6498072041948,0.9999232080398874,0.6535369893889028,0.9989199293116303,0.6528812592745189,0.99877498598691,0.6527865261757089,0.9965641343931609,0.651341541917971,0.9833721273664509,0.6427194152517307
1284,102,44,28,82.61394902530616,14.783366069342156,14.783366069342156,0.9996388680059021,0.005393979972849031,0.9963997992711975,0.005376502189176481,0.9960411629656398,0.005374567013272834,0.9914201986226836,0.00534963261954435,0.9677605906130383,0.005221967063658091
1285,102,43,28,39.60267793973792,-846.5745392348935,0.0,0.9999767197253109,0.0,0.9996838204767813,0.0,0.9996430330779583,0.0,0.9990383786550228,0.0,0.9951299746667339,0.0
1286,103,43,28,78.93432797309268,145.94494897091735,145.94494897091735,0.9999329371957343,0.053266333945080395,0.9991127007044772,0.05322264002398627,0.9989970768654698,0.053216480752907705,0.9972531234756752,0.05312358051911205,0.9859024295845483,0.052518930118247424
1287,104,43,28,44.11854165425846,1054.5386109430472,1054.5386109430472,0.9999020651804805,0.3848688972364955,0.9988405337563275,0.38446030679266846,0.9987045787922405,0.38440797683064104,0.9967771183705207,0.38366608460658563,0.9849569108283256,0.37911640879303493
1288,105,43,194,34.09815833805166,1093.4359877139486,1093.4359877139486,0.9989358733734127,0.39867943817820795,0.9930909923500032,0.3963467219901686,0.9924510350422303,0.39609131238208317,0.9840855402910165,0.3927526088312397,0.9395984031495548,0.374997608420833
1289,105,43,194,34.09815833805166,-1075.7097340169398,0.0,0.9989358733734127,0.0,0.9930909923500032,0.0,0.9924510350422303,0.0,0.9840855402910165,0.0,0.9395984031495548,0.0
1290,106,42,27,71.98703618564404,-733.5829641810058,0.0,0.9999092442410729,0.0,0.998943120164583,0.0,0.9988167810692319,0.0,0.9970155314543214,0.0,0.9860234947339975,0.0
1291,105,42,27,64.64354468673237,971.8895412008214,971.8895412008214,0.9998566952343064,0.3546888466512114,0.99829098027907,0.35413342542504544,0.9980944724781313,0.3540637163101242,0.9953169627973442,0.3530784234077146,0.9782959766438425,0.3470404041831327
1292,105,41,27,43.211515524183405,1804.862271418288,1804.862271418288,0.999887462685901,0.6587005923290694,0.9988588167036679,0.6580229463508175,0.9987288081120882,0.6579372999761229,0.9968943252110861,0.6567287890000361,0.9863875846381687,0.649807213825728
1293,106,41,27,22.29774023205165,-101.17875181934976,0.0,0.999956786172703,0.0,0.9994028654780971,0.0,0.9993248502187563,0.0,0.9981594625891539,0.0,0.9906325240855283,0.0
1294,107,41,27,51.29872656498964,841.4620510119154,841.4620510119154,0.999945640597603,0.30711695301775416,0.999260201960584,0.3069064317482618,0.9991668726568352,0.3068777671786784,0.9978211228383627,0.3064644421268021,0.9893172543541978,0.3038526179718814
1295,107,40,126,34.476838052446105,927.1722240802112,927.1722240802112,0.9999308592001985,0.3383944633076459,0.999036419789295,0.33809176903470783,0.9989183718005225,0.3380518194867589,0.9972513697976695,0.33748767623335496,0.9872600560798008,0.33410643720848804
1296,118,42,26,71.51229554618016,269.8385136272531,269.8385136272531,0.9986646631890947,0.09835953873935743,0.9920629895751998,0.09770933292402707,0.9913087003042574,0.0976350421760907,0.98118975548542,0.09663841660036289,0.9240912947870124,0.0910147288260421
1297,117,42,26,175.1124729353156,-3873.230840621873,0.0,0.9998272208079172,0.0,0.9985852196042436,0.0,0.9984384773018575,0.0,0.9964403209919422,0.0,0.9845228405082097,0.0
1298,117,41,26,23.40018931909481,-56.38306410670392,0.0,0.9999410138969411,0.0,0.9991883045068622,0.0,0.9990890017261617,0.0,0.997678243772199,0.0,0.9887777277314438,0.0
1299,117,40,26,90.56880123402658,1759.874907504815,1759.874907504815,0.9999568614172413,0.6423266309833474,0.9994470746998682,0.6419991672723367,0.9993778400633223,0.6419546941029874,0.998385870418039,0.641317498094962,0.991816542254946,0.637097661630374
1300,116,40,26,100.72349857353863,1349.0884802400149,1349.0884802400149,0.9999714775698597,0.4924032503497007,0.9996090882536774,0.4922248035827851,0.9995572007228384,0.49219925326519015,0.998781702140957,0.49181738435100075,0.9935569998322541,0.4892446505714664
1301,116,41,26,14.941065069094009,991.7098665682674,991.7098665682674,0.99996482734904,0.3619613697086961,0.9995386900509938,0.36180711904320656,0.9994787779697719,0.36178543242144945,0.9985752349191385,0.36145837323771285,0.9921696961246379,0.35913973408924776
1302,115,41,26,63.843084690678914,964.6163984137356,964.6163984137356,0.999948845847709,0.3520669748120499,0.9993207745739849,0.3518458403467974,0.9992327647261579,0.3518148534008083,0.9979179091626753,0.3513519124989088,0.9888737392221323,0.34816759605724756
1303,115,40,26,75.99315591604686,1471.567156413873,1471.567156413873,0.9999569831926579,0.5370989068169503,0.9994171536595132,0.5368089524919215,0.9993413797434559,0.5367682526536648,0.9982198638767401,0.5361658617947423,0.9908297068389167,0.5321964457769176
1304,114,40,26,26.74392562187045,1510.8627788149718,1510.8627788149718,0.999960036797062,0.5514428759631826,0.9995548480505875,0.5512194285858459,0.9995024346473873,0.5511905244329437,0.9987573682702997,0.5507796464671795,0.9941039810815095,0.54821346670006
1305,113,40,26,39.65064745895643,-124.8013621888675,0.0,0.9999911497973243,0.0,0.9998615734970461,0.0,0.9998419599810866,0.0,0.9995320711344094,0.0,0.9970896708966358,0.0
1306,113,39,26,145.33692332397703,545.4625582197576,545.4625582197576,0.9999523646360646,0.19908434984298354,0.9994506194691043,0.1989844554741278,0.999384050328401,0.1989712019686957,0.9984279772081889,0.19878085370584717,0.9923472136623311,0.1975702111793738
1307,112,39,26,55.1573590610148,569.574522288169,569.574522288169,0.9999504512119005,0.20788439970471292,0.9994217722635064,0.20777449015300434,0.9993511622563881,0.20775981070671268,0.9983335726536484,0.2075482592208816,0.9917593177317502,0.20618150646199424
1308,112,40,26,88.17710404391204,867.1860678571928,867.1860678571928,0.999978748657746,0.31651618823108246,0.9997060805127064,0.31642988251505016,0.9996667410214684,0.31641743066461797,0.9990692490119446,0.316228310752213,0.9948430419679855,0.31489061938024654
1309,111,39,26,9.445738702579703,667.9764986562237,667.9764986562237,0.9999513978426622,0.24379957224842844,0.9993825414101881,0.24366087855270765,0.9993051226692309,0.24364200297938468,0.9981779809203362,0.24336719294678033,0.9907624562657859,0.24155920333580774
1310,110,39,26,52.79104322813274,1108.3335018040834,1108.3335018040834,0.9999199121214439,0.4045093292696948,0.9989711834100662,0.4041255289172405,0.9988416631367334,0.404073132562035,0.9969462556317453,0.4033063611344024,0.9847474924555373,0.39837145239770305
1311,109,39,26,127.27953897349624,1706.999385029482,1706.999385029482,0.999917290586318,0.6230032430405845,0.9990845832672899,0.6224844207688406,0.9989750708955649,0.6224161885626571,0.9973997979666331,0.621434707241514,0.9875211028794607,0.6152797390913894
1312,109,40,26,19.10436395646972,378.7457100639026,378.7457100639026,0.9999836527241992,0.13823992429021245,0.9997708146310671,0.13821050108734262,0.9997403561998077,0.1382062904472788,0.9992782824535029,0.1381424123633405,0.995984595655762,0.13768708590643794
1313,108,41,26,124.3806763952125,351.5910856810741,351.5910856810741,0.9995783428472291,0.12827663469650538,0.9962029906626433,0.12784347323172124,0.9958347811848981,0.1277962206346572,0.9910181532097729,0.12717809917208717,0.9646144977729249,0.12378969836552564
1314,108,40,26,23.12578059602222,-1072.5241198465892,0.0,0.9999683466139055,0.0,0.9993850351094679,0.0,0.9992992085851986,0.0,0.9980199165944742,0.0,0.9895227030860528,0.0
1315,107,40,126,34.476838052446105,925.8042439459103,925.8042439459103,0.9999308592001985,0.33789518508150884,0.999036419789295,0.33759293741357194,0.9989183718005225,0.33755304680848874,0.9972513697976695,0.3369897359104375,0.9872600560798008,0.33361348567588933
1316,118,42,26,71.51229554618016,8.931605346966606,8.931605346966606,0.9986646631890947,0.003255682705631708,0.9920629895751998,0.003234161012309399,0.9913087003042574,0.003231702002168188,0.98118975548542,0.0031987138782660876,0.9240912947870124,0.0030125708436058154
1317,119,42,25,6.958729723572656,-769.9784392577802,0.0,0.9997478080307945,0.0,0.9978671097989396,0.0,0.9976371249966105,0.0,0.9944243181503164,0.0,0.9748946339923461,0.0
1318,120,42,25,5.934278119790838,3801.604804956645,3801.604804956645,0.9998923377355247,1.3874363631847666,0.9987877088632622,1.3859035958983688,0.9986493949511825,1.3857116734844135,0.9967151515295074,1.3830277448680979,0.9848099861900277,1.3665083070462931
1319,121,42,453,54.06761738198271,2161.311290853808,2161.311290853808,0.9998555177877901,0.7887646422332891,0.9987260949287399,0.7878736646855334,0.9985865136518217,0.7877635520002582,0.9966272151328087,0.7862179032861352,0.9846081404853059,0.7767363122505744
1320,121,43,443,20.56327291673264,543.6469763739507,543.6469763739507,0.9986980729175026,0.19817280349301344,0.9922346924857901,0.19689026750448135,0.9914919448482649,0.19674288323929875,0.9814699048146002,0.1947541983463876,0.9241530471199678,0.1833807485673434
1321,121,43,443,20.56327291673264,-239.0733781186984,0.0,0.9986980729175026,0.0,0.9922346924857901,0.0,0.9914919448482649,0.0,0.9814699048146002,0.0,0.9241530471199678,0.0
1322,121,42,453,54.06761738198271,-4643.342080884248,0.0,0.9998555177877901,0.0,0.9987260949287399,0.0,0.9985865136518217,0.0,0.9966272151328087,0.0,0.9846081404853059,0.0
1323,122,42,23,5.582651206608136,2202.4625162244624,2202.4625162244624,0.9999086434926788,0.8038253770336382,0.9988695385808827,0.8029900418228287,0.9987348466915503,0.8028817631721434,0.9968387167313983,0.8013574665376029,0.9851433072206714,0.7919555406509691
1324,122,42,23,5.582651206608136,1278.0936610264516,1278.0936610264516,0.9999086434926788,0.4664615680815461,0.9988695385808827,0.46597682129021456,0.9987348466915503,0.46591398695998393,0.9968387167313983,0.4650294343958521,0.9851433072206714,0.4595734768989016
1325,123,42,23,14.86818134852476,548.2140192522606,548.2140192522606,0.9999662862462555,0.20009137096843294,0.9995611933740142,0.2000103126474764,0.9995050065292339,0.19999906976563414,0.9986736551808836,0.19983271792624135,0.9930218787343976,0.19870180810144147
1326,123,43,23,14.919441991368677,1237.0334757610092,1237.0334757610092,0.9999510471076439,0.45149511557896677,0.9994215736579687,0.4512560491996189,0.9993536941736252,0.45122540044364456,0.9983988633651788,0.45079427789273085,0.9925287463597592,0.44814381898927746
1327,124,43,22,13.734670481436313,924.903634873575,924.903634873575,0.9999864530554143,0.3375852534181795,0.999802717168662,0.3375232260520069,0.9997756228428054,0.3375140792832357,0.9993576701869378,0.3373729827185605,0.9963701787652883,0.33636443600717186
1328,124,43,22,13.734670481436313,-392.2373409512058,0.0,0.9999864530554143,0.0,0.999802717168662,0.0,0.9997756228428054,0.0,0.9993576701869378,0.0,0.9963701787652883,0.0
1329,124,44,22,167.5420836683218,1066.1952879779378,1066.1952879779378,0.9999875286598505,0.38915642674925005,0.9998290348042088,0.3890947470774986,0.9998067561288584,0.38908607707968,0.9994712045390752,0.3889554933934565,0.9971821704368437,0.38806468995201215
1330,125,44,22,7.858491947063008,113.5094236026738,113.5094236026738,0.9998960602586285,0.041426633293827585,0.9988844362674866,0.041384720761337514,0.9987592385535914,0.04137953370241319,0.9970530310598428,0.041308843922769074,0.9876940882903257,0.0409210941300252
1331,126,44,559,20.482419376300047,-453.3124405670875,0.0,0.9999246799317443,0.0,0.9990997204248141,0.0,0.9989910645453633,0.0,0.9974592033360331,0.0,0.9881491914255054,0.0
1332,125,45,22,111.37704360429385,2254.8811334921834,2254.8811334921834,0.9999643557414436,0.8230022773730072,0.9995650111277328,0.8226736041311525,0.9995100696670591,0.8226283855721139,0.9986976226650572,0.8219597160049906,0.9929825885750544,0.8172560622754041
1333,126,45,22,45.69050067149855,1226.0106799986204,1226.0106799986204,0.9999804677530686,0.4474851576381765,0.9997289802888236,0.4473726185324532,0.9996922825329023,0.4473561965106008,0.9991330359673368,0.4471059370849212,0.9952337504661638,0.4453610306158085
1334,126,46,22,6.297127372166791,1030.6823637845696,1030.6823637845696,0.9999952022495341,0.3761972578721392,0.9999313211477965,0.37617322586153606,0.9999219004648171,0.3761696818094285,0.9997745176415178,0.37611423652943315,0.9985293227266165,0.3756457953694672
1335,127,46,559,92.70950029822208,312.3885529962966,312.3885529962966,0.99998363119243,0.11401995544238769,0.9997864458021304,0.1139974720049448,0.9997586682225463,0.11399430475471423,0.9993421755802471,0.11394681550485479,0.9964808106247373,0.113620557459668
1336,127,47,22,7.51888730233005,550.9298514494392,550.9298514494392,0.9998819477762803,0.20106565672870716,0.9986138920217559,0.2008106641632157,0.99846155360022,0.2007800305220751,0.996438186217802,0.20037315279770565,0.9850613731961392,0.19808539634128824
1337,128,47,22,30.947053417906503,-833.0344943000337,0.0,0.999957875278278,0.0,0.9994465827246855,0.0,0.9993747134451948,0.0,0.9983226382120748,0.0,0.9915846194834689,0.0
1338,129,47,22,3.840713231828613,1764.3184684996038,1764.3184684996038,0.999941788335914,0.6439387540737349,0.9993120984275436,0.6435332487335453,0.9992270053556873,0.643478450816996,0.9979900028111875,0.6426818505682786,0.9901667127110625,0.6376438376173291
1339,130,47,375,56.26247830764355,1451.336401782759,1451.336401782759,0.9998648903144552,0.5296662139449315,0.9987665583096201,0.5290843859796824,0.9986288168038998,0.5290114190993122,0.996668852148561,0.5279731517608794,0.9850707116166082,0.5218291784662189
1340,129,47,22,3.840713231828613,-761.785105267343,0.0,0.999941788335914,0.0,0.9993120984275436,0.0,0.9992270053556873,0.0,0.9979900028111875,0.0,0.9901667127110625,0.0
1341,130,47,375,56.26247830764355,-46.07886365635403,0.0,0.9998648903144552,0.0,0.9987665583096201,0.0,0.9986288168038998,0.0,0.996668852148561,0.0,0.9850707116166082,0.0
1342,130,48,20,107.20575370265244,190.6433005597189,190.6433005597189,0.9999462957304974,0.06958106770319228,0.9993607098458298,0.06954031982377008,0.9992815554896234,0.06953481188335196,0.9981063744006227,0.06945303713678166,0.9901591882292217,0.06890003373909603
1343,129,48,20,55.18782921716374,1323.5994310774242,1323.5994310774242,0.999994005543499,0.4831108963386465,0.9999040344794163,0.4830674300766765,0.999890123311513,0.48306070939959483,0.9996640170822725,0.4829514743617139,0.997739356331071,0.4820216442072268
1344,129,49,20,89.04920539450409,477.25968017360856,477.25968017360856,0.9999626527241168,0.17419327737600276,0.9995550817626934,0.1741222786028584,0.9994993186309052,0.1741125646773868,0.998659100394173,0.17396619884265413,0.9928213801592392,0.17294926924297646
1345,130,49,20,28.120058613523117,813.3073589981036,813.3073589981036,0.9999813915849539,0.2968516619925807,0.9997630987328998,0.2967868601907885,0.9997334750120661,0.2967780661763819,0.9992978567023899,0.2966487497507864,0.9961036684809886,0.2957005320237173
1346,130,50,20,27.3158428781581,99.56334737689788,99.56334737689788,0.9996016292184123,0.03632614475066084,0.9968385825109851,0.03622573391527103,0.9965022471284428,0.0362135112783386,0.9918066924603524,0.0360428719020392,0.9632728005094905,0.035005932526382934
1347,130,50,20,27.3158428781581,5414.136929411776,5414.136929411776,0.9996016292184123,1.975372734839828,0.9968385825109851,1.969912512515852,0.9965022471284428,1.9692478599932715,0.9918066924603524,1.9599686927778794,0.9632728005094905,1.9035811574527624
1348,130,51,19,99.14473352523903,133.27769212113313,133.27769212113313,0.997468243106461,0.04852319687295293,0.9852209888623351,0.04792741256307852,0.9838205224188155,0.047859284971626344,0.9649946666867643,0.04694347566110312,0.8606171914860415,0.04186589167457629
1349,131,51,19,27.3820433570016,-7894.575217585244,0.0,0.999499540596974,0.0,0.9963101052063811,0.0,0.9959315757975644,0.0,0.9907319387249104,0.0,0.9599733576257878,0.0
1350,131,52,19,99.74009250035576,5622.200471748549,5622.200471748549,0.9981068989788758,2.0482183335774984,0.9887816656083858,2.0290819925965202,0.987715950939814,2.0268950361444973,0.9733871671363117,1.9974908934477302,0.893062352018106,1.8326560855382283
1351,132,51,19,87.15046084820287,-5413.821432266665,0.0,0.999956835354427,0.0,0.9994262817887438,0.0,0.9993525297976745,0.0,0.9982589052964856,0.0,0.9897080909598942,0.0
1352,132,52,19,20.35384109239644,1326.2979451669762,1326.2979451669762,0.9997635871662551,0.48398430282864985,0.9978905321415662,0.48307755923254303,0.997661995487993,0.4829669249242222,0.9944891137143057,0.48143093682372706,0.9753576985451413,0.47216944265487226
1353,133,52,19,15.41310754907164,2899.990693960788,2899.990693960788,0.9999788939556618,1.0584742626194465,0.9997026753663114,1.0581818861808523,0.9996628442685097,1.0581397250991236,0.9990545010627523,1.0574957958821916,0.9938351547587725,1.0519711355480046
1354,133,53,271,12.344377516474555,768.3025535659099,768.3025535659099,0.9999374527139807,0.28041289188911506,0.9992666231278098,0.2802247708584322,0.9991776802050437,0.28019982855617304,0.9979155159978348,0.2798458793022254,0.9902019164641956,0.2776827512523342
1355,133,53,271,12.344377516474555,-74.02304619632096,0.0,0.9999374527139807,0.0,0.9992666231278098,0.0,0.9991776802050437,0.0,0.9979155159978348,0.0,0.9902019164641956,0.0
1356,134,53,18,78.82228724601266,382.04542896412426,382.04542896412426,0.9999352377652652,0.1394375506996566,0.9991009526155513,0.1393212124874728,0.9989822786005729,0.13930466380176268,0.9971815245367828,0.1390535548033154,0.9827098696633872,0.13703553200153198
1357,135,53,18,33.12524160751111,2100.7256844537924,2100.7256844537924,0.9999285235568067,0.766710069199616,0.9991556428365939,0.7661174514109271,0.9990499387046236,0.7660364011954082,0.9973973729209874,0.7647692717991773,0.9838048977301732,0.7543470392609221
1358,136,54,18,98.89501909636697,684.9174302891646,684.9174302891646,0.9998584009278848,0.24995946301504443,0.9982647160527696,0.24956104998453002,0.9980521869946178,0.24950791881195455,0.9949974612564001,0.24874425307241127,0.9769537408809178,0.24423341568617382
1359,135,54,18,25.73414966808297,-652.2461794409807,0.0,0.9999161125993022,0.0,0.9991425465728588,0.0,0.999043042570584,0.0,0.9976020127662141,0.0,0.988001205842379,0.0
1360,134,54,18,102.10428979918504,-241.54876505802656,0.0,0.9998703093300566,0.0,0.9986120898987041,0.0,0.998453171612487,0.0,0.9962154892386785,0.0,0.9822448572888546,0.0
1361,134,55,18,109.35807020188577,2058.671660040231,2058.671660040231,0.9980291558006714,0.7499342337133623,0.9883513371667408,0.7426621741156333,0.9872517345619956,0.7418359160529444,0.9724995830273373,0.7307509258074522,0.8895886447325849,0.6684503901816681
1362,135,55,18,33.92652579424667,-4166.751639432526,0.0,0.9998899296802025,0.0,0.9987868890224304,0.0,0.9986453944624989,0.0,0.9966099379554934,0.0,0.9831413515186133,0.0
1363,135,56,17,4.1449769375192265,2149.91995246138,2149.91995246138,0.9999698227078979,0.7846971019001272,0.9995912386553214,0.7844000191260911,0.9995379171121391,0.7843581766029931,0.9987369288830429,0.7837296244929645,0.9933229097447563,0.7794811311574947
1364,136,55,170,139.67354403040392,-212.88994895750392,0.0,0.999945681875373,0.0,0.9993317180701987,0.0,0.9992474696027538,0.0,0.9979729215909805,0.0,0.9885599517973095,0.0
1365,136,56,170,41.3845293632331,70.55201558469916,70.55201558469916,0.9999844157880949,0.025751084371805354,0.9997932826325352,0.025746162409085376,0.9997651194606396,0.02574543716556737,0.9993162947568069,0.025733879262630016,0.9950920915346518,0.025625099753809725
1366,134,56,17,116.3314182059339,533.7134565655509,533.7134565655509,0.9998348133086453,0.19477323238501823,0.9983253485069349,0.19447918047295523,0.9981359219029448,0.19444227914538814,0.9954725154989299,0.1939234331644723,0.9790125344640506,0.19071693978328025
1367,135,56,17,4.1449769375192265,1034.210614691394,1034.210614691394,0.9999698227078979,0.37747548283068655,0.9995912386553214,0.37733257231999595,0.9995379171121391,0.37731244413732395,0.9987369288830429,0.37701008159432137,0.9933229097447563,0.3749663604320715
1368,135,57,17,7.65638426852271,86.30341733723473,86.30341733723473,0.9999715135169394,0.031499849982585516,0.999600932163187,0.03148817639299646,0.999543482022265,0.031486366670623316,0.9985797706081639,0.03145600904087052,0.9908213314872688,0.031211612410462834
1369,134,57,17,23.967687685827038,1301.6482644700293,1301.6482644700293,0.9999582683190914,0.47508178974250054,0.9993752783411645,0.47480481026156557,0.9992904980377371,0.4747645310023572,0.9979987502254974,0.4741508195286111,0.9887594654675927,0.4697612204045353
1370,135,58,17,121.89964793913704,1432.162970052534,1432.162970052534,0.9999142548376717,0.5226946616872581,0.9986916186650299,0.522055541485167,0.9985164276679518,0.5219639622337408,0.9959943212075505,0.520645557603863,0.9822381375337885,0.5134546572474799
1371,134,58,17,22.437712339280687,-528.120136976725,0.0,0.9999780207414105,0.0,0.9996548368488279,0.0,0.9996047983826724,0.0,0.9987878821598469,0.0,0.9924673862931868,0.0
1372,134,58,17,22.437712339280687,1464.6138644685689,1464.6138644685689,0.9999780207414105,0.5345723107697234,0.9996548368488279,0.5343995418121285,0.9996047983826724,0.5343727920457082,0.9987878821598469,0.5339360816541965,0.9924673862931868,0.5305572453092278
1373,134,59,16,82.93396227418705,-375.7040936652808,0.0,0.9999755114092714,0.0,0.9996230642044007,0.0,0.9995711183980392,0.0,0.9987753311626728,0.0,0.9931289285780837,0.0
1374,134,60,16,8.368366889379766,840.7122957928614,840.7122957928614,0.9999570130607865,0.3068467969927447,0.9993116502851912,0.3066487609791929,0.9992060692930347,0.30661636239721046,0.9974606233223157,0.30608075486764313,0.9850316596985911,0.3022668032396571
1375,134,60,16,8.368366889379766,-403.3645945674144,0.0,0.9999570130607865,0.0,0.9993116502851912,0.0,0.9992060692930347,0.0,0.9974606233223157,0.0,0.9850316596985911,0.0
1376,133,60,16,138.83559954268068,2416.9938843522955,2416.9938843522955,0.9998755257131409,0.8820929562282023,0.9982890163214914,0.8806933332517666,0.9980744731952134,0.880504062711954,0.9950938795177193,0.8778745747200155,0.9782253322018417,0.8629930955893758
1377,134,61,15,110.25307442668358,-578.7749280841348,0.0,0.9998780126759305,0.0,0.9982394045954445,0.0,0.9980164190806434,0.0,0.9949267006120092,0.0,0.977357946028744,0.0
1378,133,61,15,116.61725792088733,-662.4975465987327,0.0,0.9998714594167863,0.0,0.9983609189035811,0.0,0.9981619223512286,0.0,0.9953029266092451,0.0,0.9777358875883713,0.0
1379,133,62,15,1.528900756370024,-780.7782171210204,0.0,0.9998726392074572,0.0,0.997973450181028,0.0,0.9977144128000095,0.0,0.9939881480769813,0.0,0.9704327557168422,0.0
1380,133,63,15,87.6113857065127,3008.8704421290963,3008.8704421290963,0.9994614308727536,1.0976462344513949,0.9947639791558375,1.0924873158285042,0.9942405641448258,1.0919124817247103,0.9872940814188381,1.084283592433601,0.9484515534309044,1.0416252633920309
1381,132,63,15,67.89323167507324,-1689.8587878325827,0.0,0.9999474572027609,0.0,0.9991063991693276,0.0,0.9989841873762314,0.0,0.997162951022781,0.0,0.9848084160031604,0.0
1382,132,64,15,159.68009223614533,1208.2935632800034,1208.2935632800034,0.9999354445607133,0.4409986798957571,0.999114716669842,0.4406367166126305,0.9990067730006197,0.44058911052376837,0.9974642942912885,0.4399088355337351,0.9876401017922727,0.43557609990897583
1383,131,64,15,131.8362604252743,-79.21973773418559,0.0,0.9982834136768716,0.0,0.9890376063859978,0.0,0.9879786244984512,0.0,0.9736973515968012,0.0,0.8925266547354785,0.0
1384,131,63,15,37.6790454120562,-3856.3014768580206,0.0,0.9998538676169187,0.0,0.9982945483394862,0.0,0.9980925101107616,0.0,0.9952020934121744,0.0,0.9768246929780257,0.0
1385,130,63,15,55.03798613527493,2536.24564407742,2536.24564407742,0.9999287361397345,0.9256636890191181,0.9988836777012902,0.9246962474261246,0.9987332115701901,0.9245569564657266,0.9964833375036886,0.9224741813109028,0.9811978975803862,0.9083239962064047
1386,129,63,15,129.23160817506144,1255.937123866365,1255.937123866365,0.9998796058758249,0.4583618594919561,0.9986024505588466,0.4577763897188854,0.9984326833484138,0.4576985655350562,0.9960085916702411,0.4565873205785067,0.9808613152086247,0.44964355078423857
1387,129,64,15,61.46815505338117,831.3954372182196,831.3954372182196,0.9998903317062299,0.30342605471719764,0.9984090247229123,0.3029765382857245,0.9982058033199418,0.3029148688540057,0.9952492977890804,0.3020176896529147,0.9758523024771887,0.2961314903626264
1388,130,64,15,133.356132548452,2310.6461877331417,2310.6461877331417,0.9996497573918404,0.8430904688598229,0.9968801618710701,0.8407546311637777,0.9965494224082179,0.8404756901779528,0.9920094853900167,0.8366467714982185,0.9648868948222977,0.813771962166906
1389,129,65,15,13.09058465970518,-491.9190186117145,0.0,0.9998952482766026,0.0,0.9987096016400108,0.0,0.9985483107012323,0.0,0.9962099914413262,0.0,0.9805424203075479,0.0
1390,129,66,15,41.66536507150648,1914.2979083685125,1914.2979083685125,0.9999845156285756,0.6987079173340691,0.9997528715738314,0.6985460632928079,0.9997183095010425,0.698521914124976,0.9991855160235726,0.6981496413395538,0.9952088034588985,0.6953710377607243
1391,129,67,15,58.68157584981987,461.1723294486896,461.1723294486896,0.99998412814735,0.16832522857314208,0.9997212541868401,0.16828097955133936,0.9996776609330078,0.16827364159045677,0.9989446165007215,0.16815024976038098,0.9924602396625265,0.16705874822278582
1392,129,68,15,127.07066738177564,1010.408885340066,1010.408885340066,0.9997498436710817,0.36870698568435006,0.9970498500191853,0.3677112300690232,0.9967168394768546,0.367588416033051,0.9922063567179124,0.36592495340531594,0.9664798319650402,0.35643703054759945
1393,128,68,15,32.18040557805493,-1024.8693156311278,0.0,0.9998014277226199,0.0,0.9970413657638928,0.0,0.9966489232881431,0.0,0.9909480713385826,0.0,0.9544522872390708,0.0
1394,127,68,15,148.01773902311197,3701.71976709974,3701.71976709974,0.9996141064734447,1.3506063235526404,0.996006286341382,1.3457316977815066,0.9955939955782646,1.3451746403048235,0.9901520553155924,1.3378218839925995,0.9616643076367316,1.2993312985660088
1395,127,69,15,44.5280036257608,-1280.468745457015,0.0,0.9998387284213783,0.0,0.9976182119156874,0.0,0.9973183075254356,0.0,0.9930078931672442,0.0,0.9656121393035269,0.0
1396,126,68,15,116.89629755035152,2938.938896118036,2938.938896118036,0.9993360486197561,1.0720004680072497,0.9942979749848765,1.0665960624502748,0.993709799698156,1.0659651193520994,0.9857363503331791,1.0574118989787396,0.9395146706198929,1.00782931626979
1397,126,69,15,74.49322880854402,-2321.9491183792707,0.0,0.9996571825730972,0.0,0.9964062209112988,0.0,0.9959971821496164,0.0,0.9902294733725877,0.0,0.9543264854353389,0.0
1398,126,70,15,82.02899109965514,5021.100875217035,5021.100875217035,0.997490660644092,1.828102948651017,0.9845468496019898,1.8043808026034847,0.983057057207569,1.8016504573716206,0.9629488693100331,1.7647981448258792,0.8501856748875323,1.5581368332402927
1399,125,70,15,72.86406055209262,-6831.201975486445,0.0,0.9997537300322764,0.0,0.9973502469585854,0.0,0.997042941313944,0.0,0.9926879612253939,0.0,0.9654041584707956,0.0
1400,124,70,15,114.62242818661971,4447.2538323309855,4447.2538323309855,0.9997209427736213,1.6227946698142097,0.996962494102174,1.6183170244939449,0.9966256776446358,1.6177702879711688,0.9921051700717876,1.6104323846821569,0.966541062097978,1.5689355065199804
1401,124,71,15,0.924088254452606,-1049.0310814339562,0.0,0.9999067124656408,0.0,0.9984405097703937,0.0,0.9982174641409054,0.0,0.9948193405309317,0.0,0.9714947407863286,0.0
1402,124,71,15,0.924088254452606,2257.817242928138,2257.817242928138,0.9999067124656408,0.8240264151044466,0.9984405097703937,0.8228181126341075,0.9982174641409054,0.8226342999962077,0.9948193405309317,0.8198338951369349,0.9714947407863286,0.8006120156639017
1403,124,72,14,57.108461463656425,674.1041238985279,674.1041238985279,0.9997568060078632,0.24598816782631522,0.9974286872681662,0.2454153388544906,0.9971303848600211,0.24534194214201327,0.992867421764449,0.24429304857600864,0.9658822357879316,0.23765339739591584
1404,124,73,14,103.92634465077,3520.0580060570555,3520.0580060570555,0.9977845656056474,1.281974735195317,0.9862133763362259,1.2671078262343056,0.9848758734265111,1.2653893741780105,0.9667745865618125,1.242132457569984,0.8640867954265973,1.110197009391896
1405,123,73,14,113.61091792651573,-6796.79876668944,0.0,0.9998696149492838,0.0,0.9985034867716875,0.0,0.9983256592515807,0.0,0.9957694846426648,0.0,0.9793030537569665,0.0
1406,122,73,14,126.2031625946425,2542.0617486505,2542.0617486505,0.9998276729947869,0.9276926442082353,0.9980296024952187,0.9260242999312449,0.99779813508884,0.9258095323107127,0.9945664849325413,0.9228110375104309,0.9755477120926895,0.9051644208564328
1407,122,74,14,52.963073360140015,-741.8586554858152,0.0,0.9999297280918295,0.0,0.9988924209234046,0.0,0.9987373567624726,0.0,0.9963198444962718,0.0,0.9783696581051677,0.0
1408,122,75,14,45.05033653495522,3854.405038720023,3854.405038720023,0.9999635098857144,1.406806502729475,0.9993065571816487,1.4058822636678205,0.999200273123474,1.4057327371074029,0.997453796203075,1.4032756923610747,0.9834301901031127,1.3835464721864323
1409,121,76,14,8.680462699289372,2280.2397889481726,2280.2397889481726,0.9997822445425939,0.8321062878158261,0.9972739254393441,0.8300186451225738,0.9969411325310938,0.8297416657373055,0.9921166037100783,0.825726270595384,0.9618219261866557,0.8005123884803585
1410,121,77,14,136.70426496356353,5463.261639841267,5463.261639841267,0.9989485877033666,1.9919938872712957,0.9930953386762323,1.9803219790006867,0.9924286190398782,1.9789924797086416,0.983473229164328,1.9611346218470669,0.9325581904383604,1.8596054268907138
1411,122,76,14,120.93262876304246,-3609.271663043558,0.0,0.9997999596082634,0.0,0.9978940401865012,0.0,0.9976496190737802,0.0,0.9942105734982863,0.0,0.9733397761601735,0.0
1412,122,77,14,24.947115488756683,-1129.9993883742222,0.0,0.9997594043864004,0.0,0.9970284114555713,0.0,0.9966873454062927,0.0,0.9918796298657003,0.0,0.9621115717553916,0.0
1413,123,77,14,138.1761592084238,5357.909881697092,5357.909881697092,0.9988671157914947,1.953421596423556,0.9924364751446577,1.94084559695398,0.991694037523622,1.9393936583927838,0.9816412248148697,1.9197340048316414,0.9236951123932999,1.8064124371840893
1414,123,78,14,126.98215350796904,-3634.577829519339,0.0,0.9985817223523215,0.0,0.9908942926469643,0.0,0.9900051923878147,0.0,0.9779593235201748,0.0,0.908645927788188,0.0
1415,122,78,239,10.744832005614022,-4641.631602951258,0.0,0.9998143322370043,0.0,0.9976923560286711,0.0,0.9974143643586061,0.0,0.993398312315777,0.0,0.967647242488068,0.0
1416,122,79,13,29.909433317413363,1429.7691551667162,1429.7691551667162,0.9997147430858889,0.5217168758248121,0.9970540241323084,0.5203283377548172,0.9967237701564597,0.5201559895187827,0.992179731427913,0.5177846113776877,0.965569971207251,0.5038978891253798
1417,122,78,239,10.744832005614022,-1789.8249742211665,0.0,0.9998143322370043,0.0,0.9976923560286711,0.0,0.9974143643586061,0.0,0.993398312315777,0.0,0.967647242488068,0.0
1418,122,79,13,29.909433317413363,1846.843813868499,1846.843813868499,0.9997147430858889,0.6739057009489781,0.9970540241323084,0.6721121156449282,0.9967237701564597,0.671889492102938,0.992179731427913,0.6688263647201728,0.965569971207251,0.6508887787861731
1419,122,80,12,139.4817760610674,159.13443493979216,159.13443493979216,0.9994283102879014,0.058050862688481204,0.995325681353986,0.05781256530741553,0.9948670618586861,0.057785926821119035,0.9887778016011536,0.05743223780966547,0.9544517870208155,0.055438443218763796
1420,123,80,12,107.95793688260416,-1690.9261316818456,0.0,0.999844059357729,0.0,0.9976641451016761,0.0,0.9973800027162063,0.0,0.9933398815460409,0.0,0.96758566549106,0.0
1421,123,81,12,25.696039214857564,5155.26840273934,5155.26840273934,0.999822910157872,1.8813397418311966,0.9977127006218239,1.8773690175925095,0.9974414204696349,1.8768585570636516,0.9936070090871411,1.8696434488208569,0.9679777223584253,1.8214175128199437
1422,124,81,12,162.0261456081481,4564.0839719040405,4564.0839719040405,0.9993964269512958,1.6648851630467003,0.9951897611246632,1.6578773177795114,0.9947133809366153,1.6570837204785185,0.9883377175766092,1.6464625625011626,0.9526020820682749,1.5869309014451343
1423,124,82,12,3.766473528124024,-2184.292761956342,0.0,0.9996688974562434,0.0,0.9963620644112933,0.0,0.9959469407834628,0.0,0.9900543479498235,0.0,0.9518572025519844,0.0
1424,125,82,12,46.532947024294174,5580.498284889853,5580.498284889853,0.998655719065269,2.0341437325152993,0.9913627100737128,2.0192887346935904,0.9905140398499891,2.0175600936978966,0.9789989766575427,1.994105270203413,0.912790084435721,1.8592455777401717
1425,125,83,12,71.03963637009852,-4625.589222701578,0.0,0.9998021199012073,0.0,0.9978506345008545,0.0,0.997597084722844,0.0,0.9938652240793293,0.0,0.9692401814869193,0.0
1426,126,83,12,148.41779638652906,4269.420285695503,4269.420285695503,0.9999134633662707,1.5582035509191414,0.9987760865340274,1.5564311329213192,0.9986234428341173,1.556193262381578,0.9964023219355992,1.5527320043848714,0.9817127766282973,1.5298407217911079
1427,126,84,12,39.68306812926514,1476.6046639251972,1476.6046639251972,0.9999164704281858,0.5389156831760065,0.9988081038391454,0.5383183171407352,0.9986467889449074,0.53823137475204,0.9961001576409114,0.5368588405558558,0.9784978513311318,0.5273718891844617
1428,126,84,12,39.68306812926514,2329.3071442521823,2329.3071442521823,0.9999164704281858,0.8501260910516867,0.9988081038391454,0.8491837609834663,0.9986467889449074,0.849046611526964,0.9961001576409114,0.8468814729580505,0.9784978513311318,0.8319160430454705
1429,126,83,12,148.41779638652906,53.23052508845171,53.23052508845171,0.9999134633662707,0.019427460324769608,0.9987760865340274,0.01940536206917823,0.9986234428341173,0.01940239633310959,0.9964023219355992,0.019359241860534324,0.9817127766282973,0.01907383660387765
1430,127,83,11,57.59377969903066,599.9985547227532,599.9985547227532,0.9989892162194791,0.21877811135908576,0.9931382689982352,0.2174967570041613,0.992456186508987,0.21734738129883235,0.9831666742180708,0.21531298300758273,0.9289851449918461,0.20344725668921548
1431,127,84,274,135.46368121182843,-3583.320941913098,0.0,0.9999395727970559,0.0,0.9992953979961489,0.0,0.999211884406653,0.0,0.9980038777433674,0.0,0.989696104562801,0.0
1432,128,84,11,35.98015716434731,565.4161393130672,565.4161393130672,0.9996306787676426,0.206300671481611,0.9959965234571733,0.20555066580777295,0.9955441411172335,0.2054573045469811,0.9892584105059541,0.20416007500670919,0.9505440047762422,0.19617031632113408
1433,129,84,11,170.67103469538412,4937.608537276955,4937.608537276955,0.9998621191235741,1.8019786234518012,0.9985349765718424,1.799586811158132,0.9983727116966378,1.799294373000047,0.9960168044278646,1.7950484930372321,0.980971167999827,1.7679328390875493
1434,129,85,11,10.825939539983445,401.1775097322282,401.1775097322282,0.9995106597219221,0.14635813705759088,0.9951581456192582,0.14572079932698578,0.9946438190265877,0.14564548659148843,0.9872826831057324,0.14456759699669028,0.9450793138257535,0.13838776645132145
1435,130,85,11,106.52576582847354,7068.578021985062,7068.578021985062,0.998555118364012,2.57630313864412,0.9914163402207191,2.5578848698891794,0.990699584232074,2.556035617234791,0.9790867145896336,2.5260740538135336,0.9129331092773136,2.3553957027997385
1436,130,84,11,21.64432619188288,-4612.937312909358,0.0,0.9989473834487894,0.0,0.9931322643564673,0.0,0.9925777833217833,0.0,0.9837211742193919,0.0,0.9319723077879826,0.0
1437,131,84,11,39.92316472229173,-3449.697602722192,0.0,1.1208122236108422,0.0,1.0085093200537831,0.0,0.9970779501792407,0.0,0.9935467068779209,0.0,0.9645345844418995,0.0
1438,132,84,11,24.39412342035146,6071.667813146173,6071.667813146173,0.5637105137193027,1.249271988459778,0.7577033930061347,1.6791910056778523,0.9744987134822086,2.1596438524998325,0.9210944302443136,2.0412914828186532,0.7768976889150437,1.7217286125409885
1439,133,84,11,6.931984439963225,3527.143213455995,3527.143213455995,-0.9769892856397272,0.0,0.35675440605162567,0.45928821699406325,0.9153749171920065,1.1784603258336945,0.7876433315251824,1.0140177534657149,0.47460802434910904,0.6110138223291719
1440,134,84,11,155.2623865869113,6367.2440194445,6367.2440194445,0.09760707467422247,0.22684314280334425,0.44071125123727034,1.0242323687409804,0.9186759055120156,2.1350432877903867,0.8035618087069842,1.8675130540713964,0.4816898403283063,1.1194684155960184
1441,134,83,11,66.08174087473459,-2740.3029969174204,0.0,1.7633827074647646,0.0,0.4999844136647049,0.0,0.953156643704418,0.0,0.7161841257190813,0.0,-1.2665827755637626,0.0
1442,135,83,107,1.5173502761516349,-7349.426132373514,0.0,100000.0,0.0,19277.10843373,0.0,2409.63855422,0.0,3734.93975904,0.0,4216.86746988,0.0
1443,135,83,107,1.5173502761516349,1000.4517232848398,1000.4517232848398,100000.0,36516.48789989665,19277.10843373,7039.322968652974,2409.63855422,879.915371082991,3734.93975904,1363.8688251782705,4216.86746988,1539.851899393408
1444,136,83,10,39.85843125171024,2504.1954086402866,2504.1954086402866,100000.0,91403.13241537046,15333.33333333,14015.146970353757,800.0,731.2250593229637,253.33333333,231.55460211589173,1400.0,1279.6438538151865
1445,137,83,9,71.91974066205567,2995.3613877615385,2995.3613877615385,1996.7844124815476,2183.098189023438,343.3193849251123,375.35345468527356,31.647066472341102,34.599956345718255,38.05865268106027,41.60978782954241,54.486353781216685,59.57030690080254
1446,142,82,134,49.75412964863082,-571.017479853689,0.0,1688.510527542486,0.0,298.2340789599816,0.0,30.058007794123615,0.0,39.071275701500255,0.0,51.68536714296611,0.0
1447,141,82,8,130.96224923381925,-2650.681718197636,0.0,1664.0630507138583,0.0,293.9206012790183,0.0,29.643366628002187,0.0,38.52512751105496,0.0,50.92672617351902,0.0
1448,141,83,9,35.69777376306516,340.2867975686011,340.2867975686011,524.5241434732434,65.14835397592206,93.25966188391368,11.583286564954745,9.870021898099322,1.2259029224272073,12.620581327131893,1.5675352791912862,16.452394086624647,2.043464361067043
1449,140,83,9,7.0878672729710885,6545.781284774933,6545.781284774933,227.2452803855211,542.9367347413563,49.6710497630349,118.67457719590932,5.417807959456407,12.944281870112759,7.239134655443668,17.29581413313261,9.46913777404341,22.62376026086538
1450,139,83,9,46.813498617365696,3266.888401821077,3266.888401821077,114.10806890126536,136.0640892994266,21.379888322611578,25.493683855579924,2.446864154614782,2.9176757265531093,2.6943232621537447,3.2127494967986814,3.6810791517700907,4.389371297292623
1451,138,83,9,19.798539118968936,2169.312333743964,2169.312333743964,893.4628629326972,707.4430030302639,151.07731313614295,119.62286573832384,13.191864774886941,10.445305360854345,14.530308500334135,11.505083766651051,22.291945182512332,17.650739944062444
1452,137,83,9,71.91974066205567,3144.737024180228,3144.737024180228,1996.7844124815476,2291.967083001391,343.3193849251123,394.07195102586616,31.647066472341102,36.3254210994263,38.05865268106027,43.68482577443942,54.486353781216685,62.54101772765668
1453,142,82,134,49.75412964863082,-1081.0708801854337,0.0,1688.510527542486,0.0,298.2340789599816,0.0,30.058007794123615,0.0,39.071275701500255,0.0,51.68536714296611,0.0
1454,141,82,8,130.96224923381925,-6522.665582551752,0.0,1664.0630507138583,0.0,293.9206012790183,0.0,29.643366628002187,0.0,38.52512751105496,0.0,50.92672617351902,0.0
1455,141,81,471,10.609579718899148,1060.7601583224152,1060.7601583224152,1511.9027017704168,585.3746444937973,269.236880631702,104.24245098566784,27.178465091312567,10.522889020625648,35.322506469039915,13.67607825737181,46.620079594559854,18.050243899281053
1456,141,81,471,10.609579718899148,3438.686502324489,3438.686502324489,1511.9027017704168,1897.620185893139,269.236880631702,337.9247479850069,27.178465091312567,34.112250688138744,35.322506469039915,44.334004571525305,46.620079594559854,58.5138210302738
1457,141,80,7,107.24841641054417,2667.7367955849286,2667.7367955849286,1659.5420520919074,1615.935809607927,293.16359478839036,285.4604077641727,29.551833224904605,28.775327197939543,38.403039724265895,37.393958779177844,50.79755060511422,49.46279062932048
1458,142,80,7,4.730622151523474,-8628.135595985259,0.0,1415.764176590162,0.0,250.9084148994687,0.0,25.38525065833703,0.0,32.969348870261506,0.0,43.62399646312668,0.0
1459,143,80,7,19.80875352075196,9493.583242138464,9493.583242138464,321.3855181190101,1113.651561714427,60.52768740972051,209.73799319058605,6.611114321360432,22.908554908592087,8.395986496560514,29.093418797313227,10.819514465686229,37.49132584512242
1460,144,80,6,11.77518748347224,-17.222002917712995,0.0,228.32930849098824,0.0,43.21674925237675,0.0,4.866246915864159,0.0,6.0818661352540815,0.0,7.750840298145245,0.0
1461,144,80,6,11.77518748347224,1769.6867961380303,1769.6867961380303,228.32930849098824,147.48604727885757,43.21674925237675,27.915240341237823,4.866246915864159,3.1432825135195586,6.0818661352540815,3.928494341334936,7.750840298145245,5.0065443031298
1462,144,80,6,11.77518748347224,1127.287381085788,1127.287381085788,228.32930849098824,93.94835309078633,43.21674925237675,17.781959070569833,4.866246915864159,2.0022654406479745,6.0818661352540815,2.5024439959195943,7.750840298145245,3.1891599282322742
1463,144,79,5,76.32382578706496,2299.7248432411016,2299.7248432411016,1221.3421851748178,1025.1941023508894,219.58673293355102,184.3210087153042,22.23364752131273,18.662914119629523,28.96632931803864,24.314324309821732,38.32990768016658,32.17410793989419
1464,145,79,553,94.57280110224237,3236.61855192976,3236.61855192976,1625.1034917016475,1919.8416401672948,287.1554872858613,339.23566376481483,28.955489090092282,34.207023706755244,37.625232833874655,44.449162212940344,49.76685819785575,58.79286282776971
1465,145,78,4,21.55402979103359,-5282.542431554231,0.0,1514.0141447796336,0.0,268.2029161786155,0.0,27.082361240147026,0.0,35.19518956024167,0.0,46.533139415741154,0.0
1466,145,78,4,21.55402979103359,3069.561874492667,3069.561874492667,1514.0141447796336,1696.286435134237,268.2029161786155,300.49188783731523,27.082361240147026,30.342808989907535,35.19518956024167,39.43234139447596,46.533139415741154,52.135267987619024
1467,145,77,4,90.81236820849716,7720.378837716726,7720.378837716726,1631.9697475353598,4598.790016473054,288.379080238776,812.6344481352158,29.080375962164766,81.9467044974672,37.78705848525779,106.4815984342392,49.97836616413398,140.83595097419172
1468,145,76,4,144.22340575139123,-14638.751459763484,0.0,1557.3327479798074,0.0,277.14130450876974,0.0,27.93906875444681,0.0,36.38173711739359,0.0,48.3224429468552,0.0
1469,144,76,4,64.27367635633121,3759.584413930861,3759.584413930861,1447.870380732127,1986.8376846293158,258.3211217967855,354.4807231031606,26.054280323744482,35.75294217078737,33.90047034940151,46.519863181945354,44.79313778748438,61.467307677062585
1470,145,75,4,2.948722305114438,-587.0871673132831,0.0,1472.4494325971298,0.0,261.2739034677506,0.0,26.3828408603643,0.0,34.30772484323573,0.0,45.480769376810095,0.0
1471,146,75,3,8.406847286410152,-1710.1712762368668,0.0,1339.3363044168407,0.0,238.40040856857541,0.0,24.11129192951446,0.0,31.379140622755877,0.0,41.74064225899294,0.0
1472,148,73,3,5.383092377194715,2241.511684431385,2241.511684431385,1516.864125716462,1241.0250614432102,269.19039043284346,220.23859300453083,27.159222643833118,22.220365937122267,35.36053090439308,28.930280764311377,47.07930769567454,38.518018677600146
1473,147,73,3,99.11394542393724,3832.215196803489,3832.215196803489,1629.1277982350007,2278.75643166488,287.7654991507194,402.51445142081195,29.024555928417918,40.598345672914924,37.701818362846666,52.735740666187425,49.83638568582044,69.70907042132076
1474,147,74,3,62.17321579686838,-11066.00285719153,0.0,1605.6781712554766,0.0,283.17219803123476,0.0,28.59454117144218,0.0,37.09714917459867,0.0,48.85542080240081,0.0
1475,148,74,3,162.74957913497684,3300.4693494751505,3300.4693494751505,1618.2845396631267,1949.5009604889935,285.90868002246197,344.42598483450746,28.84623298927025,34.750229357550474,37.47115939603341,45.14043077270571,49.51671326058911,59.6513639572133
1476,148,75,3,42.53086752468221,2401.289661416255,2401.289661416255,1627.7034566306604,1426.6344310244278,287.6604241738391,252.12594093704783,29.00873401415421,25.425306173821337,37.69503733516782,33.03859675546796,49.89113841698291,43.72812233010077
1477,147,75,3,39.63767961129035,-13668.999036493591,0.0,1565.8469980457696,0.0,276.76053844787214,0.0,27.93177398315342,0.0,36.28560475682002,0.0,47.96727590430017,0.0
1478,146,75,3,8.406847286410152,9549.963043058931,9549.963043058931,1339.3363044168407,4668.573456433904,238.40040856857541,831.0010083172165,24.11129192951446,84.04561059925288,31.379140622755877,109.37941614364777,41.74064225899294,145.49688070292817
1479,148,73,3,5.383092377194715,5801.388773637535,5801.388773637535,1516.864125716462,3211.9702561737245,269.19039043284346,570.0125097952941,27.159222643833118,57.509841411529365,35.36053090439308,74.87616826179234,47.07930769567454,99.6907590047544
1480,149,73,2,166.41813746842269,2492.500145447487,2492.500145447487,1575.177255554657,1433.037281580078,278.5177046933552,253.38497810212914,28.091385201103318,25.556490320343563,36.499648902168964,33.206013772065006,48.232230428164165,43.87987709547139
1481,149,74,2,74.0986703149913,-1535.864656481187,0.0,1484.5157104643258,0.0,264.5728457861285,0.0,26.68970292158141,0.0,34.75196106135346,0.0,46.18331334817658,0.0
1482,150,74,2,116.72210569140096,46.72752786021852,46.72752786021852,1371.26273382778,23.387636923495208,246.24250111590936,4.199800715911194,24.84722964413366,0.4237831096376086,32.382109327924496,0.5522946092645304,43.06505567085406,0.7344981098615186
1483,150,73,2,65.06288380632972,-288.613681330545,0.0,1601.9406474463149,0.0,283.11413442856406,0.0,28.55373090766686,0.0,37.10375472119368,0.0,49.08385275920461,0.0
1484,151,73,2,19.260149636746625,-3438.627269083729,0.0,1314.4154429407638,0.0,239.8222770057888,0.0,24.149356247410584,0.0,31.614685057894498,0.0,42.10071872475321,0.0
1485,152,73,2,97.29137452219416,7725.289328165009,7725.289328165009,428.29007241333255,1207.662624907414,167.1036940460442,471.1874002734625,15.29772191392296,43.13545466410574,22.854599712724657,64.44381426997113,31.266013753745455,88.1617358709156
1486,153,73,2,77.23198028538988,109.18982576087488,109.18982576087488,63.60804359978464,2.5350531871424753,98.81886510781557,3.9383553519985703,7.337303270938359,0.29242298598358674,15.103391096851373,0.6019348744261959,22.789592776507458,0.9082629575162717
1487,153,72,2,15.85435590280401,310.6381894223039,310.6381894223039,165.95129508079373,18.816045590207253,76.33436565688434,8.655014735499448,6.910071808321474,0.7834842512900072,11.59951976927363,1.3151876440428143,17.310046280472868,1.9626639239145682
1488,153,71,2,122.76790312427538,3144.836621217432,3144.836621217432,2.5179973415457884,2.8903219419147863,5.318109951318587,6.104474229657154,1.0711329783678418,1.2295164490461843,1.80144957014462,2.0678215715055286,3.6660470263100686,4.208128414357487
1489,154,71,2,60.67966303323764,1619.147617892449,1619.147617892449,1.112787640595535,0.657645121984003,1.344727839373156,0.7947192004096676,0.9987127261227883,0.5902281159831141,0.9978001439801278,0.5896887900842308,1.684497627933343,0.9955193673890199
1490,155,71,2,29.580052499373096,1645.3429615176008,1645.3429615176008,0.9992888584960069,0.6001231047950174,0.99796738145155,0.5993294915168423,0.9979184909324925,0.5993001303067754,0.9950986671585662,0.5976066846290858,1.0893605113145721,0.6542156521940258
1491,156,71,2,19.899545936656477,2195.404173686747,2195.404173686747,11.018493593563063,8.829367090412898,3.1434703481128317,2.5189335915692164,0.9989546993545219,0.8004849004447211,0.9980080871017256,0.7997263587256332,0.9936621783294504,0.7962438841417863
1492,157,71,2,27.3594495110826,1275.0966370006806,1275.0966370006806,880.5327295286742,409.8089775997305,157.89238486473127,73.48473786639815,16.1761726449899,7.528556918796695,20.97573067935798,9.762320531476698,27.61157892862683,12.850712473472388
1493,158,71,2,38.60518827242992,2880.6108954629435,2880.6108954629435,1552.766924733336,1632.614822347988,275.03913395245996,289.18246496888406,27.742224737426614,29.168812517699635,36.07521914354708,37.93031430220701,47.74657554084454,50.201846589260455
1494,158,71,2,38.60518827242992,-1792.491711882673,0.0,1552.766924733336,0.0,275.03913395245996,0.0,27.742224737426614,0.0,36.07521914354708,0.0,47.74657554084454,0.0
1495,159,71,1,149.9147788454293,-1481.01064374079,0.0,1555.4302018068363,0.0,275.50847594180294,0.0,27.786396397294943,0.0,36.134099384307746,0.0,47.82679928261819,0.0
1496,159,72,1,27.429090827870464,-2754.0593487468755,0.0,1346.030305072816,0.0,239.16441643718093,0.0,24.18129165569434,0.0,31.45990160039268,0.0,41.70217933821808,0.0
1497,160,72,1,72.46775174630177,4705.513475555192,4705.513475555192,1148.876032027818,1973.2088524139851,204.8238173617195,351.7874499392327,20.761966733145254,35.65893569827291,27.025566920729055,46.416746805453364,35.778884119446026,61.45067779799904
1498,161,72,1,127.710251659789,-314.6125094833847,0.0,571.9253880112028,0.0,107.97489775912086,0.0,11.155906020393253,0.0,14.634667381378835,0.0,19.5134757388457,0.0
1499,161,73,1,80.24103848694698,602.370934067486,602.370934067486,1226.1291800158574,269.5833715005467,220.19870995795426,48.41407544820735,22.206472942659122,4.882434854817084,28.9911398898028,6.374148305512108,38.448345578192594,8.453460531339159
1500,162,73,1,23.10706821635087,-643.653935442807,0.0,789.8396766023992,0.0,158.98114685538297,0.0,15.85604668352798,0.0,21.37196628851465,0.0,28.765352642572196,0.0
1501,163,73,1,71.78600035526607,1071.860345390108,1071.860345390108,21.846421281610947,8.54695412106254,14.560841379031556,5.696623791440259,1.818444154252878,0.7114281354262911,3.589922414418975,1.4044818498506269,11.60770257190121,4.541270172084842
1502,163,74,1,109.93120067041984,148.35955825061765,148.35955825061765,820.1728062923615,44.413373459207016,175.6229300007098,9.510199214458325,17.0674647844968,0.9242243605983603,23.651382168489295,1.2807516428447665,32.25304648824929,1.7465424211701543
1503,162,74,1,100.33205310646328,-126.38504235757104,0.0,275.20412473444486,0.0,102.05108782058608,0.0,9.325649541608653,0.0,14.282075379616753,0.0,18.749550738926942,0.0
1504,162,75,1,87.43605914831782,180.2909934167581,180.2909934167581,22.517382332567653,1.481783648907507,25.305561630734243,1.6652631685615373,2.3703080397644927,0.15598099478539718,4.440202162249897,0.29219288746319405,7.171456363194009,0.47192638206729043
