reach,PFOS,PFOA,PFHxS,PFBS,PFHxA,tot,PFOS_f,PFOA_f,PFHxS_f,PFBS_f,PFHxA_f
0,0.8286675496511466,0.7115202597719669,0.7046570339681693,0.6297433238520351,0.4339438940070699,3.308532061250388,0.25046381123414885,0.21505617796644932,0.21298177588215947,0.1903391933926242,0.13115904152461808
1,0.0,0.0,0.0,0.0,0.0,0.0,,,,,
2,0.0,0.0,0.0,0.0,0.0,0.0,,,,,
3,0.0,0.0,0.0,0.0,0.0,0.0,,,,,
4,0.0,0.0,0.0,0.0,0.0,0.0,,,,,
5,0.9272619999496968,0.8172413346461778,0.8096417552845692,0.7265814799621024,0.462254329795985,3.742980899638531,0.24773356445373387,0.21833970211418946,0.21630934728060147,0.19411840440657077,0.12349898174490447
6,0.8757426298770501,0.7610812053441857,0.7528580428537789,0.6632807072466667,0.4361008018738945,3.4890633871955763,0.2509964803422361,0.21813338448858738,0.21577654496524,0.190102796550164,0.1249907936537724
7,0.0,0.0,0.0,0.0,0.0,0.0,,,,,
8,0.0,0.0,0.0,0.0,0.0,0.0,,,,,
9,0.8990999222504344,0.7989399336503442,0.7913406376314018,0.7073109239725265,0.47135533999474,3.668046757499447,0.24511681057832588,0.2178107277441009,0.2157389722509613,0.19283040013773137,0.1285030892888805
10,0.9237245476135586,0.7972392564028489,0.7869345024923862,0.6771001563931607,0.4051273848090129,3.590125847710967,0.2572958683892703,0.22206443178340438,0.2191941274131459,0.1886006744930331,0.1128448979211463
11,0.8756073902519846,0.7975394663794528,0.7914489531988234,0.7218197167782883,0.4298686398027038,3.6162841664112526,0.24212903354907658,0.22054114933421268,0.21885695835243105,0.19960259856863283,0.11887026019564693
12,0.8309043587899496,0.7332994090256283,0.7277249406785843,0.6645299080268223,0.462698151651115,3.419156768172099,0.2430144082671459,0.2144679108754801,0.21283754738968294,0.19435491060624396,0.13532522286144724
13,0.9088333770131094,0.7827957745785998,0.7736709080519049,0.6747413804671286,0.4379684626244987,3.5780099027352414,0.25400527156684044,0.2187796556907751,0.21622939261863564,0.18858007630200144,0.12240560382174734
14,0.8963116773382036,0.8079133594112391,0.8012124564436588,0.7271740479548717,0.5222316306633751,3.7548431718113484,0.23870815273113524,0.21516567335660497,0.2133810707351464,0.1936629613225845,0.13908214185452886
15,0.0,0.0,0.0,0.0,0.0,0.0,,,,,
16,0.9152312377238536,0.8580541680294453,0.8527916626525903,0.7933284174624393,0.6051096293572299,4.024515115225559,0.22741403908792585,0.21320684441791557,0.21189923214011697,0.19712397512463467,0.15035590922940684
17,0.0,0.0,0.0,0.0,0.0,0.0,,,,,
18,0.0,0.0,0.0,0.0,0.0,0.0,,,,,
19,0.0,0.0,0.0,0.0,0.0,0.0,,,,,
20,0.0,0.0,0.0,0.0,0.0,0.0,,,,,
21,0.93119027378954,0.8226448186488418,0.8124866362162229,0.6866223139721314,0.3154485569750989,3.5683925996018346,0.260955107320154,0.2305365218896131,0.22768981089885712,0.19241781693212387,0.08840074295925202
22,0.0,0.0,0.0,0.0,0.0,0.0,,,,,
23,0.0,0.0,0.0,0.0,0.0,0.0,,,,,
24,0.8986601053306355,0.7824706090284379,0.7736768887770469,0.6787312565587225,0.4293498385441278,3.5628886982389707,0.2522279480060144,0.2196169106868788,0.21714876727961,0.1905002693163553,0.12050610471114143
25,0.0,0.0,0.0,0.0,0.0,0.0,,,,,
26,0.9057833702328356,0.7961314361532643,0.7878774994260889,0.6982961935339032,0.4758371375254835,3.663925636871576,0.24721663592665982,0.2172891906269793,0.2150364329170212,0.19058689033059628,0.12987085019874328
27,0.8785064666499434,0.8025314499047769,0.7964999983859897,0.7259282728829709,0.5114770304446528,3.7149432182683335,0.23647911018662793,0.2160279182621976,0.21440435333417196,0.19540763619567564,0.13768098202132692
28,0.0,0.0,0.0,0.0,0.0,0.0,,,,,
29,0.0,0.0,0.0,0.0,0.0,0.0,,,,,
30,0.8562792949695163,0.7624981320462889,0.7563669008325512,0.6900201175052847,0.5039791138579796,3.5691435592116205,0.23991169891710876,0.21363616212028055,0.21191831829808025,0.19332932566537098,0.1412044949991595
31,0.8593882433347094,0.7310584119547426,0.721750821668062,0.6154701451258958,0.3268261936356584,3.2544938157190684,0.264062029918109,0.22463045049394817,0.22177053100609254,0.1891139390565749,0.10042304952527537
32,0.930014708549166,0.8238709613255295,0.8155572585543185,0.7253910431907309,0.4994916464907641,3.794325618110509,0.24510672044332688,0.21713238246953595,0.21494129408968546,0.19117785772744506,0.13164174527000663
33,0.0,0.0,0.0,0.0,0.0,0.0,,,,,
34,0.9000308952027473,0.8330965751051611,0.8270078721266971,0.7514206452330332,0.5051482294138163,3.8167042170814547,0.2358136350138707,0.21827643110951123,0.21668115344790614,0.19687683469682835,0.1323519457318837
35,0.0,0.0,0.0,0.0,0.0,0.0,,,,,
36,0.0,0.0,0.0,0.0,0.0,0.0,,,,,
37,0.8856637017560619,0.7959418927065207,0.7890596625293695,0.7122465911406721,0.4360902888904361,3.6190021370230605,0.24472594052806948,0.2199340764582281,0.21803238369415243,0.1968074524892533,0.12050014683029664
38,0.8624006925893246,0.7786223220920874,0.7727360099155259,0.7054249685674985,0.4934516732272342,3.6126356663916708,0.23871787033833314,0.21552749681779607,0.21389812903202077,0.19526601454169956,0.1365904892701504
39,0.8725837023023205,0.8021982582009012,0.7973851078514244,0.7388766767632043,0.5273298888041169,3.7383736339219675,0.2334126515296663,0.2145848266534307,0.21329732817928077,0.1976465567964219,0.14105863684120026
40,0.8580438940826437,0.7527530454272631,0.7458265756503328,0.6716987169399183,0.4782500488680313,3.5065722809681894,0.24469590966073904,0.2146691940482181,0.21269391185753767,0.19155421965363212,0.13638676477987302
41,0.8831857571030289,0.8360167910551515,0.8316023169727791,0.7736741944240608,0.5435503627388459,3.8680294222938656,0.228329637828678,0.2161350651152407,0.21499379300988156,0.20001766014624758,0.14052384389995232
42,0.0,0.0,0.0,0.0,0.0,0.0,,,,,
43,0.0,0.0,0.0,0.0,0.0,0.0,,,,,
44,0.0,0.0,0.0,0.0,0.0,0.0,,,,,
45,0.8896561104760785,0.775961382333452,0.7672857610097321,0.6715698313857448,0.4241849483903661,3.528658033595374,0.25212307398617534,0.21990268678510044,0.21744406902131555,0.19031876282482313,0.12021140738258536
46,0.0,0.0,0.0,0.0,0.0,0.0,,,,,
47,0.0,0.0,0.0,0.0,0.0,0.0,,,,,
48,0.9206421013833402,0.8562710855074674,0.8506783998172407,0.7837135659640069,0.3952149440263052,3.8065200966983603,0.24185925149373896,0.22494852614863808,0.22347928769772915,0.20588714785553663,0.10382578680435722
49,0.0,0.0,0.0,0.0,0.0,0.0,,,,,
50,0.914845823567368,0.7952228787889428,0.7846246256411888,0.6609013632819184,0.3827273379837986,3.5383220292632167,0.25855357878713653,0.22474576146889935,0.22175048487731086,0.18678383646712268,0.1081663383995305
51,0.9326745213769396,0.8397237099808954,0.8326822484041823,0.7593925468563024,0.5310662166759657,3.8955392432942855,0.2394211592098397,0.21556032619267831,0.21375275575455882,0.19493900572648773,0.1363267531164354
52,0.8821073463942197,0.7738336250323077,0.7655141453410675,0.6721393538106667,0.4156189075082472,3.5092133780865087,0.25136896830001604,0.220514839554801,0.21814408611381858,0.19153561821229817,0.11843648781906628
53,0.0,0.0,0.0,0.0,0.0,0.0,,,,,
54,0.8455755077774059,0.7457171676136066,0.7392457786499944,0.6664317037487273,0.4595926621716326,3.4565628199613667,0.24462900048981512,0.2157395095807752,0.2138673060940512,0.19280184925329258,0.13296233458206594
55,0.8673130524409203,0.7753113935165499,0.7686159321391359,0.6958302349164965,0.5009023051037769,3.607972918116879,0.24038790537640725,0.214888362832061,0.21303262235690562,0.19285905152516317,0.138832057909463
56,0.0,0.0,0.0,0.0,0.0,0.0,,,,,
57,0.916119483386906,0.8298297088915528,0.8226748612929358,0.7431471642192815,0.5039271128692291,3.8156983306599055,0.24009222008608522,0.21747780798699515,0.21560269969000886,0.19476046055526566,0.13206681168164505
58,0.9334239575079112,0.7636502847153926,0.7514094107676983,0.6135794706168772,0.2706094194074478,3.332672543015327,0.28008271003528307,0.2291405095636726,0.22546751925643435,0.1841103386838373,0.08119892246077273
59,0.9331544374092948,0.8201937218682683,0.81223675757775,0.7273832840587352,0.4648971160911065,3.757865317005155,0.24832035176635225,0.21826054227029212,0.2161431262323859,0.1935628934776263,0.12371308625334344
60,0.881119466812479,0.7725910196656404,0.7645368148222649,0.6758227358641871,0.4444704164329531,3.5385404535975242,0.24900646986151373,0.2183360709866044,0.21605993342395846,0.1909891224154578,0.1256084033124657
61,0.0,0.0,0.0,0.0,0.0,0.0,,,,,
62,0.8865339425209778,0.779823105357265,0.7717735827100735,0.685901667662188,0.3950849009257633,3.519117199176268,0.25191941397362155,0.22159623031020417,0.2193088604411144,0.19490731022619517,0.11226818504886459
63,0.9113897417593811,0.810802695322113,0.8029517003097342,0.7162615085931632,0.4765457052713531,3.7179513512557447,0.24513223968128514,0.21807781187030942,0.21596616643155803,0.19264951069121564,0.12817427132563178
64,0.9351123763007942,0.8238032390294633,0.8145309701458218,0.7094280588443661,0.4327276341617845,3.71560227848223,0.251671816899298,0.22171459087541928,0.21921909534368839,0.19093218425255065,0.11646231262904369
65,0.9371517295609794,0.8445826634994431,0.8369978593014841,0.749160219697824,0.3794980746277643,3.7473905466874946,0.25008114790420616,0.22537887443997848,0.22335485156233534,0.19991517040038542,0.10126995569309465
66,0.8381830389663598,0.7406989459793639,0.7348171303076341,0.6684881004884703,0.4572199250644073,3.439407140806235,0.24369986007817626,0.2153565761934587,0.21364645132863938,0.19436143297992028,0.13293567941980544
67,0.9344654232303964,0.8066911020963068,0.7974343166897827,0.6978547936040322,0.4604861728083932,3.6969318084289116,0.25276782793229746,0.2182055671833252,0.21570165694472712,0.18876593612382594,0.12455901181582422
68,0.899921941715639,0.8191601301504801,0.8126732341454795,0.7397442541022463,0.5316901481822185,3.8031897082960633,0.23662294303978582,0.2153876595647097,0.21368201338280865,0.1945062725870892,0.13980111142560667
69,0.895059368934625,0.7737497320137311,0.7622579950891997,0.5981039934934564,0.2773107769548639,3.306481866485876,0.2706984054583347,0.23400997291301376,0.23053445500952535,0.18088833317241823,0.08386883344670792
70,0.9152312590137645,0.8580542425079862,0.852791741712631,0.7933285391963917,0.6051098662944253,4.024515648725199,0.22741401423141988,0.21320683466090695,0.21189922369484643,0.19712397924149844,0.1503559481713282
71,0.921524386517021,0.8166581553181634,0.8077136209393122,0.7085692764710926,0.4644448731523636,3.7189103123979526,0.24779419483306178,0.21959608775603476,0.21719093849792215,0.19053142371002954,0.12488735520295181
72,0.0,0.0,0.0,0.0,0.0,0.0,,,,,
73,0.0,0.0,0.0,0.0,0.0,0.0,,,,,
74,0.0,0.0,0.0,0.0,0.0,0.0,,,,,
75,0.9456384464681308,0.8489404435597104,0.839513395245495,0.7179183242851783,0.326741436300956,3.6787520458594707,0.2570541408281297,0.23076859570223401,0.22820602877826157,0.1951526809460327,0.08881855374534194
76,0.0,0.0,0.0,0.0,0.0,0.0,,,,,
77,0.0,0.0,0.0,0.0,0.0,0.0,,,,,
78,0.8986601941673348,0.782470858531611,0.7736771476064572,0.6787316137266953,0.4293503296200985,3.562890143652197,0.2522278706146547,0.2196168916197699,0.21714875183139584,0.19050029227983736,0.12050619365434212
79,0.8821288160840872,0.7855301603624644,0.7778804400198777,0.6928063480259713,0.4658635322449689,3.604209296737369,0.2447496089870849,0.21794798683682112,0.2158255461812489,0.19222145302524996,0.1292554049695953
80,0.9090620825599256,0.8015773469780277,0.7934634501063843,0.7048562466952405,0.4800102040573843,3.6889693303969624,0.24642711856379226,0.217290325612919,0.21509082321944958,0.19107132197799875,0.13012041062584043
81,0.921464364511662,0.8446093618879508,0.8375186812554343,0.75621612883565,0.5258619094173992,3.8856704459080964,0.23714423992956823,0.2173651558066094,0.21554032770262452,0.19461664064486028,0.1353336359163375
82,0.9233258738125693,0.8226124030790284,0.8149585573173553,0.7254143139105407,0.283331844674537,3.569642992794031,0.2586605651255516,0.2304466874529526,0.2283025386467208,0.20321760898076374,0.07937259979401119
83,0.0,0.0,0.0,0.0,0.0,0.0,,,,,
84,0.8691548220357652,0.7830073864445644,0.7769669142694752,0.7105827296191105,0.520878118056048,3.6605899704249634,0.23743572185301698,0.21390196464797281,0.21225182840657675,0.19411699626566423,0.14229348882676923
85,0.8850332968887313,0.7723640632156488,0.7637717833965915,0.6658946280819963,0.3760856413747034,3.463149412957671,0.25555735296239407,0.22302360398479554,0.22054254446512578,0.19228007477543252,0.10859642381225212
86,0.930014715552107,0.82387098309964,0.815557281187452,0.7253910749479286,0.499491691268532,3.7943257460556596,0.245106714023932,0.2171323808864023,0.2149412928068323,0.19117785965055825,0.13164175263227515
87,0.0,0.0,0.0,0.0,0.0,0.0,,,,,
88,0.0,0.0,0.0,0.0,0.0,0.0,,,,,
89,0.9090744039139852,0.8167019442801429,0.8092573213263621,0.7261332274893332,0.4838722285497361,3.7450391255595594,0.24274096302749767,0.2180756774224933,0.21608781489177314,0.19389202706416026,0.1292035175940756
90,0.885663752263232,0.7959420225695903,0.7890597982479978,0.7122467957840455,0.4360908376919034,3.619003206556769,0.2447258821596568,0.2199340473441785,0.21803235676011834,0.19680745087310905,0.12050026286293722
91,0.8622596289141368,0.7782839414824372,0.7724015883099157,0.7052172271891745,0.4936137425752547,3.611776128470919,0.23873562431434056,0.21548510034921,0.21385644094085074,0.19525496656065863,0.13666786783493995
92,0.884112662403387,0.8151768880024902,0.8098279656557039,0.7441459047356891,0.5180132810013249,3.7712767017985946,0.23443325226752432,0.21615409116327017,0.21473575918454388,0.19731935988170574,0.13735753750295607
93,0.8554488620088999,0.7539066206674747,0.7470626490688682,0.6730809964788057,0.4779556303163649,3.5074547585404137,0.24389448215288884,0.21494407556698014,0.21299281116878885,0.19190012211558802,0.1362685089957541
94,0.8831857795487228,0.8360168387851734,0.8316023692247533,0.7736742974841231,0.5435505921842234,3.868029877226996,0.22832961677686983,0.21613505203442657,0.21499378123235488,0.2000176632655105,0.14052388669083826
95,0.0,0.0,0.0,0.0,0.0,0.0,,,,,
96,0.0,0.0,0.0,0.0,0.0,0.0,,,,,
97,0.0,0.0,0.0,0.0,0.0,0.0,,,,,
98,0.8901807867572181,0.7770683285861361,0.7684172716966209,0.6729029041857528,0.4246395808794561,3.533208872105184,0.2519468333121284,0.21993274576012742,0.2174842471848477,0.19045092677603817,0.1201852469668582
99,0.0,0.0,0.0,0.0,0.0,0.0,,,,,
100,0.0,0.0,0.0,0.0,0.0,0.0,,,,,
101,0.9283352729033376,0.8628637797304628,0.8567724281343541,0.7838224177195909,0.3331500361610417,3.764943934648787,0.24657346537351224,0.22918369960028503,0.22756578663747834,0.2081896653243815,0.08848738306434294
102,0.9313691690800864,0.8163408262218257,0.8046950652498194,0.663487836967102,0.426754037335166,3.6426469348539996,0.25568472205429826,0.2241064920156873,0.2209094319710873,0.18214442652090165,0.1171549274380254
103,0.9148458364801312,0.7952229264207491,0.7846246758760229,0.6609014388564337,0.382727415360662,3.5383222929939993,0.25855356316510725,0.2247457581790438,0.22175048254637714,0.18678384390394326,0.10816635220552846
104,0.92718416189723,0.8348535202880683,0.8278570334702726,0.7543191192421895,0.5196015408118573,3.863815375709618,0.23996595896535192,0.21606972360441556,0.21425895209038828,0.19522649140647755,0.1344788739333666
105,0.91835775299006,0.8056965180602165,0.7965985686163823,0.6950759549812647,0.3763065491660227,3.5920353438139463,0.25566501024874866,0.2243008325204131,0.22176802073739368,0.19350476497351163,0.10476137151993288
106,0.0,0.0,0.0,0.0,0.0,0.0,,,,,
107,0.8673132944101353,0.7753119225830782,0.7686164827575063,0.6958310108021482,0.5009034628836206,3.607976173436488,0.2403877555499613,0.2148883155856922,0.2130325827582787,0.19285909256418127,0.1388322535418867
108,0.0,0.0,0.0,0.0,0.0,0.0,,,,,
109,0.9161194698620948,0.8298296640877153,0.8226748143550451,0.7431470941625382,0.5039269911025727,3.815698033569966,0.24009223523512777,0.2174778131778229,0.21560270417555832,0.1947604573591611,0.13206679005232988
110,0.9334239830223048,0.7636503653386376,0.7514094936069078,0.6135795878108853,0.2706095346234292,3.332672964402165,0.28008268227715166,0.22914050478266051,0.22546751560476028,0.18411035056989244,0.08119894676553502
111,0.928855998536268,0.8134705449318942,0.8054246582423943,0.7198275155341166,0.4623948722481191,3.7299735894927926,0.249024819144249,0.2180901621457623,0.21593307269285977,0.19298461457256588,0.12396733144456293
112,0.8809307867575262,0.7734282456452993,0.7654348286721553,0.6772473501479574,0.4460536083247238,3.5430948195476626,0.24863313899964787,0.21829171530443006,0.21603566025079632,0.19114570301971762,0.12589378242540805
113,0.0,0.0,0.0,0.0,0.0,0.0,,,,,
114,0.9179518367657096,0.8110715483699897,0.8027954685895033,0.714644009124962,0.389361005405768,3.6358238682559327,0.25247423143355996,0.2230777886276027,0.22080152880854376,0.19655627858226513,0.10709017254802843
115,0.908667889066215,0.8096713832688879,0.8017984813006009,0.7148602570599213,0.4740195174634243,3.709017528159049,0.24498883657668433,0.2182980741185022,0.21617543600517017,0.1927357451488611,0.12780190815078227
116,0.9340521403335712,0.8262372717474784,0.8173050906309329,0.7167945889555849,0.4431078055230175,3.737496897190585,0.2499138236169996,0.22106701208730029,0.21867712886806345,0.19178466462256802,0.11855737080506858
117,0.9256663469556784,0.8358035381740203,0.8284976024485977,0.7440580675212204,0.3888986143579252,3.722924169457442,0.24863959211142883,0.22450189693114958,0.22253947830727325,0.19985850735972824,0.10446052529042006
118,0.8611727688917212,0.7645806452170557,0.758109747966667,0.6862025458841567,0.4753515851391659,3.5454172930987666,0.24289743567506514,0.21565321709952984,0.21382807305711077,0.19354634141934865,0.1340749327489456
119,0.934465437708662,0.8066911421179318,0.7974343581101742,0.6978548495119838,0.4604862389092096,3.6969320263579615,0.25276781694827427,0.21820556514603945,0.21570165543340214,0.1887659401191308,0.12455902235315329
120,0.897930773311331,0.8159284193798466,0.8094378365957446,0.7365982317688459,0.5293530335196649,3.7892482945754327,0.2369680484112852,0.21532725119858306,0.21361435664021017,0.19439165093069685,0.1396986928192248
121,0.895059406961661,0.7737498792130859,0.7622581536257195,0.5981043106918902,0.2773109488838212,3.306482699376178,0.27069834877119686,0.23400995848521045,0.23053444488596053,0.18088838353962425,0.08386886431800791
122,0.9258627680371396,0.8667232229671801,0.8610349080826488,0.7949769203368522,0.5857457735229695,4.03434359294679,0.2294952689839849,0.21483624361654896,0.21342627077871829,0.19705235858609163,0.14518985803465626
123,0.9131031532001476,0.8090223617582669,0.8002712045870909,0.7029001572674349,0.4589772789909244,3.684274155803865,0.24783800406430917,0.21958799143212723,0.2172127183658191,0.1907838905419541,0.12457739559579029
124,0.0,0.0,0.0,0.0,0.0,0.0,,,,,
125,0.8853319983374613,0.7858444718915639,0.7781135265946756,0.692972390512679,0.4659415554742339,3.608203942810613,0.2453663962375229,0.21779380665479506,0.21565120456815517,0.1920546625124764,0.12913393002705062
126,0.0,0.0,0.0,0.0,0.0,0.0,,,,,
127,0.9483547320319816,0.8538840973307942,0.8445945058885241,0.7238021005003543,0.3288646286458538,3.6995000643975082,0.25634672672628495,0.23081067237928424,0.22829963270349957,0.19564862492257612,0.08889434326835507
128,0.0,0.0,0.0,0.0,0.0,0.0,,,,,
129,0.0,0.0,0.0,0.0,0.0,0.0,,,,,
130,0.934269769600478,0.8104660267984589,0.8013520637322786,0.702497166266502,0.4524246538087124,3.70100968020643,0.25243645662347136,0.21898511401711704,0.21652255275581497,0.18981230176823508,0.1222435748353616
131,0.8933212413947175,0.7908786449520864,0.7829947999041745,0.6969553588779506,0.4714252561565424,3.6355753012854715,0.24571661081503546,0.21753878806263385,0.2153702605547249,0.19170428367458658,0.12967005689301916
132,0.912566075097914,0.807397447524106,0.7994332129041118,0.7118670482642699,0.4844700196559428,3.7157338034463443,0.24559511616561677,0.21729152039235014,0.21514813901971053,0.19158182095929827,0.13038340346302435
133,0.9214643722779146,0.8446093927508463,0.8375187138920787,0.7562161794975987,0.525861985629365,3.8856706440478033,0.23714422983570255,0.21736515266538262,0.21554032511093474,0.19461664375903687,0.13533364862894326
134,0.9222980036447086,0.8235187366152977,0.8158942522417801,0.7278584700701126,0.2966682717794611,3.58623773435136,0.25717703955048143,0.22963305771033804,0.2275070178495432,0.20295878968039463,0.0827240952092428
135,0.8915862790541643,0.8080082713252296,0.8006840540846452,0.7159632134452535,0.4714675269409261,3.6877093448502185,0.24177238379679766,0.2191084480271175,0.21712233237762563,0.19414849341233353,0.12784834238612572
136,0.8864392634453496,0.8211676070622532,0.8159454095338045,0.7553786127168112,0.5629230008044713,3.8418538935626896,0.23073216421130543,0.21374253936053642,0.21238324833252545,0.19661825609310754,0.14652379200252524
137,0.8850333774558243,0.7723642804368689,0.7637720098633873,0.6658949715814265,0.3760861851202901,3.4631508244577973,0.2555572720672332,0.2230235758091168,0.22054251997037008,0.19228009559349218,0.1085965365597877
138,0.0,0.0,0.0,0.0,0.0,0.0,,,,,
139,0.0,0.0,0.0,0.0,0.0,0.0,,,,,
140,0.9089889652734026,0.8173548706404095,0.8099516547365283,0.7272769724273631,0.4871281518545546,3.7507006149322577,0.2423517786662426,0.21792058459327923,0.21594676245604771,0.19390429871473455,0.129876575569696
141,0.8948493358978701,0.7811787338110927,0.7718647799323765,0.670755902865251,0.4223424872772742,3.540991239783864,0.2527115362060286,0.2206101853724932,0.2179798614750286,0.18942602718954843,0.11927238975690131
142,0.8613225408548969,0.7760360919135566,0.7701800350294837,0.7038371558093237,0.4946901926747757,3.6060660162820364,0.2388537916294019,0.21520296312092294,0.21357901700966717,0.19518143944990812,0.13718278879009996
143,0.8896544566268055,0.8214154939276987,0.8158090277331321,0.7466786247837216,0.5135346159077033,3.787092218979061,0.2349175581646232,0.21689873032696816,0.21541831583733154,0.19716409889406233,0.13560129677701485
144,0.8554489872342917,0.7539068537295989,0.7470628905736862,0.6730813300033494,0.4779561257678019,3.507456187308728,0.24389441850467644,0.21494405445676337,0.2129927932604934,0.1919001390348955,0.13626859474317132
145,0.8989228090203097,0.8468391126405412,0.842008196581866,0.7833263300372437,0.5737816817444834,3.9448781300244438,0.22787086936314044,0.21466800360580313,0.21344339896671247,0.19856794157349292,0.14544978649085114
146,0.0,0.0,0.0,0.0,0.0,0.0,,,,,
147,0.0,0.0,0.0,0.0,0.0,0.0,,,,,
148,0.934659379612343,0.8231354408288034,0.8140509893217077,0.7165875631103851,0.5094272390980752,3.7978606119713145,0.2461015490316269,0.21673661172139422,0.21434461990409043,0.18868190181904376,0.13413531752384464
149,0.8876270818646029,0.7745595970171636,0.765961117896862,0.6708885837397318,0.4200739653529491,3.5191103458713093,0.25223053403425805,0.22010096896390088,0.21765760167069015,0.1906415308990898,0.11936936443206116
150,0.0,0.0,0.0,0.0,0.0,0.0,,,,,
151,0.0,0.0,0.0,0.0,0.0,0.0,,,,,
152,0.9294196949414656,0.8637930279642883,0.857631379658921,0.7838376275775126,0.3244008516198711,3.7590825817620592,0.24724641577461776,0.2297882552927017,0.22814911910153055,0.2085183314089607,0.08629787842218915
153,0.9313691852862722,0.81634090928721,0.8046951541153087,0.6634879696958267,0.4267541322452937,3.642647350629911,0.2556846973191664,0.22410648923949306,0.2209094311520865,0.18214444216816428,0.11715494012108982
154,0.9148458381479594,0.7952229325729318,0.7846246823644157,0.6609014486177295,0.3827274253547494,3.5383223270577857,0.2585535611473473,0.2247457577541224,0.22175048224531121,0.18678384486449193,0.10816635398872719
155,0.9316204027720149,0.8445008940853418,0.837742595172994,0.764369079366233,0.5336446964797084,3.911877667876292,0.23815172197799825,0.21588121249809186,0.21415357695165188,0.19539697921617244,0.13641650935608557
156,0.915291098811696,0.7997905750235285,0.7905693868436253,0.6871567264500947,0.3492615441923218,3.542069331321266,0.25840575471465244,0.22579754945823993,0.22319421583674262,0.19399866636539576,0.09860381362496931
157,0.0,0.0,0.0,0.0,0.0,0.0,,,,,
158,0.8995431574333806,0.8019332444641184,0.7944433944118744,0.7129917355864036,0.4967886796996104,3.705700211595387,0.24274579865328802,0.2164053211738,0.21438415118578863,0.19240405183220277,0.13406067715492065
159,0.0,0.0,0.0,0.0,0.0,0.0,,,,,
160,0.9161194962273068,0.8298297514281311,0.8226749058555733,0.7431472307308542,0.5039272284739201,3.8156986127157855,0.24009220570365433,0.2174778030588501,0.21560269543145147,0.19476046358963517,0.13206683221640897
161,0.92986397346229,0.7631287235462073,0.7508639924588539,0.6152824159765219,0.2877771112153605,3.346916216659234,0.2778270841779378,0.22800950909608778,0.22434502205984055,0.183835619461868,0.08598276520426579
162,0.9281156277048502,0.804874223218653,0.796231528476311,0.705601554928559,0.4598379909866145,3.6946609253149876,0.25120454798588154,0.21784792691092042,0.21550868796124462,0.19097870391676147,0.12446013322519199
163,0.0,0.0,0.0,0.0,0.0,0.0,,,,,
164,0.9179518571166656,0.8110716104416867,0.8027955328433173,0.7146440976126025,0.3893613511233266,3.635824449137598,0.2524741966940675,0.22307777005957188,0.22080151120435337,0.19655627151693558,0.1070902505250718
165,0.904249610961096,0.8063138946414816,0.7985461200445793,0.7126041600628217,0.4736171146726879,3.695330900382666,0.2447005790110589,0.21819802241741995,0.2160959712598097,0.19283906618187527,0.12816636112983631
166,0.9340522077472632,0.8262375003219834,0.8173053300817076,0.7167949426050275,0.4431083281810513,3.737498308937033,0.2499137472554237,0.22106698974185499,0.21867711033537676,0.19178468680267802,0.11855746586466656
167,0.9235166622427072,0.8329214421357093,0.8257746671769277,0.7458245677081191,0.4323607887335162,3.7603981279969796,0.24559012923842435,0.22149820678146512,0.21959766999905042,0.19833659690320912,0.11497739707785097
168,0.8731227387291968,0.7798750083940227,0.7732830821636743,0.699896944636586,0.4875276740727072,3.6137054479961868,0.2416142519898368,0.2158103419376547,0.21398619596748336,0.1936784706746593,0.13491073943036588
169,0.9344655340577444,0.8066914084515997,0.7974346337522707,0.6978552215651604,0.4604866787936595,3.6969334766204347,0.2527677438523967,0.21820555158840446,0.2157016453758991,0.1887659667068468,0.12455909247645297
170,0.9015521565690384,0.8155241912622236,0.8086737774488358,0.7338856884826225,0.5252131293732925,3.7848489431360126,0.2382003007554746,0.21547073701348426,0.2136607800201381,0.1939009190349739,0.13876726317592916
171,0.0,0.0,0.0,0.0,0.0,0.0,,,,,
172,0.9174712478486852,0.819613847355465,0.8111717817797931,0.7164372282986127,0.4680106095027513,3.732704714785308,0.24579261365480257,0.2195763956653095,0.21731474728411482,0.1919351470425165,0.12538109635325645
173,0.9318571375742086,0.8324119390807635,0.8241057773485835,0.7337726494033041,0.5009697593807277,3.8231172627875876,0.24374275585121716,0.2177312077720103,0.21555859281901676,0.1919304585672795,0.13103698499047625
174,0.8884240630283101,0.7901687011480886,0.7824948229473682,0.6972308028666815,0.4654462272005544,3.6237646171910027,0.2451660515734548,0.2180518837784215,0.21593423017467586,0.19240510257179644,0.1284427319016514
175,0.9483547472382068,0.8538841731870608,0.8445945869082041,0.7238022597987294,0.328864861363053,3.699500628495254,0.2563466917490276,0.2308106576898656,0.22829961979266836,0.19564863814961178,0.08889439261882663
176,0.0,0.0,0.0,0.0,0.0,0.0,,,,,
177,0.0,0.0,0.0,0.0,0.0,0.0,,,,,
178,0.9342697940609772,0.8104660933781029,0.8013521326887875,0.7024972614368541,0.4524247794046932,3.701010060969415,0.2524364372617408,0.21898510947733427,0.21652254911160312,0.18981230795488493,0.12224359619443684
179,0.8933212573254522,0.7908786888206745,0.7829948455764622,0.6969554232516583,0.4714253476144749,3.635575562588722,0.24571659753630873,0.2175387844937342,0.21537025763781084,0.19170428760264555,0.12967007272950068
180,0.916320672622142,0.8113093926101339,0.8033130992898917,0.7158687851068498,0.4836197321220118,3.7304316817510292,0.24563395091906087,0.21748405059366024,0.2153405202994695,0.19189971729245764,0.12964176089535173
181,0.9210697832948316,0.8237617014525342,0.8162076095815071,0.7294729648753442,0.3079425327243231,3.5984545919285402,0.25596259721070913,0.22892096604477394,0.2268217060213263,0.20271840209171393,0.08557632863147668
182,0.8915863767860661,0.8080085824080018,0.8006843830551702,0.7159637282096,0.4714682959935903,3.6877113664524286,0.2417722777593005,0.2191084122685297,0.21712230255846382,0.1941485265693003,0.12784848084440564
183,0.8859047892142452,0.8203996408965298,0.8151776958804962,0.7546443384315178,0.5623856778657009,3.83851214228849,0.23079379623534965,0.21372855171103203,0.21236814308850765,0.19659813762673287,0.14651137133837777
184,0.8850334056076046,0.7723643563383806,0.763772088995492,0.665895091607114,0.3760863751161348,3.463151317664726,0.25555724380082845,0.22302356596396192,0.2205425114114041,0.19228010286773745,0.10859657595606811
185,0.0,0.0,0.0,0.0,0.0,0.0,,,,,
186,0.0,0.0,0.0,0.0,0.0,0.0,,,,,
187,0.8946013615578209,0.7810532380558258,0.7717529656202443,0.6707540582494824,0.4223801507179139,3.5405417742012872,0.2526735789636699,0.22060274609583558,0.21797595250640547,0.1894495534940548,0.1192981689400343
188,0.8874350648447543,0.8070434888954816,0.8011351790089252,0.7357668896906115,0.5298472213498562,3.761227843789629,0.23594291590445587,0.21456915731069992,0.21299831126469077,0.19561880328666525,0.1408708122334881
189,0.8848043395697259,0.8125936643121139,0.80674507721271,0.7352207480695203,0.5005421931586572,3.739906022322727,0.23658464525271797,0.2172764929016692,0.21571266026403207,0.19658802752826926,0.13383817405331155
190,0.9124643430752536,0.8568340572164369,0.8515721722475751,0.7891827321414561,0.5797958392819801,3.989849143962702,0.22869645195883212,0.2147534972626641,0.21343467923747036,0.19779763686945892,0.14531773467157438
191,0.941037447205716,0.848944670067271,0.84143378934757,0.7591530338343934,0.5352175842731804,3.9257865247281307,0.23970672915560148,0.21624830202046258,0.21433508522367783,0.193376035363249,0.13633384823700911
192,0.0,0.0,0.0,0.0,0.0,0.0,,,,,
193,0.934659396151884,0.8231354958021645,0.8140510466348758,0.7165876376503578,0.5094273294898388,3.797860905729121,0.24610153435107077,0.21673660943202375,0.2143446184158218,0.1886819068516639,0.1341353309494198
194,0.8823160370032991,0.768790304993847,0.7602735209474606,0.6659308167933684,0.4137325331359355,3.4910432128739104,0.2527370711853651,0.22021792860047712,0.21777831856787164,0.19075410305367094,0.1185125785926153
195,0.0,0.0,0.0,0.0,0.0,0.0,,,,,
196,0.9341243135831688,0.8464291479329334,0.8383402424981905,0.7437044847715731,0.399405581922772,3.7620037707086382,0.24830499130712205,0.22499423167071783,0.22284407289157893,0.19768839429724536,0.10616830983333572
197,0.9294197372043802,0.8637932027890343,0.8576315654376896,0.7838379888954478,0.3244019690813945,3.7590844634079468,0.24724630325592045,0.22978818677724744,0.2281490543205751,0.2085183231517039,0.08629813249455297
198,0.9184817017379826,0.7977642998756962,0.7872237832523862,0.6644710918479126,0.381364545990721,3.5493054227046987,0.2587778712596862,0.22476631477596848,0.22179657411744894,0.18721158444053027,0.1074476554063661
199,0.9351861382442228,0.8472200329852194,0.8404044878985364,0.7661774869147137,0.5273433448198208,3.916331490862513,0.23879136391446326,0.216330010613742,0.21458972251438552,0.19563652584117047,0.13465237711623881
200,0.9175772266662732,0.8049880994023595,0.7959772257197961,0.6942954981576667,0.3408571945896129,3.5536952445357084,0.2582036903916208,0.2265214217904978,0.22398578689146734,0.19537283035883304,0.095916270567581
201,0.0,0.0,0.0,0.0,0.0,0.0,,,,,
202,0.8946258530479997,0.7967248980326469,0.7892609821113078,0.7079867818165438,0.4919610847872542,3.6805595997957523,0.24306788921381567,0.21646841368276173,0.21444048403810845,0.19235846142956972,0.13366475163574446
203,0.0,0.0,0.0,0.0,0.0,0.0,,,,,
204,0.9181496203152464,0.819618993189873,0.8117725284392248,0.7316130009425452,0.5075802246196264,3.7887343675065153,0.24233676242642194,0.21633055096688922,0.21425955205550018,0.1931022156678782,0.13397091888331059
205,0.9274694464215256,0.7627776804654577,0.7504968964112381,0.6164274746060915,0.2993237835169014,3.3564952814212146,0.2763207955498196,0.22725420908158725,0.2235953974270034,0.1836521201200922,0.08917747782149751
206,0.931813142243897,0.8107978804095022,0.8018601104053242,0.7068706008281447,0.4620989505940836,3.713440684480952,0.2509298576218248,0.21834141145648372,0.2159345411807499,0.19035462281174093,0.12443956692920051
207,0.0,0.0,0.0,0.0,0.0,0.0,,,,,
208,0.9243167043440668,0.8089206475136783,0.8003036109814742,0.710234863324904,0.3483507136307272,3.5921265397948505,0.2573174118740414,0.2251926925602895,0.22279382480417304,0.19771988972456025,0.09697618103693581
209,0.9042496451779516,0.806313995252845,0.7985462250859359,0.712604312911929,0.4736173491806856,3.6953315276093472,0.2447005467363156,0.2181980126082167,0.2160959630062059,0.19283907481311705,0.12816640283614472
210,0.934052232250132,0.8262375834020165,0.8173054171149422,0.7167950711460979,0.4431085181517706,3.7374988220649588,0.2499137195002701,0.2210669816199493,0.21867710359929504,0.19178469486448438,0.11855750041600127
211,0.9238385029933432,0.8387405828655964,0.8317632437904385,0.7538094815909923,0.4638857985093683,3.812037609749739,0.24234768844633553,0.2200242150603178,0.2181938713466796,0.19774450274651934,0.12168972240014769
212,0.892834242686379,0.8018405297608447,0.7948754465735525,0.7171715645677205,0.493303961277497,3.700025744865994,0.24130487306074552,0.21671214879340941,0.2148297069760905,0.19382880391111837,0.13332446725863614
213,0.9344655588601836,0.8066914770119386,0.7974347047088103,0.6978553173401082,0.460486792029943,3.6969338499509834,0.2527677250358627,0.2182055480983611,0.2157016427868687,0.1887659735511256,0.12455911052778196
214,0.8999957458758225,0.8134079119455003,0.8065475691913117,0.7316279132564684,0.5233660385158607,3.7749451787849635,0.23841293138076855,0.2154754237271628,0.21365808799663524,0.19381153330866555,0.13864202358676792
215,0.9344904602142536,0.8224569247840362,0.8137011690350355,0.7051187024322959,0.3282919230937227,3.6040591795593437,0.2592883228761273,0.2282029466798587,0.22577353159182142,0.19564570593940925,0.09108949291278337
216,0.917471268196915,0.8196139237622148,0.8111718619793044,0.7164373465289462,0.4680107733193414,3.732705173786722,0.2457925888816359,0.21957638913408745,0.21731474204709122,0.19193515511490053,0.12538112482228483
217,0.9099847245933218,0.8158015991208144,0.8083627310116759,0.7253727534490637,0.4892241805466524,3.748745988721528,0.24274376747080237,0.21761986583653145,0.21563550409756085,0.19349744037910788,0.13050342221599745
218,0.948354779784251,0.8538843355430402,0.8445947603154956,0.7238026007467394,0.3288653594508085,3.699501835840335,0.25634661688682037,0.23081062624992102,0.22829959215945286,0.1956486664595286,0.08889449824427709
219,0.0,0.0,0.0,0.0,0.0,0.0,,,,,
220,0.0,0.0,0.0,0.0,0.0,0.0,,,,,
221,0.9342698510751306,0.8104662485664076,0.8013522934172536,0.7024974832663337,0.4524250721524351,3.7010109484775606,0.25243639213211455,0.21898509889569473,0.2165225406174213,0.18981232237513682,0.12224364597963258
222,0.9007914140862938,0.8000068345460011,0.7920880209320895,0.7058034431794515,0.4805549462846811,3.6792446590285173,0.24483052842812103,0.2174377919073308,0.21528549861134694,0.1918337888858456,0.13061239216735557
223,0.9144651182399822,0.8110408270094832,0.803105543842365,0.7160606375973516,0.4837696929195586,3.7284418196087405,0.24526736971745086,0.21752808981597388,0.2153997789689641,0.19205359027769256,0.1297511712199186
224,0.9208101247010678,0.8231226160817678,0.8155572368247018,0.7291584834771715,0.321226699561125,3.6098751606458337,0.25508087779310573,0.2280196902805096,0.22592394488201428,0.20198994453501257,0.08898554250935789
225,0.8951982290089833,0.8125354298371246,0.805422271110351,0.7239228617038126,0.4885578296863392,3.7256366213466108,0.2402806070457346,0.21809304353021905,0.21618379701755122,0.1943084995342768,0.1311340528722183
226,0.8789430572541613,0.8103964780619864,0.8051778046836174,0.745079812416936,0.5553860816579654,3.7949832340746665,0.23160657189793216,0.21354415239191063,0.2121690018164058,0.1963328337598333,0.14634744013391818
227,0.9058353733299476,0.7900120275291691,0.7812592454533814,0.6850235544732605,0.4118957964817817,3.5740259972675403,0.2534495759187226,0.22104260800933154,0.21859361013341247,0.1916671996781734,0.11524700626036002
228,0.0,0.0,0.0,0.0,0.0,0.0,,,,,
229,0.0,0.0,0.0,0.0,0.0,0.0,,,,,
230,0.8898095083791852,0.7786282106592217,0.7695923228222442,0.6707185139847894,0.4231081209303143,3.531856676775755,0.25193817015006836,0.2204586091443649,0.2179002131889474,0.18990536008870293,0.11979764742791638
231,0.8918847076428478,0.8123272230514549,0.8064100081204967,0.7412077803644561,0.5358380257845505,3.787667744963806,0.23547068214436806,0.21446633594816994,0.2129041041661384,0.19568975693551466,0.14146912080580892
232,0.8789786238169415,0.8039724609034395,0.7981806242516947,0.727994221591207,0.4977859992676197,3.7069119298309023,0.23711883110668824,0.2168846943553132,0.2153222518799105,0.19638832412843857,0.13428589852964948
233,0.9124644098578432,0.856834278589005,0.8515724092604131,0.7891831294060784,0.5797966281939053,3.9898508553072447,0.22869637060345138,0.21475346063356124,0.21343464709405446,0.19779765159800844,0.14531787007092453
234,0.941037462607413,0.8489447217069457,0.8414338433106842,0.7591531122643764,0.5352176995585602,3.9257868394479796,0.23970671386216577,0.21624829783838165,0.21433508178681487,0.19337603983896487,0.1363338666736728
235,0.0,0.0,0.0,0.0,0.0,0.0,,,,,
236,0.0,0.0,0.0,0.0,0.0,0.0,,,,,
237,0.8897924028806281,0.7806470653905024,0.7722436190826212,0.6787979947934475,0.4221387495716145,3.5436198317188135,0.2510970265252859,0.22029650539907206,0.21792507541872758,0.19155497119571097,0.11912642146120353
238,0.0,0.0,0.0,0.0,0.0,0.0,,,,,
239,0.9326634833042472,0.8448599271944545,0.836795871393324,0.7424802346766621,0.3993852978620645,3.7561848144307524,0.24830074380820685,0.22492501539024845,0.22277814131468393,0.1976687174241677,0.10632738206269307
240,0.929419745732167,0.8637932380650718,0.8576316029240237,0.7838380618019513,0.3244021945623008,3.759084843085515,0.24724628055196674,0.22978817295223827,0.22814904124911065,0.2085183214855467,0.08629818376113758
241,0.9253730159587056,0.8025807020947147,0.792149585509983,0.6712361858070167,0.37878045434615,3.57011994371657,0.25919941922045703,0.22480496866982325,0.22188318543867708,0.18801502369364256,0.10609740297740013
242,0.9351861841162886,0.8472201619909574,0.8404046224109144,0.766177682812438,0.5273437514870802,3.9163324028176785,0.23879132002264453,0.21632999317969256,0.21458970689164933,0.19563653030605807,0.13465244959995554
243,0.9175358349763958,0.8063618927923322,0.797522579187631,0.6981501057051341,0.3474135308713601,3.566983943532853,0.25723015564450213,0.2260626640202047,0.2235845722360442,0.19572560929827576,0.09739699880097324
244,0.0,0.0,0.0,0.0,0.0,0.0,,,,,
245,0.901701556002036,0.8045850525621302,0.7970543848807073,0.714771507742472,0.4944151241743482,3.7125276253616937,0.24288076668902567,0.21672163381780718,0.2146931862367096,0.19252961321003914,0.13317480004641843
246,0.0,0.0,0.0,0.0,0.0,0.0,,,,,
247,0.9181496430153376,0.8196190758766158,0.8117726132142036,0.7316131104078207,0.5075804171000362,3.7887348596140145,0.24233673694149083,0.21633054469272528,0.21425954660150187,0.1931022194787089,0.133970952285573
248,0.9274694490471534,0.7627776892874428,0.7504969054795555,0.6164274863475594,0.2993237975230862,3.3564953276847973,0.2763207925234599,0.22725420857760656,0.22359539704684295,0.18365212108689313,0.08917748076519746
249,0.9310237013880688,0.8094255045644378,0.8003995719617356,0.7046088550193994,0.4608095763974619,3.7062672093311035,0.25120253041768603,0.21839372577524452,0.2159584095681513,0.1901128049390063,0.12433252929991183
250,0.0,0.0,0.0,0.0,0.0,0.0,,,,,
251,0.922922764098732,0.8109699760615126,0.8024719474190599,0.7130909805883356,0.3559703839213661,3.605426052089006,0.25598160959756333,0.22493041442123923,0.22257340348281524,0.1977827225648315,0.09873184993355076
252,0.9042497428549564,0.8063142824626607,0.7985465249418356,0.7126047492421614,0.473618018618883,3.6953333181204973,0.2447004546033405,0.21819798460636952,0.2160959394450481,0.1928390994522256,0.12816652189301622
253,0.9342980944691586,0.825962051896027,0.8170631557592709,0.7170887467690574,0.4434424545795432,3.7378545034730566,0.24995571486291085,0.2209722318320785,0.21859148209222437,0.19184501325633965,0.11863555795644672
254,0.920936897518904,0.8362696881478153,0.8293810037285159,0.7523948518081386,0.4664829782551941,3.8054654194585678,0.24200374882132883,0.21975490405764814,0.2179446959332817,0.19771427903690883,0.12258237215083251
255,0.8947314509026291,0.8066944003167655,0.7998013093600462,0.7222232126151303,0.4972806155392936,3.7207309887338647,0.2404719539283594,0.2168107296010877,0.21495811220477734,0.19410788224195086,0.13365132202382474
256,0.9344655897800423,0.8066915624824224,0.7974347931665068,0.6978554367375868,0.4604869331955675,3.6969343153621255,0.2527677015783032,0.2182055437475103,0.2157016395592616,0.18876598208351716,0.1245591330314078
257,0.8991469917788627,0.81433917445341,0.8075745998568247,0.7323960939840782,0.5201968166083051,3.773653676681481,0.23826961051962905,0.2157959484956057,0.2140033688960559,0.19408142790361757,0.13784964418509166
258,0.9344905285835022,0.8224571240534239,0.8137013791904952,0.7051190952363461,0.3282923743649884,3.604060501428756,0.25928824674642464,0.22820291827159328,0.2257735070951001,0.19564574317129696,0.09108958471558501
259,0.9190015772080355,0.8228087282835693,0.8143015247956226,0.718532363470617,0.4679677083199562,3.7426119020778006,0.24555086160492084,0.21984879806179405,0.21757573216275605,0.19198687501413292,0.12503773315639613
260,0.9099847850148632,0.8158017899674385,0.8083629304204676,0.7253730498265532,0.4892246375570506,3.7487471927863734,0.24274370562142086,0.2176198468483729,0.2156354880307697,0.19349745728983048,0.13050350220960596
261,0.946189255429148,0.8556547687408201,0.846957868902586,0.73512726604297,0.3535742151708801,3.737503374286405,0.253160776238711,0.22893752407760404,0.2266105964557943,0.19668939193488397,0.09460171129300651
262,0.0,0.0,0.0,0.0,0.0,0.0,,,,,
263,0.0,0.0,0.0,0.0,0.0,0.0,,,,,
264,0.9342698914630476,0.8104663584993541,0.8013524072747663,0.7024976404068549,0.4524252795304169,3.7010115771744396,0.2524363601630022,0.21898509139982472,0.21652253460027374,0.1898123325902107,0.12224368124668872
265,0.9132562028715456,0.8108658649778221,0.8029703313734013,0.7161856513225003,0.4838674226207213,3.7271454731659905,0.24502832246464162,0.21755680609081227,0.21543841987238704,0.19215393026077482,0.1298225213113843
266,0.9216585516234238,0.8230053463592589,0.8153659865300171,0.7281725309622382,0.3216941856986117,3.6098966011735496,0.25531439081213564,0.22798585036804273,0.2258696235966836,0.20171561997801127,0.0891145152451268
267,0.8972112774587899,0.8175066961432309,0.8105652725601271,0.7301560384909564,0.4937479288229718,3.7491872134760764,0.2393082090523125,0.2180490462585558,0.21619759868129065,0.19475048775011394,0.13169465825772705
268,0.9035436377620876,0.7882090643489587,0.7795017390875683,0.683733294432526,0.4124757338476907,3.5674634694788314,0.2532734099430276,0.22094383617167287,0.2185030752960857,0.1916581067422709,0.11562157184694284
269,0.0,0.0,0.0,0.0,0.0,0.0,,,,,
270,0.0,0.0,0.0,0.0,0.0,0.0,,,,,
271,0.8895167912286974,0.778420665899019,0.7694045532084431,0.6707812972649908,0.423482488711443,3.5316057963125935,0.25187318249320356,0.22041550240736965,0.21786252418426508,0.18993662825147822,0.11991216266368344
272,0.9049721072557392,0.8291087154390677,0.8231656819942682,0.7575923655508359,0.554570202903639,3.86940907314355,0.23387863370065703,0.21427269636432902,0.21273679428407383,0.19579019721876023,0.14332167843217986
273,0.8789786530590833,0.8039725214148266,0.7981806885116305,0.7279943318651741,0.4977861922360303,3.706912387086745,0.2371188097461,0.21688468392603877,0.2153222426545989,0.19638832965170333,0.13428593402155897
274,0.9130834138291692,0.857107240129443,0.8518452321450252,0.7901105959864098,0.5854597797313911,3.997606261821438,0.22840754041973585,0.21440511746119723,0.21308882775185994,0.1976459271470147,0.1464525872201923
275,0.0,0.0,0.0,0.0,0.0,0.0,,,,,
276,0.0,0.0,0.0,0.0,0.0,0.0,,,,,
277,0.9335653829505264,0.8091664182202238,0.7983260153463897,0.6764874321245508,0.462870130845006,3.6804153794866967,0.2536576137992146,0.21985736249506635,0.21691193330947642,0.18380735932553888,0.12576573107070374
278,0.8881366442529111,0.778727966270378,0.7703409120853504,0.6770339209969773,0.4193118460270078,3.5335512896326247,0.25134392328156885,0.22038111306185132,0.21800756489527026,0.19160155478240334,0.11866584397890619
279,0.9000212833867979,0.8019686868749734,0.7935521134186998,0.6945029098746818,0.389162757146495,3.5792077507016478,0.25145824050318477,0.22406318457422872,0.2217116660141162,0.19403816661341755,0.10872874229505279
280,0.933119749163256,0.84504315753549,0.8371768255531952,0.7458825191610504,0.4165385696460581,3.7777608210590494,0.24700339522862308,0.22368889867903083,0.2216066249844009,0.1974403765858187,0.11026070452212657
281,0.9443523166592704,0.8731985992054371,0.867489254659883,0.8046662330346616,0.4612430631944476,3.9509494667536993,0.23901908252833168,0.22100981208522047,0.21956475575291431,0.2036640153982572,0.11674233423527644
282,0.9253730344054883,0.8025807708061159,0.7921496576282147,0.6712362952431553,0.378780569197919,3.5701203272808932,0.2591993965397461,0.22480496376361203,0.2218831818006366,0.18801503414715107,0.10609742374885421
283,0.935186197799822,0.8472202004730791,0.8404046625356546,0.7661777412482906,0.5273438727950172,3.916332674851864,0.23879130692981684,0.21632998797915587,0.2145897022314232,0.1956365316379236,0.1346524712216804
284,0.9164011010870992,0.8073765306426453,0.7987151722504549,0.701350887927146,0.3558741404627894,3.5797178323701346,0.2559981384008552,0.22554194728473345,0.22312238272747456,0.19592351150838636,0.09941402007855038
285,0.0,0.0,0.0,0.0,0.0,0.0,,,,,
286,0.897070576246156,0.8027597274287434,0.7954163952005838,0.714641491391752,0.4948978845536096,3.704786074820845,0.2421382930428814,0.21668180327188338,0.21469968282555918,0.1928968304671439,0.13358339039253211
287,0.914058059730355,0.7919905627497287,0.7833494588452821,0.6855660567659667,0.4401010678808534,3.6150652059721855,0.25284690805031856,0.21908057465777903,0.2166902709116194,0.18964140830250947,0.12174083807777368
288,0.0,0.0,0.0,0.0,0.0,0.0,,,,,
289,0.925253591137152,0.7614593491429014,0.7489149903407728,0.6084447973116665,0.2890707017737366,3.333143429706229,0.2775918920532923,0.22845081983466087,0.22468729778207577,0.18254383891463458,0.08672615141533656
290,0.9310771550813092,0.8104945461596281,0.8010636838443641,0.6982531851534476,0.4555460940393041,3.6964346642780526,0.2518851919876033,0.21926386363383082,0.21671252344475542,0.18889910104493157,0.12323931988887903
291,0.0,0.0,0.0,0.0,0.0,0.0,,,,,
292,0.9229228059401212,0.8109700966746064,0.8024720721046688,0.7130911482551753,0.3559710301670025,3.6054271531415742,0.25598154302907944,0.2249303791834959,0.22257337009442502,0.1977827086684656,0.09873199902453406
293,0.9018335317051154,0.8033937336634834,0.7956468781402865,0.7101134869257797,0.4732865416257961,3.684274172060461,0.24477915855017857,0.21806024637253824,0.21595756476921324,0.1927417596418029,0.12846127066626714
294,0.9342980978934315,0.8259620632796815,0.817063167677231,0.7170887643356219,0.4434424806848502,3.737854573870816,0.24995571107141787,0.22097223071585115,0.21859148116377988,0.19184501434281995,0.11863556270613111
295,0.919406966940638,0.8349669309650526,0.8281249974341331,0.7516491048981212,0.4678528785597229,3.802000878797668,0.24182187123307244,0.21961250341138788,0.2178129421411435,0.19769829856952062,0.1230543846448755
296,0.891651108699145,0.802716884968959,0.7958500192630217,0.7185679105071203,0.494131161271796,3.702917084710042,0.2407969415196792,0.2167796001383639,0.21492515253696018,0.19405455052563997,0.13344375527935676
297,0.9344656652119964,0.8066917709959324,0.7974350089675762,0.6978557280193073,0.4604872775830296,3.6969354507778416,0.25276764435131893,0.21820553313318009,0.21570163168518253,0.18876600289909776,0.12455918793122078
298,0.8969819673803463,0.813739051774309,0.8071113374025367,0.7331186807511101,0.5219337933442632,3.772884830652565,0.23774432765423234,0.21568086180716078,0.2139241916014005,0.19431249923001456,0.13833811970719195
299,0.9344905319052932,0.8224571337351346,0.8137013894011171,0.7051191143211362,0.3282923962904894,3.604060565653171,0.2592882430475842,0.22820291689134783,0.22577350590490103,0.19564574498024453,0.09108958917592228
300,0.9149179961016036,0.8189558832279655,0.8105453231057362,0.7157672663758357,0.4659101726417733,3.7260966414529144,0.2455432813854367,0.21978922235055895,0.2175320183830983,0.19209573321660733,0.12503974466429868
301,0.90998481038528,0.8158018701020863,0.8083630141502858,0.7253731742725948,0.4892248294513682,3.748747698361615,0.2427436796514707,0.21761983887542802,0.21563548128447793,0.19349746439047316,0.1305035357981502
302,0.945846693076459,0.8559348215180715,0.8473316753583734,0.7369186763629375,0.3574828378912593,3.7435147042071004,0.25266274285325535,0.22864470668597622,0.22634655993366626,0.19685208543050758,0.09549390509659461
303,1214.8296039703175,218.4156508860909,22.10979106186161,28.80839969085529,38.12288497718594,1522.2863305863114,0.7980296344790955,0.1434786915559885,0.014524068578705548,0.01892442907226243,0.025043176313948007
304,0.0,0.0,0.0,0.0,0.0,0.0,,,,,
305,0.9342699132518784,0.8104664178069578,0.8013524686996322,0.7024977251824276,0.4524253914085658,3.701011916349462,0.2524363429160225,0.21898508735588487,0.21652253135408867,0.18981233810112796,0.12224370027287594
306,0.9132563984317672,0.8108664168852541,0.80297090642033,0.7161864799137397,0.4838686152136779,3.7271488168647693,0.24502815511401743,0.21755675899395524,0.21543838088434017,0.19215398018804808,0.12982272481963897
307,0.9248844391928112,0.8225594554180254,0.8146388060077426,0.7244237251699458,0.3234715796140234,3.6099780054025485,0.2562022366365297,0.22785719308733068,0.22566309401015375,0.20067261464912037,0.08960486161686547
308,0.899775048987415,0.7852443967607216,0.7766118329436388,0.6816118639522134,0.4134300135452374,3.5566731561892264,0.25298221384825614,0.2207805896907509,0.2183534440301887,0.19164309848547395,0.11624065394533024
309,0.0,0.0,0.0,0.0,0.0,0.0,,,,,
310,0.0,0.0,0.0,0.0,0.0,0.0,,,,,
311,0.8836751692173873,0.7744101146547269,0.7657179318284134,0.6708006894934858,0.4299339415850208,3.524537846779034,0.25072086260187293,0.2197196195133601,0.21725342870929285,0.19032302067816062,0.12198306849731351
312,0.9079613320863964,0.8343788145145707,0.8284768590382733,0.7629688538835134,0.5615717696485628,3.895357629171317,0.23308805468512336,0.21419825698829947,0.2126831315394577,0.19586618906819717,0.14416436771892222
313,0.8786888993719026,0.803003963130542,0.7971734040821582,0.7271234534518541,0.5000195042909968,3.706009224327454,0.2370984113055904,0.2166761911598498,0.21510291956351643,0.19620119903608943,0.13492127893495398
314,0.9130834224698716,0.8571072691142664,0.8518452631180105,0.7901106469561049,0.5854598805284873,3.9976064821867405,0.22840752999039657,0.2144051128928073,0.21308882375336766,0.19764592900197234,0.14645260436145618
315,0.0,0.0,0.0,0.0,0.0,0.0,,,,,
316,0.0,0.0,0.0,0.0,0.0,0.0,,,,,
317,0.933565433729386,0.8091665890938983,0.7983261959131804,0.676487668906277,0.4628703492782808,3.6804162369210225,0.25365756850110843,0.21985735770224568,0.2169119318365597,0.1838073808391346,0.12576576112095156
318,0.886560374904432,0.7757548841972828,0.7673266636677563,0.6736654079537476,0.4141498390518161,3.5174571697750348,0.25204581949782023,0.2205442303216154,0.21814811855031968,0.19152057166252093,0.11774125996772374
319,0.9000212996564614,0.8019687421264982,0.7935521717154546,0.694503004005159,0.389162899563607,3.57920811706718,0.25145821930967877,0.22406317707606094,0.22171165960745948,0.19403817305103735,0.10872877095576351
320,0.9324888362261988,0.8443430941815047,0.8364857916189059,0.7453371724225007,0.4169355297928753,3.7755904242419858,0.24697828192352508,0.2236320679171711,0.22155098875345958,0.1974094349950948,0.11042922641074931
321,0.9379141980431408,0.8663488946361518,0.860645988160915,0.7976653173905343,0.447852157156463,3.910426555387205,0.23984958795633737,0.2215484378405279,0.22009005308519214,0.2039842216935719,0.11452769942437067
322,0.9214944425516864,0.8001339127062362,0.790576785631369,0.67964455575756,0.3859441748970643,3.577793871543916,0.2575593999086472,0.22363890750390172,0.22096767282185922,0.1899619095340098,0.10787211023158212
323,0.9349615791639652,0.8381104973950468,0.8310285368215334,0.7542775300524356,0.4994004920867258,3.857778635519707,0.24235749831664727,0.2172520967580452,0.21541633549680855,0.19552120567716863,0.1294528637513304
324,0.9163284990141172,0.8086692470770414,0.8001448719736528,0.7044113226074068,0.3647589390779662,3.5943128797501847,0.25493843459665777,0.22498576894431246,0.22261414037758037,0.1959794114129445,0.10148224466850476
325,0.0,0.0,0.0,0.0,0.0,0.0,,,,,
326,0.8970706475194138,0.8027599210217701,0.7954165972545517,0.7146417828035407,0.4948983170409986,3.7047872656402747,0.24213823445119698,0.21668178587928563,0.21469966835385484,0.19289684712302468,0.13358346419263792
327,0.9181767590177304,0.7958833441462734,0.7871108773462413,0.6889636757840274,0.4419831412448278,3.6321177975391006,0.2527937721733118,0.2191237697977513,0.21670852136996746,0.18968648986297382,0.12168744679599554
328,0.9143273202427932,0.8006751388373836,0.7923518167402032,0.7039150683934974,0.4907326932093971,3.702002037423274,0.246981852251815,0.21628165807133973,0.2140333281101348,0.19014443030491887,0.13255873126179168
329,0.9242542143402226,0.7608649633282981,0.7482017296345979,0.6048446160908675,0.2844464834329612,3.3226120068269474,0.2781709728494221,0.22899603136476793,0.2251848028290011,0.1820388943542302,0.08560929860257864
330,0.9310771626046566,0.8104945697555895,0.8010637083776363,0.698253218211362,0.4555461394268701,3.6964347983761145,0.2518851848850923,0.21926386206288528,0.21671252221993814,0.18889910313530012,0.12323932769678411
331,0.0,0.0,0.0,0.0,0.0,0.0,,,,,
332,0.926916170928382,0.8205296052571444,0.8123753845902536,0.7247953987150585,0.4006858190863571,3.685302378577196,0.25151699255848886,0.22264919427695118,0.22043656154583757,0.19667189398848842,0.10872535763023385
333,0.9006366902273556,0.8023087623882532,0.7945678094466407,0.7090623441742004,0.4728358092273281,3.679411415463778,0.24477738108931568,0.2180535612343652,0.21594970491944512,0.19271080727590378,0.12850854548097027
334,0.9364474842624704,0.8235532968125456,0.8149452555203115,0.7196561285156389,0.4463618178011825,3.7409639829121484,0.2503225073911281,0.220144674093187,0.21784365186160345,0.19237184100217494,0.11931732565190664
335,0.9158313548804634,0.8332700756296337,0.8265707413072252,0.7516141795226855,0.4760379648670275,3.803324316207035,0.24079759671765258,0.21908993458139644,0.21732849280955996,0.1976203229158886,0.12516365297550244
336,0.8905621808379248,0.8030194152150794,0.7962748700592974,0.7203067698030646,0.498900732044464,3.7090639679598305,0.24010429276251558,0.21650190510377743,0.2146835096233965,0.19420176519610394,0.1345085273142065
337,0.0,0.0,0.0,0.0,0.0,0.0,,,,,
338,0.8966084153443197,0.8131350796725169,0.8065071552745482,0.7325355199999274,0.5215177740213068,3.770303944312619,0.237807993357359,0.2156683099512719,0.213910381546596,0.1942908398949993,0.1383224752497738
339,0.9360950281251788,0.8238757894081192,0.8148460596534954,0.7006985506717924,0.3165744872170732,3.5920899150756593,0.2605989967557541,0.22935834260450746,0.2268445609431056,0.19506709665897487,0.08813100303765789
340,0.9149180131395596,0.8189559479083818,0.8105453911455127,0.715767366635892,0.4659103143167483,3.726097033146094,0.24554326014614208,0.21978921660472814,0.2175320137761245,0.19209573993072873,0.12503976954227664
341,0.9099848509240124,0.8158019981471956,0.8083631479400215,0.7253733731217641,0.4892251360746077,3.748748506207601,0.24274363815474864,0.21761982613565528,0.21563547050474113,0.19349747573639814,0.13050358946845686
342,0.943539892014804,0.8534324638555287,0.8448677642389,0.7350252260598689,0.3595139517467261,3.736379297915828,0.25252786636011915,0.2284116241441488,0.2261193783806081,0.1967212553794712,0.09621987573565267
343,844.4599680394963,152.6393394527255,15.635910706867044,20.275997343882977,26.72006792507353,1059.7312834680456,0.7968623567249438,0.14403589082809978,0.014754599539326063,0.019133149752386606,0.025214003155243483
344,0.0,0.0,0.0,0.0,0.0,0.0,,,,,
345,0.9300380342489014,0.7998021027936713,0.7906014506081607,0.692235745669375,0.4465108835299349,3.659188216850043,0.2541651260151659,0.21857364404233046,0.21605924695744075,0.1891774089350549,0.12202457405000802
346,0.912712166604405,0.8100734874900802,0.8021584640670341,0.7151282352088395,0.4814963157401611,3.72156866911052,0.24524931494077454,0.21766990199960312,0.21554310437022123,0.19215774282078746,0.1293799358686137
347,0.9297415689090572,0.8283101869343436,0.8202451055762021,0.7296174801084648,0.3389025352691402,3.646816876797208,0.25494605304272816,0.22713237733554675,0.22492083734584906,0.20006967850528498,0.09293105377059104
348,0.8997234917751527,0.7930026351171713,0.7846898744015132,0.6920621324144943,0.4287834683858055,3.5982616020941367,0.25004393545247694,0.2203849310610588,0.21807471528608005,0.19233235627218545,0.11916406192819878
349,0.0,0.0,0.0,0.0,0.0,0.0,,,,,
350,0.0,0.0,0.0,0.0,0.0,0.0,,,,,
351,0.9075039643036894,0.834930224855362,0.8290839203929729,0.7639764980392714,0.5629032401365756,3.8983978477278707,0.2327889558097863,0.21417265693956555,0.2126729884370815,0.19597191663866348,0.14439348217490328
352,0.8784307705100405,0.8021412208206037,0.7962761629092855,0.7263475645359391,0.5020078915573514,3.70520361033322,0.2370802964944322,0.21649045644443404,0.2149075318529321,0.19603445341310582,0.13548726179509588
353,0.9413182701097996,0.8725641215871635,0.8656240487158373,0.7848488946956644,0.5686418165721724,4.032997151680637,0.23340414949649343,0.21635624543487394,0.2146354227785936,0.19460685569009167,0.1409973265999474
354,0.0,0.0,0.0,0.0,0.0,0.0,,,,,
355,0.0,0.0,0.0,0.0,0.0,0.0,,,,,
356,0.9346143413293434,0.816623108291958,0.8063414075355495,0.6881707462634901,0.4683890371167698,3.7141386405371106,0.2516369020608737,0.21986877371219082,0.21710051389437163,0.1852840760311446,0.12610973430141934
357,0.8864717667303418,0.7758498438206971,0.7674514986981126,0.6743001210358512,0.4154789671336862,3.519552197418689,0.25187061222745843,0.22043993107694812,0.21805373401223516,0.19158690742827927,0.11804881525507901
358,0.0,0.0,0.0,0.0,0.0,0.0,,,,,
359,0.9223651356604284,0.8417751079235917,0.8345152250901847,0.7492907330832731,0.4738700894751772,3.821816291232655,0.2413420911351385,0.2202552513721409,0.21835566167965326,0.19605618794450308,0.12399080786856433
360,0.9349909668278624,0.8677244088369018,0.8621525873559059,0.800034247917414,0.4647287241854584,3.9296309351235426,0.23793353173978601,0.22081575169847895,0.219397852263905,0.20359017452926834,0.11826268976856168
361,0.9214944845121212,0.8001340379217048,0.7905769167665782,0.6796447580581488,0.3859444168373536,3.5777946140959065,0.2575593581815984,0.22363889608679935,0.2209676636137353,0.18996192665181597,0.107872155466051
362,0.9349616019394346,0.8381105563382719,0.8310285979773958,0.7542776184966785,0.4994006855238352,3.857779060275616,0.24235747753595743,0.21725208811683316,0.2154163276312728,0.19552120707575973,0.1294528996401769
363,0.9163212392894944,0.8087985098391174,0.8002878321275919,0.7047173451060034,0.36564735810796,3.5957722844701667,0.2548329445796686,0.22493040322165256,0.22256354652489166,0.1959849760647017,0.10168812960908556
364,0.8947835743306408,0.799983564193761,0.7926621345905499,0.712144964965193,0.4932483592128343,3.692822597292979,0.2423034280028944,0.21663200522553896,0.21464939452320572,0.19284570168283477,0.13356947056552612
365,0.9178248121355808,0.7954276621146845,0.7866194405177828,0.6879631977607571,0.4403629567025856,3.6281980692313907,0.25296987502394425,0.2192349058504379,0.21680719340783475,0.18961566723574644,0.12137235848203665
366,0.9169714731954296,0.8054622465439595,0.7971415138609619,0.7084187324588925,0.4922768787550566,3.7202708448143005,0.24647976221236675,0.2165063459470152,0.21426975269074844,0.19042127899003913,0.13232286015983036
367,0.9243959122701864,0.7554348388253705,0.7420728325420174,0.5894263608899459,0.2730396168393725,3.2843695613668924,0.2814530749351697,0.23000908536948347,0.22594072277091154,0.1794640797500991,0.0831330371743363
368,0.9310783784113416,0.8105183956194085,0.8010785479112957,0.6981122420425299,0.455429457989166,3.696217021973742,0.251900354572296,0.21928322682378645,0.21672930543551472,0.18887209216674866,0.12321502100165412
369,0.8939310381645842,0.7935326982116657,0.7859270335154195,0.7024354738760905,0.4714906454580241,3.6473168892257837,0.24509278061505071,0.2175661513140716,0.21548087467723384,0.19258964746142376,0.12927054593222018
370,0.9269162211046372,0.8205297517419735,0.8123755365594313,0.7247956105677598,0.4006865628947803,3.6853036828685823,0.25151691715759505,0.22264915522600462,0.22043652476614653,0.19667188186879359,0.10872552098146011
371,0.9006367225755842,0.802308855270818,0.7945679063752294,0.7090624846257045,0.4728360234874374,3.679411992334774,0.24477735150395172,0.2180535522910312,0.21594969740559977,0.19271081523430278,0.1285085835651144
372,0.9364475358264028,0.8235534425571797,0.8149454072553358,0.7196563480876225,0.4463621607397983,3.740964894466339,0.2503224601790844,0.2201446594100323,0.21784363934043022,0.19237185282121813,0.1193173882492349
373,0.91528066932285,0.8327435589257873,0.8260616071383072,0.7513560546608682,0.4778751041610519,3.8033169942088647,0.24065326942679394,0.2189519201775102,0.21719504537647352,0.1975528350134694,0.12564693000575294
374,0.8869303266520423,0.7994112073868941,0.7927752876149915,0.7179893527825519,0.4989987424979593,3.696104916934439,0.23996351472286265,0.21628477149667283,0.21448938962277125,0.1942556742620971,0.13500664989559613
375,0.9382620470015026,0.8130469276604659,0.8021459761361405,0.6941538895260956,0.444448525809209,3.6920573661334135,0.25412986688885547,0.22021513942833093,0.21726259821802418,0.1880127583860007,0.12037963707878875
376,0.9364518855268184,0.8241912646226663,0.8151005897884926,0.6997151697860239,0.3139679807284812,3.589426890452483,0.2608917562905897,0.22961639553515711,0.22708376982313774,0.1949378525154521,0.08747022583566326
377,0.9140475592548094,0.8211831565522283,0.8130123300208454,0.7205319308418333,0.4671387129479526,3.735913689617669,0.24466506327354487,0.21980785017446902,0.21762074757782976,0.19286632152242578,0.12504001745173063
378,0.9099849015297764,0.8158021579900112,0.8083633149539955,0.7253736213515452,0.4892255188425199,3.748749514667848,0.24274358635306265,0.2176198102321846,0.21563545704803358,0.19349748989985951,0.1305036564668597
379,0.9422746288249616,0.8549947540349853,0.8469044634832147,0.7444645714786865,0.3845498925364229,3.773188310358271,0.2497290225982628,0.22659742469990904,0.2244532723580922,0.19730384763330253,0.10191643271043348
380,816.3029426906479,147.6387551375212,15.143739844685472,19.62732931832332,25.853179289596877,1024.5659462807748,0.7967305039308286,0.1440988309961474,0.0147806394499622,0.01915672621130099,0.025233299411760852
381,0.0,0.0,0.0,0.0,0.0,0.0,,,,,
382,0.931487788789472,0.7978618114451316,0.7887549265290893,0.6917232146661179,0.4437304639672441,3.653558205397055,0.2549535922032044,0.21837938978679086,0.21588678274344625,0.18932864232032784,0.12145159294623066
383,0.9114664157562083,0.8082584827149784,0.8002987948224614,0.7127059332717957,0.4760661342878212,3.7087957608532647,0.24575805046393595,0.2179301678583202,0.21578400279403373,0.1921664009634833,0.12836137792022684
384,0.9291552459611592,0.8295520127543531,0.8215861301299366,0.7318299861496059,0.3481911167076118,3.6603144917026667,0.2538457414157723,0.2266340814798323,0.22445779781828523,0.19993636825702946,0.0951260110290807
385,0.8985902103110124,0.7912631887840472,0.7829328292540695,0.6902044478624854,0.427494427752544,3.5904851039641583,0.25026986167381754,0.2203777946078748,0.21805767370811657,0.19223153080358116,0.11906313920660995
386,0.0,0.0,0.0,0.0,0.0,0.0,,,,,
387,0.0,0.0,0.0,0.0,0.0,0.0,,,,,
388,0.9047165561535168,0.8318632893000707,0.8260082641077162,0.7608352607747775,0.5612782709325148,3.884701641268596,0.23289215999045698,0.2141382700959283,0.21263106935491016,0.1958542331004647,0.14448426745823975
389,0.877270273316556,0.8001628852971857,0.7942869065133311,0.7243761265069406,0.5008747476557398,3.696970939289753,0.23729433845241252,0.21643742902964494,0.21484802546647183,0.19593773886848698,0.13548246818298385
390,0.9443480057026146,0.8742227184996452,0.8671025811071598,0.7842842865475957,0.5668371601268261,4.036794751983841,0.2339351053799613,0.21656357883194766,0.21479976921814795,0.19428391452455376,0.14041763204538943
391,0.0,0.0,0.0,0.0,0.0,0.0,,,,,
392,0.0,0.0,0.0,0.0,0.0,0.0,,,,,
393,0.9346143966814442,0.8166233007307911,0.8063416112455466,0.6881710320231744,0.4683892991299562,3.714139639810912,0.25163684926208796,0.2198687663699057,0.21710051033153877,0.18528410311956106,0.12610977091690662
394,0.889268315292427,0.781007420894149,0.7727020497080069,0.680707398606135,0.4259712405195113,3.5496564250202294,0.25052236296006003,0.2200233846264989,0.21768361700065192,0.19176712253278308,0.12000351288000605
395,0.0,0.0,0.0,0.0,0.0,0.0,,,,,
396,0.92189036704262,0.8411612788596009,0.8338989990156656,0.7486602611092725,0.4734964119414394,3.819107317968599,0.24138896613488667,0.22025075726518692,0.21834919251738136,0.1960301711310612,0.12398091295148374
397,0.9349910148253148,0.8677245661183142,0.8621527522258405,0.8000345088828361,0.4647298555205551,3.92963269757286,0.23793343724028265,0.22081569268656195,0.21939779581902139,0.20359014962822808,0.11826292462590607
398,0.9222528943597968,0.8012469175597539,0.7917988530071793,0.6849202259051925,0.3949021703295277,3.59512106116145,0.2565290232707355,0.22287063604497948,0.22024261201134032,0.19051381420906038,0.10984391446388442
399,0.9326436652105846,0.8308969231096281,0.8235787233820194,0.7460367069619933,0.4969479725064811,3.8301039911707067,0.2435034838115488,0.21693847608969408,0.2150277708596327,0.19478236326788617,0.12974790597123823
400,0.9162687258052644,0.8097325624823157,0.8013208708512013,0.7069287775339345,0.3720674892794516,3.6063184259521677,0.2540731620401335,0.22453163221950484,0.22219914500190882,0.19602505770057888,0.10317100303787387
401,0.894783630122057,0.7999837120006635,0.7926622888132205,0.7121451871275462,0.4932486889054723,3.6928235069689594,0.2423033834228618,0.21663199188668616,0.21464938341010278,0.19284571433853046,0.1335695269418188
402,0.9173924966720172,0.7948679237994757,0.786015782641199,0.6867342568363417,0.4383727962382241,3.6233832561872577,0.2531867130272476,0.21937174943946824,0.2169286898643706,0.18952846229105913,0.1209843853778544
403,0.925688522089522,0.8212440492672753,0.8129318541979041,0.7232661090121575,0.4973676628595885,3.7804981974264478,0.24485887143648927,0.2172316997337368,0.21503299611445464,0.19131502549175045,0.13156140722356874
404,0.9244880854923232,0.751902851945351,0.7380863298825805,0.5793975984396674,0.2656200344778427,3.2594949002377644,0.2836292474103537,0.23068078796211747,0.2264419342483833,0.17775686607069185,0.08149116430845374
405,0.9310784038781836,0.810518475645119,0.8010786311277177,0.698112354235813,0.4554296116145876,3.696217476501421,0.2519003304858233,0.21928322150900567,0.21672930129802923,0.188872099294492,0.12321504741264987
406,0.8939310687230633,0.793532780122474,0.7859271187432159,0.7024355958366943,0.4714908332118635,3.647317396637311,0.24509275489630653,0.21756614350428652,0.21548086806698286,0.1925896541069646,0.12927057942545944
407,0.9263411964662708,0.8207744508163964,0.8127978271646156,0.7270859548575956,0.4275173020102746,3.714516731315153,0.24938404198230454,0.22096399348450235,0.21881657452565526,0.19574173639545442,0.11509365361208343
408,0.9006845209966966,0.8015984680944003,0.7938026263211295,0.7080567798543675,0.4752188609035174,3.679361256170111,0.24479371779172054,0.2178634856118459,0.21574468258314153,0.19244013581623456,0.12915797819705752
409,0.9343433065670508,0.8214403187737964,0.8128965145410167,0.7183529535163349,0.4517779220585729,3.7388110154567715,0.24990386053329358,0.21970629576564485,0.2174211296533545,0.19213406362251598,0.12083465042519115
410,0.9135638520016268,0.831101993592741,0.8244742251165117,0.7505511180082793,0.483601774436613,3.803292963155772,0.24020338713102965,0.2185216867709124,0.21677904728969563,0.19734244121586458,0.12715343759249767
411,0.88432712766554,0.7948175175276049,0.7881763948431033,0.7136378950813778,0.4970580166221655,3.6780169517397914,0.24043584879271201,0.2160994709803164,0.2142938450760203,0.19402789721885585,0.13514293793209545
412,0.9382620503439904,0.8130469372679447,0.802145986195323,0.6941539036768875,0.4444485416275794,3.692057419111725,0.25412986414759703,0.22021513887060737,0.21726259782501212,0.18801275952092167,0.12037963963586179
413,0.9313798448797396,0.8241341563680885,0.8153210056832729,0.7040013867437037,0.3256856754745836,3.600522069149388,0.25867911013798484,0.2288929606707806,0.22644521822800268,0.19552758550651567,0.09045512545671629
414,0.9116948836772106,0.8190084421454508,0.8108944089392532,0.7189328597944449,0.4649443746288842,3.7254749691852442,0.24471910057594534,0.21984000668901735,0.21766202045281616,0.19297750373871775,0.12480136854350328
415,0.9176411351568354,0.8105739619237922,0.8020754082561121,0.711755681994005,0.4824895565754201,3.7245357439061646,0.24637732008834073,0.21763087204895237,0.215349096748075,0.19109916803954208,0.12954354307508986
416,0.9400868961292138,0.85349818868277,0.845539122182558,0.7453733813756842,0.3911202206138618,3.7756178089840877,0.24898889233234248,0.22605523966220042,0.22394722266925335,0.19741759338089443,0.10359105195530934
417,0.0,0.0,0.0,0.0,0.0,0.0,,,,,
418,0.9314878264233878,0.79786190450713,0.7887550221778183,0.6917233426162916,0.4437306403888077,3.653558736113436,0.25495356546923376,0.21837938353657768,0.21588677756331245,0.1893286498391236,0.12145162359175242
419,0.91154103361411,0.8062174208841,0.7981514855040692,0.7093254338196878,0.4666939184203758,3.6919292922423432,0.2469009998456588,0.21837293107919542,0.21618818301346748,0.19212866164857384,0.12640922441310432
420,0.9283099746362748,0.8286669288535478,0.8207068996336223,0.7310790096263368,0.3486843252926845,3.6574471380424662,0.25381364093566194,0.22656976234441648,0.224393372934128,0.19988778566943932,0.09533543811635425
421,0.8980536628086208,0.7904396525381795,0.7821009607205367,0.6893249296238487,0.4268841255024929,3.5868033311936784,0.25037716871690063,0.22037440571772954,0.21804958022614962,0.19218364264049104,0.11901520269872923
422,0.0,0.0,0.0,0.0,0.0,0.0,,,,,
423,0.0,0.0,0.0,0.0,0.0,0.0,,,,,
424,0.9042414229350032,0.8312695578054796,0.8254175290336377,0.7602893245642921,0.560934870417535,3.8821527047559474,0.23292268277526415,0.21412592987058648,0.21261851137963617,0.19584219951803464,0.14449067645647862
425,0.8783220643784464,0.8022876884245342,0.7964566412979329,0.7274021282999145,0.5072821805829882,3.711750702983816,0.23663282764986818,0.2161480532029234,0.21457708370814732,0.19597278656542524,0.13666924887363593
426,0.947340960649356,0.8758613159004642,0.8685633122611595,0.7837267850890027,0.5650547611122149,4.040547135012197,0.2344585841953051,0.2167679986482376,0.21496180671545057,0.193965509843418,0.13984610059758878
427,0.0,0.0,0.0,0.0,0.0,0.0,,,,,
428,0.9210464512904504,0.8316515528397465,0.8244988451177843,0.7480837759742718,0.5307923023738148,3.8560729275960677,0.23885607678707577,0.21567319095238435,0.21381827071195691,0.1940014595213162,0.13765100202726677
429,0.9346144126947596,0.8166233564031804,0.8063416701786762,0.6881711146932362,0.4683893749301701,3.714139928900023,0.251636833987446,0.21986876424578625,0.21710050930081187,0.18528411095621927,0.12610978150973648
430,0.8865864453254677,0.7818188360571737,0.7737759036120293,0.6841138375227285,0.4331371067423602,3.5594321292597595,0.24908086827598747,0.2196470694385077,0.21738745831148867,0.19219746652817926,0.1216871374458369
431,0.0,0.0,0.0,0.0,0.0,0.0,,,,,
432,0.929029252710414,0.8436816746863433,0.8364926585639791,0.7541262740309451,0.4773376695754916,3.840667529567173,0.24189265161806695,0.21967058283262092,0.2177987686057919,0.19635291735755422,0.12428507958596602
433,0.934991033143025,0.8677246261430759,0.8621528151466801,0.8000346084774707,0.4647302872826386,3.92963337019289,0.2379334011755733,0.22081567016530165,0.21939777427744117,0.20359014012500615,0.1182630142566778
434,0.9222529123842828,0.8012469721316121,0.7917989099211847,0.6849203102436122,0.394902283976581,3.595121388657273,0.2565290049159456,0.22287063092210818,0.2202426077793469,0.19051382031342767,0.10984393606917163
435,0.9326437239894984,0.8308970746113158,0.8235788797375809,0.7460369240796164,0.49694844494056,3.830105047358572,0.243503432009703,0.21693845582233917,0.21502775238646818,0.1947823662419181,0.12974799353957145
436,0.9204801500896952,0.8166160643360431,0.8085074368297965,0.7184587981816005,0.4066583794353427,3.670720828872478,0.25076277739498803,0.2224674940989397,0.22025849268361355,0.195726897161582,0.11078433866087672
437,0.8928495990778557,0.7977183322284007,0.7904203987418844,0.7102247894619085,0.492497367366872,3.6837104868769215,0.2423777879012475,0.21655293896473188,0.21457180241436644,0.19280146797422254,0.13369600274543159
438,0.9210068939548062,0.7983761681095674,0.789443899325743,0.6902472444800067,0.4411163594423736,3.640190565312497,0.25301062607301744,0.21932262989672072,0.21686883836477724,0.18961843675366802,0.12117946891181654
439,0.9256885362383206,0.8212440964825651,0.8129319032586511,0.723266177241766,0.4973677562684369,3.780498469489739,0.24485885755781367,0.21723169658984412,0.2150329936169433,0.19131502977155987,0.13156142246383914
440,0.9244881245823092,0.7519030158798098,0.7380864990906638,0.57939781889608,0.2656202289842648,3.2594956874331276,0.2836291909041761,0.2306807825452096,0.22644193147312042,0.17775689077605722,0.08149120430143668
441,0.9310784685082756,0.8105186787355285,0.8010788423155712,0.6981126389617206,0.4554300014876684,3.6962186300087643,0.2519002693588144,0.2192832080210598,0.21672929079784217,0.18887211738339874,0.12321511443888493
442,0.9268923704810595,0.8242002256405763,0.8164605251503855,0.7333228994573687,0.4498317615009945,3.7507077822303847,0.24712465601089204,0.2197452516949907,0.21768172103902786,0.1955158711461369,0.11993250010895248
443,0.9006845472193279,0.8015985435684492,0.7938027050438633,0.7080568928774176,0.4752190301114877,3.6793617188205454,0.2447936941378112,0.2178634787300579,0.21574467685072407,0.1924401423365333,0.1291580079448736
444,0.932872778241771,0.8178439963593908,0.8093145174985855,0.7152148999998728,0.4543880147094067,3.7296342068090267,0.25012446972377794,0.21928262961185027,0.21699568178054998,0.19176542801278926,0.12183179087103255
445,0.9131365456837436,0.8319674284760603,0.8254451087563822,0.7529318452822032,0.4984369305436796,3.821917858742069,0.2389210285079988,0.21768323109641366,0.2159766743464408,0.19700367017569034,0.13041539587345635
446,0.882211228344616,0.7926394070439038,0.7860484648906203,0.7120498856773287,0.4966457320640093,3.669594718020478,0.2404110797337628,0.2160018933838787,0.21420579799467482,0.19404047051316775,0.1353407583745159
447,0.9382620782850456,0.8130470175802998,0.8021460702836327,0.6941540219684513,0.4444486738590768,3.6920578619765063,0.254129841232433,0.22021513420839056,0.21726259453967817,0.1880127690081333,0.12037966101136499
448,0.9309407653870028,0.8236940905842531,0.8148905454638594,0.7037282530801107,0.3260287616813603,3.599282416196586,0.2586462127000141,0.22884953036129424,0.22640361361945197,0.19551904288292846,0.0905816004363113
449,0.911694932310833,0.819008621447428,0.8108945977153313,0.7189331427694592,0.4649448042775989,3.7254760985206503,0.24471903944649062,0.21983998817564504,0.21766200514273318,0.19297752119653658,0.1248014460385946
450,0.9129746738399824,0.8068289363999523,0.7984959946157094,0.7093929179091871,0.4806699280244684,3.7083624507892994,0.24619348457852658,0.21757013967936828,0.21532307189815145,0.19129546459467514,0.12961783924927864
451,0.9387948511254324,0.8525924461905373,0.8448543282422121,0.7493665917204101,0.4116021900975222,3.797210407376114,0.24723277101048055,0.2245312623536397,0.22249341953795218,0.197346607463405,0.1083959396345226
452,0.8497460764004074,0.757381373828938,0.7507537825300311,0.672311707316701,0.3796441170594556,3.409837057135533,0.2492043057078642,0.2221165883114613,0.22017292027458613,0.19716827990645483,0.11133790579963353
453,0.9312945247673736,0.7932751341728204,0.7838853752086148,0.6852705649072882,0.4394314045972454,3.6331570036533423,0.2563320340494245,0.21834320217241862,0.21575873941598842,0.18861573122719727,0.1209502931349712
454,0.9115862962286408,0.804979626336149,0.7968492572078333,0.7072753386335249,0.4610101147600339,3.681700633166182,0.2475992447665949,0.2186434223045137,0.21643510339474842,0.19210560800683124,0.12521662152731178
455,0.931524092760789,0.8350615169069665,0.8273293605477986,0.7401508314740536,0.3766870680975954,3.710752869787203,0.25103371888363135,0.22503829983020507,0.22295458349810363,0.19946109521340835,0.10151230257465163
456,0.8976134959154505,0.7898982253730782,0.7815566796588571,0.6887510452320454,0.4265585714402632,3.584378017619694,0.2504237810585435,0.22037246671254615,0.21804527195986753,0.1921535736036652,0.11900490666537769
457,0.0,0.0,0.0,0.0,0.0,0.0,,,,,
458,0.0,0.0,0.0,0.0,0.0,0.0,,,,,
459,0.9042341967087628,0.831260865230287,0.8254089077436556,0.7602815319121587,0.5609297775732038,3.882115279168068,0.23292306685507264,0.21412575502096504,0.21261834036019137,0.1958420802164036,0.1444907575473674
460,0.8769720334886753,0.7996525176129132,0.7937647472411973,0.724396544095192,0.5048624939046528,3.699648336342631,0.23704199798503695,0.2161428451882071,0.21455140464131003,0.19580145955475062,0.1364622926306952
461,0.9481918536766318,0.8803058989987267,0.8735755915237914,0.795358403600948,0.5631860905305381,4.060617838330636,0.23350925682443532,0.21679112244668414,0.21513366347297727,0.1958712775413331,0.13869467971457025
462,0.0,0.0,0.0,0.0,0.0,0.0,,,,,
463,0.9312604975341844,0.84133744072069,0.8341018961813087,0.7561298196608985,0.5349196759971624,3.8977493300942445,0.23892262397276,0.21585211604676158,0.21399577693241262,0.19399139237171414,0.13723809067635154
464,0.9346144309728814,0.8166234199494659,0.8063417374468799,0.6881712090555874,0.4683894614510436,3.714140258875858,0.2516368165524683,0.219868761821243,0.2171005081243032,0.18528411990124277,0.12610979360074273
465,0.8828558623960429,0.7796246218872368,0.7717797034584805,0.6840697016520146,0.436709338445732,3.5550392278395067,0.24833927442555345,0.21930127121579915,0.21709456745643615,0.19242254664732414,0.12284234025488716
466,0.8668213894168955,0.758745987567027,0.7507934629039337,0.6659275561909089,0.4290536033828256,3.4713419994615906,0.24970786213266816,0.21857425390085722,0.21628334604322555,0.19183576734709376,0.12359877057615537
467,0.9257405998512084,0.8388533231923778,0.8315758109212197,0.7485101949693009,0.4743981491631578,3.8190780780972644,0.24239897193000817,0.2196481208392341,0.21774255302356274,0.19599237817683546,0.1242179760303596
468,0.934991067867612,0.8677247399310659,0.8621529344247195,0.8000347972773851,0.4647311057678844,3.9296346452686666,0.23793333280826856,0.22081562747209038,0.21939773344139343,0.20359012210986024,0.1182631841683875
469,0.920831406692842,0.8000521575398841,0.7905999517351076,0.68487244168894,0.3977598633727949,3.5941158210295683,0.2562052678728259,0.22260054972594112,0.21997063842773792,0.1905538039930922,0.11066973998040298
470,0.9326437384727916,0.830897111941771,0.8235789182640447,0.746036977578027,0.4969485613496869,3.8301053076063214,0.2435034192455822,0.21693845082840604,0.2150277478346286,0.19478236697472776,0.12974801511665535
471,0.9193666522901603,0.8154546162280054,0.8073550432775515,0.7174556846407787,0.4078229804446844,3.66745497688118,0.25068246456620275,0.222348909903039,0.22014041027550113,0.1956276734584227,0.1112005417968345
472,0.8985856191094819,0.8002725946953427,0.792837049464384,0.7119798605288612,0.4961175781639448,3.6997927019620147,0.24287458554987645,0.2163020091020113,0.2142922896852949,0.19243777094627368,0.13409334471654363
473,0.925641758727752,0.808659834439007,0.7997510230264105,0.7011039285369273,0.4533040847019259,3.688460629432023,0.2509561173953182,0.2192404679573686,0.21682514831385424,0.19008036115187937,0.12289790518157953
474,0.9256885704265692,0.821244210570603,0.8129320218059379,0.7232663421074995,0.4973679819757506,3.7804991268863604,0.24485882402225848,0.2172316889931368,0.21503298758211145,0.19131504011301959,0.13156145928947366
475,0.9247813270862596,0.7535762837287012,0.7397869066793491,0.5816163313075574,0.2667515131349964,3.2665123619368637,0.28310969762805815,0.23069751472848293,0.2264760774518226,0.17805422630107257,0.08166248389056373
476,0.9312972083311092,0.8104149717793135,0.8010327100579988,0.6974502726660472,0.4540389566641307,3.6942341194985993,0.2520947991399932,0.21937293240345776,0.2168332282542827,0.18879428052077782,0.12290475968148852
477,0.9299827278317424,0.8306699541568981,0.8230632479603757,0.7415354677427946,0.4695732112477612,3.794824608939572,0.24506606330130692,0.21889547996502032,0.21689098516475916,0.1954070462165601,0.12374042535235351
478,0.9102179145227745,0.808615542837248,0.800759586836338,0.7145832934960932,0.4819698503431687,3.716146188035622,0.24493598165036704,0.21759519187932896,0.215481185701046,0.19229149159867318,0.12969614917058497
479,0.9321416755530002,0.8142166713324326,0.8055633279146444,0.7105982843052512,0.4518674462546454,3.714387405359974,0.2509543496211223,0.21920617923631044,0.2168764967144224,0.1913096849509656,0.12165328947717918
480,0.9151307948474866,0.8348484997149691,0.8283394734019892,0.7560992710254248,0.5145175117143661,3.8489355507042355,0.23776204688073982,0.21690373577760164,0.21521261202994912,0.19644373387522227,0.13367787143648727
481,0.8819084995047506,0.7921347846534139,0.7855426173444082,0.7115533203014398,0.4963125620687724,3.667451783872785,0.2404690099493185,0.21599051094188595,0.21419303201169412,0.19401845265707843,0.13532899444002294
482,0.9382621171970016,0.8130471294268464,0.8021461873887445,0.694154186706582,0.4444488580106693,3.6920584787298436,0.2541298093197555,0.22021512771557022,0.21726258996436645,0.18801278222044512,0.12037969077986282
483,0.9277202664020692,0.8212006544096094,0.8124968943854413,0.7031802693555793,0.3337368544884306,3.5983349390411297,0.25781931980164263,0.22821684704771808,0.2257980171801217,0.19541823684233242,0.0927475791281852
484,0.9102953853069028,0.8172983885772463,0.8092133088302066,0.7176832747047321,0.4640795330425351,3.7185698904616227,0.2447971699125168,0.21978836290630727,0.21761411850988527,0.19299980794918958,0.12480054072210119
485,0.921388829887998,0.8150944995426692,0.8068464098443534,0.7178537759999748,0.487787664271207,3.7489711795462024,0.24577111579703537,0.21741818235085314,0.21521808816412905,0.19148020660080617,0.1301124070871763
486,0.938794887497302,0.8525925888048657,0.8448544795140112,0.7493668684651645,0.4116026929650728,3.7972115172464163,0.24723270832647162,0.2245312342840283,0.22249339434392776,0.19734662266287842,0.10839604038269386
487,0.8497462449967559,0.7573817031523457,0.7507541278652701,0.6723122859562475,0.3796453206342371,3.409839682604856,0.24920416327245476,0.22211651386899342,0.22017285202445397,0.19716829779007453,0.11133817304402335
488,0.9312945651225024,0.7932752359775217,0.7838854796223343,0.6852707001886922,0.4394315903250051,3.633157571236056,0.256332005111923,0.21834319608319033,0.21575873444862576,0.18861573899630027,0.12095032535996057
489,0.9101784092690745,0.8042404908941299,0.796124998270155,0.706616592011541,0.4590375057903291,3.676197996235229,0.2475868846566976,0.21876963420298565,0.21656205652836477,0.19221396473617106,0.12486745987578103
490,0.9307155659713636,0.8345457826403645,0.8268663178834074,0.7403691412273091,0.3812076443680831,3.713704452090528,0.250616487654919,0.22472057036487647,0.22265269855223555,0.19936135219660214,0.10264889123136675
491,0.8957138956896127,0.7875615906418998,0.7792077263088374,0.6862743093884717,0.4251534669804259,3.5739109890092475,0.2506256866620846,0.2203640753963562,0.21802661809572593,0.19202333563957039,0.11896028420626281
492,0.0,0.0,0.0,0.0,0.0,0.0,,,,,
493,0.0,0.0,0.0,0.0,0.0,0.0,,,,,
494,0.898387358728439,0.8264303057820762,0.8207244665099935,0.7567582076789225,0.559639052338723,3.8619393910381543,0.23262596011040385,0.2139935980610814,0.2125161436801754,0.19595289595559737,0.14491140219274198
495,0.8761223621830256,0.7984188399247664,0.7924998622286445,0.7230272692528986,0.5039898412792337,3.694058174868569,0.23717069973165683,0.21613596812215155,0.21453367129412923,0.1957270933554324,0.13643256749662996
496,0.9483042580330738,0.8808930374286739,0.8742377258897311,0.796894996446962,0.5629391282155192,4.06326914601396,0.23338455414979192,0.21679416395362933,0.2151562435255741,0.1961216369899372,0.13854340138106744
497,0.0,0.0,0.0,0.0,0.0,0.0,,,,,
498,0.9366988855805484,0.8464946387995008,0.8392149900828274,0.7604139142699178,0.5371173416746066,3.9199397704074013,0.23895746884988409,0.215945827838963,0.21408874606142414,0.19398612193240092,0.13702183531732776
499,0.0,0.0,0.0,0.0,0.0,0.0,,,,,
500,0.8794361229902655,0.7767411556239613,0.7690466207728471,0.6829327315030603,0.4388502407675477,3.547006871657682,0.24793753009541364,0.2189849593555915,0.21681565573438985,0.1925377525936097,0.12372410222099527
501,0.866821480745581,0.7587462163626802,0.750793699566448,0.6659278758043213,0.4290541648263407,3.4713434373053715,0.2497077850120329,0.21857422927639122,0.21628332463389197,0.19183577995994758,0.12359888111773629
502,0.924405600995268,0.8401964193863585,0.833172149854577,0.753390461924016,0.4981059772445304,3.84927060940475,0.24015084799096986,0.21827418870825666,0.2164493573974573,0.1957229143836474,0.1294026915196688
503,0.9349910814857796,0.8677247845560278,0.8621529812027536,0.8000348713202486,0.4647314267585883,3.929635145323398,0.23793330599623197,0.2208156107288216,0.2193977174264612,0.20359011504474114,0.11826325080374407
504,0.920831430740026,0.8000522317592722,0.790600028967185,0.68487255405543,0.3977600190657186,3.594116264587632,0.2562052429446594,0.22260054290454778,0.21997063276913603,0.19055381174042468,0.11066976964123204
505,0.9297106623306426,0.8263610837297921,0.8189176648756402,0.7403881032410313,0.4969252793377918,3.8123027935148976,0.24387114893186657,0.2167616604681857,0.21480918731552484,0.19421020400071692,0.13034779928370607
506,0.9194946042082616,0.8152180559195811,0.8071065783414566,0.717330059077299,0.4097392323156142,3.6688885298622127,0.2506193896936939,0.2221975536417284,0.2199866721957257,0.195516994653484,0.11167938981536793
507,0.8985858326668219,0.8002731543306585,0.7928376316458173,0.7119806802576065,0.4961187874948928,3.699796086395797,0.24287442109875593,0.2163019624982237,0.2142922510138039,0.19243781647198605,0.13409354891723052
508,0.9244017662456256,0.80780722332912,0.7987576220429169,0.6970441922308795,0.4381734111616943,3.6661842150102366,0.2521427489815987,0.22034005275069476,0.2178716548864653,0.19012797812423435,0.11951756525700682
509,0.9256886298534208,0.8212444088813563,0.8129322278678832,0.7232666286814257,0.4973683743062503,3.7805002695903362,0.24485876572989387,0.21723167578833377,0.21503297709220226,0.191315058088807,0.13156152330076312
510,0.9251199085552064,0.7555085266647444,0.7417504900926816,0.5841782082101425,0.2680579008388588,3.274615034361634,0.28251256982809064,0.23071674646849785,0.2265153254074891,0.17839599527888458,0.08185936301703782
511,0.9322759570900216,0.8120207621030985,0.8026955493940036,0.6994487817543059,0.455217042852599,3.7016580931940286,0.25185361090051245,0.2193667652871837,0.2168475664648396,0.1889555340187501,0.12297652332871416
512,0.92997736962339,0.8307117973652229,0.8231081857378393,0.7416053895477555,0.4697182469399184,3.7951209892141264,0.2450455129800657,0.21888941083199626,0.21688588798015743,0.19541021001844877,0.12376897818933177
513,0.9319471282106369,0.8132514265322992,0.8045651223119323,0.7093697873037658,0.4511967278375059,3.7103301921961402,0.2511763320069954,0.2191857286024823,0.21684461507069028,0.19118777859603125,0.12160554572380068
514,0.9151307993267188,0.8348485129776907,0.8283394873029066,0.7560992918992417,0.5145175608767862,3.8489356523833447,0.23776204176342877,0.21690373349337091,0.2152126099562046,0.1964437341089474,0.13367788067804817
515,0.8800438251075281,0.7892216528635504,0.7826402753992833,0.7089392852639248,0.495286891239655,3.6561319298739416,0.24070352000067755,0.21586246557868652,0.21406237258683047,0.19390418586135869,0.13546745597244678
516,0.9382621250902272,0.8130471521147317,0.8021462111433212,0.6941542201234391,0.4444488953655185,3.692058603837238,0.25412980284632286,0.22021512639851215,0.2172625890362718,0.18801278490054013,0.12037969681835305
517,0.9243497908213772,0.8214233614915045,0.8129650015989064,0.7072079441336697,0.3511337728389289,3.6170798708843868,0.25555139057390264,0.22709572108250517,0.22475727122943903,0.1955190289897456,0.09707658812440756
518,0.921247060689271,0.8287451586931388,0.8208084056911671,0.7322094019592046,0.4799288546671011,3.782938881699883,0.24352681592236136,0.21907442457033244,0.21697638565134117,0.19355570493123656,0.12686666892472834
519,0.9210405442845272,0.8157108109594826,0.8074717865384822,0.7185316631490245,0.4889774977425677,3.7517323026740845,0.2454974049262647,0.21742244519367138,0.21522638647830727,0.19151997135746704,0.13033379204428955
520,0.938794928110796,0.8525927480506524,0.8448546484268914,0.7493671774834085,0.4116032544768832,3.7972127565486313,0.24723263833235593,0.2245312029409678,0.22249336621179952,0.19734663963483692,0.1083961528800399
521,0.0,0.0,0.0,0.0,0.0,0.0,,,,,
522,0.9312945909895683,0.7932753012329099,0.7838855465500674,0.6852707869021791,0.4394317093739246,3.63315793504865,0.2563319865633911,0.21834319218008,0.2157587312646156,0.18861574397618447,0.12095034601572871
523,0.9101329742042796,0.8042166379444469,0.7961016254285073,0.7065953335449664,0.4589738467724514,3.6760204178946516,0.24758648504067218,0.21877371355979622,0.21656615984860456,0.1922174670481431,0.12485617450278395
524,0.9304521752372626,0.8344407524186506,0.8268072197704411,0.7409841916324851,0.3874716973350646,3.7201560363939037,0.2501110615078359,0.22430262178666768,0.22225068295035777,0.19918094412801854,0.10415468962712017
525,0.8973485091982649,0.7907762911627568,0.782427210962633,0.6892429736477956,0.4292589844832831,3.589053969454733,0.2500236878116922,0.22033000837903127,0.21800374628568298,0.19204029237612963,0.11960226514746398
526,0.0,0.0,0.0,0.0,0.0,0.0,,,,,
527,0.0,0.0,0.0,0.0,0.0,0.0,,,,,
528,0.8979371941561711,0.8258506482158253,0.8201468924276911,0.7562188631448977,0.5592934072791039,3.8594470052236893,0.23265954758306823,0.21398160075732403,0.21250373209364906,0.19593969346421122,0.14491542610174743
529,0.874782889742806,0.7960754426116627,0.7901161948306471,0.7204214876424936,0.5018053081598651,3.6832013229874745,0.23750612932373258,0.21613682576709098,0.21451887245462256,0.19559655431980402,0.1362416181347499
530,0.9483042857846802,0.8808931737682905,0.8742378710679655,0.7968952258390234,0.5629395149891471,4.063270071449106,0.23338450782487152,0.21679414813156456,0.21515623025180336,0.1961216487770458,0.13854346501471482
531,0.0,0.0,0.0,0.0,0.0,0.0,,,,,
532,0.937493011919653,0.8470486934023175,0.8397428113285953,0.7605259202031518,0.5360117753831316,3.9208222122368492,0.23910622853383814,0.21603853670250248,0.21417518211046802,0.19397102929828278,0.13670902335490853
533,0.0,0.0,0.0,0.0,0.0,0.0,,,,,
534,0.8767790411238863,0.7735360796304076,0.7659123220765186,0.6806916987669343,0.4390424023976629,3.5359615439954095,0.24796057033278202,0.21876258268249194,0.21660651920187085,0.1925054020801924,0.12416492570266281
535,0.8611399811955259,0.7563306509708408,0.7487082094178886,0.6662441415943984,0.434470201707506,3.4668931848861595,0.2483895335886452,0.21815804832639402,0.2159594107721186,0.19217325313017264,0.1253197541826696
536,0.923403067059064,0.8389855103061518,0.8319799421619741,0.7524678861853891,0.4982406086958418,3.8450770144084205,0.24015203430226562,0.21819732274861414,0.2163753649262022,0.1956964407645705,0.1295788372583476
537,0.0,0.0,0.0,0.0,0.0,0.0,,,,,
538,0.9208314940362098,0.8000524271171076,0.7906002322549314,0.684872849822863,0.3977604288760583,3.59411743210717,0.2562051773295404,0.2226005249494729,0.21997061787472424,0.1905538321326729,0.11066984771358962
539,0.9289285680762744,0.8239361184855469,0.8162779875452766,0.7353727200511173,0.498098738171795,3.80261413233001,0.24428683420136652,0.21667623635025232,0.21466232416411685,0.19338610084019378,0.13098850444407054
540,0.920301304791615,0.8137263918589567,0.8055398486688293,0.7165377661855926,0.4218208047893019,3.6779261162942953,0.2502228907520489,0.22124598649600632,0.21902012797376508,0.1948211420047617,0.11468985277341803
541,0.8962093273813392,0.7984692234438886,0.7910890091937686,0.7107121070467883,0.4954914349255777,3.6919711019913626,0.24274548814803693,0.21627179665984195,0.21427280640606144,0.1925020774576071,0.1342078313284525
542,0.9245135789700316,0.8075425146275503,0.7984528619754968,0.6961230129181207,0.4347914572393554,3.661423425730555,0.2525011372552645,0.2205542546520479,0.2180717084957699,0.19012360275682263,0.11874929684009507
543,0.9193940430381208,0.8175456097540875,0.8093512727593315,0.7209385742898349,0.4955303565027252,3.7627598563441,0.2443403454217258,0.21727286379323058,0.21509511732319206,0.19159834850324445,0.13169332495860706
544,0.9251199159998428,0.7555085588277057,0.741750523311868,0.5841782515779048,0.2680579404354454,3.2746151901527667,0.28251255866088015,0.23071674531396158,0.2265153247753865,0.1783960000352444,0.08185937121452735
545,0.932275978986856,0.8120208293538749,0.802695619384369,0.699448879606191,0.4552171697318335,3.7016584770631242,0.25185359069822094,0.21936676070617075,0.21684756288517013,0.18895554085830465,0.12297654485213351
546,0.9319471669653108,0.8132515271996462,0.80456522676741,0.7093699349030589,0.4511969494028158,3.7103308052382418,0.25117630095127597,0.2191857195189977,0.21684460739498634,0.19118778678752069,0.12160558534721927
547,0.913812991117266,0.833057885740217,0.8265550386607845,0.7544206956840649,0.5136847686350013,3.841531379837334,0.23787726840225903,0.21685567638796485,0.21516290170087957,0.19638540495691856,0.13371874855197796
548,0.8800439019128397,0.7892218166967332,0.7826404465229081,0.7089395377359565,0.4952873109358444,3.6561330138042822,0.24070346964678282,0.2158624463926523,0.214062355928499,0.19390419742915485,0.1354675306029109
549,0.9382621370099666,0.8130471863762213,0.8021462470156463,0.6941542705869974,0.4444489517759366,3.6920587927647683,0.2541297930706452,0.22021512440959196,0.21726258763473416,0.1880127889478124,0.12037970593721628
550,0.9243498529143152,0.8214235576146396,0.8129652091065289,0.7072083273154857,0.3511342546462036,3.6170812015971725,0.2555513137239373,0.2270956917560846,0.22475724591075058,0.19551906299565738,0.09707668561357025
551,0.9212470701037612,0.8287451932560859,0.8208084419497245,0.7322094555428895,0.4799289413484561,3.782939102200917,0.24352680421627165,0.21907442093739263,0.2169763825889181,0.1935557078137709,0.12686668444364677
552,0.9209207149500948,0.8160878856444539,0.8078423295353815,0.718823212192007,0.4892305819330602,3.7529047242549973,0.2453887808550509,0.21745499702406074,0.21525788393035988,0.19153782603279468,0.1303605121577338
553,0.9387949664787868,0.8525928984918275,0.8448548080006741,0.7493674694161616,0.4116037849435847,3.797213927331035,0.24723257220818262,0.22453117333083558,0.22249333963506795,0.19734665566837656,0.10839625915753726
554,0.0,0.0,0.0,0.0,0.0,0.0,,,,,
555,0.93004787641001,0.7917849198073589,0.7822551882599813,0.6824997246497426,0.4379536263129472,3.6245413354400404,0.2565973982186899,0.21845106636402356,0.2158218422318009,0.18829961131258094,0.12083008187290464
556,0.9081960917533656,0.8025566722914848,0.7944537429324721,0.7050810913496519,0.4584458509209725,3.6687334492479473,0.24755030702476802,0.218755786811386,0.21654714192859306,0.19218651371202405,0.12496025052322872
557,0.9300532084063736,0.8342817234727768,0.8267177734310376,0.741916007294942,0.3969609972129425,3.729929709818073,0.24934872256660753,0.22367223738204678,0.22164433052315097,0.1989088441377435,0.10642586539045107
558,0.8968162774808369,0.7916630274015563,0.7833531867321933,0.690272678295859,0.432812722456325,3.5949178923667704,0.2494678054775832,0.22021727647313594,0.2179057241878925,0.19201347540135533,0.12039571846003302
559,0.0,0.0,0.0,0.0,0.0,0.0,,,,,
560,0.0,0.0,0.0,0.0,0.0,0.0,,,,,
561,0.8963011312508313,0.8235237621481684,0.8178136149467201,0.7539638317328016,0.5581715217778078,3.849773861856329,0.23281916377775042,0.2139148406371776,0.2124315983984517,0.19584626494639,0.14498813224023038
562,0.8785218163290437,0.7992932535687631,0.7932094020583119,0.7227331720076847,0.5047467000365555,3.6985043440003595,0.237534347567866,0.21611256314065463,0.2144676140086304,0.19541228150241005,0.13647319378043873
563,0.948304317105138,0.8808933276411566,0.8742380349161061,0.7968954847310263,0.5629399515023571,4.063271115895784,0.2333844555425576,0.21679413027475422,0.21515621527099912,0.19612166207997264,0.13854353683171644
564,0.0,0.0,0.0,0.0,0.0,0.0,,,,,
565,0.9374930439916526,0.8470487956018838,0.8397429180986244,0.7605260728983451,0.5360120242603004,3.9208228548508064,0.23910619752478607,0.2160385273601236,0.21417517423917842,0.19397103645155228,0.1367090644243596
566,0.0,0.0,0.0,0.0,0.0,0.0,,,,,
567,0.8767228315972053,0.7734799355299459,0.7658583808957387,0.680665089659283,0.4390842115711931,3.535810449253366,0.24795526914694682,0.2187560522915691,0.21660051970757085,0.19250610275305186,0.12418205610086129
568,0.8611399861119469,0.7563306623265982,0.7487082211946552,0.666244157886432,0.4344702301563876,3.46689325767602,0.24838952979163806,0.2181580470214976,0.21595940963482116,0.19217325379467806,0.12531975975736506
569,0.9200426801991088,0.8356728981207069,0.8287600895734489,0.75035390167292,0.499758040722693,3.8345876102888776,0.23993262736531862,0.21793031821165032,0.21612756671662392,0.19568046891394206,0.1303290187924651
570,0.0,0.0,0.0,0.0,0.0,0.0,,,,,
571,0.9102268369179852,0.7899257483821311,0.7807254506367933,0.676915319578163,0.4076699696676979,3.565463325182771,0.25528991715861377,0.22154925639058096,0.218968863071049,0.18985339571357482,0.11433856766618126
572,0.9277989448900278,0.8227006655875685,0.8150170376508206,0.7336271938105916,0.4969020783195699,3.796045920258578,0.2444119392598992,0.21672568848469778,0.21470157494704475,0.19326088493698163,0.1308999123713767
573,0.9195193549986648,0.8132541768170432,0.8049846959108234,0.7148769865067184,0.4253447994479454,3.677980013681195,0.25000662091100967,0.2211143545619972,0.21886597885700174,0.19436674039759572,0.11564630527239564
574,0.893730355498038,0.7969579680332599,0.7896638231453316,0.7100410093069993,0.4956249708678119,3.6860181268514407,0.2424649919617876,0.2162110821505952,0.2142322137248561,0.19263090545718753,0.13446080670557356
575,0.9249931794227454,0.8064070417147308,0.7971455911754634,0.69217165447327,0.4202848103702245,3.6410022771564337,0.2540490527089565,0.22147941152745507,0.2189357573810752,0.19010470243755115,0.11543107594496219
576,0.9193941337931252,0.817545915943742,0.8093515909478779,0.7209390173355384,0.4955309689463615,3.762761626966645,0.24434025456305503,0.21727284292595694,0.2150951006695414,0.19159837608866132,0.1316934257527853
577,0.9254977474413186,0.7576648012066898,0.7439417397846705,0.5870371207838002,0.2695157926960817,3.283657201912561,0.28184968482771705,0.23073809311318766,0.22655889273440685,0.1787753972740764,0.08207793205061194
578,0.9320783575103072,0.8115237054122757,0.8021828663730283,0.6988870397065915,0.4547547459755332,3.6994267149777356,0.25195210753510405,0.21936471997855478,0.2168397776675125,0.188917660370736,0.12292573444809275
579,0.9317889091945252,0.8126213094944743,0.8039535851875667,0.7089751890279649,0.4504189278558014,3.707757920760333,0.2513079141378916,0.21916784398044892,0.21683011738336563,0.19121399082132595,0.12148013367696779
580,0.8800439271085673,0.7892218704416541,0.7826405026594343,0.7089396205585559,0.495287448615787,3.656133369383998,0.2407034531283636,0.215862440098739,0.21406235046378988,0.19390420122392887,0.13546755508517877
581,0.9382621442176886,0.8130472070937281,0.8021462687072057,0.6941543011017002,0.4444489858866363,3.692058907006959,0.25412978715941165,0.22021512320691572,0.21726258678724103,0.1880127913951487,0.12037971145128279
582,0.9236241899136828,0.8209564239183597,0.8125068064559752,0.7073031306313117,0.3542821479730467,3.618672698892376,0.25523838898068646,0.22686672496510743,0.2245317203472621,0.19545927180642975,0.09790389390051424
583,0.9212471109832844,0.8287453433350583,0.8208085993913715,0.7322096882136353,0.479929317735849,3.782940059659199,0.2435267533861688,0.2190744051624543,0.2169763692912748,0.19355572033028706,0.12686675182981497
584,0.9208591418994744,0.8162816226744032,0.8080327101467869,0.7189730010512709,0.4893606010404822,3.753507076812418,0.24533299739546338,0.21747171537707932,0.2152740606614203,0.19154699494048713,0.1303742316255497
585,0.9387949843033622,0.8525929683821242,0.8448548821336976,0.7493676050390418,0.41160403138206,3.7972144712402858,0.24723254148895182,0.22453115957488737,0.22249332728834312,0.19734666311704946,0.10839630853076823
586,0.9128113164673126,0.828795758610665,0.8221241271830778,0.7469196647398535,0.4335654436409372,3.7442163106418462,0.24379235619291328,0.2213535997519839,0.21957174986029226,0.19948624832837555,0.11579604586643498
587,0.9300478781573456,0.791784924299941,0.7822551928681569,0.682499730553198,0.4379536343527006,3.6245413602313423,0.25659739694568795,0.2184510661093419,0.21582184202699461,0.1882996116533862,0.12083008326458924
588,0.9070503382990208,0.8016679073216251,0.7935775034257896,0.7043139665656972,0.4583405352108069,3.6649502508229395,0.24749321988623144,0.2187390967016854,0.21653158954820662,0.19217558721501019,0.12506050664886642
589,0.9301514160205316,0.8344446163795228,0.826884403574368,0.7421746243107602,0.3984892312327073,3.73214429151789,0.24922707788509224,0.22358316056428465,0.2215574583902457,0.19886010999025774,0.10677219317011959
590,0.89681628667448,0.7916630539802639,0.783353214499483,0.6902727190000099,0.4328127854499474,3.5949180596041845,0.24946779642961409,0.22021727362192767,0.2179057217748472,0.19201347779148317,0.12039573038212778
591,0.0,0.0,0.0,0.0,0.0,0.0,,,,,
592,0.0,0.0,0.0,0.0,0.0,0.0,,,,,
593,0.8958949358923282,0.8225915961895377,0.8168498551312835,0.7527973583536771,0.5578186950081345,3.845952440574961,0.2329448815956741,0.21388501519445782,0.21239208434131504,0.19573756305762732,0.1450404558109257
594,0.8785218785987587,0.7992933902339734,0.7932095460771496,0.7227334007881366,0.5047470967562119,3.6985053124542304,0.23753430220593488,0.21611254350303566,0.21446759679001154,0.19541229219123382,0.13647326530978404
595,0.942533412867978,0.8745094324788593,0.8678345609317506,0.7917184961585493,0.5624647763858289,4.039060678822966,0.23335460588887322,0.216513071235588,0.21486049107453586,0.19601549942281782,0.1392563323781851
596,0.0,0.0,0.0,0.0,0.0,0.0,,,,,
597,0.9421966962164444,0.8468290257477812,0.8390947452858104,0.753714109536208,0.5169224209384178,3.8987569977246617,0.2416659198730047,0.2172048748465205,0.21522109374231613,0.1933216432765828,0.13258646826157588
598,0.9418608939750118,0.821541035593812,0.811295231943709,0.6954906173075263,0.4481376145278997,3.7183253933479588,0.25330243976495176,0.2209438251594493,0.21818833644712934,0.18704404368475952,0.12052135494371007
599,0.8611403273403712,0.7563314504815308,0.7487090385702895,0.6662452886482646,0.434472204673868,3.4668983097143244,0.24838926625780666,0.21815795645412317,0.21595933069983347,0.19217329991520973,0.12532014667302685
600,0.9191984057539608,0.8348406263822074,0.8279511230478602,0.7498227769908253,0.5001392850151971,3.831952217190051,0.23987731413519656,0.21786300534676062,0.21606509583644865,0.1956764423176096,0.13051814236398449
601,0.0,0.0,0.0,0.0,0.0,0.0,,,,,
602,0.9102268895593222,0.7899258921975072,0.7807256007911012,0.6769155380042188,0.4076702828897304,3.5654642034418798,0.25528986903883233,0.2215492421533671,0.21896885124731774,0.18985341020974664,0.11433862735073615
603,0.927765364239861,0.8226639459533137,0.8149795603713497,0.7335753138659109,0.4968665329082128,3.795850717338648,0.24441566155434508,0.21672716005283288,0.214702742826185,0.19325715590317952,0.13089727966345752
604,0.9193482901040696,0.8082575666945603,0.7996506353295062,0.7066550682529353,0.4256890991568596,3.659600659537931,0.2512154673783856,0.2208594985870979,0.21850762138360522,0.19309622387655792,0.11632118877435332
605,0.891003212530422,0.7953964931827243,0.7882242623519861,0.7097454442602192,0.4966556346223663,3.6810250469477177,0.24205301544178195,0.2160801632801336,0.21413173023790658,0.19281190299118872,0.13492318804898923
606,0.9249445599198316,0.8062862667220154,0.7970108467762855,0.6918871246242179,0.4198119023045743,3.6399407003469246,0.2541097880610183,0.221510824790406,0.21896259098405696,0.1900819770383275,0.11533481912619122
607,0.9193942615417264,0.8175463469430847,0.8093520388371739,0.7209396409768368,0.4955318310369433,3.7627641193357655,0.2443401266683774,0.2172728135526616,0.2150950772274419,0.19159841491847304,0.131693567633046
608,0.9254977525360432,0.7576648236268108,0.7439417629501671,0.5870371510633068,0.2695158209038422,3.2836573110801703,0.2818496770089561,0.2307380922699191,0.22655889225707446,0.1787754005518313,0.082077937912219
609,0.9319479265909832,0.8111956013703212,0.8018444470379635,0.6985162220422464,0.454449541528919,3.6979537385704333,0.252017194501535,0.2193633719398328,0.21683463442891612,0.18889263398743356,0.12289216514228259
610,0.9324116054183086,0.8124193988228999,0.8036705987396227,0.7080984849916346,0.4496859868033425,3.706286074775808,0.25157572475694817,0.2192004023521155,0.2168398721861308,0.19105338085227735,0.1213306198525282
611,0.879513191505693,0.7882275749906951,0.7816231771724712,0.7077333708508146,0.4942590000874895,3.6513563146071633,0.2408730114854093,0.21587254353605798,0.2140637915959082,0.19382752869654057,0.13536312468608397
612,0.0,0.0,0.0,0.0,0.0,0.0,,,,,
613,0.92213474231381,0.8200692995193576,0.8116751448546352,0.7074094523803529,0.3568398503907378,3.6181284894588934,0.254865117421996,0.2266556596617724,0.22433563297140524,0.19551805704007738,0.09862553290474897
614,0.9190859459835716,0.8269915657496819,0.8191069972395418,0.7310436620403077,0.4797526702544428,3.775980841267546,0.24340323339009498,0.2190137080971184,0.2169256232149151,0.19360364704469904,0.12705378825317246
615,0.9198520860083292,0.8156437038500278,0.807394546707966,0.7181858592521256,0.4878492880072078,3.7489254838256563,0.24536419568138498,0.21756732892372405,0.21536692318675968,0.19157112147218258,0.13013043073594877
616,0.9327805205923504,0.8436753734116322,0.83647070048194,0.7489622749737503,0.4318638890557827,3.7937527585154553,0.24587277557785803,0.22238543919814463,0.22048635051517218,0.1974198959836352,0.11383553872519006
617,0.91281132141383,0.828795773205779,0.8221241424409658,0.7469196887204954,0.4335655024369784,3.744216428218049,0.24379234985843382,0.22135359669906163,0.21957174704033652,0.19948624846880716,0.11579605793336079
618,0.9283374149093002,0.7899420299587788,0.7803354376265804,0.6795490358711139,0.4360859323432273,3.6142498507090006,0.2568547978848751,0.21856320470036608,0.21590522787833927,0.18801938547159602,0.12065738406482361
619,0.9062595841129998,0.8010545202348434,0.7929727611770007,0.703784533575168,0.4582678615874886,3.6623392606875003,0.24745375007745057,0.2187275572292197,0.21652083674742426,0.192168033456041,0.12512982248986454
620,0.9301093078657036,0.8346685672762824,0.8271297193868482,0.7426659027069511,0.4010035238656853,3.7355770211014705,0.24898678373159389,0.22343765436006788,0.2214195329702936,0.198808885083025,0.10734714385501963
621,0.0,0.0,0.0,0.0,0.0,0.0,,,,,
622,0.0,0.0,0.0,0.0,0.0,0.0,,,,,
623,0.8958320759835978,0.8224473436360028,0.8167007140799634,0.7526168606641573,0.5577641971248409,3.845361191488563,0.2329643514285366,0.21388038800007456,0.2123859563277627,0.19572071989752796,0.14504858434609805
624,0.8781631105396406,0.7986107727805634,0.7925132594533605,0.7219395889183524,0.504136345522854,3.695363077214771,0.23763919598436864,0.21611158527418195,0.21446154082664184,0.19536364190294528,0.13642403601186226
625,0.9386072921157094,0.8734906827984201,0.8670954700494118,0.7934496040833717,0.5663273654976001,4.038970414544513,0.23238776118184537,0.2162656799002392,0.2146823029272416,0.19644848133230294,0.14021577465837082
626,0.0,0.0,0.0,0.0,0.0,0.0,,,,,
627,0.937497281810476,0.8451002096392163,0.8375289547125724,0.7529994680222923,0.5157709025700958,3.8888968167546527,0.2410702381640541,0.2173110394696628,0.21536414931458733,0.193628039905333,0.13262653314636283
628,0.9432565983012828,0.8253445906149909,0.8151994548126559,0.6999852305254566,0.4516908614822809,3.735476735736667,0.25251304318865336,0.2209475922361021,0.21823170440703918,0.18738845937087967,0.12091920079732572
629,0.8905566752515347,0.7928493453877541,0.784290224741943,0.6861123935797506,0.4277232827078548,3.5815319216688373,0.24865244669844355,0.22137157024648854,0.21898177704262875,0.1915695318611183,0.11942467415132083
630,0.9156720072090804,0.8329029095994679,0.826173696064763,0.7496754285443974,0.50477527161023,3.8291993130279387,0.2391288445325174,0.21751359527453012,0.2157562530772174,0.19577863862917902,0.131822668486556
631,0.9320856707025388,0.8458854086221144,0.839123828136974,0.7717924730361265,0.5742229133059088,3.9631102938036626,0.23519044427298885,0.21343978489436927,0.21173365511652478,0.1947441317095885,0.1448919840065285
632,0.933585887116018,0.8112363170596253,0.8021663169351531,0.6993716147537465,0.4314243887715346,3.6777845246360776,0.2538446395818683,0.22057744591219583,0.2181112872605087,0.19016111739796676,0.11730550984746033
633,0.9178967926804766,0.8078315965928768,0.7991961868802266,0.7051860066955682,0.4248132424435776,3.654923825292726,0.2511397874638226,0.22102556310545732,0.21866288466797756,0.1929413690691869,0.11623039569355566
634,0.8892644873928773,0.7935016681698204,0.7863721069755547,0.7083581293221404,0.4961807448624125,3.673677136722805,0.24206386524923848,0.2159965720007946,0.21405585676400987,0.1928199193775773,0.13506378660837975
635,0.9244454804895276,0.805046571771798,0.795627741905955,0.6889663359041204,0.4149571751285129,3.6290433051999136,0.2547353125174687,0.22183438004674078,0.2192389770510402,0.18984792353316027,0.11434340685159007
636,0.919394275222386,0.817546393099022,0.809352086801865,0.720939707762902,0.495531923358674,3.762764386244849,0.24434011297208008,0.21727281040706195,0.2150950747170166,0.19159841907677427,0.131693582827067
637,0.9248383300922408,0.7580065256566364,0.7443667424722168,0.5885766139102229,0.2710790615918387,3.2868672737231557,0.28137379853633165,0.23061671267243306,0.22646693050950156,0.1790691758732078,0.08247338240852588
638,0.9319479828544496,0.8111957744734539,0.801844627102969,0.6985164735531744,0.4544498651396515,3.6979547231236984,0.2520171426185619,0.2193633603464536,0.2168346253914226,0.18889265170968095,0.12289221993388098
639,0.9314442746894884,0.8116246640627783,0.8028838812809765,0.7074682022532964,0.4496788876168436,3.7030999099033832,0.2515309598313783,0.21917439005418415,0.21681399390110553,0.19104756000811082,0.12143309620522123
640,0.8809555463234449,0.7888875666825704,0.7821736141178848,0.7072132888937255,0.4929954263973398,3.652225442414965,0.24121061533948726,0.21600188135180762,0.21416356313445076,0.19363900176602844,0.13498493840822592
641,0.0,0.0,0.0,0.0,0.0,0.0,,,,,
642,0.9203995999796604,0.8175532622304559,0.8091300160608025,0.7054577261549371,0.3620712438861643,3.61461184831202,0.2546330390659998,0.2261800980407463,0.22384976589911207,0.1951683211807036,0.10016877581343822
643,0.9173935098384348,0.825480044812735,0.8176421860514328,0.7300688076518984,0.4797331511885019,3.7703176995430026,0.24331994885991476,0.2189417737695661,0.21686294132468958,0.193635885840705,0.12723945020512462
644,0.9187930106658316,0.8145657202988378,0.8063256132387717,0.7171973461640558,0.4871313013477625,3.7440129917152594,0.245403264545004,0.21756487546953132,0.21536399981063276,0.19155845552648135,0.13010940464835064
645,0.9327805266997052,0.8436753899746218,0.8364707180064597,0.7489623061347835,0.4318639503791882,3.7937528911947584,0.2458727685887698,0.22238543578649503,0.2204863474233905,0.1974198972930244,0.11383555090832029
646,0.9374802629625356,0.8543087778966572,0.8475291923421845,0.7714569696352013,0.4827576986451332,3.8935329014817115,0.2407788213644659,0.21941737735708972,0.21767613470523164,0.1981380379093799,0.12398962866383287
647,0.9292763363997888,0.792181301566305,0.7825706071811537,0.6815180284595656,0.437649235457256,3.6231955090640686,0.2564797660173288,0.21864161058505466,0.21598906413507468,0.18809860708720433,0.12079095217533763
648,0.9043216630725006,0.7998810290878032,0.7918457859674594,0.703008834988225,0.4583358984368643,3.6573932115528525,0.24725852834635317,0.21870249733093108,0.2165055109377365,0.19221581993633716,0.12531764344864207
649,0.9299112942499108,0.8339533146004388,0.8264649062856542,0.743988283037853,0.4359065453438018,3.7702243435176586,0.24664614344468794,0.22119461300341392,0.21920841599429963,0.19733262937443777,0.11561819818316076
650,0.0,0.0,0.0,0.0,0.0,0.0,,,,,
651,0.0,0.0,0.0,0.0,0.0,0.0,,,,,
652,0.8964949493722006,0.8228456414741661,0.817064414818009,0.7526178699274195,0.5573330236865267,3.8463558992783224,0.23307644244267844,0.213928628296865,0.2124255883266839,0.19567036687079073,0.1448989740629818
653,0.8781265120910047,0.7971816970126323,0.7909893296200273,0.7195588813574458,0.5019219549705535,3.6877783750516637,0.23811802738246238,0.216168548090004,0.21448938877975443,0.19511988199327873,0.13610415375450044
654,0.9383075851055384,0.8752532078770447,0.869064606023572,0.7976468989865856,0.5727995049811979,4.053071802973938,0.23150529541989756,0.21594811304226794,0.21442122130328325,0.1968005842880239,0.14132478594652745
655,0.9276711891701184,0.8337250232854229,0.8257763744276747,0.7370795847044062,0.5104432435439662,3.834695415131588,0.2419152210914997,0.217416230763875,0.21534340671991495,0.1922133324581434,0.13311180896656696
656,0.9340923962523224,0.8415411458259093,0.8339389524638103,0.7499431242556502,0.5194721386001687,3.878987757397861,0.2408082867678188,0.21694864703322495,0.2149888075499473,0.19333474894974512,0.1339195096992639
657,0.9433136978095092,0.8255002042082298,0.8153591875711343,0.7001691277009326,0.4518362468967272,3.736178464186533,0.25248089909294363,0.2209477443653012,0.21823346914148548,0.18740248476149235,0.12093540263877736
658,0.8919918777985424,0.7981790426977877,0.7898767367324003,0.6937050548851592,0.4330422776047622,3.6067949897186518,0.24730872709461157,0.22129870008498867,0.2189968487213671,0.1923328209289965,0.1200629031700362
659,0.9156720854542356,0.8329031347799999,0.8261739329672585,0.7496757961361512,0.5047759524965475,3.8292009018341924,0.23912876574734626,0.21751356383025977,0.2157562254233044,0.19577865339399025,0.1318227916050994
660,0.9320856758419328,0.8458854258299086,0.8391238458674528,0.7717924953597505,0.5742229642439455,3.96311040714299,0.23519043884368446,0.2134397831322868,0.2117336535351227,0.19474413177303743,0.1448919927158687
661,0.9315876681486333,0.8095759374939957,0.8005144034329142,0.6978877816771019,0.4305094976630342,3.670075288415679,0.25383339439632774,0.2205883732274818,0.21811934102814695,0.19015625752418022,0.11730263382386338
662,0.9174656313200572,0.8040962470076346,0.7951155993824957,0.6975010979757085,0.4198904447245435,3.6340690204104393,0.25246235725496396,0.22126609112031073,0.21879485362462753,0.1919339159653416,0.11554278203475624
663,0.888371541818716,0.7925285321897565,0.7854208823975819,0.7076456065619486,0.495936769568278,3.669903332536281,0.24206946650138597,0.21595351713039201,0.21401677680016035,0.19282404533333924,0.13513619423472242
664,0.923886684550812,0.8068356040248855,0.7974727409244208,0.6907423262528327,0.4138500179901107,3.632787373743062,0.2543189538777989,0.22209821853503034,0.21952089645773584,0.19014113824699921,0.11392079288243565
665,0.0,0.0,0.0,0.0,0.0,0.0,,,,,
666,0.9238988457858108,0.7584933555039588,0.7449722187183843,0.5907699066260692,0.2733062378081288,3.291440564442352,0.280697411269324,0.23044419021203427,0.2263362209138357,0.17948673082789196,0.08303544677691403
667,1.3162839237173127,0.9060884636495764,0.8214638776572444,0.7325025071940974,0.4843145012055438,4.260653273423775,0.3089394605113158,0.2126642102753088,0.19280232981669795,0.17192258092512494,0.11367141847155247
668,0.9314442808245168,0.8116246802508731,0.8028838980575312,0.7074682258342524,0.4496789228774561,3.7031000078446294,0.2515309548355026,0.21917438862885993,0.2168139926971202,0.19104756132309553,0.12143310251542178
669,0.8809084191772764,0.78879797148656,0.7820821144644248,0.7071103849003066,0.4929047067105539,3.651803596739122,0.241225574114633,0.2160022987520241,0.2141632466660543,0.19363319142675714,0.13497568904053142
670,0.0,0.0,0.0,0.0,0.0,0.0,,,,,
671,0.9187857559676834,0.8126262259333574,0.8041095167484111,0.7009714516135901,0.3666111015397182,3.6031040518027604,0.254998396593066,0.22553504263269106,0.22317132816247331,0.19454654695938334,0.10174868565238623
672,0.917393551696666,0.8254801934408621,0.8176423419808599,0.7300690386197343,0.4797335269173398,3.770318652655462,0.24331989845222743,0.2189417578430594,0.2168629278602191,0.19363589815029067,0.12723951769420339
673,0.918793098646245,0.814565997355622,0.8063259013883077,0.7171977463835467,0.4871318747377954,3.7440146185115166,0.24540318141480003,0.2175648549362405,0.21536398319643138,0.1915584791890258,0.13010950126350235
674,0.9327769170544083,0.8428976669819455,0.8357069169950259,0.7489127311216639,0.4349435449083874,3.795237777061431,0.2457756198286572,0.22209350678275092,0.22019882971393043,0.1973295943795992,0.11460244929506225
675,0.9373130557404874,0.8540596156598548,0.8472733298740698,0.7711138212397325,0.4825240417258485,3.8922838642399933,0.24081312885526324,0.21942377417701991,0.21768025134505656,0.19811345938159114,0.12396938624106905
676,0.9292735669805926,0.7921812247566341,0.7825699839470542,0.6815095627624906,0.4376426811371446,3.6231770195839164,0.25648031050034364,0.21864270513826778,0.21598999433842847,0.18809723043583304,0.12078975958712701
677,0.9040345705478912,0.7999156375255941,0.7919015807644689,0.7032509037573448,0.4587605034629798,3.657863196058279,0.2471482726642376,0.2186838584853542,0.21649294637859168,0.19225730052320422,0.12541762194861228
678,0.930312355583789,0.8343084852172284,0.8268295972798145,0.7444437911495478,0.4398907346813268,3.7757849639117067,0.2463891255660881,0.2209629237870809,0.21898217329178102,0.1971626557827873,0.11650312157226261
679,0.0,0.0,0.0,0.0,0.0,0.0,,,,,
680,0.8974802866782134,0.8039449687267208,0.7963193512827701,0.7085729373172569,0.4122346749545401,3.6185522189595014,0.2480219248946696,0.22217310130676837,0.22006573433165716,0.19581669530832524,0.11392254415857962
681,0.8980322982234372,0.8234818282846128,0.8176033730527223,0.7521365224999071,0.5554514877974244,3.8467055098581038,0.23345491250162365,0.21407457008971534,0.21254639092007901,0.19552745084654316,0.14439667564203887
682,0.882610519688972,0.801070059901685,0.7947428282994627,0.7220181106000312,0.5029645283501293,3.7034060468402803,0.2383239937845889,0.2163063001382612,0.21459781029885494,0.19496055832604473,0.1358113374522502
683,0.9383076108322312,0.8752533281788546,0.869064733939101,0.797647102116625,0.5727998708204721,4.053072645887284,0.23150525362143373,0.21594809781339294,0.21442120827045982,0.1968005934771512,0.14132484681756224
684,0.9329471891143386,0.8462823869771897,0.8387897471779168,0.7533055284364092,0.5231766151699367,3.8945014668757905,0.23955497181074592,0.21730185344007233,0.2153779512762137,0.19342797398936884,0.13433724948359937
685,0.9338275667789648,0.8385036910269519,0.830514705696622,0.7427533686360088,0.507888683722826,3.853488015861373,0.2423330662857208,0.2175960292533881,0.21552284638699634,0.19274832712045703,0.13179973095343786
686,0.9147019368485791,0.83292100742511,0.8263048218358829,0.7519850206787966,0.5091884426741385,3.835101229462507,0.23850789904097927,0.21718357810905675,0.21545841228073406,0.1960795753973326,0.13277053517189735
687,0.947738946883674,0.863639553182458,0.8565024372665548,0.78149082808509,0.5761661388099368,4.025537904227714,0.23543162912174703,0.21454016176954727,0.21276720220843925,0.19413326782101592,0.14312773907925042
688,0.9291232516364772,0.8091077683981724,0.8000738286980861,0.6982160795908263,0.4316265791862737,3.6681475075098358,0.2532949533066142,0.22057667166919484,0.2181138645760801,0.19034569306751198,0.11766881738059884
689,0.9169037072600572,0.8032036973220367,0.7941286755451427,0.6943544555348595,0.4166060902395871,3.6251966259016832,0.25292523465040984,0.22156141589209893,0.21905809739288876,0.19153566749283704,0.11491958457176542
690,0.885811367022834,0.7907457037432094,0.7837449841417123,0.706997320510094,0.4966126759350925,3.6639120513529426,0.24176654750643858,0.2158200559020562,0.21390933329098477,0.19296241574604034,0.13554164755448003
691,0.9238867315384952,0.8068357532765378,0.7974728968246881,0.6907425609447894,0.4138503163173679,3.6327882589018787,0.25431890484521885,0.22209820550356782,0.2195208858844277,0.1901411565213513,0.11392084724543423
692,0.0,0.0,0.0,0.0,0.0,0.0,,,,,
693,0.9238989313835876,0.7584937278553693,0.7449726035419069,0.5907704101578862,0.2733067275640696,3.2914424005028198,0.2806972806944601,0.23044417479081433,0.22633621157341247,0.17948678368718735,0.08303554925412569
694,55.32730845426081,11.744563531635505,2.3064054734226405,3.1836118620503924,3.087751924190522,75.64964124555988,0.7313624697130755,0.15524942799811137,0.030487989572032647,0.042083634629757734,0.04081647808702268
695,0.931588214377162,0.8116159204225272,0.802860429484396,0.7073337178143679,0.4495487807025139,3.7029470628009666,0.2515802139694901,0.21918107568316364,0.21681661008599454,0.19101912768888726,0.12140297257246455
696,0.9174172751124746,0.8085339183556645,0.7999105541364705,0.6966048868119431,0.3687691846740659,3.5912358190906186,0.25546004810811485,0.22514085932691644,0.22273963460829643,0.1939735851120852,0.1026858728445871
697,0.9173846048254348,0.8277037685240247,0.8199769763700616,0.7336769527568028,0.4852902548978099,3.784032557374134,0.2424357060664506,0.21873590038516896,0.21669395385410503,0.19388758992758923,0.1282468497666862
698,0.918793138356571,0.8145661224063901,0.8063260314458411,0.7171979270243659,0.4871321335399725,3.7440153527731406,0.24540314389363643,0.21756484566844853,0.2153639756975373,0.19155848986921148,0.1301095448711663
699,0.932757197635123,0.8386467691614292,0.8315321141597571,0.748641775214864,0.4517761831299441,3.8033540393011176,0.24524595606842878,0.22050189398500858,0.21863126744639177,0.19683725666318197,0.11878362583698884
700,0.901217438625556,0.7979525792668947,0.7900265343244995,0.7022000491603615,0.4594481700514715,3.6508447714287833,0.24685175488106506,0.2185665590363105,0.21639554234329092,0.19233905934750292,0.12584708439183057
701,0.9307965407977792,0.8347372821810456,0.8272698885025208,0.7449937307699654,0.4447006965100832,3.782498138761394,0.24607984106043082,0.22068412238647825,0.2187099261266038,0.19695812223556547,0.11756798819092179
702,0.0,0.0,0.0,0.0,0.0,0.0,,,,,
703,0.8974803583424579,0.80394518972263,0.7963195830298321,0.7085733098564806,0.4122352485697835,3.6185536895211836,0.2480218439044951,0.22217307208975254,0.22006570894218325,0.1958167186819441,0.11392265638162509
704,0.8988400058611852,0.8241063310838603,0.8181782322959475,0.7521589166366313,0.554584429704763,3.847867915582387,0.23359429834408516,0.21417219851714406,0.21263157942159083,0.1954742036728123,0.1441277200443677
705,0.8826105268157229,0.8010700764684645,0.7947428457342646,0.7220181378732747,0.5029645738659003,3.703406160757627,0.23832398837808333,0.21630629795803574,0.21459780840556777,0.19496055969339515,0.135811345564918
706,0.9383076284045396,0.8752534103495526,0.869064821310262,0.7976472408621842,0.5728001207027269,4.0530732216292655,0.23150522507149676,0.2159480874114867,0.21442119936854062,0.1968005997536713,0.14132488839480456
707,0.9329472018492578,0.8462824311254762,0.8387897938578813,0.7533055997895164,0.5231767150034363,3.894501741625568,0.23955495818056688,0.21730184944589015,0.2153779480678239,0.1934279786648872,0.13433726564083187
708,0.9358116486564654,0.8384241063914505,0.8304849666959865,0.744006609882889,0.5086417506958967,3.8573690823226876,0.24260360589943158,0.2173564646001153,0.21529828983746502,0.19287929000428725,0.13186234965870097
709,0.9133168217792352,0.8321907249890724,0.8256260506905282,0.751698578088521,0.5109164515448644,3.8337486270922216,0.2382307528785364,0.21706971581500456,0.2153573775953954,0.19607403906882148,0.13326811464224209
710,0.9477389873264632,0.8636397070225164,0.8565025976139996,0.7814910431428858,0.5761665664393271,4.0255389015451915,0.23543158084068605,0.21454014683375952,0.21276718932842348,0.19413327314832624,0.14312780984880488
711,0.9291232926073808,0.8091078806439761,0.8000739456822173,0.6982162520770002,0.4316268185857091,3.6681481895962835,0.2532949173761816,0.22057666125343386,0.2181138559100235,0.19034570469571077,0.11766886076465029
712,0.91670705794555,0.8026028285787227,0.7934428874401308,0.6880845245035915,0.4054045842570427,3.6062418827250378,0.25420010297613344,0.22255934423684307,0.22001932017953546,0.19080376382951994,0.11241746877796806
713,0.8833645207501952,0.7883745253944424,0.7814452454297532,0.7054122294565398,0.4960543654677021,3.654650886498633,0.2417096866936337,0.2157181492511179,0.21382213231820427,0.1930176783950944,0.1357323533419497
714,0.9236664215316256,0.8075410918235931,0.798200300748059,0.6914427582969928,0.4134138114961579,3.6342643838964284,0.2541549881798442,0.2222020762721172,0.21963187496344974,0.19025659260256447,0.1137544679820244
715,0.0,0.0,0.0,0.0,0.0,0.0,,,,,
716,0.923898952044038,0.7584938177286137,0.744972696425507,0.5907705316937398,0.2733068457749262,3.291442843666825,0.2806972491780445,0.2304441710686415,0.22633620931894166,0.1794867964456564,0.08303557398871593
717,4139.821365173244,799.0728133834258,100.68817604129202,155.69134838975214,175.29461156513108,5370.568314552845,0.7708348768146946,0.148787384608468,0.018748141750371785,0.02898973428340331,0.032639862543062385
718,0.9315425855583775,0.8115785963739037,0.8028235010001354,0.7073042812247998,0.4495486145284541,3.7027975786856704,0.2515780476147535,0.21917984419282738,0.21681538996930594,0.19101888941924328,0.12140782880386998
719,0.9168958007372552,0.8101919966661196,0.8016474353991961,0.6998569396274873,0.3797711515288891,3.6083633239589474,0.2541029598237006,0.22453171255970156,0.22216372449979943,0.19395412179825428,0.10524748131854411
720,0.9173846060738085,0.8277037730331477,0.8199769811040681,0.7336769597747818,0.4852902664386773,3.7840325864244835,0.24243570453515606,0.21873589989753273,0.2166939534415746,0.19388759029372685,0.12824685183200973
721,0.92063272799725,0.8133666512399116,0.8052245897278194,0.7167314683220772,0.4873199512656814,3.74327538855274,0.24594309326335556,0.2172874199230057,0.21511230303553563,0.19147174437496747,0.13018543940313554
722,0.9327572462097308,0.8386468921120658,0.8315322429911015,0.7486419896572608,0.4517766189790219,3.803354989949181,0.24524590754075098,0.22050187119747963,0.21863124667261527,0.19683726384616648,0.11878371074298756
723,0.9009487035310716,0.7980078440878562,0.7901028215826253,0.7024606696098274,0.4598801839599646,3.651400222771345,0.24674060594959055,0.218548445911575,0.21638351683698806,0.1923811761934639,0.12594625510838253
724,0.9303349054090428,0.8345184641586029,0.8270729185222706,0.7451338857330446,0.4503067069191194,3.7873668807420806,0.24564161189125597,0.22034265241161186,0.21837676268643333,0.19674193422398156,0.11889703878671723
725,0.0,0.0,0.0,0.0,0.0,0.0,,,,,
726,0.913125895010068,0.8171873092841399,0.8097172467775812,0.7247548228513172,0.4516437926424343,3.7164290665655404,0.2456998044776122,0.21988508179420904,0.21787507100891995,0.19501376452237365,0.12152627819688522
727,0.8979844745680958,0.8227919770113,0.8168520038804743,0.7507664041595302,0.5534313382198438,3.8418261978392447,0.23373896379621456,0.21416689216031226,0.21262075945546305,0.19541914847209466,0.14405423611591534
728,0.8851084560279652,0.801246591094648,0.7947441557331778,0.7207127832776041,0.5019784306433246,3.7037904167767204,0.23897368814897582,0.21633151472753823,0.21457589828336343,0.19458789569006318,0.13553100315005914
729,0.9362540897942586,0.8729495792324609,0.8667728384804885,0.7955438799704718,0.5714690197689135,4.042989407246593,0.23157470759535775,0.2159168603478899,0.214389094595919,0.19677120067258919,0.14134813678824412
730,0.9426980032279176,0.8451783835161383,0.8374660369586266,0.7484973094129629,0.491479468749488,3.8653192018651334,0.24388619774869752,0.21865681445100682,0.21666154675001328,0.1936443719969596,0.12715106905332277
731,0.936747971189245,0.8401858006947832,0.8323181894460804,0.7465606615550175,0.5117577322210944,3.8675703551062206,0.24220579981240387,0.21723865981791765,0.21520440820092623,0.19303091941672348,0.13232021275202874
732,0.911985976948348,0.8312574454255885,0.8247342538038971,0.7511721031903663,0.5121419942181681,3.831291773586368,0.23803615877959167,0.21696531993632817,0.2152627109973109,0.19606235901141367,0.1336734512753556
733,0.9477390022795578,0.8636397639025059,0.8565026568999966,0.7814911226572064,0.5761667245486634,4.02553927028793,0.23543156298951468,0.21454014131148527,0.2127671845662394,0.19413327511802156,0.1431278360147391
734,0.9316899412914654,0.8153317761548338,0.8062547903568689,0.704498102482617,0.4384752053902601,3.696249815676045,0.2520635746372189,0.2205835148633506,0.21812778642219688,0.19059807578340432,0.11862704829382938
735,0.918335477001616,0.8029222294642657,0.793666018975431,0.6844430846202126,0.3865717764255829,3.5859385864871083,0.25609347590674847,0.22390852773940897,0.22132727592329732,0.19086860193294983,0.10780211849759537
736,0.8804511691328883,0.7851644614305159,0.778314756338033,0.7032483357740444,0.4959728973750574,3.643151620050539,0.24167294171541354,0.2155179205579217,0.21363776134226223,0.19303295858004635,0.1361384178043562
737,0.9236665417341396,0.8075414767439562,0.7982007030988068,0.6914433668038567,0.4134145854999362,3.634266673880695,0.2541548611092543,0.22220204217475814,0.2196318472817193,0.1902566401561085,0.11375460927815989
738,0.0,0.0,0.0,0.0,0.0,0.0,,,,,
739,0.9221106860973364,0.7635000033487638,0.7505498356321461,0.6029647986838641,0.292462666194684,3.331587989956794,0.2767781276907817,0.2291699951045463,0.2252829094998267,0.18098420347939953,0.08778476422544577
740,8821.615901082077,1701.5368754975354,213.4569129925757,330.5012214414732,372.684330655496,11439.795241669157,0.7711340731824964,0.14873840305285638,0.01865915503584054,0.028890484004261814,0.03257788472454498
741,0.9334988508048104,0.8174480635361313,0.8088264572663919,0.7148297354303916,0.4598427916390892,3.7344458986768143,0.2499698418808442,0.21889407042307638,0.21658539960452355,0.19141520718874774,0.12313548090280818
742,0.9159369710843384,0.8093256666566859,0.8007607938344452,0.6988621858685111,0.3805016602669932,3.605387277710974,0.25404676405965965,0.22447676333137756,0.22210118696120784,0.19383831251332645,0.10553697313442846
743,0.9192075076077812,0.8302411219370762,0.8225733232858247,0.7368482607280332,0.4895566530341608,3.798426866592876,0.241996895002034,0.21857499198919375,0.21655631454177734,0.19398774456041415,0.12888405390658073
744,0.9199921346075136,0.8126349163652608,0.8044902566546037,0.7159876416313858,0.4867589267724221,3.739863876031186,0.24599615523542173,0.21728997185524415,0.2151121760903084,0.1914475139643867,0.13015418285463903
745,0.9327572537324716,0.8386469111534094,0.831532262943189,0.7486420228679157,0.4517766864788965,3.8033551371758825,0.24524590002528002,0.22050186766837993,0.21863124345538487,0.1968372649585932,0.11878372389236197
746,0.8999480273477579,0.797839992775918,0.7899806320380426,0.7026827924733055,0.4607177722029675,3.6511692168379914,0.24648214692364673,0.2185163013252145,0.21636374134480313,0.1924541840550045,0.12618362635133115
747,0.9306551275539092,0.8347049662396585,0.8272632120589094,0.7455613817474148,0.4584187617867534,3.7966034493866454,0.24512834694501998,0.21985571507988488,0.21789560671461664,0.19637589010457832,0.12074444115590016
748,0.0,0.0,0.0,0.0,0.0,0.0,,,,,
749,0.9399924894554172,0.8448105561914734,0.8374967144096994,0.755315064670722,0.4776348057304652,3.8552496304577772,0.24382143299597472,0.21913251726092753,0.21723540488615622,0.1959185881773977,0.12389205667954378
750,0.8979845476476284,0.8227921642212103,0.8168522002594892,0.7507666987166665,0.5534318490405663,3.84182745988556,0.23373890603467584,0.21416687053554442,0.2126207407252541,0.19541916094769915,0.1440543217568266
751,0.8851085115670274,0.8012467241298866,0.7947442954802989,0.7207129979927381,0.5019787840344048,3.7037913132043556,0.23897364530542917,0.21633149828754353,0.21457588408044553,0.19458790656572097,0.13553106576086088
752,0.9337046891990762,0.8694194512603475,0.863304080383643,0.7930923151462017,0.5725468685193454,4.032067404508614,0.23156971238998084,0.21562621951413116,0.21410953582231929,0.19669619467655092,0.1419983375970178
753,0.9331370002695786,0.8220154649441317,0.8140375443831025,0.7227258812146441,0.4606781308791876,3.7525940216906446,0.2486645224279218,0.21905259673514899,0.21692662187218342,0.19259367707702008,0.12276258188772568
754,0.9119860296318456,0.8312575947823511,0.8247344107250718,0.7511723438620287,0.5121424880277294,3.8312928670290267,0.23803610459542981,0.2169652969982817,0.21526269051956123,0.19606236587299178,0.1336735420137354
755,0.9368395768424942,0.8347289416206045,0.8267882196511612,0.7439020404266956,0.5258918457420485,3.868150624283004,0.24219314805408998,0.21579535615300113,0.21374250900697894,0.19231465180200538,0.1359543349839246
756,0.9316899564169248,0.8153318208532182,0.8062548369884727,0.7044981705886043,0.4384753002305278,3.696250085077748,0.25206356035763944,0.22058351087899083,0.21812778313984502,0.19059808031733483,0.11862706530618984
757,0.9186880759809626,0.803232072091141,0.7939180996265834,0.6841875744504402,0.376925096993466,3.576950919142593,0.2568355274500594,0.22455775610241763,0.22195387009025222,0.19127675775166694,0.10537608860560384
758,0.9236665469753804,0.8075414935278006,0.7982007206426754,0.6914433933368379,0.4134146192491515,3.6342667737318455,0.25415485556854533,0.2222020406879974,0.2196318460747017,0.19025664222960428,0.1137546154391514
759,0.894047154321862,0.7937664534181601,0.7857305118618149,0.6973657218754139,0.470216949198976,3.6411267906762266,0.24554134083197374,0.21800022329646548,0.21579323023681077,0.19152470154600132,0.1291405040887488
760,0.9207023440545182,0.770661671908237,0.7583748526823197,0.6185590992950605,0.3148732970739485,3.383171265014084,0.27214180776942887,0.227792686665843,0.2241609405130611,0.1828341076585981,0.09307045739306896
761,0.9334989587942492,0.8174483606843408,0.8088267654585142,0.71483016877204,0.4598434526736341,3.734447706382778,0.24996974979693726,0.21889404403419246,0.2165853772904887,0.19141523057084964,0.12313559830753204
762,0.915735696125155,0.8091438090066818,0.8005746724391206,0.6986533698590359,0.3806550067809908,3.6047625542109842,0.2540349557990769,0.22446521701171754,0.2220880461332776,0.19381397785629134,0.10559780319963658
763,0.9221216298759284,0.8342973687836177,0.8267238776297847,0.7419179524022993,0.4963769648076576,3.8214377934992876,0.24130227409289903,0.2183202799226132,0.21633843655289606,0.1941462853757265,0.12989272405586527
764,0.9199921485874248,0.8126349575846132,0.8044902995160805,0.7159877015796368,0.4867590122939811,3.739864119561737,0.24599614295485042,0.21728996872748507,0.2151121735434485,0.1914475175273323,0.13015419724688365
765,0.9310999700428034,0.8336011272526707,0.8264624506176173,0.7448234653001953,0.4581799667993979,3.7941669800126845,0.24540300280608382,0.21970596751381874,0.21782448030657162,0.19630750813653047,0.12075904123699535
766,0.8999480576619061,0.7978400751229546,0.78998071792455,0.7026829178865159,0.4607179610143541,3.651169729610281,0.24648212061014343,0.2185162931902688,0.2163637344815715,0.19245419137540862,0.12618366034260758
767,0.930498844715215,0.8342503463534254,0.826779868668253,0.7448435558130667,0.4603514603645035,3.796724075914464,0.24507939637175208,0.21972898995892695,0.21776137852975744,0.19618058645298492,0.12124964868657859
768,0.0,0.0,0.0,0.0,0.0,0.0,,,,,
769,0.9399924930265936,0.8448105667494908,0.8374967254313513,0.75531508172355,0.4776348390275519,3.855249705958538,0.24382142914731939,0.2191325157080698,0.21723540349071188,0.1959185887638255,0.12389206289007333
770,0.8979916003264872,0.8227615514304762,0.8168183732221135,0.7507095887359266,0.5533592444049688,3.8416403581199723,0.23375212581480367,0.21416933255905313,0.21262229076067113,0.19541381252650886,0.14404243833896324
771,0.8851085689383312,0.8012468615538867,0.7947444398376062,0.7207132197912506,0.5019791490839175,3.7037922392049922,0.23897360104850726,0.21633148130519111,0.2145758694089698,0.19458791780014895,0.1355311304371829
772,0.9336230572902922,0.8693064159604391,0.8631930101038486,0.7930138149545202,0.572581379146694,4.031717677455794,0.23156955223101156,0.21561688726900463,0.2141005594043888,0.19669378622139774,0.14201921487419727
773,0.9323725329447966,0.8209373110676816,0.812948714421278,0.7216904911416623,0.459903944766413,3.7478529943418315,0.24877510786906745,0.21904202547620152,0.2169105126718135,0.19256104554559775,0.12271130843731978
774,0.913416067386738,0.832281864391195,0.8256202889598792,0.750483418537139,0.5134156537744287,3.8352172930493795,0.238165401747154,0.21701035451095604,0.21527340587876542,0.19568211164912377,0.1338687262140008
775,0.943157919119664,0.8353057193183896,0.826550878829412,0.7298972644822116,0.4929865911668835,3.8278983729165605,0.2463905326726454,0.21821522881286728,0.21592811467448772,0.19067832877864171,0.12878779506135793
776,0.9316900191352068,0.8153320061967854,0.8062550303482141,0.7044984529927695,0.4384756934896225,3.6962512021625984,0.25206350114680914,0.22058349435767566,0.21812776952943333,0.190598099117447,0.11862713584863487
777,0.9188534990927968,0.803683302147924,0.7944173698366418,0.6855325087901887,0.3751204283756235,3.5776071082431744,0.25683465827638363,0.22464269491643035,0.22205271451027211,0.1916176058602554,0.1048523264366586
778,0.9236665851834516,0.8075416158802126,0.7982008485355863,0.691443586759438,0.4134148652774519,3.63426750163614,0.25415481517736893,0.22220202984966267,0.219631837275665,0.19025665734516004,0.1137546603521434
779,0.8923884811046531,0.7915684089449245,0.783554865334815,0.6955601407758979,0.4693159397310778,3.632387835891368,0.24567544035001587,0.21791957376453386,0.21571343720308844,0.19148840162471562,0.12920314705764624
780,0.9205713288578472,0.7705735113880703,0.7582942355266205,0.6185694395814955,0.3150218194647812,3.3830303348188147,0.27211441747451853,0.22777611641763182,0.22414644873919892,0.1828447806734267,0.09311823669522397
781,0.9338830169279788,0.8186006685867827,0.8100052801256657,0.7163075822158081,0.4618644261465216,3.7406609740027568,0.2496572192503887,0.21883850856198428,0.21654068245027458,0.19149224888170266,0.12347134085564987
782,0.9150446753798231,0.808460441218158,0.7999081811353093,0.6982265980137711,0.3809767924498553,3.6026166881969166,0.2539944586327324,0.22440923117546166,0.22203532886415886,0.19381095976747623,0.10575002156017085
783,0.9221216352929498,0.8342973883565414,0.8267238981968621,0.7419179831136529,0.4963770158847826,3.821437920844789,0.24130226746928296,0.2183202777691877,0.2163384347256652,0.1941462869425968,0.12989273309326732
784,0.922157954305954,0.8141122417979686,0.8059402891321958,0.7172917899229336,0.4871515795516334,3.7466538547106856,0.2461284095264153,0.21729048729024739,0.21510935367538245,0.1914486413045815,0.13002310820337337
785,0.9302713962428736,0.8325325212390863,0.8253860293421462,0.7438467065108797,0.4585024656673733,3.790539119002359,0.24541928391645618,0.2196343303952506,0.21774898066726234,0.19623770739679228,0.12095969762423865
786,0.8999482065307638,0.7978404795185429,0.7899811397020563,0.7026835337747303,0.4607188882444384,3.6511722477705315,0.24648199138791319,0.21851625324050872,0.21636370077704012,0.192454227324882,0.12618382726965602
787,0.9304620495888932,0.8341433107864442,0.8266660696117927,0.7446745492325507,0.4608068068867932,3.7967527861064743,0.2450678519269808,0.21969913707282704,0.21772975913439155,0.1961345895254365,0.12136866234036407
788,0.0,0.0,0.0,0.0,0.0,0.0,,,,,
789,0.8851086086523489,0.8012469566825717,0.7947445397657193,0.7207133733263209,0.501979401781383,3.7037928802083435,0.2389735704126523,0.2163314695495339,0.214575859252965,0.19458792557692367,0.13553117520792524
790,0.9311665658252718,0.867486834672435,0.8614590339766642,0.792305542187225,0.5749141615271804,4.027332138188776,0.2312117634886821,0.2153998738883683,0.21390315087448702,0.19673210825456053,0.1427531034939021
791,0.9323725617816252,0.82093737622175,0.8129487826294015,0.7216905969496656,0.4599040867840377,3.74785340436648,0.2487750883466663,0.219042018896819,0.21691050714050505,0.19256105271056004,0.1227113329054496
792,0.9131914637679128,0.8319941368824434,0.825332527372535,0.7502190477211348,0.513325652480838,3.8340628282248637,0.23817853402019293,0.21700065287340353,0.2152631723446891,0.19567207981004303,0.13388556095167148
793,0.9300791352683664,0.8109984355334203,0.8019164691010793,0.6991760799169984,0.4332169060244777,3.6753870258443424,0.25305610775907345,0.22065660836007076,0.2181855852083648,0.19023196060729888,0.117869738065192
794,0.9188535345630214,0.8036834166173007,0.7944174894830585,0.6855327022609932,0.3751207062618935,3.577607849186267,0.25683461499896254,0.22464268038770652,0.22205270196501556,0.19161762025341003,0.1048523823949054
795,0.9222976917783906,0.8089777188970253,0.7998113535054467,0.6948833093033748,0.4181134045815199,3.6440834780657574,0.2530945565132709,0.22199758149514798,0.2194821711191914,0.19068808754957828,0.11473760332281144
796,0.9190626544492824,0.7758291768302761,0.7640057383347817,0.629152037975713,0.3290051123318697,3.4170547199219223,0.26896339970531186,0.22704616707103928,0.22358604147616307,0.1841211480482492,0.09628324369923677
797,0.93299594372145,0.8186313718339078,0.8100595095177757,0.7165809365309328,0.4627873607387642,3.7410551223428308,0.24939379752767785,0.2188236593854947,0.21653236400603396,0.19154514250572574,0.12370503657506769
798,0.9150447267125406,0.8084605988463701,0.799908346751839,0.6982268743592619,0.3809771686782795,3.6026177153482912,0.2539944004644624,0.224409210947382,0.2220353115302732,0.19381098121640675,0.10575009584147556
799,0.9217069756924144,0.8362375718606841,0.8288114386444662,0.7449664286267009,0.499390248196263,3.8311126630205288,0.2405846699808931,0.21827537987394427,0.21633700481964266,0.19445171524644067,0.13035123007907926
800,0.9218742300078968,0.8141673496999391,0.8059646435406479,0.7171215377860319,0.4867757668860829,3.7459035279205986,0.24610196795955436,0.21734872338046954,0.21515894297151045,0.19144153938852657,0.1299488262999391
801,0.9287103119380836,0.8305352181624642,0.8232661314101535,0.7410201187209318,0.4630296944631548,3.7865614746947878,0.24526481826442326,0.2193375767732409,0.21741787025298778,0.19569736914958208,0.12228236555976603
802,0.8998095758902654,0.7978719970202479,0.789993673452804,0.702411118011814,0.4608080753765451,3.650894439751677,0.24646277528403912,0.21854151364467192,0.21638359763327944,0.19239425560044127,0.12621785783756814
803,0.9520143506771463,0.8361139673279749,0.826217958628889,0.7102662383049229,0.4468623297200188,3.7714748446589517,0.25242495042101637,0.22169416521816504,0.2190702557114901,0.18832585859899884,0.1184847700503297
804,0.9288425020218036,0.86538664356917,0.8594186457671554,0.7909193047931039,0.5754332049475369,4.0200003010987695,0.23105533145555415,0.2152702932217785,0.21378571676530825,0.19674608098335847,0.14314257757400073
805,0.9308026769634764,0.8174576856434762,0.8093777904056171,0.7181193854175867,0.4575284191672176,3.733285957597374,0.24932530953576135,0.21896465872910695,0.2168003736114839,0.19235584779038623,0.12255381033326164
806,0.913191518274547,0.831994296909699,0.825332695609787,0.7502193041931202,0.5133261583292082,3.8340639733163617,0.23817847710158604,0.21700062980171048,0.21526315193324655,0.19567208826309718,0.13388565290035967
807,0.9307949769426104,0.8121575347543708,0.8031045916975421,0.7006503854791789,0.4345559783707174,3.6812634672444196,0.2528466069393695,0.2206192362977771,0.2181600417474872,0.19032878024447547,0.11804533477089071
808,0.9188535582273588,0.8036834929867699,0.7944175693064461,0.6855328313371105,0.3751208916567634,3.5776083435144486,0.2568345861259723,0.22464267069471186,0.22205269359531216,0.19161762985595013,0.10485241972805356
809,0.9222977697681284,0.8089779698109595,0.7998116159823667,0.694883707613561,0.4181139246783156,3.644084987853331,0.2530944730549324,0.22199755837404736,0.21948215221333853,0.1906881178484548,0.11473769850922699
810,0.9185232861299346,0.7755590525993413,0.7637634470630811,0.6294071737641515,0.3286444185461816,3.4158973781026902,0.268896627872385,0.2270440141354932,0.22359086428038485,0.1842582209286821,0.09621027278305483
811,0.9329959745979072,0.8186314582040307,0.8100595991408263,0.7165810626643161,0.4627875538933945,3.7410556485004745,0.24939377070530333,0.2188236516963233,0.2165323575086412,0.19154514928200625,0.123705070807726
812,0.9150384594645266,0.8084616778537967,0.7999093962147841,0.698227944176989,0.3810056152987575,3.602643093008854,0.2539908716575932,0.22440792967326276,0.22203403877754543,0.19380991293085412,0.10575724696074441
813,0.9187499742458056,0.834609282691613,0.8272806719028929,0.7441034940963926,0.4995806639017286,3.8243240868384327,0.24023852408526808,0.21823706980377394,0.21632075449620314,0.19457124375448598,0.13063240786026892
814,0.921874249906846,0.8141674094981871,0.8059647056598299,0.7171216243204255,0.4867758903622806,3.745903879747569,0.24610195015707922,0.21734871893003635,0.2151589393463408,0.1914415445088119,0.1299488470577317
815,0.9285411730143964,0.8305476107600508,0.8232723140823834,0.7409841932793785,0.463900615153077,3.7872459062892863,0.2451758338354569,0.21930121024906324,0.2173802109641777,0.19565251679297185,0.12249022815833029
816,0.8995182531548098,0.7978224418535409,0.7899577310005961,0.7024796110053649,0.461052260361349,3.6508302973756606,0.24638730915578677,0.21853177958642517,0.21637755432468175,0.1924163967605755,0.12628696017253085
817,0.9459793898834026,0.8355632517316084,0.8264448631497462,0.7236433312471483,0.4782925392120799,3.8099233752239856,0.24829354732830772,0.21931235078513503,0.2169190248087757,0.1899364527782938,0.12553862429948767
818,0.9274452554342786,0.8646034018711927,0.8587225405384239,0.7910457789531604,0.5776107374976516,4.019427714294707,0.23074062313296714,0.21510609552606558,0.21364298640934876,0.19680557412187868,0.1437047208097398
819,0.9308027262218364,0.8174577987897421,0.8093779085169541,0.7181195649039501,0.4575286635627043,3.7332866619951868,0.24932527568734458,0.21896464772219412,0.21680036434287553,0.19235585957392415,0.12255385267366167
820,0.913191572893622,0.8319944572670243,0.8253328641940489,0.7502195611941589,0.5133266652210996,3.834065120769954,0.23817842006560275,0.21700060668243001,0.21526313147970377,0.19567209673358402,0.1338857450386794
821,0.9199904376504784,0.8041684155406693,0.7949784894730251,0.6873419944621022,0.3788620804752476,3.585341417601523,0.2565977212474014,0.22429339967255668,0.2217302055447874,0.19170893770053055,0.10566973583472396
822,0.9215457451575192,0.8059197130848259,0.7966263789434584,0.6910894596848982,0.4183413039723753,3.6335226008430768,0.2536232318862405,0.22180121100604425,0.21924354585234154,0.19019820037022656,0.11513381088514728
823,0.9185233042415106,0.7755591277912812,0.7637635250297997,0.6294072788757838,0.3286445387266784,3.415897774665054,0.26889660195746823,0.22704400978958708,0.22359086114767898,0.18425823030886818,0.09621029679639745
824,0.9344663994766472,0.8213456817920165,0.8128466562903426,0.7203998735050573,0.4702416878346215,3.759300298898685,0.24857455515070348,0.21848365825753155,0.2162228584208801,0.19163137185824283,0.1250875563126421
825,0.9144358899610594,0.8085654250353507,0.8000103031680904,0.6983308111245294,0.3837406534036327,3.605083082692663,0.25365182132725234,0.2242848240910518,0.22191175205053995,0.1937072725111625,0.10644433001999333
826,0.917539689593938,0.8333715334109897,0.8260709989953433,0.7432269571754412,0.4993708984277375,3.8195800776034496,0.2402200427670147,0.21818407167258,0.21627272689977264,0.1945834207098939,0.1307397379507388
827,0.9218742579019448,0.814167433524227,0.8059647306183864,0.717121659088649,0.4867759399731709,3.7459040211063783,0.24610194300431193,0.21734871714191895,0.21515893788980187,0.19144154656606557,0.1299488553979016
828,0.9284808045998368,0.8305520942377183,0.8232745828237085,0.7409714618859988,0.4642117704118005,3.7874907139590626,0.2451440477933994,0.21928821928900322,0.21736675941923034,0.19563650919462233,0.12256446430374482
829,0.8929432242425667,0.7934577164206634,0.7859430347734455,0.702745129892653,0.47309502997908,3.648184135308409,0.24476374851815952,0.21749387832190284,0.21543403666684816,0.19262874455574722,0.12967959193734216
830,0.9450412474152982,0.8348155343977939,0.825735111161924,0.7234853542924141,0.4791425170437401,3.8082197643111706,0.248158274969259,0.21921411737350063,0.21682969005631497,0.18997993788924045,0.12581797971168485
831,0.927688119195496,0.8613388082495128,0.8553384795153245,0.7872553146731985,0.5774131238375668,4.009033845471099,0.23139942314118428,0.21484947282810915,0.21335277088807272,0.19637033385550995,0.14402799928712384
832,0.9308027658596956,0.81745788983776,0.80937800356033,0.7181197093353822,0.4575288602262089,3.7332872288193766,0.24932524844975693,0.2189646388650023,0.21680035688448476,0.1923558690560442,0.12255388674471182
833,0.913292604514558,0.831330106848264,0.8246090309045552,0.7492231860412208,0.5131592872023657,3.831614215510964,0.23835713961426727,0.2169660253067524,0.2152119144893061,0.1955372184935138,0.1339277020961604
834,0.9199904448022524,0.8041684377121169,0.7949785126449217,0.6873420317171222,0.3788621346133891,3.5853415614898023,0.2565977129442509,0.22429339685504443,0.2217302031091809,0.1917089403977215,0.10566974669380232
835,0.9205250407975912,0.8051169241874688,0.7958533592143126,0.6905991912642682,0.4183224130078176,3.6304169284714582,0.2535590426483514,0.22176982425168815,0.21921817105160885,0.1902258624479906,0.11522709960036105
836,0.9186111524822532,0.7760410200096223,0.7642830062258604,0.6303728999444549,0.3300386469208392,3.41934672558303,0.2686510688165505,0.2269559311442159,0.2235172585767953,0.18435477608284095,0.09652096537959734
837,0.9344664391907556,0.821345795245802,0.8128467739488391,0.7204000389895012,0.470241941039317,3.7593009884142146,0.2485745201224075,0.21848364836364703,0.21622285006014433,0.1916313807300084,0.12508760072379282
838,0.914324933354012,0.8074004072884623,0.7986884050672949,0.6954405416417253,0.3828920457298793,3.598746333081374,0.2540676248695569,0.22435602083604975,0.22193517718250222,0.19324522410732534,0.10639595300456578
839,0.9172356916512032,0.8346886620329118,0.8275274132922726,0.7462852929751453,0.5048445281540493,3.8305815881055825,0.23945076499592924,0.21790128805106793,0.2160317941959114,0.1948229729115942,0.1317931798454972
840,0.9252225476971988,0.8151366150660442,0.8067513799915473,0.7171447220641325,0.4866251547224597,3.7508804195413825,0.2466681003417126,0.21731874223964473,0.2150832044094299,0.1911937043708307,0.1297362486383821
841,0.8898980694022244,0.7897071716519021,0.7821724266955783,0.6985999221238998,0.4667099911597094,3.627087581033314,0.2453478305998619,0.2177248698877362,0.2156475158707766,0.1926063009277755,0.1286734827138498
842,0.9471544279170618,0.8382138352816332,0.8291290541069702,0.7268362639380055,0.4786639143915605,3.819997495635231,0.24794634787046074,0.21942784942644206,0.217049632900111,0.19027139802277257,0.1253047717802137
843,0.9287362656236126,0.8612224042789443,0.8551500033005243,0.7864962742771813,0.5772593477277697,4.008864295208032,0.2316706671098273,0.21482952299193575,0.2133147795306321,0.19618929860442372,0.14399573176318106
844,0.9317138616206316,0.8071848389101162,0.7984771003277357,0.7059020550103231,0.4519157702855105,3.695193626154317,0.25214209480824695,0.21844182486052136,0.21608532085468315,0.19103249421464646,0.12229826526190209
845,0.909949249505978,0.8276332227153536,0.8209269513192009,0.7458072007689855,0.5148266301539565,3.8191432544634742,0.2382600465281082,0.2167065144121236,0.21495055215846504,0.1952812845910801,0.13480160231022312
846,0.9217590097965034,0.8045676708201155,0.7953898685299209,0.689136743522021,0.3876706315727082,3.598523924241269,0.2561491959486838,0.22358269328159452,0.22103225802441342,0.19150539444233988,0.10773045830296839
847,0.9201538748508016,0.8034004792588996,0.7940617456608262,0.6884384386755603,0.4184551056142315,3.624509644060319,0.25386989281673117,0.22165770218751538,0.219081151284036,0.18993974531251195,0.11545150839920557
848,0.9186243638709386,0.7761134858801017,0.7643611239751658,0.630518098042128,0.3302482688261813,3.4198653405945154,0.26861419160768574,0.22694270346480389,0.22350620502568908,0.18436927634481584,0.09656762355700542
849,0.9344664734862104,0.8213458932198081,0.8128468755538618,0.7204001818950478,0.4702421596965123,3.7593015838514403,0.24857448987341968,0.2184836398196953,0.2162228428401566,0.19163138839129554,0.1250876390754329
850,0.9136485177231728,0.8082861123786846,0.7996561530971822,0.6972278624489777,0.3865118532265398,3.605330498874557,0.2534160233044871,0.2241919603850465,0.22179829376164084,0.1933880576736654,0.10720566487516017
851,0.9169258914584756,0.8343062244913413,0.8271467943659182,0.745942076050273,0.5047019986948321,3.82902298506084,0.23946732496407472,0.21789010610446488,0.21602032622762526,0.19481263992423398,0.1318096027796012
852,0.9251734450858826,0.8150836690386453,0.8066989819727194,0.7170979408796196,0.4865850366092994,3.750639073586166,0.2466708811310068,0.21731860972143732,0.21508307414965305,0.19119353443784393,0.12973390056005898
853,0.8896440644552376,0.7894921329850844,0.7819669103323779,0.6984877187323888,0.4667377920814585,3.626328618586547,0.24532913533964246,0.21771113873645814,0.2156359758253705,0.19261567061306265,0.1287080794854663
854,0.9471544823829068,0.8382140221262246,0.8291292507096935,0.7268365469181242,0.4786642807877082,3.819998582924657,0.24794629155536202,0.21942783588272263,0.21704962258779106,0.19027141794425628,0.12530483202986806
855,0.9276506777064244,0.8599010702441817,0.8537995626038183,0.7847999210076869,0.5752215610794223,4.001372792641534,0.23183310473154625,0.21490151375686045,0.2133766601737142,0.19613266788111383,0.14375605345676526
856,0.9307527801440988,0.8057000336516219,0.7968528787658075,0.7030028018644036,0.450753142499055,3.6870616369249865,0.2524375428994313,0.218520901734525,0.21612138804123265,0.1906674938178437,0.12225267350696736
857,0.9094136448267822,0.8269028488174558,0.8201895731483339,0.7450022972731906,0.5142138902986537,3.815722254364416,0.23833329162954578,0.21670939174664663,0.21495001954353532,0.1952454208167427,0.13476187626352962
858,0.9217590492295528,0.8045677895798182,0.7953899924835597,0.6891369384119308,0.3876709156590303,3.598524685363892,0.2561491527287778,0.22358267899403286,0.22103224571964492,0.1915054080953855,0.10773051446215881
859,0.9201539667573092,0.8034007689361586,0.7940620479808382,0.6884388864769254,0.4184556700989136,3.624511340250145,0.253869799368266,0.22165767837843545,0.21908113216885017,0.18993977997304679,0.11545161011140165
860,0.9344665395771786,0.8213460820261818,0.8128470713575981,0.7204004572893394,0.470242581072545,3.759302731322843,0.24857443158038875,0.21848362335457944,0.21622282892646139,0.19163140315540408,0.12508771298316632
861,0.9123354210256124,0.807882158699633,0.799284550010821,0.6973441222761408,0.38970975164523,3.6065560036574373,0.2529658267057009,0.22400377475917557,0.2216198914422125,0.1933545802613237,0.10805592683158731
862,0.9163111058699324,0.8339053858491945,0.8267884225647549,0.7462080590171104,0.5073111851991368,3.830524158500129,0.23921298181518869,0.2177000721947454,0.21584211151104976,0.19480573105412652,0.1324391034248896
863,0.9250676909126928,0.8149393093552387,0.8065528839478115,0.7169394093059738,0.4863241604720594,3.749823453993776,0.24669633177728484,0.21732738070302532,0.21509089530302733,0.19119284363704972,0.12969254857961285
864,0.8896441500584473,0.7894923458380091,0.7819671322391584,0.698488041151514,0.4667382857017919,3.626329954988921,0.24532906853512323,0.21771111720042616,0.21563595755079254,0.1926156885394749,0.1287081681741831
865,0.9471544871639536,0.8382140385275625,0.8291292679676064,0.7268365717583015,0.4786643129501986,3.8199986783676225,0.24794628661198792,0.2194278346938464,0.2170496216825691,0.1902714196929765,0.12530483731862008
866,0.9277926280676932,0.8583981652146235,0.8521850945388021,0.7819809399119764,0.5718014289259988,3.9921582566590943,0.23240376969527565,0.21502107632701634,0.21346475759504777,0.19587924366665524,0.14323115271600495
867,0.9319567349567462,0.8068157330946855,0.7978280995710197,0.7022983671555397,0.4508882283788792,3.6897871631568706,0.2525773693026218,0.21866186243772345,0.21622604889991057,0.19033573919062433,0.12219898016911979
868,0.908788017194953,0.8261115113137031,0.819397489335541,0.7441980474636367,0.5135566123673279,3.8120516776751616,0.23839866141300353,0.2167104701522619,0.21494920809553747,0.19522244460166852,0.13471921573752857
869,0.921759075760138,0.8045678694814463,0.795390075879673,0.689137069534027,0.3876711067926174,3.598525197447902,0.25614912365039316,0.22358266938134855,0.22103223744098527,0.19150541728115938,0.10773055224611358
870,0.919926960824816,0.8032377727649556,0.7939066107887827,0.6883514803197366,0.4184499292903356,3.623872753988626,0.2538518936163792,0.22165175967640408,0.2190768453210635,0.18994913095723368,0.11547037042891957
871,0.9353565963625374,0.8230046501559234,0.8145363165776716,0.7227543493048117,0.4746414387201512,3.7702933511210954,0.24808589392239452,0.21828663541822368,0.21604056786071288,0.19169711266363426,0.12588979013503465
872,0.9105983738541614,0.8064569282186753,0.7979334825202455,0.6969418633806553,0.3918296422955694,3.6037602902693067,0.2526800620765242,0.22378206741337098,0.22141691407022426,0.19339295825599248,0.10872799818388815
873,0.919187300707876,0.8371864555408042,0.8301097726292681,0.7502521398465579,0.5148625320026983,3.8515982007272043,0.23865088018120065,0.21736079723547966,0.2155234604877888,0.19478982509258258,0.13367503700294833
874,0.924741996916096,0.814494719535591,0.8061029404429837,0.7164511730229527,0.485520731102521,3.7473115610201444,0.24677478289644808,0.21735441696602834,0.2151150037344467,0.1911907140242992,0.12956508237877767
875,0.8898038922607191,0.7900688034785364,0.7825538587282719,0.6990307018526735,0.4672503720889034,3.6287076284091047,0.2452123409707787,0.21772732454196586,0.21565635451080928,0.19263902563545524,0.1287649543409908
876,0.9471544907120985,0.8382140506994422,0.8291292807751738,0.7268365901928746,0.4786643368188599,3.819998749198449,0.2479462829433753,0.21942783381154898,0.21704962101077915,0.1902714209907495,0.12530484124354704
877,0.9278331855852656,0.8579687623837147,0.8517238164426881,0.7811755139766965,0.5708242448914953,3.98952552327986,0.2325673015929166,0.21505533863043524,0.2134900031276077,0.19580662146872999,0.1430807351803105
878,0.9319249732122532,0.8067074613986451,0.7977128665580208,0.7021084440869946,0.4507622018836389,3.6892159471395525,0.25260786751581316,0.21866637056693003,0.21622829294569498,0.1903137290272685,0.12218373994429334
879,0.9082356893537428,0.8253895841032929,0.8186746101441926,0.7434667656654174,0.5129692488036818,3.8087358980703274,0.23846118860955803,0.2167095871681393,0.21494654185893253,0.1952003986525005,0.13468228371086965
880,0.9213067220857354,0.8043561469297198,0.7951814008611535,0.6890513544985527,0.3884617954127675,3.598357419787929,0.2560353557485218,0.2235342555207106,0.22098455158687877,0.19149052584641865,0.10795531129747019
881,0.9199269755545724,0.8032378191501586,0.7939066591996673,0.6883515520471739,0.4184500197008858,3.623873025652458,0.2538518786510034,0.2216517558601657,0.2190768422568362,0.1899491365107198,0.11547038672127488
882,0.9343497237364058,0.8226799856544019,0.8142566471391098,0.722956739987729,0.4757535349041612,3.769996631421807,0.24783834445603403,0.21821769780842973,0.2159833885135391,0.1917658848716464,0.12619468435035092
883,0.9105983916793324,0.8064569841001439,0.7979335413141339,0.6969419600301578,0.3918297744597203,3.6037606515834884,0.25268004168901076,0.22378206048334193,0.2214169081854875,0.19339296568542153,0.10872802395673828
884,0.9191873029594556,0.8371864634183427,0.8301097809204705,0.7502521524704915,0.5148625531837479,3.851598252952508,0.23865087752982467,0.21736079633346578,0.21552345971808867,0.19478982572893552,0.13367504068968544
885,0.923201585609534,0.8134114262714679,0.8050515672622788,0.7156276810210999,0.484963538110538,3.7422557982749187,0.24669654758370757,0.2173585853341263,0.21512467630710502,0.1912289591082965,0.1295912316667646
886,0.8892474817582476,0.7895938184325959,0.7820995883577683,0.6987807159356174,0.4673065708229226,3.6270281753071516,0.24517247696399339,0.21769718355323497,0.21563096578138297,0.19265930181985472,0.128840071881534
887,0.9451837536034864,0.8369061519994293,0.8279769282938484,0.7268891613507855,0.4747022740518883,3.8116582692994383,0.24797179779109788,0.21956484366402762,0.2172222349948559,0.19070155559469493,0.12453956795532353
888,0.92911269345063,0.855001114297424,0.8485580489822704,0.7750379305653617,0.5609634620261054,3.9686732493217916,0.2341116627853922,0.2154375179270643,0.2138140370027391,0.1952889245033736,0.14134785778143077
889,0.9305643392678838,0.799732021401251,0.7904240783842545,0.6919517461336894,0.4442564931596598,3.656928678346739,0.25446608920154895,0.2186895320481891,0.21614424231582155,0.18921663696392182,0.12148349947051845
890,0.9081440769599568,0.8252626347030876,0.8185473376346268,0.7433383998850136,0.5128754895725153,3.8081679387552,0.23847269646853012,0.21670857167419103,0.214945178573766,0.19519580329432462,0.13467774998918827
891,0.9219048853862254,0.805698859149607,0.7965624501465998,0.6910674487141012,0.391582271026237,3.6068159144227705,0.25560075902397855,0.2233823067952582,0.2208492113393817,0.19160042128867522,0.10856730155270629
892,0.9204248515714656,0.803328232928836,0.7940263393535083,0.6890024782183066,0.4201203740909049,3.626902276163021,0.2537771303133105,0.22149155719152555,0.21892686344820023,0.1899699594187074,0.11583448962825638
893,0.9343953469697808,0.8245245527732605,0.816149438760657,0.7251432558592857,0.479647055768667,3.7798596501316513,0.24720371480915596,0.21813628787633493,0.21592056697984296,0.19184396326303524,0.12689546707163082
894,0.917710405702456,0.8359284506795803,0.8288897243134786,0.7493693141703298,0.514740067810545,3.84663796267639,0.2385746760175832,0.21731404379370373,0.2154842052608348,0.19481150070305506,0.13381557422482318
895,0.9232016414480848,0.8134115986887831,0.8050517458019625,0.7156279247615414,0.4849638883802765,3.742256799080648,0.24669649652981743,0.21735857327819194,0.21512466648460302,0.19122897309915987,0.12959129060822777
896,0.8903126263445021,0.7898851380844532,0.7822761402407398,0.697583664413852,0.4624528755018731,3.6225104445854206,0.24577227311387206,0.21804909886874096,0.21594862242840754,0.19256912439176893,0.12766088119721036
897,0.9463716220164754,0.8379916032875022,0.8290522784931678,0.7284359922492266,0.472043220089005,3.8138947161353767,0.2481378465988266,0.2197206964686849,0.21737681299531186,0.19099530701973638,0.12376933691744037
898,0.929112718601045,0.8550012043315877,0.8485581440403221,0.7750380767884162,0.5609637006064404,3.968673844367811,0.23411163402092264,0.2154375083114911,0.21381402889646958,0.19528893206689693,0.14134789670421985
899,0.9327406624566376,0.7990791171648594,0.7895866164927763,0.6895600686836386,0.4431960932286142,3.654162558026526,0.25525428812898115,0.2186764010839221,0.21607867848090534,0.18870536209972108,0.12128527020647038
900,0.9081440874584727,0.8252626646821619,0.8185473690854242,0.7433384471702306,0.5128755781651517,3.8081681465614414,0.23847268621226062,0.2167085677210254,0.21494517510329103,0.19519580505955936,0.13467776590386354
901,0.9219049448404733,0.805699038552678,0.7965626374672247,0.6910677415696304,0.3915826995100433,3.6068170619400495,0.2556006941878542,0.22338228546565245,0.22084919301084993,0.19160044152555827,0.1085673858100852
902,0.920263833232701,0.8032030571897332,0.7939088004615251,0.6889820838882442,0.4202849541417391,3.6266427289139425,0.2537508936007846,0.2214728930385336,0.2189101215104456,0.18997793148887626,0.11588816036135997
903,0.9343954010587072,0.8245247135752037,0.8161496056425993,0.7251434901222742,0.4796474143730329,3.7798606247718176,0.2472036653772425,0.21813627417147916,0.21592055545483732,0.1918439757725325,0.1268955292239084
904,0.9182629025799682,0.8366795507635079,0.8296289076322287,0.7499350980698626,0.5153389839546749,3.8498454430002425,0.23851942011062974,0.21732808840021145,0.2154966790006215,0.19479615718947588,0.13385965529906144
905,0.922955432722118,0.8132490348149949,0.8048964507257282,0.7155250910797739,0.48489143237847,3.741517441721085,0.24667944145612794,0.2173580766313101,0.21512567113825312,0.19123927717162661,0.12959753360268222
906,0.8909622136125315,0.7901333940336722,0.7824970148300642,0.6977373742264926,0.462897572504903,3.624227569207663,0.24583506322350385,0.21801428827120065,0.21590725192820479,0.1925202987126533,0.12772309786443756
907,0.9463716462855548,0.8379916861776803,0.8290523654772705,0.7284361196349655,0.4720433905953375,3.8138952081708086,0.24813782094958145,0.21972068985597312,0.21737680775841092,0.19099531577962062,0.12376936565641387
908,0.9291127324099984,0.8550012537652719,0.8485581962323966,0.7750381570728885,0.5609638316001421,3.9686741710806976,0.23411161822765472,0.21543750303201362,0.2138140244456824,0.1952889362196847,0.1413479180749645
909,0.933168018721122,0.7997016173055312,0.7901903586805585,0.6900608186684892,0.4437977201709951,3.6569185335466963,0.2551787823985459,0.21868182459343255,0.216080930278254,0.18870007968135602,0.12135838304841147
910,0.9082358594300955,0.8248642109858044,0.8181200752625325,0.7427297541886008,0.5123585537516037,3.806308453618637,0.23861331011327802,0.21670976512731396,0.2149379340197062,0.19513125729011574,0.13460773344958607
911,0.922460035203801,0.8069137888596134,0.7978455609034473,0.6932082815019815,0.3947185274339049,3.6151461939027483,0.2551653476032611,0.2232036397920898,0.22069524110783728,0.1917511061298534,0.10918466536695841
912,0.9202585232439804,0.8031989395476254,0.793904935478236,0.6889814320890597,0.4202904131945603,3.626634243553462,0.25375002314605877,0.22147227583684648,0.2189095679801306,0.18997819626110943,0.11588993677585469
913,0.9344474608831274,0.8248794152296338,0.8165144765784763,0.7255877960412112,0.4801436440118985,3.781572792744347,0.24710550664951872,0.21813130684997492,0.21591928050284043,0.1918746076852961,0.12696929831236983
914,0.9190882277891852,0.837812112615208,0.8307437536937253,0.7507891343818449,0.5162544665137514,3.854687694993715,0.23843390191710037,0.2173488953990536,0.21551519070472447,0.19477301244324777,0.1339289995358737
915,0.9233278666163512,0.8139423711706566,0.8056242398768798,0.7164676701475046,0.485694311010703,3.745056458822095,0.24654578022216486,0.21733781055644216,0.215116714189742,0.19131024539289587,0.1296894496387552
916,0.9469296268679824,0.837578661324042,0.8285101219445558,0.7261562932241283,0.4671929126734768,3.806367616034185,0.24877513745101126,0.22004670746876168,0.21766424200712697,0.1907740834503797,0.12273982962272054
917,0.929112768112082,0.85500138157263,0.8485583311713863,0.775038364642892,0.5609641702755187,3.9686750157745094,0.2341115773952482,0.21543748938227728,0.21381401293846816,0.1952889469564287,0.14134797332757754
918,0.9331680533499096,0.799701713430532,0.7901904574587182,0.690060946873335,0.4437978925023766,3.6569190636148714,0.2551787548799265,0.21868181918142462,0.21608092596876163,0.18870008738755306,0.12135841258233415
919,0.8974859758005908,0.8031953647158984,0.7958927997425086,0.7146499226617341,0.4815041528745289,3.6927282157952606,0.24304143802451747,0.2175073056501461,0.2155297528635224,0.19352897936135496,0.13039252410045912
920,0.9224600661333996,0.8069138799959498,0.7978456561010784,0.6932084302611282,0.3947187463783965,3.6151467788699527,0.2551653148704929,0.22320362888507128,0.2206952317301137,0.19175111625144473,0.10918470826287734
921,0.934447495321998,0.8248795180478459,0.816514583294933,0.7255879459718536,0.4801438736033786,3.781573416240009,0.24710547501444846,0.218131298074339,0.21591927312277,0.1918746156972143,0.12696933809122823
922,0.919088228540166,0.8378121152734254,0.8307437564933262,0.7507891386572569,0.5162544735873295,3.8546877125515038,0.2384339010258761,0.2173488950986535,0.21551519044935508,0.1947730126652187,0.1339290007608967
923,0.9204561253838468,0.8127756316217783,0.8045587460980586,0.7160550653614389,0.4848787079318313,3.7387242763969537,0.24619524130056994,0.21739384119683156,0.21519606331425434,0.19152390292110774,0.12969095126723648
924,0.94692964105437,0.8375787113051836,0.8285101743996724,0.7261563703849063,0.4671930135624643,3.806367910706597,0.2487751219189388,0.22004670356463235,0.21766423893739467,0.19077408895297931,0.12273984662605478
925,0.9291127759305924,0.8550014095615629,0.8485583607220977,0.7750384100992995,0.5609642444431104,3.968675200756663,0.23411156845323317,0.2154374863930788,0.21381401041846723,0.19528894930770138,0.1413479854275194
926,0.93316809682807,0.7997018341202908,0.7901905814796537,0.6900611078409588,0.4437981088731676,3.656919729142141,0.25517872032891936,0.21868181238637385,0.2160809205579748,0.18870009706306481,0.12135844966366709
927,0.8974860008972099,0.8031954313864789,0.7958928693777166,0.7146500249125984,0.4815043216413879,3.692728648215392,0.2430414163604855,0.21750729823450315,0.21552974648228018,0.19352898438881283,0.1303925545339183
928,0.9233798373849704,0.8080075362307753,0.7990055894342353,0.6953449912711084,0.3988128229524154,3.624550777273505,0.2547570427691909,0.22292625648869585,0.2204426530438266,0.19184308180506926,0.11003096589321733
929,0.9344475012803708,0.8248795358367355,0.8165146017582697,0.7255879719118078,0.4801439133256971,3.781573524112881,0.2471054695411701,0.21813129655603983,0.21591927184592183,0.19187461708338024,0.126969344973488
930,0.9190882397812064,0.8378121550629019,0.8307437983991025,0.7507892026536914,0.516254579468076,3.8546879753649783,0.23843388768560006,0.21734889060211787,0.2155151866268616,0.19477301598778654,0.1339290190976339
931,0.9204561989767136,0.8127758433182486,0.8045589657067737,0.7160553689808778,0.4848791485737735,3.7387255255563874,0.24619517872731075,0.21739382518519956,0.21519605015322468,0.19152392013968889,0.1296910257945761
932,0.9464638794519584,0.8371429782756711,0.8280805456510713,0.7254570361682232,0.464970117343462,3.8021145568903862,0.24893092127819458,0.22017826284548891,0.2177947384963405,0.19080357135834136,0.12229250602163456
933,0.9309274424864508,0.8528789519230612,0.8464337999126488,0.7740776699856333,0.5628139862508951,3.967131850558689,0.23466007119358756,0.2149862883440465,0.21336165063267207,0.19512274840994265,0.1418692414197512
934,0.9335435905593557,0.7998241330443553,0.7903163395680041,0.6905508990673086,0.4461275396074373,3.660362501846461,0.25504129443147555,0.21850954178469645,0.21591204127168578,0.18865642370638477,0.12188069880575744
935,0.897412124016097,0.8030419905140264,0.795730408134568,0.7144424223339287,0.4814415843611461,3.692068529359766,0.24306486103379976,0.21750462758969433,0.21552427908821994,0.19350735682520462,0.13039887546308135
936,0.9236468022072836,0.8079496042003416,0.7989669857411359,0.6957782615894503,0.4004513994495332,3.6267930531877446,0.2546731475057422,0.22277245829899223,0.22029571966861727,0.1918439379875565,0.1104147365390918
937,0.9341997811374504,0.8248111483839703,0.816467417322476,0.7257471121823871,0.4806700302156538,3.7818954892419376,0.24701893106112938,0.21809464347448154,0.21588841353364127,0.19190036166966093,0.12709765026108685
938,0.9184794397935704,0.8382209278082513,0.8311915175999541,0.7513375970832396,0.5163153063008727,3.8555447885858882,0.23822299834583022,0.21740661145728477,0.21558341639828627,0.19487196707130208,0.13391500672729664
939,0.9209565007198768,0.8133957807741533,0.805197841305152,0.7168107124246043,0.4855572263876365,3.741918061611423,0.24611883145385477,0.21737402246159065,0.2151831836099588,0.1915623753973694,0.1297615870772263
940,0.9452702092670316,0.8360656159446334,0.8270313639695924,0.7247199648413065,0.4644508998586345,3.797538053881199,0.2489165864449829,0.22015990467564872,0.2177809286530628,0.19083942137212312,0.12230315885418229
941,0.9299652737467708,0.8519196157994537,0.845455397463115,0.773105679713755,0.5624140295951565,3.9628599963182514,0.23467023175453275,0.21497595589825055,0.2133447556180629,0.1950878104278272,0.14192124630132655
942,0.933543608540998,0.7998241824873333,0.7903163903443998,0.6905509645671176,0.4461276275883644,3.6603627735282136,0.25504128041416996,0.21850953907401507,0.21591203911808338,0.18865642759815784,0.12188071379557365
943,0.8974121448573369,0.8030420459985224,0.7957304660786545,0.7144425073091708,0.4814417245052799,3.6920688887489646,0.24306484301852224,0.21750462144562757,0.2155242738031042,0.19350736100464674,0.13039890072809923
944,0.9251479592874224,0.8107081920376519,0.801810940928826,0.6999980356454248,0.4081361652398268,3.645801293139152,0.25375709889302284,0.22236762973431448,0.219927219412016,0.19200114854386482,0.11194690341678179
945,0.9181052142680612,0.8378736080495633,0.8308528645950843,0.751081936674478,0.5160890192009537,3.854002642788141,0.23822122073166688,0.21740348559891276,0.2155818097711557,0.1948836070675642,0.13390987683070038
946,0.9207001451916074,0.8130970198202879,0.8049013722167476,0.7165488746562558,0.4853646003241563,3.740612012209055,0.24613623176809477,0.21737004991867775,0.2151790588250304,0.19155926151054914,0.1297553979776479
947,0.9453661163237926,0.8366015327961221,0.8276104499220864,0.7258299371555162,0.466096935779152,3.8015049719766694,0.2486820675739457,0.22007113997304975,0.21770600223409772,0.19093226038268374,0.12260852983622313
948,0.929965304499854,0.8519197169938281,0.8454555037059038,0.7731058393283147,0.5624142930582764,3.9628606575861767,0.23467020035630182,0.21497594556169483,0.2133447468276314,0.19508781815185552,0.1419212891025165
949,0.9348351765879348,0.8029387518687542,0.7934936408991884,0.6941589646769564,0.4519970286825829,3.677423562715417,0.25420927468514143,0.21834274409115456,0.21577433966112705,0.1887623094915909,0.12291133207098597
950,0.8974121842129587,0.8030421507728336,0.7957305754975427,0.7144426677724366,0.4814419891469685,3.69206956740274,0.24306480899932262,0.21750460984345688,0.21552426382293638,0.19350736889690448,0.13039894843737965
951,0.9251479632003416,0.8107082034304011,0.8018109528160119,0.6999980539882643,0.4081361928809242,3.6458013663159434,0.2537570948729983,0.2223676283959529,0.2199272182582553,0.19200114972133203,0.11194690875146139
952,0.9172809955169642,0.8371086392860589,0.8301069833307823,0.7505188362828834,0.515590599878268,3.850606054294957,0.23821730464840232,0.21739659354463176,0.2155782678430277,0.19490927550112702,0.1338985584628112
953,0.9214291861885796,0.8116613929787893,0.80347320650898,0.7153188496692053,0.4841946323011749,3.736077267646729,0.24663012035855647,0.21724962703730066,0.21505797363100837,0.19146254170481022,0.12959973726832427
954,0.9453661244946682,0.8366015616918245,0.82761048023405,0.7258299821701595,0.4660969940112834,3.801505142601986,0.24868205856157305,0.22007113769658154,0.21770600043633825,0.19093226365422103,0.12260853965128604
955,0.9299653363626372,0.8519198218397415,0.8454556137824037,0.7731060047025038,0.562414566028449,3.9628613427157355,0.23467016782508346,0.21497593485214492,0.213344737719997,0.19508782615459788,0.14192133344817665
956,0.9354566356654,0.8049817262701398,0.7955676652428421,0.6961911641991484,0.4535784882385696,3.6857756796161,0.2538018362970029,0.2184022567412416,0.2158480966822447,0.18888592923584047,0.12306188104367032
957,0.8974122160085537,0.8030422354204905,0.7957306638975769,0.7144427974114729,0.4814422029522955,3.692070115690389,0.24306478151505648,0.21750460047000697,0.21552425575991024,0.19350737527309325,0.13039898698193317
958,0.9251480265780332,0.8107083879592131,0.8018111453532378,0.6999983510879705,0.4081366405852504,3.645802551563705,0.2537570297604932,0.22236760671844275,0.21992719957073278,0.19200116879279083,0.11194699515754036
959,0.9172810049146628,0.8371086723776368,0.8301070182175531,0.7505188900094996,0.5155906888440945,3.8506062743634466,0.23821729347446743,0.21739658971392012,0.21557826458244686,0.194909278314509,0.13389857391465662
960,0.9211711218022092,0.8108580062954832,0.8026713667514712,0.7147326933024387,0.4841618650648596,3.7335950532164617,0.24672496847472192,0.21717888382055137,0.2149861876584544,0.19143283701501113,0.12967712303126128
961,0.9453661405476796,0.83660161846213,0.8276105397868312,0.7258300706087555,0.4660971084178025,3.8015054778231985,0.24868204085530113,0.22007113322408814,0.2177059969043459,0.19093227008168803,0.12260855893457688
962,0.929965341245962,0.8519198379085404,0.845455630652848,0.7731060300479329,0.5624146078641582,3.9628614477194413,0.23467016283931427,0.21497593321078778,0.21334473632415113,0.1950878273811067,0.14192134024464018
963,0.9354566618583984,0.8049817994632327,0.7955677405726858,0.6961912627019599,0.4535786190993863,3.685776083695663,0.25380181557866976,0.21840225265559038,0.2158480934563404,0.1888859352529905,0.12306190305640895
964,0.8974122488092758,0.8030423227440321,0.7957307550921175,0.7144429311486753,0.4814424235165147,3.692070681310615,0.24306475316196044,0.21750459080024093,0.21552424744199322,0.193507381850843,0.13039902674496245
965,0.9251480535405738,0.8107084664626433,0.8018112272636597,0.6999984774820334,0.4081368310505626,3.6458030557994725,0.25375700205992124,0.22236759749625765,0.21992719162056712,0.1920011769062862,0.11194703191696788
966,0.9220384194188356,0.8356041393850377,0.8285441494884309,0.7490969786796049,0.5115926416813468,3.8468763286532557,0.2396849653187655,0.2172162731515657,0.21538102052230362,0.1947286355685509,0.13298910543881431
967,0.9211711325069396,0.8108580350550272,0.8026713965451052,0.7147327342960115,0.4841619252614372,3.7335952236645205,0.24672496007824088,0.2171788816086953,0.21498618582366943,0.19143283925526933,0.1296771332341251
968,0.9423937451851582,0.8378377990772667,0.829234202914573,0.7329800260401574,0.4818454006933056,3.824291173910461,0.2464231153773603,0.2190831610294335,0.21683343793790008,0.1916642830547502,0.12599600260055596
969,0.9289290752101268,0.846407330535261,0.8398888948680655,0.7673984236607673,0.5565818527116283,3.939205576985849,0.2358163485138323,0.21486751934965123,0.21321276040402057,0.194810453189893,0.1412929185426028
970,0.9354587405498086,0.8065360378680726,0.797158855148189,0.6977831211681823,0.4547331508209776,3.6916699055552304,0.2533971791849886,0.21847458155844215,0.2159344891450406,0.1890155780499652,0.12317817206156338
971,0.8982886818571135,0.8026935254514657,0.7953574727276503,0.7138908333189213,0.4811699299886242,3.691400443343775,0.2433463114187141,0.21744959339181397,0.21546225746432243,0.19339295323708064,0.13034888448806894
972,0.9261170691464904,0.812215589637043,0.8033637421657228,0.7023605280095956,0.4114382942426846,3.655495223201536,0.2533492762535697,0.22219030255651456,0.21976878455940782,0.19213826995360098,0.11255336667690702
973,0.9213583790185113,0.8342386031654538,0.8271142373142598,0.746979786685844,0.5097726245152067,3.8394636306992753,0.23997059684368094,0.2172799858019531,0.2154244230107784,0.1945531612054358,0.1327718331381518
974,0.9214381987238311,0.8097734919694248,0.8015234910044904,0.7132744554816677,0.4834109897603911,3.729420626939805,0.24707274692152972,0.2171311774595639,0.2149190373471454,0.1912561029799818,0.1296209352917792
975,0.9423937688052828,0.837837881406032,0.8292342891317398,0.7329801524847509,0.4818455740844484,3.824291665912254,0.24642308985093644,0.21908315437184955,0.2168334325865108,0.1916642914603388,0.1259960317303644
976,0.9289291016859536,0.846407409982212,0.8398889780463169,0.767398547513688,0.5565820572984298,3.9392060945266003,0.2358163242529175,0.21486751128819276,0.21321275350718905,0.19481045903639402,0.14129295191530664
977,0.936246864328386,0.8092509818356693,0.799936348960237,0.7009988579529508,0.4577439853707787,3.7041770384480217,0.2527543512662816,0.21846984456626561,0.2159552150605077,0.1892455059995339,0.12357508310741123
978,0.898288696823025,0.8026935646177146,0.7953575136103088,0.7138908931127608,0.4811700282450104,3.6914006964088193,0.2433462987903008,0.21744958909462614,0.21546225376835212,0.19339295617711452,0.13034890216960646
979,0.92576816684187,0.8120562326850285,0.8032147662584129,0.7024015357923403,0.4121364757358879,3.6555771773135395,0.253248152600135,0.22214172845936286,0.21972310453275407,0.19214518028820027,0.11274183411954782
980,0.9213583903722647,0.8342386408162992,0.8271142767881637,0.7469798467568617,0.5097727241954625,3.839463878929052,0.23997058428617402,0.2172799815606013,0.21542441936421397,0.19455316427282499,0.13277185051618567
981,0.9220957304193292,0.8096435233175776,0.801349852024045,0.712731574274365,0.4833308089932974,3.7291514890286135,0.2472669005622834,0.21711199603974182,0.214887985747338,0.19112432851582023,0.12960878913481674
982,0.9423937711023525,0.8378378894125484,0.8292342975164053,0.7329801647815555,0.4818455909468305,3.824291713759692,0.24642308736847837,0.21908315372439602,0.21683343206608535,0.19166429227778672,0.1259960345632536
983,0.9362468834167368,0.8092510366300986,0.799936405460545,0.7009989329517662,0.4577440836242921,3.7041773420834385,0.2527543357009302,0.2184698414506607,0.21595521261155806,0.1892455107339663,0.12357509950288476
984,0.8988112343881727,0.8025119376795422,0.7951403300500356,0.7134021560043681,0.4807828618224349,3.690648519944553,0.2435374784488218,0.21744469389125107,0.2154473192863084,0.1932999450229647,0.13027056335065415
985,0.9266413983924148,0.8137817417749601,0.8049910444203899,0.70495634927103,0.4169228303913586,3.6672933642501535,0.252677194419619,0.22190254799573497,0.2195054947792499,0.1922279674004677,0.11368679540492835
986,0.9236303169599516,0.8344035327891131,0.8272057896696754,0.746460588761033,0.5078442877859328,3.839544515965706,0.2405572622271431,0.21731836401934448,0.21544372938768236,0.19441383884392507,0.13226680552190498
987,0.9220957707370032,0.8096436321015777,0.8013499645841126,0.712731727368935,0.4833310322928746,3.7291521270845034,0.24726686906653736,0.21711198806324028,0.2148879791639441,0.19112433686800473,0.1296088268382735
988,0.9416768878748282,0.8374781981445825,0.8289857961308781,0.7337247193923057,0.4824903833322966,3.8243559848748907,0.24623149403431752,0.2189854191023955,0.21676480939783574,0.1918557587981205,0.12616251866733078
989,0.9376134874656744,0.8118631691199589,0.8025702483757994,0.7040754246502523,0.4612389763862571,3.717361305997942,0.25222554664052704,0.21839770264193104,0.21589783244390495,0.18940193505383254,0.12407698321980448
990,0.8987338115958622,0.8024001600379845,0.795027827200801,0.7132902607226318,0.4807150144652951,3.6901670740225745,0.2435482712754713,0.21744277262853162,0.21544494090728464,0.19329484178207923,0.13026917340663322
991,0.9266414162409188,0.8137817950116616,0.8049910999388405,0.7049564342870881,0.4169229603836235,3.6672937058621327,0.2526771757494339,0.2219025418419145,0.2195054894709061,0.19222797267647862,0.11368682026126685
992,0.923630329938299,0.8344035751796479,0.8272058340592404,0.7464606559224337,0.5078443996448163,3.8395447947444374,0.24055724814112409,0.2173183592809695,0.2154437253060619,0.19441384222009542,0.13226682505174908
993,0.9220958045144938,0.8096437232390573,0.8013500588851221,0.712731855629105,0.4833312193697105,3.729152661637489,0.24726684267991247,0.21711198138065468,0.2148879736484817,0.1911243438653276,0.12960885842562356
994,0.9409800764601784,0.8369208435739721,0.8284397106567093,0.7332603229426505,0.4816446637373768,3.821245617370887,0.24624956641954787,0.21901780921106942,0.21679834106730272,0.1918903929151647,0.12604389038691535
995,0.93828183359116,0.8151842890159656,0.8059974051934732,0.7082936769513712,0.4649703721010931,3.7327275768530632,0.25136627687740176,0.2183883694248108,0.21592719763197463,0.18975230910060406,0.12456584696520874
996,0.8987876046962765,0.8023529899915954,0.7949673328707212,0.7131041606243749,0.4806239773845967,3.6898360655675644,0.24358469826979331,0.2174494952442227,0.2154478732237229,0.19326174603767562,0.13025618722458554
997,0.928087158087454,0.8149657044827237,0.8062293744884126,0.706990288737542,0.4207367602041548,3.6770092860002874,0.25240272349080534,0.22163819590709077,0.21926226228419418,0.19227318555580247,0.11442363276210717
998,0.923630368576543,0.8344037013818635,0.8272059662128357,0.7464608558708097,0.5078447326636671,3.839545624705719,0.2405572062051833,0.21731834517419393,0.2154437131545316,0.19441385227139266,0.13226688319469854
999,0.9220494975418904,0.8096175420125523,0.8013243046577085,0.7127065346834405,0.483309643006211,3.729007521901803,0.24726404871171803,0.21711341080900942,0.2148894310218584,0.19112499250737858,0.12960811695003552
1000,0.9407265460559762,0.8381057933187639,0.8297418394602122,0.735877456075885,0.4817054713388075,3.8261571062496444,0.24586720302712964,0.21904636167443362,0.21686036835887162,0.1923280815818835,0.12589798535768168
1001,0.938757401538849,0.8169703783247712,0.8078526314239738,0.7106898358552712,0.4670569605556915,3.7413272076985566,0.2509156108044121,0.21836378722601038,0.21592675181193707,0.18995661068961825,0.1248372394680222
1002,0.9000830520593652,0.8030849856961384,0.7956487665286911,0.7133047004712156,0.4807027777461081,3.692824282501518,0.24373839186565607,0.2174717571863801,0.21545806289751726,0.19315966477235771,0.13017212327808897
1003,0.9280871879703778,0.8149657920979306,0.8062294658493242,0.7069904282542926,0.4207369744825399,3.677009848654465,0.2524026929952321,0.22163818581996797,0.21926225357931778,0.1922731940772481,0.11442367352823407
1004,0.9236303744827268,0.8344037206729454,0.8272059864136365,0.7464608864346197,0.5078447835684351,3.839545751572363,0.24055719979491935,0.21731834301785363,0.21544371129706705,0.19441385380781842,0.13226689208234163
1005,0.9220495868870026,0.8096177831432518,0.8013245541616703,0.7127068740628617,0.4833101379690207,3.7290089362238072,0.2472639788899833,0.2171133931266772,0.2148894164284664,0.19112501102895896,0.12960820052591407
1006,0.9409518486921724,0.8389965858851641,0.8306844473646761,0.7374066077031269,0.4824079479120884,3.830447437557228,0.24565063586729202,0.21903357233384024,0.21686355469073457,0.19251187223532024,0.12594036487281288
1007,0.9387749586138796,0.8170363134540094,0.8079211187238101,0.7107782929319417,0.4671339990019955,3.7416446827256364,0.25089901319278135,0.21836288122869849,0.21592673469338416,0.18996413427855705,0.12484723660657893
1008,0.8998500864558405,0.8028302720982284,0.7953902337249816,0.7130028308997481,0.480406038614414,3.6914794617932127,0.2437640777279903,0.2174819826054882,0.215466520119444,0.19314825892418544,0.13013916062289205
1009,0.928006836756054,0.8149039268775258,0.8061693043623263,0.7069499592564781,0.4207310007389047,3.6767610279912883,0.25239792025946506,0.22163635892396555,0.2192607292736558,0.19227519925131048,0.11442979229160323
1010,0.924042366823365,0.8302537449105579,0.8230604485242601,0.742674821659893,0.5051970188997355,3.8252284008178115,0.24156527924602103,0.21704684215275996,0.21516635407922166,0.19415175875540228,0.13206976576659507
1011,0.9211969565739592,0.8090846151080479,0.8007995099684233,0.7122038142450061,0.4829065486367092,3.726191444532146,0.24722212218208317,0.2171344728664727,0.21491099474867972,0.1911345202861495,0.12959788991661486
1012,0.9409518677155528,0.8389966482999945,0.8306845127571577,0.7374067046808889,0.4824080895396555,3.8304478229932495,0.24565061611523512,0.21903356658814177,0.21686354994075627,0.19251187818155757,0.12594038917430928
1013,0.9000975466594129,0.802910568450259,0.7954476256411558,0.7128049889729656,0.4799189895279257,3.691179719251719,0.24385091356155422,0.21752139682134636,0.2154995654891629,0.19311034498137805,0.1300177791465585
1014,0.9280068403822932,0.8149039375072931,0.8061693154465602,0.7069499761831036,0.4207310267391457,3.6767610962583954,0.2523979165594051,0.22163635769987033,0.2192607282172745,0.19227520028497946,0.11442979723847077
1015,0.9236311356661628,0.8276833098957618,0.8203413381584094,0.73865090287128,0.500794053190992,3.8111007397826056,0.24235285255641104,0.21717696970219025,0.2152504995722584,0.19381563314786962,0.13140404502127082
1016,0.9211970017765888,0.8090847375342626,0.8007996366711861,0.7122039867856935,0.4829067999147296,3.7261921626824606,0.24722208666592904,0.2171344638736527,0.21491098733209077,0.19113452975355483,0.1295979323747727
1017,0.9409538823939568,0.8390406283010042,0.8307307353632398,0.7374698641135119,0.4823506882693376,3.83054579844105,0.24564485895897784,0.2190394456691983,0.21687006997836428,0.1925234425897339,0.12592218280372577
1018,0.9000190299623826,0.8028114288633058,0.7953489482059873,0.7127127111612013,0.4798561729844387,3.6907482911773157,0.24385814446188758,0.2175199622207821,0.2154980197666848,0.19310791604643737,0.13001595750420814
1019,0.927930218971433,0.8151451253018897,0.8064271130012263,0.7074455106487417,0.421663712041971,3.6786116799652615,0.25225011490753374,0.22159042492617415,0.21922050576668686,0.19231318013306106,0.1146257742665442
1020,0.9236311441389182,0.8276833351497407,0.8203413645000428,0.7386509420142924,0.5007941173234373,3.811100903126431,0.24235284439234311,0.2171769670204092,0.21525049725843703,0.1938156351117183,0.13140405621709242
1021,0.9222375336130156,0.8098445699939597,0.8015742799232544,0.7129799693210509,0.4835146540606562,3.7301510069119366,0.24723865921355936,0.2171077172193096,0.21489057103531314,0.19113970667672847,0.12962334585508947
1022,0.940977057822148,0.8395476379434971,0.8312635988230163,0.7381979554296596,0.4816882664583458,3.831674516476667,0.2455785463446418,0.21910724262547354,0.21694525337381387,0.1926567489632323,0.1257122086928385
1023,0.8998639813186486,0.8026250793483048,0.7951636000394435,0.71253857724735,0.479738354346661,3.6899295923004085,0.24387023080233017,0.21751772202458888,0.21549560232766274,0.19310356997980901,0.1300128748656091
1024,0.9278715519254184,0.8160068226862323,0.80733056019285,0.708879817084221,0.4245080456480004,3.684596797536722,0.25182444726265085,0.22146434671814308,0.2191096080669065,0.1923900649205718,0.11521153303172776
1025,0.92340828506621,0.8273985141724495,0.820028757397005,0.7378926698023025,0.4990909505673818,3.807819177005349,0.24250318676960453,0.21728933956973115,0.21535391237824345,0.193783537374434,0.13107002390798683
1026,0.9222375504293449,0.8098446140101764,0.8015743255078135,0.7129800315523077,0.4835147445549477,3.73015126605459,0.24723864654550662,0.21710771393642578,0.21489056832690992,0.19113971008109604,0.12962336111006162
1027,0.9409770735380778,0.8395476897854673,0.8312636531498406,0.738198036287249,0.4816883854917435,3.831674838252378,0.2455785298230724,0.21910723775517024,0.21694524933357312,0.19265675388675207,0.12571222920143216
1028,0.9004191360922035,0.8026967090512999,0.7952035152981553,0.712321847662491,0.4796980306513904,3.69033923875554,0.2439935945823354,0.2175129865085211,0.2154824973669127,0.19302340559419703,0.12998751594803373
1029,0.9286320408714412,0.8175410715256234,0.8089240585784163,0.7112963377957124,0.4292839694350745,3.6956774782062674,0.2512751846847203,0.22121548115243672,0.21888383479043075,0.19246710298457834,0.11615839638783404
1030,0.9233884576866,0.8273731745795423,0.8200009457233057,0.7378252079800453,0.4989394228105572,3.8075272087800505,0.2425165749458841,0.21729934658684594,0.21536312172173233,0.19378067903983487,0.13104027770570278
1031,0.9222376381274924,0.8098448435574421,0.8015745632340934,0.7129803560921955,0.4835152164885792,3.7301526174998023,0.247238580480827,0.2171076968159695,0.21489055420240746,0.1911397278350725,0.1296234406657236
1032,0.9410294279113792,0.8395247553738905,0.8312760594304657,0.7386778391190135,0.4824965247433901,3.8330046065781387,0.24550699112033422,0.21902524039055735,0.21687322212027701,0.19271509297205303,0.1258794533967785
1033,0.9004191364269876,0.8026967099403328,0.7952035162253384,0.712321849005484,0.4796980328084571,3.6903392444065997,0.24399359429942422,0.21751298641634914,0.21548249728818786,0.19302340566253934,0.1299875163334995
1034,0.9286320702248774,0.8175411577724325,0.8089241485374588,0.7112964746744918,0.4292841812807271,3.6956780324899876,0.2512751549407039,0.22121547131139255,0.21888382630357026,0.19246711115558165,0.1161584362887516
1035,0.9233884840582504,0.8273732537367647,0.8200010283203905,0.7378253310664029,0.4989396230061069,3.8075277201879154,0.24251654929847175,0.21729933818996092,0.21536311448834847,0.19378068533930162,0.13104031268391722
1036,0.9222376486422588,0.8098448710795296,0.8015745917368227,0.7129803950036391,0.4835152730721326,3.7301527795343827,0.24723857255985565,0.2171076947632742,0.21489055250891878,0.19113972996372472,0.12962345020422664
1037,0.9410677249184308,0.839507962897821,0.8312851207043364,0.7390288296210583,0.4830877083742797,3.833977346515926,0.2454546910073981,0.21896529035590476,0.2168205614098777,0.19275774550223687,0.12600171172458258
1038,0.9006515600744632,0.8026054301262432,0.7950965942900307,0.7120985056776429,0.4795243634026159,3.689976453570996,0.24408057108409256,0.21750963460742878,0.21547470676149474,0.19298185629030382,0.1299532312566801
1039,0.9293960976083444,0.8187331186417708,0.8101631765162899,0.7132430674069675,0.4327629516922074,3.70429841186558,0.25089665957561896,0.22102245219208344,0.2187089393017532,0.19254471106385837,0.11682723786668603
1040,0.9235641535992948,0.8246884725051168,0.8171509518541178,0.7334459811603947,0.4941823480905519,3.793031907209476,0.2434896874565863,0.2174219707821646,0.21543476876662862,0.19336667845222244,0.13028689454239803
1041,0.922617548082663,0.8088482549156715,0.8005531045512639,0.7116939082766128,0.4829858727670147,3.7266986885932263,0.2475696655881073,0.21704149503457704,0.21481562408080299,0.19097167969468087,0.12960153560183174
1042,0.94097863894556,0.8395443305617448,0.8313265140823313,0.739142843033407,0.4833291328765536,3.8343214594995967,0.24540942873067395,0.2189551239846517,0.21681189823631133,0.19277018133212803,0.12605336771623502
1043,0.8988251645046598,0.8013281779296961,0.7938927025338894,0.7116371544612564,0.480762319577951,3.6864455190074525,0.24381891984305293,0.21737149614663168,0.2153545192626742,0.1930415493168225,0.13041351543081875
1044,0.9293961114876544,0.8187331588278361,0.8101632184310178,0.713243131042677,0.4327630506160905,3.704298670405276,0.2508966458112224,0.22102244761442552,0.21870893535222968,0.1925447148041773,0.11682725641794517
1045,0.9235641784618092,0.8246885431171873,0.8171510256251395,0.7334460890653756,0.494182521870093,3.793032358139604,0.24348966506439096,0.21742196355047133,0.2154347626040115,0.19336668391226544,0.13028692486886093
1046,0.9226176137633888,0.8088484235433332,0.8005532790966239,0.7116941463006886,0.4829862157077548,3.726699678411789,0.24756961745749836,0.21704148263646533,0.21481561386180612,0.19097169284217502,0.12960159320205525
1047,0.9408211485702624,0.8393908470998784,0.8311753945023453,0.739025391837643,0.4831819414855282,3.8335947234956578,0.24541486944461777,0.2189565949565167,0.216813579538851,0.19277608749517575,0.12603886856483865
1048,0.8988252389466489,0.8013283719975198,0.7938929049132786,0.7116374474946484,0.4807627901829092,3.686446753535005,0.24381885838572007,0.2173714759962586,0.21535450204237977,0.1930415641599178,0.13041359941572367
1049,0.9301263635481766,0.8200557112107759,0.8115116013739652,0.7149763189627018,0.4350245504265882,3.7116945455222075,0.2505934559378767,0.2209383614823833,0.2186364183316145,0.19262800594010357,0.11720375830802196
1050,0.9231269105337592,0.8240630436498099,0.8165253642756363,0.7328660670575625,0.4938491722889175,3.7904305578056854,0.2435414384871796,0.21740618409505105,0.21541757640016765,0.19334639056989486,0.13028841044770684
1051,0.922559198606844,0.8079967464878652,0.7995944429497542,0.7099527588581827,0.4812397975449982,3.721342944447644,0.24791028732875323,0.21712504290780854,0.21486717426642263,0.19077864347800935,0.12931885201900634
1052,0.9404790641302708,0.8395372865923562,0.831341344235152,0.7394732244238298,0.4841269502693926,3.834957869651002,0.24523843444878796,0.2189169516662142,0.21677978546106108,0.1928243411161972,0.1262404873077394
1053,0.8988252880763214,0.8013285000769534,0.7938930384781206,0.7116376408886659,0.4807631007693996,3.6864475682894606,0.2438188178255803,0.21737146269756277,0.21535449067745535,0.19304157395594565,0.13041365484345604
1054,0.9301263934792332,0.8200557984497638,0.8115116923689888,0.7149764569405253,0.4350247656790416,3.7116951069175528,0.2505934260995037,0.22093835156918226,0.21863640977852947,0.19262801397884508,0.11720379857393946
1055,0.9230118833102272,0.8228113319017734,0.8152218988745138,0.7312094028780716,0.4922915415937803,3.7845460585583663,0.24388972125809635,0.21741348081656164,0.21540810608737931,0.19320927571340182,0.13007941612456084
1056,0.9224930877645372,0.8073839787627076,0.7989830505243666,0.7093331895807606,0.4808604198689443,3.719053726501316,0.24804510921447984,0.21709392714857353,0.21483503850212093,0.1907294816759915,0.12929644345883426
1057,0.9406205524087764,0.8400969426316561,0.8319140380820897,0.7401647615717336,0.4849125601482338,3.8377088548424902,0.24509950806244316,0.21890585617812217,0.216773619247423,0.1928663141389114,0.12635470237310015
1058,0.8986944357650141,0.8011740576503769,0.7937389622123648,0.7114971375723708,0.4806921718930304,3.685796765093157,0.24382636727999296,0.217367942052043,0.2153507132377939,0.19303753921287842,0.13041743821729168
1059,0.9309000284994292,0.8207930864063486,0.8122904185821008,0.7162645994753813,0.4372426562665023,3.7174907892297626,0.2504108500272317,0.22079223135786466,0.21850502520018392,0.1926742095906541,0.11761768382406561
1060,0.923009506495719,0.8227854351579942,0.8151949314236331,0.7311751302494783,0.4922593292069099,3.784424332533735,0.24389693792021172,0.2174136309410963,0.21540790878433194,0.19320643405755308,0.13007508829680686
1061,0.9220241355061196,0.8048789964512207,0.7963958439745803,0.7060595847908868,0.4779468065621747,3.707305367284982,0.2487046639433852,0.21710620429432498,0.2148179783090852,0.1904508840899622,0.12892026936324255
1062,0.9407657353222756,0.840671235603852,0.8325017073428586,0.7408743518362565,0.4857186199526067,3.8405316500578497,0.24495716245642837,0.21889449487838203,0.21676730807056846,0.19290932072519093,0.12647171386943012
1063,0.8986944858912095,0.8011741882430896,0.7937390983930362,0.7114973347093855,0.4806924884720748,3.6857975957087956,0.24382632593214507,0.21736792849826042,0.21535070165468395,0.19303754919633923,0.13041749471857134
1064,0.9309000565970372,0.8207931664622097,0.8122905020906931,0.716264726020643,0.4372428542406827,3.7174913054112655,0.2504108228153749,0.22079222223531347,0.218505017323996,0.19267421687793368,0.11761772074738197
1065,0.9219390794486249,0.8046120849484931,0.7961135837579458,0.7056147858998271,0.4774644997990396,3.7057440338539305,0.24878649767124336,0.21712565077294504,0.21483231882316411,0.1904110967874907,0.12884443594515677
1066,0.9407657725412452,0.840671355655778,0.8325018331760342,0.7408745390058432,0.4857189027331615,3.840532403112062,0.24495712411615728,0.2188944832165886,0.21676729833120037,0.19290933163472268,0.12647176270133106
1067,0.8999018748561313,0.8014610467183594,0.7939911255311678,0.711521773655301,0.48094904615044,3.6878248669113995,0.24401968838878474,0.21732622226976664,0.2153006593819477,0.19293805951561077,0.13041537044389012
1068,0.9312882972911972,0.8213349587897129,0.8128541759406451,0.7171548639681716,0.4389772041529479,3.7216095001426743,0.25023804814973055,0.22069348188148852,0.218414687491926,0.19270019166188132,0.11795359081497372
1069,0.9216618614888736,0.8037421565025107,0.7951936301352998,0.7041650792916858,0.4758925463396464,3.7006552737580165,0.24905369274045505,0.21718914544729,0.21487914201956465,0.19028118730351395,0.12859683248917628
1070,0.9407657876980404,0.8406714045448973,0.8325018844194703,0.7408746152275025,0.4857190178907932,3.840532709780704,0.24495710850273125,0.21889447846751967,0.21676729436500658,0.192909336077444,0.1264717825872984
1071,0.8999018913935513,0.8014610899931737,0.7939911706307314,0.7115218387128533,0.4809491502220832,3.6878251409523926,0.24401967474009592,0.21732621785483944,0.21530065561234302,0.1929380628196218,0.13041538897309987
1072,0.9312883006627398,0.8213349683982271,0.8128541859627425,0.7171548791384507,0.438977227934713,3.721609562096873,0.2502380448899165,0.2206934807893875,0.2184146865488906,0.1927001925302403,0.11795359524156512
1073,0.922012061988711,0.8030927545721692,0.7944282169027396,0.7016491859478254,0.4712802635153593,3.6924624829268047,0.24970113203638689,0.21749516976421743,0.21514862251844508,0.19002202167039164,0.1276330540105589
1074,0.9405067449366667,0.8401943694337971,0.8320412683919436,0.7407787056355036,0.4858563453212668,3.8393774337191777,0.24496334657715704,0.21883609620008282,0.21671254852012586,0.19294240236181118,0.12654560634082312
1075,0.9000728145207006,0.8014174436833587,0.793939158734836,0.7114480012827451,0.4810342709214387,3.6879116891430788,0.24406029492800602,0.21730928266060937,0.21528149957389986,0.19291351345998656,0.13043540937749828
1076,0.9313639138498826,0.8214095119814301,0.8129335118042855,0.7174464933256761,0.4404934306321348,3.723646861593409,0.2501214396714668,0.2205927528879405,0.21831648972653064,0.192673075614552,0.11829624209951008
1077,0.9221094169862232,0.8031188111186159,0.7944265959385107,0.7013201436385184,0.4702930790120901,3.691268046693958,0.2498083057967302,0.21757260674632398,0.21521780209108082,0.18999436908047024,0.12740691628539486
1078,0.940321754882912,0.8403288948251098,0.8321999259661287,0.7411665772986772,0.4864341431230442,3.8404512960958717,0.24484668138841517,0.2188099340510767,0.21669326383910323,0.19298944841512058,0.12666067230628436
1079,0.9000756102888253,0.8014167360782083,0.7939383146431256,0.7114468031138581,0.4810356759387511,3.6879131400627685,0.2440609569978934,0.2173090052941345,0.2152811859960489,0.192913112672103,0.13043573903982017
1080,0.9314041731078048,0.821449199504701,0.8129757455020842,0.7176017585844772,0.4413007282466787,3.7247316049457457,0.25005940612501437,0.2205391654029435,0.2182642487374405,0.19265864891624312,0.11847853081835857
1081,0.9221094664034664,0.8031189402151626,0.7944267295066695,0.7013203236674634,0.4702933241204301,3.691268783913192,0.2498082692926844,0.21757259826626854,0.21521779529272883,0.18999437990640686,0.12740695724191134
1082,0.94032179138005,0.840329012114389,0.8322000488367588,0.7411667599075721,0.4864344218894131,3.8404520341281834,0.2448466438387666,0.21880992254213927,0.216693254190239,0.1929894588765053,0.12666072055234978
1083,0.901001706160748,0.8021882600793878,0.7946894338125163,0.7120586980502324,0.481706571987245,3.69164467009013,0.24406512183057705,0.21729834037895165,0.21526704350804007,0.19288386659186452,0.1304856276905665
1084,0.9308062793111964,0.8214401926218681,0.8129927165777258,0.7178560369239646,0.442057298993292,3.725152524428047,0.2498706491096256,0.22051182796816904,0.21824414201739328,0.1927051395121554,0.11866824139265672
1085,0.9217133237746958,0.8032316020069789,0.7945433075720175,0.7013365724996639,0.4694886470671537,3.6903134529205097,0.24976559187546873,0.21765945149491361,0.21530510015164617,0.1900479678615449,0.12722188861642658
1086,0.9401181300096718,0.8401963584380362,0.8320753365325135,0.74111103720875,0.4863694205815224,3.8398702827704936,0.24483070020046874,0.21880852647757376,0.21669360557986486,0.19300418572317843,0.1266629820189143
1087,0.9010553808530392,0.8021100276990231,0.7946058337212872,0.7119543464635215,0.4817265706049721,3.6914521593418432,0.24409239019196452,0.21728847972989387,0.21525562283406624,0.1928656571267762,0.13049785011729914
1088,0.9308062976128676,0.8214402448733132,0.8129927710772507,0.7178561191277968,0.4420574278627935,3.7251528605540214,0.24987063147643127,0.22051182209772324,0.21824413695505068,0.19270514419132695,0.11866826527946796
1089,0.92171340344987,0.8032318115933447,0.7945435245007245,0.7013368657286582,0.4694890461303941,3.6903146514029914,0.24976553235086635,0.21765943760052286,0.2153050890114894,0.1900479855998248,0.12722195543729659
1090,0.9401181386990582,0.8401963863152608,0.8320753657373614,0.741111080633837,0.4863694869121279,3.8398704582976455,0.24483069127176932,0.21880852373539458,0.21669360328010928,0.1930041882096196,0.1266629935031072
1091,0.9010554823884352,0.8021102963763429,0.7946061135651773,0.7119547486026395,0.4817272115564964,3.6914538524890914,0.2440923057404245,0.21728845285049198,0.21525559991204724,0.19286567760357595,0.1304979638934603
1092,0.9319443719108996,0.8227401706076595,0.814223492177755,0.7188336256955128,0.4437539098218777,3.7314955702137045,0.24975089863433142,0.22048536709385422,0.21820299042486177,0.19263954952366322,0.11892119432328944
1093,0.9213230586358748,0.8031736491901967,0.7944900792527004,0.701068654317804,0.4681822756465292,3.688237717043105,0.24980034621372188,0.2177662371052668,0.21541184169919791,0.19008228539017744,0.12693928959163603
1094,0.940118184758256,0.8401965340820842,0.8320755205414264,0.7411113108141617,0.4863698385062951,3.8398713887022238,0.2448306439440388,0.21880850920010855,0.21669359108994696,0.19300420138931737,0.12666305437658823
1095,0.9010555836235488,0.8021105642590619,0.794606392581456,0.7119551495525568,0.4817278506130275,3.6914555406296508,0.24409222153867682,0.21728842605056706,0.21525557705780204,0.19286569801978945,0.1304980773331647
1096,0.931944406850276,0.8227402730043272,0.8142235989802178,0.7188337850522962,0.4437541599442616,3.7314962238313787,0.24975086425074441,0.22048535591429977,0.21820298082579848,0.19263955848633316,0.11892124052282418
1097,0.921698385835214,0.8036197434127385,0.7949021219140595,0.7008107266012547,0.4658887410351334,3.6869197187984,0.24999144438534282,0.2179650778169494,0.21560060498771186,0.1900802784036901,0.12636259440630584
1098,0.939652089249939,0.8393005868462076,0.8312247559918632,0.7407166592094915,0.4865941442203917,3.8374882355178928,0.24486122994540652,0.21871092113796117,0.2166064636494408,0.19302121954506193,0.12680016572212965
1099,0.9010555888596522,0.8021105781145466,0.794606407012793,0.7119551702905705,0.4817278836664414,3.691455627944004,0.24409221718357885,0.2172884246644164,0.21525557587573052,0.19286569907576043,0.13049808320051376
1100,0.9333631775768956,0.8248050687244046,0.8163210919380938,0.7216702577592682,0.4488505167917283,3.7450101127903905,0.2492284798882561,0.22024107916489602,0.21797567092011308,0.1927018181591918,0.11985295186754297
1101,0.9218588859267206,0.803810501940367,0.7950783186194121,0.700700419056282,0.4649079356389884,3.68635606118177,0.25007320796656624,0.2180501526710043,0.215681368110851,0.1900794191952396,0.12611585205633893
1102,0.9390687527110896,0.8388111134316939,0.8307503396106588,0.7404686945386847,0.4868824084307704,3.8359813087228978,0.24480535152131153,0.21866923895699505,0.21656787996374208,0.19303240421294096,0.1269251253450103
1103,0.90101055886712,0.8020433585585207,0.7945385937952913,0.7118856751637077,0.4816822055734828,3.691160391958123,0.24409954138816037,0.21728759343699094,0.2152544212184171,0.19286229791441267,0.13049614604201887
1104,0.9333632034056756,0.824805145521546,0.8163211719960923,0.7216703765059879,0.4488507042573716,3.7450106016866735,0.24922845424931736,0.2202410709198183,0.2179756638414958,0.19270182471071318,0.11985298627865533
1105,0.9218588922422276,0.8038105188501703,0.7950783361412842,0.7007004430687181,0.4649079678419475,3.686356158144348,0.25007320310207803,0.2180501515227426,0.21568136719093192,0.19007942070943015,0.12611585747481727
1106,0.9390033474342872,0.8387437606423593,0.8306837847762347,0.7404122944259859,0.4868559271383149,3.835699114417182,0.24480631025120558,0.2186677671065977,0.2165664615490711,0.19303190170548307,0.12692755938764258
1107,0.9014079101575736,0.8026419636903631,0.795051205737389,0.7102498433101433,0.4697574511750671,3.6791083740705357,0.24500716437452022,0.21816208768058837,0.21609888182167103,0.19304944869681254,0.12768241742640793
1108,0.9333632488614356,0.8248052806759468,0.8163213128892413,0.7216705854869756,0.4488510341761794,3.7450114620897788,0.24922840912764613,0.22024105640939529,0.21797565138391337,0.19270183624064835,0.11985304683839687
1109,0.9215461465456593,0.8035717183139743,0.7948386534426616,0.7003727286907532,0.4640922954740639,3.6844215424671125,0.2501196282574621,0.21809983169729746,0.21572956413408453,0.19009028164073188,0.12596069427042397
1110,0.9390033605247212,0.8387438012919287,0.8306838273517592,0.7404123577718457,0.4868560245649312,3.835699371505186,0.24480629725583583,0.21866776304807042,0.21656645813349715,0.1930319052823206,0.12692757628027598
1111,0.901326519385677,0.8025879955122264,0.7949995675436484,0.7102161789957414,0.4697679734659287,3.678898234903222,0.24499903553580832,0.2181598794709089,0.2160971890989428,0.19305132505640632,0.12769257083793364
1112,0.9335675292002532,0.8254542203262998,0.8170102908158317,0.722883553678145,0.4516256112257731,3.7505412052463027,0.24891541729880678,0.22008936181574124,0.217837972203315,0.19274113097783507,0.1204161177043019
1113,0.9213052785973176,0.8033949522715466,0.794665937137011,0.7002330764631491,0.4638733969353034,3.6834726414043275,0.2501186701487402,0.2181080275284063,0.21573824879395434,0.1901013376866523,0.12593371584224694
1114,0.9390033637861072,0.8387438114194722,0.8306838379591402,0.7404123735540042,0.4868560488380624,3.835699435556786,0.2448062940181345,0.21866776203691804,0.21656645728253185,0.19303190617346344,0.12692758048895217
1115,0.9018409185170668,0.8032099293403081,0.7956221591641592,0.7108374064247602,0.4705015220618343,3.682011935508129,0.24493155761392446,0.21814430355165665,0.21608353614811435,0.19305679038399493,0.12778381230230956
1116,0.9335675355489998,0.8254542391962314,0.8170103104884179,0.7228835828201239,0.4516256573563904,3.750541325410164,0.24891541101654271,0.22008935979553798,0.2178379704692545,0.19274113257266096,0.12041612614600375
1117,0.9212564635344852,0.803340717490084,0.7946109959501422,0.7001657288429792,0.4637620231360805,3.683135928953771,0.2501282823401461,0.21811324180975325,0.2157430546354717,0.19010043135765228,0.1259149898569767
1118,0.901840924077336,0.8032099443830246,0.795622174866737,0.710837429618088,0.4705015581123126,3.6820120310574977,0.24493155276799067,0.21814430197620444,0.21608353480535183,0.19305679167320128,0.12778381877725192
1119,0.933835993096658,0.8259478423843619,0.8175107143322621,0.7234535741455785,0.4522696743591343,3.7530177983179946,0.24882269237177054,0.22007565291977307,0.21782756124914973,0.19276582553640212,0.12050826792290456
1120,0.9217114377124902,0.8045423694530378,0.7958143236073913,0.7011892225190359,0.462586222064184,3.6858435753561394,0.2500679746354757,0.21827903246688923,0.21591104107843126,0.19023846459661126,0.12550348722259252
1121,0.9018409527050716,0.8032100218323138,0.7956222557134054,0.7108375490318161,0.4705017437227316,3.6820125230053384,0.24493152781809918,0.21814429386479012,0.2160835278919696,0.19305679831083655,0.12778385211430457
1122,0.9347268485720376,0.827585812650103,0.8191712508481436,0.7253450164104401,0.4544067366051869,3.761235665085911,0.24851589525451534,0.22003030023677073,0.21779312007811474,0.19284753229996623,0.12081315213063304
1123,0.9217115123395412,0.8045425715252165,0.7958145331379974,0.7011895115823591,0.4625866110140144,3.6858447395991285,0.2500679158937623,0.21827901834321928,0.2159110297262684,0.1902384829314922,0.12550355310525782
1124,0.902489445994699,0.8036859192084919,0.7960875775621,0.7112903448029171,0.4714196125148862,3.6849729000830935,0.24491074167040647,0.21809818986467155,0.21603620953200192,0.1930245795801858,0.12793027935273446
1125,0.9350959411966006,0.8276979705619908,0.8193081820680245,0.7257341114746316,0.455252357170929,3.763088562472176,0.24849161152409485,0.2199517648392073,0.2177222694779675,0.19285597440147878,0.12097837975725162
1126,0.9215730792155952,0.8046313080203512,0.7959056252579397,0.7011770531635949,0.4616257705361028,3.684912836193584,0.2500935897760761,0.2183583014819731,0.21599035326981816,0.19028321274700544,0.12527454272512722
1127,0.9026560519377658,0.8039960778496716,0.7964029237351338,0.7116720819273546,0.4720680463596524,3.686795181809578,0.2448348789190719,0.2180745168097591,0.21601496271464635,0.19303271454804463,0.12804292700847805
1128,0.9350959651707896,0.8276980415028348,0.8193082560499263,0.7257342211905737,0.4552525317284611,3.763089015642585,0.24849158797034535,0.21995175720324997,0.21772226291862545,0.19285598033259582,0.12097841157518358
1129,0.922489055410308,0.8057322654925805,0.7970102908352416,0.7021752626198058,0.4610500557135767,3.6884569300715127,0.2501016205149026,0.21844697681665995,0.21608230920017518,0.19037100769567394,0.12499808577258831
1130,0.902707941444702,0.8040926771020657,0.7965011386644593,0.7117909745313762,0.4722700019340219,3.687362733676625,0.24481126665415495,0.21806714857703044,0.2160083496505584,0.19303524658168306,0.12807798853657318
1131,0.9350959959076218,0.8276981324546959,0.8193083509006697,0.7257343618552317,0.455252755525328,3.763089596643547,0.24849155777254733,0.21995174741333653,0.21772225450901944,0.19285598793675912,0.12097845236833758
1132,0.9224890946769138,0.8057323719478009,0.7970104012833882,0.7021754159378424,0.4610502628234558,3.688457546669401,0.25010158935132704,0.2184469691606889,0.21608230302205098,0.19037101743841187,0.12499812102752123
1133,0.9028657327845888,0.8043630239079124,0.7967751373118273,0.7121154705764526,0.472821649173558,3.6889410137543392,0.2447493005223515,0.21804713626724256,0.21599020812233774,0.1930406227481834,0.12817273233988474
1134,0.935096020614646,0.8276982055640552,0.8193084271440477,0.7257344749249718,0.4552529354188499,3.7630900636665707,0.24849153349881142,0.21995173954396047,0.2177222477491686,0.19285599404917023,0.12097848515888927
1135,0.9222364638182278,0.8053727635747939,0.7966488255879461,0.7017924008045486,0.4606923729001435,3.68674282668566,0.2501493885450393,0.21845102884456274,0.21608472926876876,0.19035566997643066,0.12495918336519846
1136,0.902980557533321,0.8046659266471184,0.7970842183701512,0.7124948943653703,0.4734239384779327,3.6906495353938933,0.2446671104567365,0.2180282681761704,0.21597396629671597,0.19305406474725798,0.1282765903231192
1137,0.9352262038427408,0.8279743121840314,0.8195976643381582,0.7261463455272139,0.455824410288402,3.7647689361805465,0.2484152997691145,0.21992699318859985,0.21770198337050156,0.19287939255679998,0.12107633111498402
1138,0.9224749288181652,0.8058581205359518,0.7971204482759386,0.7020769486528289,0.4604706800106248,3.688001126293509,0.2501287004066794,0.21850810044243402,0.21613888417573654,0.19036787804846084,0.12485643692668935
1139,0.9029794778578134,0.8046661676415428,0.7970840977077761,0.7125016084143794,0.4734772057582511,3.6907085573797627,0.24466290518991515,0.21802484675539366,0.2159704797372757,0.19305279659367727,0.12828897172373824
1140,0.9353947914092614,0.8283318659695763,0.8199722220978933,0.7266797106437753,0.4565644547957169,3.766943044916223,0.24831668019819095,0.21989498011855352,0.21767576847345976,0.19290966228557266,0.12120290892422317
1141,0.9222459180627915,0.8051283979974087,0.7963521872058563,0.7009238149516117,0.4588900181563977,3.6835403363740653,0.2503694364239309,0.2185746115081085,0.2161920637442387,0.1902853643355441,0.12457852398817798
1142,0.9026771490666328,0.8057442529989078,0.7982581799028987,0.7148059942492028,0.4784692787172315,3.6999548549348735,0.24396977381025955,0.2177713741356151,0.21574808644981416,0.1931931664776447,0.12931759912666652
1143,0.935610958307347,0.8287903335565414,0.8204524927146984,0.7273636103937949,0.4575133712444838,3.7697307662168655,0.2481903924524256,0.2198539855906682,0.21764219876584665,0.19294842403924373,0.1213649991518158
1144,0.9222459229003992,0.8051284112776007,0.7963522009838446,0.7009238340621401,0.4588900438283075,3.683540413052292,0.25036943252543237,0.21857461056344082,0.21619206298430788,0.1902853655625658,0.12457852836425308
1145,0.9026771594134716,0.8057442812146207,0.798258209356958,0.7148060376433282,0.4784693463721241,3.699955034000503,0.24396976479940347,0.21777137122215934,0.21574808396897116,0.1931931688560167,0.12931761115344925
1146,0.9366644855308218,0.8306776963508662,0.8224013504505149,0.7300397267493846,0.4611312416188806,3.780914500700468,0.247734902589649,0.21970285130673317,0.2175138713922659,0.19308548940054962,0.12196288531080232
1147,0.9225243519482182,0.8052842636053276,0.796431249414499,0.7000342981158271,0.456891945585012,3.681166108668884,0.25060655366128115,0.21875792611176673,0.2163529778074834,0.19016645200206972,0.124116090417399
1148,0.9029044959817404,0.8059035678493137,0.7984147780876949,0.7149588107374851,0.4783733624935297,3.7005550151497637,0.24399164241183408,0.21777910733660538,0.21575541366607207,0.19320312974959253,0.12927070683589598
1149,0.93667585476712,0.8320211938818509,0.8238179160687803,0.7321833627939718,0.4641039776359676,3.7888023051476907,0.24722215078218698,0.21960005481189077,0.21743491734828513,0.19324929194621324,0.12249358511142387
1150,0.922832989300984,0.805936649084496,0.7970535389842631,0.7000649577712362,0.4556738553193017,3.681561990460281,0.25066343896754767,0.21891160631624598,0.21649874185185533,0.1901543311195778,0.12377188174477319
1151,0.9040888168902044,0.8074056159333073,0.7999113544775482,0.7164829755961617,0.4798063235620339,3.7076950864592555,0.2438411993995935,0.21776483694196033,0.2157435646202075,0.1932421514953601,0.12940824754287858
1152,0.936677185658925,0.8321784635417739,0.8239837390704019,0.7324342965775937,0.4644519658096793,3.7897256506583736,0.24716226766868993,0.21958804944025512,0.21742569648208032,0.19326842206911493,0.12255556433985978
1153,0.9228329989672516,0.805936676396429,0.7970535673523551,0.7000649973086077,0.4556739077453156,3.6815621477699585,0.250663430882524,0.21891160438093132,0.21649874030651806,0.1901543337337548,0.12377189069627197
1154,0.9039521617215598,0.8073055023480543,0.7998148933649113,0.7164212218334912,0.4797530615824641,3.707246840850481,0.24383382076446353,0.21776416219505093,0.2157436307050505,0.19324885894815053,0.12940952738728448
1155,0.936211139349104,0.8323840865038472,0.8242322076241617,0.7331283011855078,0.4660557542611605,3.7920114889237815,0.2468903752226795,0.21950990626879346,0.21736015569353898,0.193334936702309,0.122904626112679
1156,0.923175379005524,0.8066648158270028,0.7977996995751927,0.7010395353046693,0.4566449227001598,3.6853243524125485,0.2505004419492085,0.21888570413047373,0.21648018553724416,0.19022465006254963,0.12390901832052403
1157,0.9039521900265092,0.8073055804054272,0.7998149748351814,0.7164213417170137,0.4797532492723294,3.707247336256461,0.2438337958155526,0.21776415415018838,0.21574362385079654,0.19324886546157677,0.12940956072188567
1158,0.9368699034976932,0.8342164667465564,0.8261211181407544,0.7357414751274277,0.4704820640918773,3.8034310276043084,0.24632230654325957,0.21933261328837864,0.2172041801586471,0.1934415189305678,0.12369938107914707
1159,0.9244819434415876,0.8087681371600112,0.7999319598446868,0.7034436298494766,0.4586633706141421,3.695289040909904,0.2501785200580546,0.2188646485312189,0.21647344794650128,0.19036227533537273,0.12412110812885256
1160,0.904150292340342,0.8072953930669207,0.7997918519884327,0.7162697799272763,0.4795389388995619,3.7070462562225335,0.2439004614044573,0.21777321815497164,0.21574908881860505,0.1932184630081073,0.1293587686138587
1161,0.936869914246002,0.8342164989868321,0.8261211518133187,0.7357415253106893,0.4704821462475881,3.80343123660443,0.2463222958336974,0.21933260971258978,0.2172041770763945,0.19344152149508387,0.1236993958822345
1162,0.9244819900061394,0.8087682704212134,0.7999320982877477,0.703443823281691,0.4586636297739735,3.6952898117707647,0.25017848047028607,0.21886463893711644,0.2164734402535059,0.19036228797021043,0.12412115236888123
1163,0.9041503015905452,0.8072954185825516,0.7997918786182127,0.7162698190934851,0.479539000084589,3.7070464179693836,0.2439004532578293,0.21777321553604,0.21574908658853975,0.19321846514288799,0.12935877947470295
1164,0.9369171519906652,0.8346687501430096,0.8266010373907514,0.7366275539007222,0.4728584070800757,3.8076729005052243,0.24606030414701577,0.21920705164360646,0.2170882475963398,0.19345872745607484,0.12418566915696305
1165,0.9244726731438728,0.8088068072530311,0.7999707407070339,0.7034717281655617,0.4586250594841332,3.695347008753633,0.2501720869390502,0.21887167980087088,0.21648054670157976,0.19036689287884462,0.12410879367965454
1166,0.9048695535236424,0.8075683256812135,0.8000643286874517,0.7165749318696459,0.4801142598637671,3.7091913996257206,0.2439533192099359,0.21772085575381792,0.21569777412084556,0.19318898775133378,0.12943906316406684
1167,0.9381800614987,0.8364010669962141,0.8283691780565718,0.7389944173472016,0.4769294599582187,3.8188741838569067,0.24566927747045506,0.21901770698072154,0.21691449840328408,0.19351106681415922,0.12488745033137999
1168,0.9248826610549784,0.8093473251943423,0.8005194057483503,0.7040323637113739,0.4587490620569273,3.6975308177659723,0.2501352136434085,0.21888859487135945,0.21650107739521687,0.19040608406253837,0.12406903002747681
1169,0.90543502367103,0.8079101840300572,0.8003993609232354,0.7169529229102881,0.48092763798001,3.711625129514621,0.24394570897558185,0.21767019993630385,0.21564660573033292,0.19316415259965813,0.12957333275812316
1170,0.9381800633545528,0.8364010726042224,0.8283691839103288,0.7389944260411153,0.4769294742298843,3.8188742201401036,0.24566927562231514,0.21901770636832787,0.21691449787522415,0.19351106725217143,0.1248874528819614
1171,0.9275110770431592,0.8122170084774596,0.8034003958395637,0.7062565002712076,0.4564397260109856,3.705824707642375,0.2502846600192367,0.21917307820913837,0.21679395525178052,0.19058011535589442,0.12316819116395011
1172,0.905435038374282,0.8079102240259599,0.8003994026475,0.7169529840916227,0.4809277335029269,3.7116253826422914,0.24394569630023016,0.21767019586734582,0.21564660226504292,0.19316415590983665,0.12957334965754447
1173,0.9381800929106844,0.8364011619168426,0.8283692771367223,0.7389945644995863,0.4769297015191965,3.8188747979830326,0.24566924618900604,0.2190176966153994,0.21691448946538694,0.1935110742279092,0.12488749350229825
1174,0.9275110796254504,0.8122170158372619,0.8034004034974948,0.7062565111516063,0.4564397407172531,3.7058247508290663,0.25028465779930575,0.21917307764096317,0.21679395479177968,0.19058011607095093,0.12316819369700051
1175,0.9059639006648657,0.8082616640973264,0.8007643261346085,0.7174831157644774,0.4817292030730285,3.714202209734307,0.24391884165339323,0.21761380195698737,0.21559524250885914,0.19317287407887307,0.12969923980188702
1176,0.9381801001056708,0.8364011836586303,0.8283692998312582,0.7389945982051781,0.476929756849299,3.8188749386500365,0.24566923902391924,0.21901769424119874,0.21691448741814123,0.1935110759260451,0.12488750339069563
1177,0.927511130053563,0.8122171595627239,0.8034005530449481,0.7062567236288632,0.4564400279079171,3.705825594198015,0.2502846144475095,0.21917306654537727,0.21679394580867034,0.19058013003488514,0.12316824316355778
1178,0.9062826486976044,0.8088924920316699,0.8014052619404587,0.7182421168833697,0.4827544914356028,3.7175770109887054,0.24378315392492023,0.21758594096119116,0.21557193289381826,0.19320167807158625,0.12985729414848415
1179,0.9386309103394954,0.8367575955568055,0.8287306289407956,0.7394244357486898,0.4779668509558218,3.821510421541608,0.24561778113923058,0.2189599146034136,0.21685944496429854,0.19349010055830332,0.12507275873475407
1180,0.9273559987425144,0.8122707853578717,0.8034687018476893,0.7064562554160979,0.4563883507564918,3.705940092120665,0.2502350215304883,0.219180765248977,0.2168056368628229,0.1906280829844283,0.12315049337328356
1181,0.9062277765327014,0.808854158362655,0.8013685876635701,0.718233407751513,0.4828328380802527,3.7175167683906922,0.24377234401151232,0.21757915532222516,0.21556556098884294,0.19320246618885736,0.1298804734885622
1182,0.9386309291696846,0.8367576519330032,0.8287306877922326,0.7394245230846038,0.477966994197681,3.821510786177205,0.24561776263063514,0.21895990846333369,0.21685943967235055,0.1934901049499004,0.12507278428378024
1183,0.9283853778303508,0.8138683310803377,0.805108906205496,0.7086031212432725,0.4578041679376881,3.7137699042971453,0.24998462526074394,0.21914883044817166,0.2167901962030327,0.19080426076568688,0.1232720873223648
1184,0.9062278108308448,0.8088542515479193,0.8013686848693596,0.7182335502744323,0.4828330610584893,3.7175173585810453,0.24377231453648052,0.21757914584604773,0.21556555291385038,0.19320247385437303,0.12988051284924837
1185,0.9393241365448144,0.8380887935578986,0.8301039023868219,0.7411556185767089,0.4800002551621696,3.8286727062284136,0.24533936656866473,0.21889799882724664,0.21681244809367597,0.19358030195973938,0.12536988455067316
1186,0.92826861989716,0.814762856192825,0.8060433013533337,0.7098501567641531,0.4589886465861936,3.7179135807936654,0.24967460908518532,0.219145184116651,0.21679990237461816,0.1909270189686929,0.12345328545485261
1187,0.9080950665305404,0.8119431695878582,0.8045371562613283,0.72227762156358,0.4888993044384527,3.7357523183817594,0.24308224666347955,0.2173439512016613,0.2153614821578522,0.19334194561283274,0.13087037436417423
1188,0.9393241468995404,0.8380888243884715,0.8301039345846497,0.7411556664700216,0.480000333999583,3.828672906342266,0.24533935644999416,0.2188979954386185,0.21681244517116297,0.1935803043509629,0.12536989858926148
1189,0.9286721092339162,0.8157097680848135,0.8070321087485365,0.7112591501881252,0.4595950945329308,3.7222682307883224,0.2494909156606473,0.2191431991219123,0.21681191647427805,0.19108218593840856,0.12347178280475377
1190,0.9089053138523392,0.8126058597912896,0.8052125811835512,0.7230884245896564,0.4900856643210996,3.739897843737936,0.24302944942044477,0.217280228964519,0.215303362505421,0.1933444320679485,0.13104252704166675
1191,0.9393241854231684,0.8380889390902743,0.8301040543731774,0.7411558446519078,0.4800006273057702,3.8286736508442987,0.24533931880457577,0.21889798283158948,0.21681243429826486,0.19358031324724376,0.12536995081832594
1192,0.928672120870498,0.8157098016666583,0.8070321437071701,0.7112592002082121,0.4595951642683695,3.722268430720908,0.24949090538605728,0.21914319637304508,0.216811914220509,0.19108218911295966,0.12347179490742899
1193,0.909136688240215,0.813000015331681,0.80561361385147,0.7235804543594406,0.4908449595310364,3.7421757313138433,0.2429433445983643,0.2172532969332908,0.2152794715411792,0.19335822428237442,0.1311656626447912
1194,0.9393242035114274,0.8380889929469908,0.8301041106182993,0.7411559283148622,0.4800007650238487,3.8286740004154285,0.24533930112866922,0.21889797691212529,0.21681242919303895,0.19358031742437287,0.12536997534179364
1195,0.9288276007709568,0.8161094980532579,0.807450571390919,0.7118643014030015,0.4598430890487358,3.724095060666871,0.24941028240150034,0.21914303602849436,0.21681792710370004,0.191150948030722,0.12347780643558331
1196,0.9091366981829522,0.8130000424478016,0.8056136421458603,0.7235804958980887,0.4908450247958361,3.7421759034705393,0.2429433360788326,0.21725329418475905,0.2152794691983144,0.19335822648717058,0.13116567405092328
1197,0.9410561460237472,0.840247381745378,0.832319525398516,0.7438221435091139,0.4832426342149551,3.84068783089171,0.24502281556302843,0.21877523473452773,0.2167110585515284,0.1936689927065531,0.12582189844436237
1198,0.9291748531679662,0.8168203021053742,0.8082089165906061,0.7131608855334096,0.4600933309549321,3.7274582883522878,0.2492784040190307,0.21913600070530828,0.2168257439972246,0.1913263222185272,0.12343352905990936
1199,0.9095075590567664,0.8134773496654226,0.8060877970514283,0.7240140731181668,0.4911640611031854,3.744250839994969,0.24290775322573965,0.21726037715638613,0.2152868040893626,0.19336687205474182,0.13117819347376986
1200,0.9410561826748244,0.8402474884605766,0.8323196369085947,0.743822310008793,0.4832429090253701,3.840688527078159,0.24502278069155012,0.21877522286343876,0.21671104830304735,0.1936690009524576,0.1258219471895061
1201,0.930327202937774,0.8187539178629412,0.8102115250572575,0.7158537791297177,0.4629769132652303,3.7381233382529206,0.24887547005674224,0.21902806402466127,0.2167428551022408,0.1915008453049826,0.12385276551137313
1202,0.9098494409339728,0.8136761120292081,0.8062840890009326,0.7242010814163603,0.4914074013916476,3.7454181247721214,0.24292332941848244,0.21724573463442448,0.2152721170616935,0.19335653785261214,0.13120228103278744
1203,0.9416151929153924,0.8414825313121624,0.8335822519554208,0.7456695443309413,0.4864988116140638,3.848848332127981,0.24464855761016308,0.2186322917138481,0.21657965708784982,0.19373835495322567,0.1264011386349133
1204,0.930327209932457,0.81875393784432,0.8102115458613762,0.7158538090352122,0.4629769563601814,3.738123459033547,0.24887546388662707,0.21902806229305236,0.21674285366456247,0.1915008471176307,0.12385277303812733
1205,0.9135075726454432,0.8153516017929384,0.8078172856769266,0.7244437092190589,0.4898190068526032,3.7509391761869706,0.24354102525705904,0.21737265348615617,0.2153640055816943,0.19313661864159964,0.13058569703349077
1206,0.9418523897129784,0.8417787040594751,0.8338735394125608,0.7459460454106522,0.4868200098615434,3.85027068845721,0.24461978544432555,0.21862844775642848,0.21657530259169674,0.19373859808011323,0.12643786612743596
1207,0.9304206526090184,0.8194102478069957,0.8108802653540522,0.7167232652135309,0.4641385060875712,3.741572937071168,0.24867099165447085,0.21900154335850378,0.21672175819958595,0.19155667342798569,0.12404903335945389
1208,0.913430873819778,0.8152736385635693,0.8077403651405468,0.7243788116436273,0.4897779480134027,3.7506016371809237,0.24354249322685811,0.21737142928790376,0.21536287862010087,0.19313669691353688,0.1305865019516005
1209,0.9418731634816936,0.8418046491594974,0.83389905720501,0.7459702738608158,0.4868481631822568,3.8503953068892733,0.2446172635304376,0.2186281101198385,0.2165749204277717,0.19373862016871293,0.1264410857532393
1210,0.930797969191128,0.8204306966501071,0.8119208697341216,0.7180674413208734,0.4662093826961667,3.747426359592397,0.24838325823495827,0.21893177288194782,0.21666092721363928,0.1916161579754103,0.12440788369404428
1211,0.9134309999148348,0.8152739867113336,0.8077407280947162,0.7243793406672585,0.4897787760426046,3.750603831430748,0.24354238436491624,0.21737139494157928,0.215362849396596,0.1931367249712771,0.13058664632563124
1212,0.9307979709116,0.8204307016424417,0.8119208749329927,0.7180674487818703,0.4662093935383724,3.747426389807277,0.24838325669139272,0.21893177244894058,0.21666092685405575,0.19161615842140642,0.12440788558420453
1213,0.9133754661405568,0.8152206713808035,0.8076887022511945,0.7243492071906359,0.489809728575011,3.750443775538202,0.24353797065241545,0.21736645585729822,0.21535816841709307,0.19313693273183097,0.1306004723413622
1214,0.9312802894025424,0.8216665356332836,0.8131988288170835,0.7197891878863234,0.4685667404951718,3.7545015822344046,0.2480436534663311,0.21884836579141562,0.2165930180093644,0.1917136461713668,0.12480131656152217
1215,0.9138312727992752,0.8156976791126124,0.8081637067084835,0.7248551281893441,0.4905954452790067,3.7531432320887226,0.24348425207601368,0.2173372100852797,0.21532983335110267,0.19313281784504216,0.1307158866425616
1216,0.9312803043826424,0.8216665789941953,0.8131988739831699,0.7197892527655595,0.4685668351655505,3.7545018452911174,0.24804364007721844,0.21884836200699342,0.21659301486376442,0.1917136500194604,0.12480133303256337
1217,0.9138448033726814,0.815668410931147,0.8081336339046995,0.7248357549164589,0.4906888035510839,3.7531714066760706,0.24348602937429167,0.2173277803087414,0.2153202042590452,0.19312620618049436,0.13073977987742738
1218,0.9312803166591036,0.8216666145292442,0.8131989109975922,0.7197893059352657,0.4685669127496465,3.7545020608708524,0.24804362910459934,0.21884835890559068,0.21659301228588798,0.19171365317304193,0.12480134653088004
1219,0.9138949614477516,0.8157209920684121,0.8081859961621052,0.7248914993947942,0.4907751223099168,3.75346857138298,0.24348011554310778,0.21732458299706944,0.21531710757453498,0.19312576770230028,0.13075242618298755
1220,0.93285288158683,0.8233622829941625,0.8149616707549857,0.7222240692577712,0.471616149795614,3.7650170543893635,0.2477685673426854,0.21868753078668354,0.21645630258298043,0.19182491309455874,0.1252626861930919
1221,0.9139001338035164,0.8157094923817896,0.808174183517728,0.7248838464311519,0.4908113099647914,3.7534789660989776,0.2434808192766671,0.21732091740734152,0.2153133641661699,0.193123193969708,0.1307617051801134
1222,0.9328529203249534,0.8233623924098119,0.8149617847508798,0.722224233422681,0.4716163912166014,3.7650177221249272,0.24776853368925533,0.2186875210630129,0.21645629447155057,0.19182492267661014,0.12526272809957115
1223,0.9140394067230052,0.8157063687074859,0.808164774448465,0.7248445747313441,0.4909136606221175,3.7536687852324175,0.24350560985002043,0.21730909554849803,0.2152999693600898,0.1931029657126404,0.1307823595287514
1224,0.9328529459861142,0.8233624648896514,0.8149618602647966,0.7222243421698983,0.4716165511403488,3.7650181644508094,0.24776851139632852,0.21868751462179267,0.2164562890983216,0.19182492902401355,0.1252627558595436
1225,0.914224767762862,0.8157020326455462,0.8081520626463978,0.7247920205059136,0.4910495079696169,3.7539203915303365,0.24353866688956766,0.21729337534326726,0.2152821526183041,0.19307602317332104,0.13080978197553994
1226,0.9328529461847276,0.8233624654506341,0.8149618608492624,0.7222243430115847,0.4716165523781336,3.765018167874342,0.2477685112237848,0.2186875145719387,0.21645628905673367,0.19182492907314147,0.12526275607440146
1227,0.914199587084906,0.815464919188176,0.8079084919270569,0.7245158032135186,0.4909367627746887,3.7530255641883463,0.2435900239551437,0.21728200494273311,0.2152685821370845,0.19304845938884702,0.13081092957619164
1228,0.9334081977877772,0.8244103717082808,0.8160583049740298,0.7238073427131738,0.4740748327544895,3.771759049937751,0.2474729126196919,0.21857450616361265,0.2163601370526301,0.1919017978428711,0.12569064632119423
1229,0.914199591292703,0.8154649307740043,0.80790850399946,0.724515820722022,0.4909367901133241,3.7530256369015134,0.24359002035687222,0.2172820038200564,0.21526858118306563,0.193048460313791,0.13081093432621474
1230,0.9336288458773392,0.8248430967392671,0.8165069220546615,0.7244611910451919,0.4751976487692088,3.7746377044856683,0.247342637617338,0.21852245468725326,0.2163139845406484,0.19192866912346676,0.12589225403129362
1231,0.9141996097341362,0.8154649815509981,0.807908556908957,0.7245158974562177,0.4909369099298786,3.7530259555801875,0.24359000458679436,0.21728199889972086,0.21526857700190377,0.19304846436752485,0.13081095514405622
1232,0.9341052562247706,0.825773124621234,0.817472391717925,0.725863846669257,0.4776856445085339,3.78090026374172,0.2470589518540606,0.2184064817948988,0.21621104358593257,0.1919817493283769,0.12634177343673128
1233,0.9142331785668212,0.8155349842341908,0.8079869839329991,0.7246701435374745,0.4911908054250085,3.753616095696494,0.2435606506523099,0.21726648741974397,0.215255626396997,0.1930592061261422,0.13085802940480695
1234,0.934105311563334,0.825773279363446,0.8174725529559256,0.7258640790370683,0.477685988446508,3.780901211366282,0.24705890456888766,0.21840646798201882,0.2162110320413583,0.1919817626694264,0.12634183273830882
1235,0.9143231838464576,0.8154761346671673,0.8079248169383828,0.7245869459825306,0.4911474907290481,3.7534585721635865,0.24359485159294542,0.21725992680854517,0.21524809756263671,0.19304514278010554,0.13085198125576714
1236,0.9339122992753168,0.8257648721773827,0.8174731806983566,0.7259428854426095,0.477845558739509,3.7809387963331753,0.2470053998708052,0.21840207331000036,0.21620904879263247,0.19200069732592404,0.12638278070063777
1237,0.914570493759576,0.8153145559257824,0.8077541283225721,0.7243585262501859,0.4910287259065117,3.7530264301646286,0.2436887964360693,0.21724189027094545,0.21522740203221524,0.1930065081418602,0.13083540311890968
1238,0.9339123117224724,0.8257649070013181,0.8174732169870401,0.7259429377696595,0.477845636217887,3.7809390096983773,0.24700538922392584,0.21840207019557112,0.21620904618936282,0.1920007003306756,0.1263827940604646
1239,0.9145705196255944,0.8153146262857347,0.807754201620575,0.7243586324376827,0.4910288914997723,3.753026871469359,0.24368877467363512,0.21724188347378615,0.21522739625478052,0.19300651374075742,0.13083543185704077
1240,0.9342172628440744,0.8262396676856327,0.8179608000352462,0.7265264526973477,0.4784330464239779,3.783377229686279,0.24692680801526642,0.21838680563030857,0.21619858406323184,0.19203119556692788,0.12645660672426523
1241,0.9145789339950876,0.8148892213455325,0.8073082822904338,0.7238004692683992,0.4904542220711939,3.751031128970647,0.2438206729161603,0.21724405725450574,0.21522302922396017,0.19296040058911046,0.1307518400162634
1242,0.9339936980545246,0.8262476811503228,0.8179868482219519,0.7267802995831923,0.4790860302533264,3.784094557263318,0.24682091948833199,0.21834752505441368,0.21616448422301723,0.19206187598779367,0.12660519524644348
1243,0.9146118441311052,0.8148605005305564,0.8072834256989443,0.7238000736903066,0.4906571098359094,3.7512129538868217,0.2438176278911144,0.2172258708176613,0.21520597087469456,0.19295094215867983,0.13079958825784996
1244,0.9341904802009956,0.8267775702932929,0.8185461460754992,0.7277378208018082,0.4808365628721838,3.7880885802437794,0.24661262808719128,0.2182571903427048,0.21608421469986386,0.19211214452513548,0.1269338223451047
1245,0.9146118902127516,0.8148606243795932,0.8072835546653032,0.7238002602056153,0.4906574000080136,3.7512137294712766,0.24381758976491688,0.21722585892071938,0.21520596075955598,0.1929509519863143,0.13079963856849353
1246,0.934190498159916,0.8267776205307442,0.8185461984223545,0.7277378963202009,0.4808366752228196,3.788088888656035,0.24661261274979074,0.21825718583495918,0.21608421092588567,0.1921121488198216,0.12693384166954283
1247,0.9146935447439728,0.8142662503164426,0.8066657032386418,0.7231250142642679,0.4900861571327468,3.7488366696960718,0.24399397075310017,0.2172050484083793,0.2151776068985263,0.1928931767312481,0.1307301972087462
1248,0.934171265236902,0.8266534691152969,0.8184433906565309,0.7278770636116114,0.4816038357267018,3.788749024347043,0.24656456768019835,0.21818638917571564,0.2160194263059117,0.19211540773330968,0.1271142091048646
1249,0.914693611820132,0.814266429139756,0.8066658893526657,0.723125282617568,0.490086574083327,3.7488377870134486,0.24399391592476247,0.2172050313727898,0.21517759241199513,0.19289319082372286,0.13073026946672975
1250,0.9341712886250956,0.8266535334056797,0.8184434576450591,0.7278771602511093,0.4816039795420109,3.7887494194689544,0.24656454813948414,0.2181863833902076,0.21601942145853903,0.1921154132049016,0.12711423380686768
1251,0.914693736552486,0.814266761673063,0.8066662354435463,0.7231257816376983,0.4900873494304736,3.748839864737267,0.24399381396798905,0.21720499969398666,0.2151775654733336,0.19289321702952433,0.13073040383516643
1252,0.9341712976998572,0.8266535583507404,0.8184434836370165,0.7278771977478248,0.4816040353432343,3.788749572778673,0.24656454055756843,0.2181863811453951,0.2160194195777287,0.19211541532791224,0.1271142433913956
1253,0.9148209114916852,0.8141919914992818,0.8065870864352785,0.7230179442002186,0.4900338653709352,3.748651798997399,0.24403998038344343,0.21719595074609027,0.2151672467021358,0.1928741272778641,0.13072269489046645
1254,0.9342443566020728,0.8263652518694871,0.818172108835198,0.7278319085501231,0.4821150261458334,3.7887286520027144,0.2465851852726991,0.2181114900991054,0.21594898552650738,0.19210452249342075,0.12724981660826737
1255,0.9148209362568186,0.8141920573633312,0.806587154979161,0.7230180429801781,0.4900340187708819,3.7486522103503708,0.24403996021047633,0.21719594448246562,0.21516724137600715,0.1928741324638918,0.1307227214671591
1256,0.9340804650832124,0.8261592983311354,0.8179770451894864,0.7278483527681137,0.482852035379006,3.788917196750954,0.24652965915544384,0.2180462795649316,0.21588675674699687,0.1920993030389403,0.12743800149368742
1257,0.9148209417916678,0.8141920720835264,0.8065871702982816,0.7230180650568696,0.490034053054794,3.74865230228514,0.24403995570194717,0.21719594308258552,0.21516724018565137,0.1928741336229357,0.13072272740688015
1258,0.9340804811263198,0.8261593416350577,0.8179770902942629,0.7278484176883978,0.4828521321837929,3.7889174629278313,0.24652964607060154,0.2180462756759697,0.21588675348503975,0.1920993066779458,0.12743801809044314
1259,0.9148235608385824,0.8141137625827567,0.8065120930244911,0.722970384783988,0.4900366752381822,3.7484564764680006,0.24405340346930715,0.21718639863997005,0.2151584520422205,0.19287148972454124,0.13073025612396103
1260,0.9340804844577054,0.8261593506272098,0.8179770996603662,0.7278484311692339,0.4828521522855148,3.78891751820003,0.24652964335350624,0.2180462748684185,0.21588675280768738,0.19209930743359305,0.12743802153679487
1261,0.9148269439099824,0.8140139526186666,0.8064164115952296,0.7229097102162462,0.4900402737819638,3.7482072921220886,0.24407053095295675,0.2171742086755836,0.21514722872722125,0.19286812437925838,0.13073990726498003
1262,0.9339851604789752,0.8260751352899812,0.8178949140996279,0.7277694139755294,0.4829861499807865,3.7887107738248997,0.24651793610945624,0.21803594536618998,0.21587684120683634,0.19208893405204655,0.127480343265471
1263,0.9148674854085505,0.8140369155922482,0.8064380496879002,0.7229141920009206,0.4900358380246595,3.748292480714279,0.2440757998784055,0.21717539913991035,0.21514811179682128,0.192864936693297,0.1307357524915659
1264,0.9338998530189,0.8258689659904146,0.8176878196109415,0.7275924307727116,0.4829958000943735,3.788044869487341,0.24653875157114766,0.21801984782249542,0.2158601198727628,0.19207598004803494,0.12750530068555926
1265,0.9148021906508944,0.8134670214076525,0.8058602288057163,0.7222661989217257,0.489407556147497,3.7458031959334854,0.24422056974163003,0.21716758165265265,0.21513683091534905,0.19282011390930295,0.13065490378106545
1266,0.914801579883724,0.8134616117015044,0.8058547447486111,0.7222600600354794,0.4894016333378706,3.7457796297071897,0.24422194317801732,0.21716750372874802,0.21513672036590292,0.19281968813844474,0.13065414458888697
1267,0.9148063414773552,0.8134645623679063,0.8058575489111368,0.7222609496096744,0.4894015767365988,3.745790979102672,0.24422247439351324,0.21716763346009685,0.2151368171387356,0.19281934139920873,0.1306537336084455
1268,0.9148482835745554,0.8134065000824241,0.805796257469016,0.7221861163354639,0.489377269278867,3.7456144267403264,0.2442451836588837,0.21716236841556127,0.21513059425346978,0.19280845117951892,0.13065340249256632
1269,0.9209655556872904,0.8173625425209977,0.8095679453061474,0.7238759713744434,0.4873232667838277,3.759095281672707,0.24499659803182294,0.21743597362535888,0.21536244352548287,0.19256653985432792,0.12963844496300733
1270,0.92096561463008,0.8173626978903012,0.8095681070063658,0.7238762040305198,0.4873236227899719,3.759096246347239,0.2449965508398445,0.21743595915761477,0.21536243127401522,0.1925665523286134,0.12963850639991203
1271,0.9209070403217564,0.8171768141786742,0.8093750869819207,0.7236207872057312,0.4871114906527621,3.7581912193408447,0.24503996379494383,0.21743885994231027,0.21536293385408908,0.1925449624494222,0.12961327995923458
1272,0.9209070419889364,0.8171768185748922,0.8093750915569057,0.7236207937848725,0.4871115007091223,3.758191246614729,0.2450399624602561,0.21743885953408615,0.2153629335084976,0.1925449628027018,0.1296132816944583
1273,0.9208281167209944,0.8169381891658177,0.8091272511405148,0.7233071429676018,0.4868986539701831,3.7570993539651116,0.24509016929488026,0.21743853760578613,0.21535955664483294,0.19251743827435616,0.12959429818014453
1274,0.9207590589645342,0.8168207777271711,0.809006945967331,0.7231657399198764,0.4867969670820326,3.7565494896609457,0.24510766103274179,0.21743911000647959,0.2153590544178747,0.19250797624528224,0.1295861982976216
1275,0.9207218083292402,0.8165592784083973,0.8087225136834022,0.7226389554560827,0.4862164693505638,3.7548590252276863,0.24520808960954524,0.2174673597389939,0.21538026015087558,0.19245435064296815,0.1294899398576171
1276,0.92072181366595,0.8165592925323673,0.8087225283788405,0.7226389765399143,0.4862165014372671,3.754859112554339,0.24520808532802857,0.21746735844287962,0.21538025905549524,0.192454351782142,0.12948994539145461
1277,0.9206590913844054,0.8163739071821425,0.8085305931901305,0.7223887479948473,0.4859707258638966,3.7539230656154223,0.24525251990838856,0.21747219985935043,0.21538283525200033,0.19243568271594774,0.12945676226431296
1278,0.9207191205517152,0.8162723431298436,0.8084200545280336,0.7221810060021793,0.4856090789897822,3.7532016032015534,0.24531565790825732,0.21748694299649335,0.21539478557145336,0.19241732322243094,0.12938529030136517
1279,0.9207191365416116,0.8162723854075733,0.808420098514827,0.7221810690729926,0.4856091748073102,3.7532018643443146,0.24531564509985704,0.21748693912848632,0.2153947823043774,0.19241732663882652,0.12938530682845278
1280,0.9206631013835934,0.8161341812729472,0.8082789091579724,0.7220174449217898,0.4854394354634578,3.7525330721997605,0.24534443365848724,0.2174888710026808,0.2153955457837321,0.19240801640651184,0.12936313314858805
1281,0.9206586451341195,0.815952610638039,0.8080864197983555,0.7217212760449562,0.4850970900439074,3.751516041659378,0.2454097583245018,0.21749943264993352,0.21540262945028515,0.19238123148894307,0.1293069480863364
1282,0.9206587208392896,0.8159528112136307,0.808086628450519,0.7217215750628261,0.485097543404875,3.7515172789711406,0.2454096975642297,0.21749941438025497,0.21540261402504804,0.19238124774431517,0.12930702628615207
1283,0.9206937893209104,0.8157855945081192,0.807914143525933,0.7215415820121304,0.4852352038557617,3.751170313222855,0.245441745493525,0.2174749548514178,0.21537655613183973,0.1923510589398461,0.1293556845833713
1284,0.92069327082871,0.8157818237945024,0.8079100342707374,0.721533891346234,0.4852267764784459,3.75114579671863,0.24544321141398984,0.21747537099414252,0.21537686830980246,0.19235026587807022,0.1293542834039949
1285,0.9206716633100044,0.8151553607594026,0.8072127556054337,0.7199130849129025,0.4819934752940199,3.744946339881763,0.2458437530880809,0.2176681016970564,0.21554721545914576,0.19223588793414645,0.12870504182157058
1286,0.920616622245896,0.8150946049834816,0.8071516573660891,0.7198473056682938,0.4819300032620405,3.744640193525801,0.24584915363499338,0.2176696726143992,0.21554852152727333,0.19223403810941708,0.12869861411391698
1287,0.9205822898252676,0.8150095390333514,0.8070577406707831,0.7196437392894606,0.4815898495480588,3.743883158366921,0.2458896955071709,0.21769096538495017,0.215567021333759,0.1922185359020041,0.12863378187211588
1288,0.9205673873032526,0.8149261970746544,0.806971498692676,0.7195295673524409,0.4814417490572601,3.7434363994802835,0.2459150601386092,0.21769468213425341,0.21556970990737578,0.1922109769121057,0.12860957090765604
1289,0.9205674131045352,0.8149262659630823,0.8069715703612543,0.7195296701089599,0.481441902916864,3.743436822454696,0.24591503924484254,0.21769467593918362,0.21556970469508185,0.1922109826437889,0.12860959747710302
1290,0.9205633579301836,0.814923044532003,0.8069684043699993,0.7195271313079048,0.4814404944186246,3.743422432558715,0.24591490127416837,0.21769465221027287,0.21556968760760936,0.19221104330886096,0.12860971559908854
1291,0.920536620221682,0.8148451893470129,0.806887602028881,0.7194193434857074,0.4813488648807169,3.7430376199640003,0.2459330398689756,0.21769623286737094,0.21557026243210492,0.192202007174223,0.1285984576573255
1292,0.920578868384896,0.8147816397910635,0.80681916286432,0.7192739559801055,0.4810747942366892,3.742528421257074,0.24597778954893912,0.21770887167167788,0.21558130548366505,0.19218931027877384,0.1285427230169441
1293,0.9205789119401924,0.814781755859643,0.8068192836174878,0.7192741291561034,0.4810750531688871,3.742529133742314,0.24597775435876604,0.2177088612386854,0.215581296707426,0.19218931996312094,0.12854276773200152
1294,0.9205601763166116,0.814761584745606,0.8067961773905574,0.7192198414256018,0.4810356861340382,3.7423734660124155,0.24598297969910776,0.21771252712887393,0.2155840898076421,0.19218280803811572,0.12853759532626036
1295,0.9205649743688408,0.8147417945038911,0.8067751144983834,0.7191924169736189,0.4810042254651313,3.742278525809865,0.24599050231559705,0.21771276212733873,0.21558393073476256,0.19218035536731695,0.12853244945498474
1296,0.9205648698454898,0.8147146618240062,0.8067469207499595,0.7191583768658822,0.480972232806575,3.7421570620919127,0.24599845879554894,0.21771257814832884,0.21558339411306746,0.19217749681085372,0.12852807213220108
1297,0.9229176779599192,0.8180732790404566,0.8101170835696071,0.7224211324297417,0.482352143708625,3.75588131670835,0.2457259961474936,0.2178112698612679,0.21569294002069075,0.19234397242958431,0.12842582154096335
1298,0.9229176781605404,0.8180732795871041,0.8101170841388691,0.7224211332501879,0.4823521449443824,3.755881320081084,0.24572599598024997,0.21781126981122054,0.2156929399785667,0.1923439724753049,0.12842582175465786
1299,0.922985406722028,0.8180974170045356,0.8101415213395038,0.7224585943876762,0.4823494753125535,3.7560324147662976,0.2457341430530377,0.21780893417966898,0.2156907693752987,0.1923462086076347,0.12841994478435978
1300,0.9230189223570248,0.8182000123996903,0.8102496091697053,0.7226423697390792,0.4825690515474171,3.756679965212917,0.24570070671556685,0.2177986999095669,0.21568236226472992,0.19236197292044868,0.12845625818968762
1301,0.9230413856570504,0.8182815149918194,0.8103326974727667,0.7227486540799838,0.4827421732627984,3.757146425464419,0.2456761811041085,0.21779335227550312,0.21567769943185058,0.19236637922373367,0.12848638796480413
1302,0.9230525696041296,0.8183167752020433,0.8103661133626241,0.7227463497349219,0.4825673393971632,3.757049147300882,0.24568551898429752,0.2178083764993955,0.21569217798090365,0.19237074666807413,0.12844317986732925
1303,0.9231110848526352,0.8183786374828341,0.8104240748131042,0.722753416386873,0.4823207611550997,3.7569879746905466,0.24570509436583157,0.21782838885723127,0.21571111759543407,0.19237575985225353,0.12837963932924945
1304,0.9231662898783248,0.8184778893848986,0.8105236097453716,0.7228625706760355,0.4824943516705414,3.757524711355172,0.24568468893591913,0.21782368773556515,0.2157067942350409,0.1923773298127775,0.12840749928069725
1305,0.9231663649165588,0.8184780947348226,0.8105238235934756,0.7228628789471914,0.4824948175429383,3.7575259797349867,0.24568462597340937,0.21782366885791932,0.21570677833361004,0.19237734691542277,0.12840757991963853
1306,0.9231037058558278,0.8184994357406682,0.8105492469984603,0.7229237393638067,0.4825468998530793,3.7576230278118423,0.24566160549462412,0.21782372251888737,0.21570797309874465,0.19238857490842642,0.12841812397931743
1307,0.9230776112713154,0.818485816392992,0.8105360936647579,0.7229193068737416,0.4825763543138867,3.7575951825166936,0.24565648145553381,0.2178217121954051,0.21570607111591297,0.19238882097713303,0.12842691425601507
1308,0.9230791443372918,0.8185174472014124,0.8105689152592941,0.7229707277148263,0.4826636421587615,3.757799876671586,0.24564350807177499,0.21781826442721633,0.21570305547437593,0.19239202497265145,0.12844314705398135
1309,0.9230389561168904,0.8185313122683922,0.8105848739275928,0.7230061453791257,0.48269801655461,3.757859304246611,0.24562892896862845,0.21781850942194714,0.21570389104551688,0.19239840740234326,0.12845026316156427
1310,0.9230489120872812,0.8185726133883159,0.8106272392435953,0.723064781862509,0.4827671638554184,3.75808071043712,0.2456171070311891,0.2178166666604411,0.21570245604153282,0.19240267508209155,0.12846109518474538
1311,0.9231204672500762,0.8186182387036036,0.8106682928226894,0.7230578716143612,0.4826746226815426,3.758139493072273,0.24563230528077784,0.21782540009827694,0.21571000605939972,0.19239782688940651,0.12843446167213896
1312,0.9230873999580432,0.8185675392400498,0.8106159676516155,0.7229886241401994,0.4825778759138376,3.7578374069037457,0.24564325169103504,0.21782941905262077,0.21571342234296376,0.1923948659438948,0.1284190409694856
1313,0.9230222937522236,0.8185357951370009,0.8105859530821736,0.7229739256121251,0.4825828410913636,3.757700808674887,0.2456348551277337,0.21782888974219553,0.21571327637657722,0.19239794821958542,0.12842503053390814
1314,0.9230222999468384,0.8185358121428707,0.8105859707930071,0.7229739511457327,0.4825828797419211,3.7577009137703694,0.24563484990632323,0.2178288881755561,0.21571327505671237,0.19239794963360227,0.1284250372278062
1315,0.9230251062284436,0.8185266754700509,0.8105747184280985,0.7229457691079199,0.482507606792896,3.7575798760274086,0.24564350903547122,0.21783347326615296,0.21571722895350795,0.192396647033418,0.12840914171144993
1316,0.9230250145473684,0.818525832405095,0.8105738472407017,0.7229447478803099,0.4825067216171188,3.7575761636905938,0.24564372732256137,0.21783346411298293,0.21571721022537493,0.19239656533541888,0.1284090330036619
1317,0.9230250248550856,0.8185258607445778,0.8105738767543422,0.7229447904256746,0.4825067860201578,3.757576338799838,0.24564371861834158,0.21783346150354277,0.21571720802703312,0.1923965676919771,0.12840904415910534
1318,0.9230890927181769,0.8185615861098741,0.8106058419287479,0.7229186000862801,0.4823239790529394,3.7574990998960183,0.24566581872068088,0.21784744702467826,0.21573014933022336,0.19239355243126618,0.1283630324931513
1319,0.9231372230945204,0.8185387611959811,0.8105821892216234,0.722883542560993,0.4821961632285557,3.7573378793016734,0.24568916949946798,0.21785071970905956,0.21573311085141897,0.19239247727578487,0.12833452266426865
1320,0.9231443860021734,0.8185539235181191,0.8105974536178812,0.7229001314969286,0.4822108871447798,3.7574067817798817,0.2456865704502935,0.21785076012727334,0.2157332172679748,0.1923933642219305,0.12833608793252796
1321,0.9231443874751574,0.8185539275606919,0.8105974578279045,0.7229001375683348,0.4822108963352359,3.757406806767325,0.24568656920845422,0.21785075975442025,0.2157332169537692,0.19239336455832953,0.12833608952502665
1322,0.9231444010312416,0.8185539647650752,0.8105974965733591,0.7229001934443681,0.482210980916348,3.7574070367303922,0.2456865577796278,0.21785075632299922,0.2157332140620895,0.19239336765425843,0.12833610418102498
1323,0.9231736055319282,0.8186157446297644,0.8106596863195105,0.7229677152932021,0.4822707482465369,3.757687500020942,0.24567599235614543,0.21785093747822354,0.21573366234286181,0.1923969769410503,0.1283424308817189
1324,0.9232130090382688,0.8186143849496704,0.8106571869922429,0.7229714977200724,0.4822073168410191,3.7576633955412735,0.24568805447920763,0.2178519730961035,0.21573438109282048,0.1923992177101142,0.12832637362175423
1325,0.9232298414523632,0.8186139553307744,0.810656278291137,0.7229733324230482,0.4821806479443952,3.757654055441718,0.24569314466704842,0.21785240026161617,0.21573467549977618,0.19240018419898464,0.1283195953725746
1326,0.9232606508294184,0.8186649175367905,0.810705999976467,0.7230073727852875,0.4821233987609886,3.757762339888952,0.2456942635857866,0.21785968443150222,0.2157416905722741,0.19240369863482465,0.1283006627756124
1327,0.9232425853769805,0.8186267311523636,0.8106677683061083,0.7229756367136578,0.4821230555980176,3.7576357771471276,0.24569773126812325,0.21785685992533355,0.21573878267722466,0.19240173332141186,0.12830489280790675
1328,0.923242625374052,0.8186268409585105,0.8106678826564184,0.7229758015304614,0.4821233056955895,3.7576364562150317,0.2456976975106341,0.21785684977707814,0.21573877412105558,0.19240174241302094,0.12830493617821123
1329,0.9233684005128374,0.8189894788677744,0.8110499136115882,0.7235125501197569,0.4817497011591465,3.758670044271103,0.2456635963351502,0.2178934222002443,0.21578108853895694,0.19249163709448816,0.12817025583116046
1330,0.9233304051782524,0.8189527559908947,0.8110137060223683,0.723479426767924,0.4817272634429202,3.7585035574023595,0.24566436909704564,0.217893303407408,0.21578101327723362,0.1924913508045067,0.12816996341380602
1331,0.9233304857761976,0.8189529769404305,0.8110139361328988,0.7234797591665955,0.4817277719277698,3.7585049299438924,0.24566430082878227,0.21789328262306043,0.2157809957016621,0.19249136894903465,0.12817005189746047
1332,0.9233933415738786,0.8189354667221547,0.8109949090718407,0.7234806180900178,0.4818272623905307,3.7586315978484226,0.24567274486343982,0.2178812808339458,0.21576866153524693,0.1924851104067141,0.12819220236065332
1333,0.9234009800941764,0.8189818507498032,0.8110422987603044,0.7235346631690671,0.4817369946496934,3.7586967874230446,0.24567051622359204,0.2178898424289488,0.21577752732652677,0.19249615068448261,0.12816596333644975
1334,0.9234049662366028,0.8190413174216142,0.8111022801958324,0.7236018058756907,0.4818366197133693,3.7589869894431094,0.24565261035218547,0.21788884072273804,0.2157768256378021,0.19249915147561913,0.1281825718116553
1335,0.923340110392628,0.8190246114368613,0.8110889028036745,0.7236191605092176,0.4818409296617936,3.7589137148041756,0.24564014511855597,0.21788864378854977,0.2157774730527245,0.19250752089873796,0.12818621714143166
1336,0.9232920305013648,0.8190096060535778,0.8110750777821056,0.7236171530339475,0.4818764879015801,3.7588703552725757,0.24563018759246671,0.21788716519705215,0.2157762841286635,0.19250920745881223,0.12819715562300543
1337,0.9232921447636012,0.8190099197440893,0.8110754044658044,0.7236176247669351,0.4818772115325019,3.758872305272932,0.2456300905642393,0.21788713561649467,0.21577625909984513,0.19250923308883014,0.12819728163059074
1338,0.923349442089614,0.819072374821135,0.8111357989337575,0.723682301793778,0.4820267748361246,3.759266692474409,0.24561956296903498,0.21788089056326262,0.2157696873588543,0.19250624150781886,0.12822361760102924
1339,0.92338560051182,0.8190984691556207,0.8111598526491072,0.7236916910623118,0.4821216349361272,3.7594572483149866,0.2456167312251489,0.2178767878056722,0.2157651488157431,0.19249898143852417,0.12824235071491163
1340,0.9233896718735036,0.819101486923827,0.8111626473221993,0.7236929002261823,0.4821324616428432,3.7594791679885553,0.24561638211378822,0.21787632018242387,0.21576463416239594,0.19249818070235025,0.12824448283904175
1341,0.9233897248178372,0.8191016325669654,0.8111627989882569,0.7236931190962901,0.4821327972134713,3.759480072682821,0.2456163370907011,0.21787630649214806,0.2157646225823453,0.19249819259710874,0.12824454123769677
1342,0.9234685971847548,0.8191609036392764,0.8112272883668323,0.7238839213213627,0.4824393517890687,3.760180062301295,0.24559158920160226,0.21785150978592654,0.21574160676506202,0.192513100257846,0.12830219398956325
1343,0.9234895426382116,0.8191803863984018,0.8112445105205738,0.7238384812627487,0.4823576232664581,3.7601105440863942,0.2456017002187883,0.21786071893198572,0.21575017569534896,0.19250457473947008,0.12828283041440688
1344,0.9234176483043288,0.8191835191338607,0.8112523503181754,0.7238835077285639,0.482434754860407,3.760171780345336,0.24557858051355347,0.21785800409858574,0.2157487470542289,0.19251341428398308,0.12830125404964876
1345,0.9234036487912424,0.8191780483542817,0.811244929618335,0.7238377533080639,0.4823027788120629,3.759967158883986,0.24558822185705534,0.21786840515847108,0.2157585147257309,0.19251172223613508,0.1282731360226076
1346,0.9233802442939274,0.8191588741488306,0.8112261542119017,0.723821529990731,0.4822796103389039,3.759866412984295,0.24558857759018587,0.21786914325465218,0.21575930235457816,0.19251256573666847,0.1282704110639152
1347,0.9234464688517914,0.8191955089001038,0.8112567463090473,0.7237591579595216,0.4818561232147496,3.759514005235214,0.2456292136605609,0.21789931032557783,0.21578766435750812,0.19251402094836448,0.12816979070798867
1348,0.9233508841347938,0.8183281800896826,0.8103124176150537,0.7218786085617248,0.4787907618570824,3.7526608522583373,0.2460523134082646,0.21806611689868421,0.215930095875147,0.1923644680353411,0.12758700578256305
1349,0.923350934724374,0.81832832081212,0.8103125641402821,0.7218788196926624,0.4787910838658076,3.7526617232352466,0.24605226978154968,0.21806610378582764,0.2159300848043652,0.19236447965001116,0.1275870619782462
1350,0.9233538096952628,0.8183869324156361,0.8103735649884969,0.7219591295737837,0.4788321942649946,3.7529056309381743,0.24603704449249292,0.2180675489596712,0.2159323054403355,0.1923733769434815,0.12758972416401881
1351,0.9233538461745956,0.8183870339060687,0.8103736706661783,0.7219592818791528,0.4788324266119181,3.7529062592379137,0.2460370130220351,0.21806753949464622,0.21593229744852122,0.1923733853202499,0.12758976471454753
1352,0.9233774871040304,0.818460112387764,0.8104486965482418,0.7220329377948819,0.4785063189184565,3.7528255527533743,0.24604860367851805,0.21809170207426132,0.21595693302440652,0.1923971492000582,0.12750561202275598
1353,0.9234129347831812,0.8185112524903604,0.8105017787574086,0.7221089274549636,0.4786185512307154,3.753153444716629,0.24603655256437318,0.21808627452804816,0.21595220944093405,0.19240058742375354,0.12752437604289107
1354,0.9233883695770556,0.8185486382136841,0.8105418138129938,0.7221597846431441,0.4783967488522496,3.753035355099127,0.24603774870451936,0.21810309809673087,0.21596967177826795,0.19242019227502588,0.12746928914545594
1355,0.9233883815548954,0.818548671550446,0.8105418485263104,0.7221598347534625,0.4783968252638447,3.753035561648959,0.24603773835523937,0.2181030949759514,0.2159696691416868,0.19242019503704608,0.12746930249007635
1356,0.923359356171277,0.8185261666464217,0.8105198923822646,0.7221487710043357,0.4784382873532294,3.7529924735575286,0.24603282918284355,0.2180996024941468,0.21596629838534112,0.1924194562318954,0.12748181370577308
1357,0.9234962378486028,0.8187476927662921,0.8107420873220098,0.7223111662799117,0.477890332607546,3.753187516824362,0.24605651428521993,0.2181472918941841,0.2160142768480678,0.19245272532800914,0.1273291916445191
1358,0.9234750599053096,0.8187326240083255,0.8107250058364235,0.7222079262562502,0.4774802135902832,3.7526208295965917,0.2460880280314874,0.21817621901766707,0.2160423455101849,0.19245427637139878,0.12723913106926193
1359,0.9234750778924364,0.8187326741796892,0.810725058086303,0.722208001953363,0.4774803285312569,3.7526211406430483,0.24608801242701253,0.21817621430320872,0.2160423415264823,0.1924542805910872,0.1272391511522093
1360,0.9234752021019784,0.8187330206366293,0.8107254188964036,0.7222085246777977,0.4774811222540834,3.7526232885668924,0.2460879046707214,0.21817618174759537,0.21604231401708734,0.19245430972998237,0.12723928983461352
1361,0.9235154978277794,0.8187946265854525,0.810789188435665,0.7222990147153826,0.4775927278843609,3.7529910554486405,0.2460745267396808,0.218171217167362,0.2160381350385983,0.19245956199835318,0.12725655905600566
1362,0.9235155101392004,0.8187946609097771,0.8107892241820067,0.7222990665034781,0.4775928065414179,3.7529912682758804,0.24607451606554426,0.21817121394101469,0.2160381323121176,0.19245956488337407,0.12725657279794936
1363,0.9235698844084844,0.818896838394043,0.8108932397899358,0.7224018915917989,0.4775432862329575,3.7533051404172197,0.2460684249897731,0.21818019259233848,0.21604777907820102,0.19247086622738493,0.12723273711230243
1364,0.9235699219855794,0.8188969431449699,0.8108933488863628,0.7224020497149176,0.4775435264941887,3.7533057902260185,0.24606839239974726,0.21818018272783926,0.2160477707406654,0.19247087503398322,0.12723277909776484
1365,0.9235575370700556,0.8188866372089112,0.8108831364406333,0.7223913266274972,0.4775213897705828,3.7532400271176796,0.24606940414074888,0.21818125973621236,0.21604883529480934,0.19247139042750255,0.12722911040072699
1366,0.923516468056546,0.8189285537275082,0.8109300129729626,0.7224789503567636,0.4774843058914306,3.753338291005211,0.24605201994974235,0.2181867154607544,0.2160556683409907,0.19248969699538349,0.1272158992531291
1367,0.923501315055223,0.8189143294388002,0.8109161989575072,0.7224713577022155,0.4774974357103782,3.753300636864124,0.2460504511641803,0.21818511456172657,0.21605415537270317,0.19248960517744165,0.12722067372394835
1368,0.9234799461046164,0.8188941835259629,0.810896194204539,0.7224525830560693,0.4774819789796035,3.753204885870791,0.2460510348318907,0.21818531319959342,0.2160543372564647,0.19248951363561148,0.12721980107643965
1369,0.9235274664614592,0.8191214248435408,0.8111303101733792,0.7227173092054142,0.4777517337125258,3.7542482443963197,0.24599531153538884,0.21818520553780132,0.21605665298880852,0.19250653184273556,0.12725629809526565
1370,0.9236087933907816,0.8193057680403127,0.8113185321003309,0.7229365267033877,0.4779952876268535,3.7551649078616665,0.24595691961680574,0.2181810354919557,0.21605403544376603,0.19251791717319153,0.127290092274281
1371,0.9236088078378568,0.8193058083924194,0.811318574135588,0.7229365877179629,0.4779953805134834,3.7551651585973107,0.24595690704130252,0.21818103166957897,0.21605403221163372,0.19251792056677627,0.12729010851070846
1372,0.9236349141297204,0.8194701814580717,0.8114883810814542,0.7231455942923752,0.478278715371019,3.7560177863326407,0.2459080245814154,0.2181752664856784,0.21605019657635538,0.192529864188543,0.1273366481680078
1373,0.923634959571274,0.8194703085230117,0.8114885134572416,0.7231457865065383,0.4782790080728534,3.756018576130919,0.24590798497133948,0.21817525443847763,0.21605018638996115,0.19252987487922701,0.12733669932099467
1374,0.9236249045027816,0.8195457171830597,0.8115681417440053,0.7232701273560703,0.4785109428251409,3.756519833611058,0.24587249513199608,0.21816621593482946,0.21604255472913692,0.19253728434618886,0.12738144985784863
1375,0.9236250504712946,0.819546125580175,0.8115685672210898,0.7232707452040165,0.4785118838405392,3.7565223723171153,0.24587236782555882,0.21816617721210557,0.21604252198836085,0.19253731870040355,0.12738161427357114
1376,0.925777402145639,0.8222732928383595,0.8143005263160877,0.7260120492449641,0.4797542709261577,3.768117541471208,0.24568697551408716,0.21821858893428112,0.2161027402553254,0.19267234667034908,0.12731934862595726
1377,0.9257774111709044,0.8222733183312861,0.8143005528852437,0.7260120879121876,0.4797543303890334,3.7681177006886553,0.24568696752803415,0.21821858647913486,0.21610273817519646,0.1926723487908838,0.12731935902675076
1378,0.925777426130694,0.822273360586977,0.8143005969248345,0.72601215200488,0.4797544289514849,3.7681179645988707,0.24568695429078646,0.218218582409617,0.21610273472728703,0.19267235230576613,0.1273193762665433
1379,0.9257774611007904,0.8222734593641527,0.814300699872068,0.7260123018283846,0.4797546593518063,3.7681185815172022,0.24568692334730974,0.21821857289668178,0.21610272666742789,0.19267236052217382,0.12731941656640672
1380,0.9260300474394174,0.8225457637927344,0.8145795843551588,0.7263659657654054,0.4802616913811519,3.769783052733868,0.2456454481559238,0.2181944563616783,0.21608128981438893,0.19268110541232358,0.12739770025568536
1381,0.9260300748453808,0.8225458412759639,0.8145796651093805,0.7263660832979573,0.4802618722029751,3.7697835367316577,0.24564542388771587,0.21819444890172607,0.21608128349343053,0.19268111185177098,0.12739773186535652
1382,0.9260704500497938,0.8226208851584046,0.8146564221591405,0.7264629137465755,0.480381047375998,3.7701917184899125,0.24562953801742365,0.21819073049364496,0.2160782482662281,0.19268593429448944,0.12741554892821383
1383,0.9260704545052352,0.8226208977691817,0.8146564353023588,0.7264629328765628,0.4803810768136432,3.770191797266982,0.24562953406681992,0.21819072927947616,0.21607824723742292,0.19268593534238151,0.12741555407389943
1384,0.9260704689579374,0.8226209386764244,0.8146564779367518,0.7264629949310311,0.4803811723044364,3.770192052806581,0.24562952125172463,0.21819072534091583,0.2160782439001511,0.19268593874156686,0.12741557076564156
1385,0.9261870585579492,0.8227874971452345,0.8148254733412791,0.7266573100618212,0.4806065657095149,3.771063904815799,0.24560364977511293,0.21818444818569688,0.21607310136025923,0.19269291860417714,0.1274458820747538
1386,0.926234245559815,0.8228873226940356,0.8149269459613045,0.7267783794342976,0.480761864160338,3.7715887578097913,0.24558198282935037,0.21818055348428195,0.21606993717802436,0.19269820388804712,0.1274693226202961
1387,0.926238390954704,0.822904427993213,0.8149446009381912,0.7268098908828883,0.4808481168070581,3.7717454275760547,0.24557288097515084,0.2181760258730027,0.2160656429726018,0.19269855424733132,0.12748689593191323
1388,0.926384746941488,0.823112659700998,0.8151567513434096,0.7270693358244043,0.481180383082966,3.7729038768932655,0.24553627051434557,0.21816422749120667,0.21605553121449697,0.19270815253928422,0.12753581824066665
1389,0.9263847497539438,0.8231126676745449,0.8151567596539037,0.7270693479215334,0.4811804017134806,3.7729039267174063,0.24553626801728282,0.2181642267235491,0.2160555305639935,0.19270815320074053,0.1275358214944341
1390,0.9265084523469967,0.8233795115341654,0.8154321780232565,0.7274427469470449,0.4816913777832298,3.7744542666346934,0.2454681887490645,0.21814531409551063,0.2160397557950269,0.1927279271542568,0.12761881420614118
1391,0.9264653154898136,0.8233959216111821,0.8154521140096346,0.7274989767428469,0.4818177042174639,3.774630032070941,0.24544533043454614,0.21813950363750698,0.2160349774894995,0.1927338495592127,0.1276463388792347
1392,0.926485261276224,0.8235438350354366,0.8156055866392262,0.7276951796552863,0.4819466041886497,3.7752764667948226,0.24540858647705927,0.21814133144389775,0.21603863817996577,0.192752818516916,0.12765862538216127
1393,0.926485280741628,0.8235438903157295,0.8156056442607003,0.7276952635899806,0.4819467337257402,3.775276812633779,0.24540856915211895,0.2181413261035006,0.21603863365232345,0.1927528230922787,0.12765864799977822
1394,0.9268038174956896,0.8238672567846069,0.8159296224210075,0.7280445382892762,0.4821850976470426,3.7768303326376227,0.24539196518484807,0.21813721671983163,0.21603555112606482,0.19276601651862718,0.12766925045062835
1395,0.9268038272927978,0.823867284678826,0.8159296514939653,0.7280445806385476,0.4821851630389818,3.776830507143118,0.2453919564407071,0.2181372140265882,0.21603554884202453,0.19276601882493724,0.12766926186574304
1396,0.927016284242279,0.8240115970764443,0.816071227154422,0.7281525847439795,0.4821650517822693,3.7774167449993943,0.24541011670726515,0.2181415641171402,0.2160395006017672,0.19276469447219974,0.12764412410162773
1397,0.927016291434005,0.8240116175628928,0.8160712485062471,0.7281526158512542,0.4821650998094931,3.7774168731638924,0.2454101102845855,0.21814156213918648,0.21603949892422686,0.19276469616692518,0.12764413248507592
1398,0.9272600121262906,0.8243212364067282,0.8163853593000919,0.7285096886560047,0.4824656777433395,3.778941974232455,0.24537556237936875,0.21813545749777144,0.21603543131034947,0.19278139056474217,0.12767215824776817
1399,0.9272600499599608,0.824321344116287,0.8163854715632604,0.72850985225065,0.4824659305417162,3.778942648431874,0.24537552861373552,0.21813544708288993,0.21603542247512836,0.19278139946181916,0.1276722023664271
1400,0.9274657924710398,0.8245869279618505,0.8166533113673257,0.7288037340529311,0.4827111008155511,3.780220866668698,0.2453469850528508,0.21813194441427278,0.21603322667413283,0.19279395563338764,0.127693888225356
1401,0.927465810083538,0.8245869781126312,0.8166533636389273,0.7288038102347809,0.4827112186258765,3.7802211806957535,0.24534696933073027,0.21813193956044263,0.21603322255567634,0.19279395977053487,0.127693908782616
1402,0.9276922978481248,0.8248647530781484,0.8169286168751843,0.7290703852206781,0.4829168891471942,3.78147294216933,0.24532564744888335,0.218133189287068,0.2160345001454735,0.1928006351943986,0.12770602792417646
1403,0.9277593393093072,0.824946971260486,0.8170100882455504,0.729149283881983,0.4829777524303852,3.781843435127712,0.24531934101020683,0.21813355983961502,0.21603487882569106,0.19280260972975993,0.1277096105947271
1404,0.927876946561326,0.8251040274106122,0.8171682785592033,0.7293095811277351,0.4830875542566544,3.7825463879155308,0.24530484266516991,0.218134542922369,0.21603655177102132,0.1928091572010145,0.12771490544042532
1405,0.9278769768256674,0.8251041138611311,0.8171683686659285,0.7293097124465078,0.4830877574585113,3.7825469292577463,0.2453048155592205,0.2181345345589783,0.21603654467448535,0.19280916432400247,0.12771494088331328
1406,0.9279665081948728,0.8252255970476471,0.817290575689879,0.7294363341113397,0.4832004035370407,3.783119418580779,0.2452913602560808,0.21813363675345646,0.2160361556856384,0.19281345720378676,0.12772539010103764
1407,0.9279665209575612,0.825225633509135,0.8172906136943019,0.7294363895039813,0.4832004892625698,3.783119646927549,0.24529134882403383,0.21813363322498666,0.21603615269161852,0.19281346020773918,0.12772540505162183
1408,0.9283085902104264,0.8258342897631801,0.8179106341329909,0.7301308595940144,0.4839143759535718,3.786098749654184,0.24518868935872754,0.2181227549436238,0.21602992637413315,0.19284517068148402,0.1278134586420314
1409,0.9284765644195276,0.8261896631491309,0.8182702823498579,0.7304990731579752,0.4841800230313877,3.787615606107879,0.2451348449727247,0.21812922668731852,0.2160383648832584,0.19286515558230835,0.1278324078743901
1410,0.9288307968127624,0.826650287481282,0.8187325308662976,0.730970004305158,0.4847934159451951,3.7899770354106948,0.2450755738450302,0.21811485393122002,0.21602572343227325,0.19286924365913674,0.12791460513233988
1411,0.9288308069724908,0.8266503166674581,0.8187325612989726,0.7309700487638235,0.4847934847248373,3.7899772184275826,0.24507556469108588,0.21811485109940204,0.21602572103023227,0.19286924607612668,0.12791461710315305
1412,0.9288308291296428,0.826650380319023,0.8187326276690031,0.7309701457228692,0.4847936347250654,3.7899776175656035,0.24507554472742607,0.21811484492354366,0.21602571579166618,0.19286925134729146,0.12791464321007268
1413,0.9290233827055564,0.8268414063730707,0.8189254013582483,0.7311760560767083,0.4849741836083028,3.7909404301218865,0.24506409420832984,0.21810983886826363,0.21602170133069545,0.19287458337961788,0.1279297822130932
1414,0.929023392273744,0.8268414337575782,0.8189254299131833,0.7311760977985317,0.4849742481731394,3.7909406019161764,0.24506408562670645,0.21810983620783753,0.21602169907364088,0.19287458564477372,0.12792979344704145
1415,0.9290234061443774,0.8268414734558464,0.8189254713081752,0.7311761582810576,0.484974341770318,3.7909408509597746,0.24506407318625695,0.2181098323511194,0.21602169580167493,0.19287458892848236,0.12792980973246634
1416,0.9290980761886616,0.8269308821349796,0.8190149686983539,0.7312663073524577,0.4850525425616502,3.7913627769361034,0.2450564957383185,0.21810914195956826,0.21602126118889123,0.1928769021526905,0.1279361989605314
1417,0.929842156924204,0.8261702964796724,0.8181621818246805,0.729691317773263,0.483675248518189,3.787541201520009,0.24550020909371004,0.2181283984839862,0.21601406777999857,0.19265567790534519,0.12770164673695994
1418,0.929927187722668,0.826280252021879,0.8182726978080659,0.7298061819308027,0.4837750107195562,3.7880613302029724,0.24548894715831873,0.2181274747147785,0.2160135822732894,0.19265954754003367,0.12771044831357958
1419,0.9299174644078751,0.8262711090872602,0.8182636380322789,0.7297981133485082,0.4837695611740847,3.788019886050007,0.24548906615629076,0.21812744756967528,0.21601355395352237,0.1926595253726379,0.12771040694787375
1420,0.9299174680102512,0.8262711194280649,0.8182636488064757,0.7297981289799128,0.4837695851055236,3.788019950330228,0.2454890629414937,0.21812744659806585,0.2160135531321956,0.1926595262298688,0.12771041109837608
1421,0.9302436569418974,0.8265988413185774,0.8185987187027197,0.7301962547022997,0.4841235971794341,3.7897610688449284,0.24546234974792855,0.2181137085696314,0.21600272519349573,0.19267606623149314,0.12774515025745117
1422,0.93049749776629,0.8269722395407221,0.818985798691254,0.7307068054299538,0.4844494065352216,3.7916117479634415,0.24540948800100135,0.21810572772513093,0.21599938314653375,0.19271667406939347,0.12776872705794048
1423,0.9304975023726294,0.8269722527100559,0.8189858124136172,0.7307068253715313,0.4844494371106028,3.7916118299784367,0.24540948390751308,0.2181057264806453,0.21599938209346575,0.19271667516020144,0.1277687323581744
1424,0.9307108215803456,0.8273138734729165,0.8193368158287019,0.7310966428103772,0.4846618071899725,3.793119960882314,0.24536814843152333,0.21810907168896282,0.21600603837430882,0.19274282130542414,0.12777392019978082
1425,0.9307108560307612,0.8273139718066101,0.8193369183041428,0.7310967919723904,0.4846620356110241,3.7931205737249285,0.24536811787050114,0.2181090623739834,0.21600603049102016,0.19274282948892318,0.12777395977557213
1426,0.9308617693930216,0.8275494140501007,0.8195720062518055,0.7312556497645543,0.484745580236459,3.793984419695941,0.24535202742546397,0.21812145821000037,0.2160188117792766,0.1927408151621136,0.1277668874231454
1427,0.9309063198813334,0.8276162049838885,0.8196402017980025,0.7313369113456333,0.4848178428957392,3.794317480904597,0.2453422320526003,0.21811991462205685,0.21601782294785554,0.19274531322858005,0.12777471714890726
1428,0.9310390925224308,0.8277643428140691,0.8197797183513665,0.7313414992667593,0.4847720094299118,3.794696662384538,0.24535270546167395,0.21813715731731578,0.21603300376484577,0.19272726237021376,0.12774987108595062
1429,0.9311464403798696,0.8277484290535225,0.8197452769181311,0.7310765766334113,0.484490958691347,3.7942076816762818,0.2454126179957785,0.2181610756446055,0.21605176777143825,0.19268227729443146,0.12769226129374625
1430,0.9311638207494533,0.8277748313193396,0.8197722798142189,0.7311093378866712,0.4845202360502492,3.7943405058199318,0.24540860772015372,0.21816039705705403,0.21605132131837268,0.19268416652782283,0.12769550737659682
1431,0.9311638628582084,0.8277749520865701,0.8197724057182985,0.7311095215473693,0.4845205146886647,3.794341256899111,0.2454085702399876,0.21816038570106402,0.2160513117336867,0.19268417679037692,0.1276955555348847
1432,0.9311408263683448,0.8277622501744075,0.8197606287391458,0.7311040647884088,0.4845072820838202,3.794275052154127,0.24540678089209886,0.21816084463999555,0.21605197764293402,0.19268610070146033,0.12769429612351124
1433,0.931339154252826,0.8279838478368924,0.8199914363216176,0.7313883480951505,0.4846939031233845,3.7953966896298708,0.2453865117176067,0.21815475839434265,0.21604894122452947,0.19270405912865882,0.12770572953486245
1434,0.9313254536703433,0.827972581778962,0.8199812944596094,0.7313857320716854,0.4846862547444298,3.7953513167250303,0.2453858354472372,0.21815439802115896,0.21604885187997902,0.19270567360883753,0.1277052410427872
1435,0.9314473247666408,0.8279186946948767,0.8199311965186841,0.7313633027113816,0.4848682972931966,3.79552881598478,0.24540646901266364,0.21812999843608527,0.21602554907910676,0.19269075224281326,0.127747231229331
1436,0.9314473420394744,0.8279187439505332,0.8199312478562322,0.7313633776616839,0.4848684108417543,3.7955291223496785,0.24540645375495054,0.21812999380650197,0.21602554516790048,0.1926907564363312,0.12774725083431565
1437,0.9314473788314516,0.8279188488674957,0.8199313572077285,0.7313635373095155,0.4848686527058628,3.795529774922054,0.24540642125527262,0.21812998394525784,0.21602553683683506,0.19269076536872512,0.12774729259390943
1438,0.9302226565467736,0.8275325836057447,0.8198107242125692,0.7310298390922854,0.4846329139694831,3.7932287174268557,0.24523241962003073,0.21816047627286314,0.21612478057181045,0.19271968382338434,0.1277626397119114
1439,0.6291354682597322,0.7684822454988384,0.812078328249998,0.7187417168204199,0.4712851576732002,3.399722916502189,0.18505492468398554,0.2260426112282976,0.2388660335547305,0.2114118516340439,0.13862457889894236
1440,-0.5254011504034632,0.5444189600550102,0.7837131669332896,0.6748432888099092,0.4220965469310581,1.899670812325804,-0.27657483970088714,0.2865859476929413,0.4125520915772635,0.355242226406419,0.2221945740242632
1441,-0.525401143809444,0.544418976833696,0.7837131843808947,0.6748433140966795,0.4220965847712944,1.8996709162731205,-0.2765748210959639,0.28658594084377903,0.41255207818753503,0.35524222027919683,0.22219458178545307
1442,-0.5254011004658781,0.544419087122836,0.7837132990669591,0.6748434803109173,0.4220968335016947,1.899671599536529,-0.27657469880271013,0.2865858958230782,0.4125519901745991,0.35524218000393426,0.2221946328010986
1443,247.26193757206548,48.30905313920226,6.752519295980537,9.92783059688312,10.86985983523868,323.1212004393701,0.7652296947270758,0.1495075317667585,0.020897790942837155,0.030724788665626293,0.03364019389770211
1444,1002.8292661819136,193.9627015713696,24.95580272091673,38.14939057395748,42.73278584119459,1302.6299468893521,0.7698496941335065,0.14890084634899398,0.01915801397051447,0.029286437537427476,0.03280500800955745
1445,1714.677426225458,302.8237230928518,30.52882857237452,39.69669037258441,52.49233931907045,2140.219007582339,0.8011691421068227,0.14149193237701937,0.01426434793085072,0.01854795711651355,0.024526620468793753
1446,1714.6774262360816,302.82372312134834,30.52882860205763,39.69669041559625,52.492339383296056,2140.2190077583796,0.8011691420458875,0.14149193237869592,0.01426434794354662,0.01854795713508485,0.024526620496785247
1447,1714.677426244395,302.8237231436488,30.52882862528661,39.69669044925585,52.49233943355681,2140.2190078961435,0.8011691419982014,0.14149193238000793,0.014264347953481991,0.018547957149618106,0.02452662051869042
1448,1714.6274439871352,302.81487657296543,30.527945541218223,39.6955235470444,52.49078511784477,2140.156574766208,0.8011691593987427,0.1414919264054524,0.014264351450338681,0.018547952993290113,0.024526609752176146
1449,1696.0897080005905,299.5507236661369,30.206165887542586,39.27378874800384,51.92943052921207,2117.0498168314857,0.801157202119631,0.141494414200637,0.01426804681089229,0.018551187806616447,0.02452914906222331
1450,1684.7160514735665,297.6155308133801,30.014066337382776,39.025412197276886,51.600383418974445,2102.9714442405807,0.8011121863245017,0.14152143227073355,0.014272217732476807,0.018557271571212244,0.024536892101075694
1451,1676.712011063105,296.2077950772539,29.87358006724994,38.84026396233847,51.35618006937748,2092.989830239325,0.8011085323197101,0.14152376222649096,0.014273160641126487,0.018557311364430874,0.024537233448241415
1452,1670.9680211358398,295.1434749078578,29.751244124457237,38.66198605566071,51.14303653553174,2085.667762759347,0.8011669216793867,0.14151030196553538,0.014264613307872303,0.01853698213396689,0.02452118091323869
1453,1670.9680207538015,295.143474929529,29.75124416337817,38.66198611342361,51.14303662576534,2085.667762585898,0.8011669215628408,0.14151030198769426,0.014264613327719722,0.018536982163203628,0.02452118095854158
1454,1670.9680202984475,295.1434749553592,29.75124420976831,38.66198618227161,51.14303673331542,2085.667762379162,0.8011669214239289,0.14151030201410567,0.014264613351376004,0.018536982198051107,0.024521181012538428
1455,1670.9251792588325,295.13575152440114,29.750500677403764,38.66102179098484,51.14167950159016,2085.6141327532127,0.8011669814746841,0.1415102376271268,0.014264623647390718,0.018536996457704544,0.02452116079309368
1456,1669.5626166900458,294.912452754606,29.728286687101367,38.63220153437357,51.10273534267702,2083.9382930088036,0.8011574154048106,0.1415168835583944,0.014265435203544091,0.018538073638733395,0.0245221921945177
1457,1668.5206077389792,294.74168679814403,29.71129871515143,38.61016147357018,51.07295310877216,2082.6567078346166,0.8011500894325384,0.14152197320344426,0.014266056716588166,0.018538898575230868,0.024522982072198458
1458,1668.5206072511664,294.74168681281,29.71129874596852,38.610161520710506,51.07295318253734,2082.656707513193,0.8011500893219565,0.14152197323232776,0.014266056733586906,0.018538898600726748,0.024522982111401963
1459,1662.255199529368,293.6553281485637,29.603967333314102,38.47023272992272,50.88801412399579,2074.8727418651642,0.8011359761925051,0.14152931995462442,0.014267847244791612,0.018541008300750384,0.024525848307328502
1460,1662.2551982893767,293.6553281736158,29.603967398993426,38.470232831140656,50.88801428170614,2074.872740974833,0.801135975938651,0.14152932002742893,0.014267847282568595,0.01854100835748908,0.024525848393862234
1461,1656.3674826484294,292.6270246560261,29.502394068283216,38.33724587405747,50.71089262078632,2067.5450398675825,0.8011276420631266,0.1415335671114413,0.014269287246179032,0.018542399384205342,0.024527104195047732
1462,1652.207388718065,291.90135487849096,29.430694981288905,38.24341891556392,50.5859590981937,2062.368816591603,0.8011212036499874,0.1415369319639467,0.014270335521232268,0.018543443155219608,0.024528085709613838
1463,1644.6736935820795,290.58557238669846,29.300725276951468,38.073253181281,50.35931987999916,2052.9925643070096,0.8011103996069471,0.1415424378240678,0.014272202338366465,0.018545246506595447,0.024529713724023166
1464,1641.4964701956528,290.05212347180395,29.247573051402924,38.00477147175842,50.26887357140816,2049.0698117620263,0.8010934819170973,0.1415530704746383,0.014273585450098691,0.018547328770159147,0.024532533388006525
1465,1641.4964696829152,290.0521234718946,29.247573069665897,38.00477150111349,50.268873617042,2049.069811342631,0.8010934818308324,0.14155307050365507,0.014273585461932962,0.018547328788281386,0.02453253341529826
1466,1640.5134479862595,289.882991350126,29.230788623699507,37.9829762790137,50.23989997895899,2047.8501042180578,0.8010905898860532,0.1415547899492447,0.014273890732281337,0.0185477326688991,0.0245329967635216
1467,1638.1011814823175,289.46795291250675,29.1896007538437,37.92949230846569,50.16880066792704,2044.8570281250609,0.8010834786744481,0.14155901802969634,0.014274641381949222,0.018548725796856038,0.024534136117050222
1468,1638.1011798308186,289.4679529073962,29.18960080802425,37.92949239641916,50.168800805079535,2044.857026747738,0.8010834784063862,0.14155901812254482,0.014274641418059982,0.018548725852361655,0.024534136200647226
1469,1637.3300779578055,289.3478598506731,29.177427731998616,37.91430070872687,50.15027110948287,2043.919937358687,0.8010734902237371,0.14156516337160985,0.014275230256672366,0.01854979738478538,0.02453631876319528
1470,1637.3300762656645,289.34785983908955,29.177427781820874,37.91430079048242,50.150271237331225,2043.9199359143886,0.8010734899619109,0.14156516346597695,0.014275230291135532,0.018549797437892642,0.024536318843083986
1471,1637.3300740461186,289.3478598238955,29.17742784717153,37.91430089771925,50.15027140502695,2043.9199340199316,0.8010734896184794,0.14156516358975627,0.014275230336340074,0.018549797507552233,0.024536318947872202
1472,1635.7854574299963,289.08377962630857,29.15116813579332,37.88042667925976,50.10668110928095,2042.007512980639,0.8010673060856196,0.14156842116821805,0.014275739903249667,0.01855058144422161,0.024537951398691072
1473,1634.6164773777643,288.8872212307743,29.13147803074331,37.85545175644543,50.076365898637455,2040.5669942943648,0.801059941647748,0.14157203465435472,0.014276168394469732,0.01855143784168477,0.024540417461742802
1474,1634.6164760921413,288.8872212137117,29.131478066068446,37.85545181473925,50.07636598993376,2040.5669931765945,0.8010599414565158,0.14157203472354257,0.014276168419601283,0.018551437880414235,0.024540417519926073
1475,1634.2775720338193,288.8223932334381,29.12526593593721,37.84688055553823,50.0632095014213,2040.1353212601543,0.8010633191843156,0.14157021361457425,0.014276144152019811,0.01855116185732273,0.024539161191767498
1476,1634.0963230868117,288.7899333774622,29.122067878662765,37.84265855224009,50.05735879969675,2039.9083416948733,0.8010636015778583,0.14157005365129244,0.014276164905755753,0.01855115633322928,0.024539023531864285
1477,1634.096320859177,288.7899333545376,29.12206794099216,37.842658655022746,50.05735896011991,2039.9083397698494,0.8010636012417804,0.14157005377365142,0.014276164949782904,0.018551156401121583,0.02453902363366365
1478,1632.5656011031583,288.51950945933703,29.09523463890477,37.807563503188575,50.01025622879332,2037.998164933382,0.8010633322412847,0.14157005360638691,0.014276379213450291,0.01855132362419199,0.02453891131468612
1479,1628.633161503691,287.847372478067,29.028396054460167,37.72135332211121,49.89935425507282,2033.1296376134023,0.8010473761109838,0.1415784646255798,0.014277690668331051,0.018553343881401767,0.02454312471370364
1480,1627.9117416385243,287.7262627434512,29.016257761427116,37.705976303225015,49.88077080406407,2032.2410092506916,0.8010426589308678,0.1415807777885256,0.014277960945255068,0.01855389008074766,0.02454471225460391
1481,1627.911741431668,287.72626273988345,29.01625776662021,37.70597631178487,49.88077081741043,2032.2410090673668,0.8010426589013411,0.14158077779954178,0.01427796094909841,0.0185538900866334,0.024544712263385355
1482,1627.886712733726,287.7221063692984,29.015839191723696,37.7054402391719,49.88008264320585,2032.2101811771258,0.8010424944287988,0.14158088028209753,0.014277971570301222,0.01855390775442903,0.024544745964373428
1483,1627.8867115477576,287.7221063488245,29.015839221439343,37.70544028816196,49.88008271959124,2032.2101801257747,0.8010424942596276,0.14158088034526883,0.014277971592310168,0.018553907788134566,0.024544746014658846
1484,1627.8867093811557,287.7221063114216,29.015839275725632,37.70544037766006,49.8800828591368,2032.2101782051,0.801042493950575,0.14158088046067416,0.014277971632517442,0.01855390784970995,0.024544746106523373
1485,1622.083454046027,286.84751626688075,28.92653958524373,37.59411896763002,49.73756434964995,2025.1891932154317,0.8009540340626715,0.14163986121782896,0.01428337642831113,0.01856326267865429,0.02455946561253404
1486,1621.7648401213248,286.8152617700294,28.922871942520366,37.59012309517574,49.73250336472593,2024.8256002937762,0.8009405056346717,0.14164936561865682,0.01428412992127521,0.018564622597482913,0.024561376227913347
1487,1620.6390782702415,286.6790165248815,28.90696395269497,37.57388927139348,49.71317174872447,2023.512119767936,0.8009040630090728,0.14167398046410462,0.014285540309000042,0.018568650468820815,0.024567765749001675
1488,1610.0914321966643,285.1444982309384,28.74688784862932,37.38420216834403,49.47668170124896,2010.8437021458249,0.8007044160013496,0.14180341213325187,0.014295933501918996,0.018591301814482326,0.024604936548997355
1489,1604.2114830673795,284.1202306890796,28.645510713735835,37.25381675211288,49.30854856999659,2003.5395897923045,0.8006886867824154,0.14180914224836094,0.014297451799644922,0.018594000808326815,0.02461071836125191
1490,1598.2774891722947,283.07342178050027,28.54258422432352,37.11929673515137,49.13169703965229,1996.144488951922,0.8006822642440439,0.1418100860670303,0.014298856812369247,0.018595495937591622,0.024613296938965044
1491,1590.4264120054304,281.68636097595555,28.406218032312072,36.94051178503591,48.8948828766245,1986.3543856753583,0.800676064389531,0.14181072773687486,0.01430067979669901,0.018597140596578982,0.024615387480316255
1492,1585.9306406556298,280.89349163287284,28.32816585521496,36.83813802870014,48.75845188340977,1980.7488880558276,0.8006722357483056,0.14181176287751415,0.014301745176300474,0.01859808593145698,0.02461617026642274
1493,1581.4232007655296,280.1075247099397,28.25051571506753,36.7367787494988,48.6233253863702,1975.1413453264058,0.8006633067084059,0.1418164453762928,0.014303034960973356,0.018599569512544323,0.024617643441783583
1494,1581.4231969443106,280.1075244100781,28.25051572164029,36.73677878607244,48.62332544146457,1975.1413413035662,0.800663306404489,0.14181644551331754,0.01430303499343259,0.018599569568943694,0.02461764351981709
1495,1581.4231937768186,280.1075241615161,28.25051572708854,36.73677881638911,48.6233254871336,1975.1413379689457,0.8006633061525659,0.1418164456269003,0.014303035020338738,0.018599569615694363,0.024617643584500828
1496,1581.423192426068,280.107524055519,28.25051572941189,36.7367788293174,48.6233255066088,1975.1413365469252,0.8006633060451351,0.14181644567533672,0.01430303503181263,0.018599569635630787,0.024617643612084676
1497,1578.9587849797892,279.678877568694,28.20791379084898,36.68153365806817,48.55086601697517,1972.0779760143755,0.8006573797710114,0.14181938086136575,0.014303650329211607,0.01860044790531182,0.024619141133099525
1498,1578.9587781546209,279.67887703163285,28.207913801942496,36.6815337222691,48.55086611425759,1972.0779688247228,0.8006573792290855,0.14181938110606748,0.014303650386984066,0.018600448005678893,0.024619141272184033
1499,1577.610106709794,279.44892241058545,28.185076921107896,36.65200750432556,48.51197696861831,1970.4080905144313,0.8006514560635578,0.14182286591080093,0.014304182497418277,0.01860122665998418,0.0246202688682388
1500,1577.6101012181853,279.44892198106487,28.185076929493835,36.65200755489401,48.51197704577755,1970.4080847294154,0.8006514556271876,0.1418228661091999,0.014304182543670555,0.018601226740260365,0.024620268979681646
1501,1575.7345910367242,279.1621149464036,28.155724309591744,36.61551694575502,48.46475151569845,1968.132698754173,0.8006241611829139,0.14184110406941214,0.014305805867365703,0.018604191154860963,0.024624737725447383
1502,1575.2229259908406,279.07473319667884,28.146995350174446,36.60450018145385,48.45197885062224,1967.50113356977,0.8006211021250125,0.1418422223169624,0.01430596144008591,0.018604563706166633,0.024626150411772595
1503,1575.2229228443796,279.07473295262,28.146995352972706,36.60450020750363,48.45197889184623,1967.5011302493222,0.8006211018769616,0.14184222243229697,0.014305961465651567,0.018604563750804604,0.024626150474285312
1504,1574.7027999811387,279.00260452808027,28.139362146193985,36.5953634625096,48.43980897553957,1966.879939093462,0.800609517989655,0.14185034835256544,0.014306598784653556,0.01860579425065287,0.024627740622473148
1505,1570.833184529855,278.370135199003,28.075119652273997,36.51520036253815,48.336926618263085,1962.1305663619332,0.8005752580687846,0.14187136165721148,0.014308486975119718,0.01860997478380987,0.02463491851507444
