reach,PFOS,PFOA,PFHxS,PFBS,PFHxA
0,0.8286675496511466,0.7115202597719669,0.7046570339681693,0.6297433238520351,0.43394389400706995
1,0.0,0.0,0.0,0.0,0.0
2,0.0,0.0,0.0,0.0,0.0
3,0.0,0.0,0.0,0.0,0.0
4,0.0,0.0,0.0,0.0,0.0
5,0.9272619999496967,0.8172413346461778,0.8096417552845692,0.7265814799621024,0.462254329795985
6,0.8757426298770501,0.7610812053441857,0.7528580428537789,0.6632807072466667,0.43610080187389455
7,0.0,0.0,0.0,0.0,0.0
8,0.0,0.0,0.0,0.0,0.0
9,0.8990999222504344,0.7989399336503442,0.7913406376314018,0.7073109239725265,0.47135533999474005
10,0.9237245476135586,0.7972392564028489,0.7869345024923862,0.6771001563931607,0.4051273848090129
11,0.8756073902519846,0.7975394663794528,0.7914489531988234,0.7218197167782883,0.4298686398027038
12,0.8309043587899496,0.7332994090256283,0.7277249406785843,0.6645299080268223,0.46269815165111505
13,0.9088333770131094,0.7827957745785998,0.7736709080519049,0.6747413804671286,0.43796846262449873
14,0.8963116773382036,0.8079133594112391,0.8012124564436588,0.7271740479548717,0.5222316306633751
15,0.0,0.0,0.0,0.0,0.0
16,0.9152312377238536,0.8580541680294453,0.8527916626525903,0.7933284174624393,0.6051096293572299
17,0.0,0.0,0.0,0.0,0.0
18,0.0,0.0,0.0,0.0,0.0
19,0.0,0.0,0.0,0.0,0.0
20,0.0,0.0,0.0,0.0,0.0
21,0.9311902737895401,0.8226448186488418,0.8124866362162229,0.6866223139721314,0.31544855697509894
22,0.0,0.0,0.0,0.0,0.0
23,0.0,0.0,0.0,0.0,0.0
24,0.8986601053306355,0.7824706090284379,0.7736768887770469,0.6787312565587225,0.42934983854412784
25,0.0,0.0,0.0,0.0,0.0
26,0.9057833702328357,0.7961314361532643,0.7878774994260889,0.6982961935339032,0.47583713752548357
27,0.8785064666499434,0.8025314499047769,0.7964999983859897,0.7259282728829709,0.5114770304446528
28,0.0,0.0,0.0,0.0,0.0
29,0.0,0.0,0.0,0.0,0.0
30,0.8562792949695163,0.7624981320462889,0.7563669008325512,0.6900201175052847,0.5039791138579796
31,0.8593882433347094,0.7310584119547426,0.721750821668062,0.6154701451258958,0.32682619363565846
32,0.9300147085491661,0.8238709613255295,0.8155572585543185,0.7253910431907309,0.4994916464907641
33,0.0,0.0,0.0,0.0,0.0
34,0.9000308952027473,0.8330965751051611,0.8270078721266971,0.7514206452330332,0.5051482294138163
35,0.0,0.0,0.0,0.0,0.0
36,0.0,0.0,0.0,0.0,0.0
37,0.8856637017560619,0.7959418927065207,0.7890596625293695,0.7122465911406721,0.43609028889043616
38,0.8624006925893246,0.7786223220920874,0.7727360099155259,0.7054249685674985,0.49345167322723427
39,0.8725837023023205,0.8021982582009012,0.7973851078514244,0.7388766767632043,0.5273298888041169
40,0.8580438940826437,0.7527530454272631,0.7458265756503328,0.6716987169399183,0.47825004886803135
41,0.8831857571030289,0.8360167910551515,0.8316023169727791,0.7736741944240608,0.5435503627388459
42,0.0,0.0,0.0,0.0,0.0
43,0.0,0.0,0.0,0.0,0.0
44,0.0,0.0,0.0,0.0,0.0
45,0.8896561104760785,0.775961382333452,0.7672857610097321,0.6715698313857448,0.42418494839036613
46,0.0,0.0,0.0,0.0,0.0
47,0.0,0.0,0.0,0.0,0.0
48,0.9206421013833402,0.8562710855074674,0.8506783998172407,0.7837135659640069,0.39521494402630525
49,0.0,0.0,0.0,0.0,0.0
50,0.914845823567368,0.7952228787889428,0.7846246256411888,0.6609013632819184,0.3827273379837986
51,0.9326745213769395,0.8397237099808954,0.8326822484041823,0.7593925468563024,0.5310662166759657
52,0.8821073463942197,0.7738336250323077,0.7655141453410675,0.6721393538106667,0.4156189075082472
53,0.0,0.0,0.0,0.0,0.0
54,0.8455755077774059,0.7457171676136066,0.7392457786499944,0.6664317037487273,0.45959266217163264
55,0.8673130524409203,0.7753113935165499,0.7686159321391359,0.6958302349164965,0.5009023051037769
56,0.0,0.0,0.0,0.0,0.0
57,0.9161194833869059,0.8298297088915528,0.8226748612929358,0.7431471642192815,0.5039271128692291
58,0.9334239575079113,0.7636502847153926,0.7514094107676983,0.6135794706168772,0.27060941940744787
59,0.9331544374092947,0.8201937218682683,0.81223675757775,0.7273832840587352,0.46489711609110657
60,0.881119466812479,0.7725910196656404,0.7645368148222649,0.6758227358641871,0.4444704164329531
61,0.0,0.0,0.0,0.0,0.0
62,0.8865339425209778,0.779823105357265,0.7717735827100735,0.685901667662188,0.39508490092576337
63,0.9113897417593811,0.810802695322113,0.8029517003097342,0.7162615085931632,0.4765457052713531
64,0.9351123763007942,0.8238032390294633,0.8145309701458218,0.7094280588443661,0.43272763416178456
65,0.9371517295609794,0.8445826634994431,0.8369978593014841,0.749160219697824,0.3794980746277643
66,0.8381830389663598,0.7406989459793639,0.7348171303076341,0.6684881004884703,0.4572199250644073
67,0.9344654232303964,0.8066911020963068,0.7974343166897827,0.6978547936040322,0.4604861728083932
68,0.899921941715639,0.8191601301504801,0.8126732341454795,0.7397442541022463,0.5316901481822185
69,0.895059368934625,0.7737497320137311,0.7622579950891997,0.5981039934934564,0.2773107769548639
70,0.9152312590137643,0.8580542425079862,0.852791741712631,0.7933285391963917,0.6051098662944253
71,0.921524386517021,0.8166581553181634,0.8077136209393122,0.7085692764710926,0.4644448731523636
72,0.0,0.0,0.0,0.0,0.0
73,0.0,0.0,0.0,0.0,0.0
74,0.0,0.0,0.0,0.0,0.0
75,0.9456384464681308,0.8489404435597104,0.839513395245495,0.7179183242851783,0.326741436300956
76,0.0,0.0,0.0,0.0,0.0
77,0.0,0.0,0.0,0.0,0.0
78,0.8986601941673348,0.782470858531611,0.7736771476064572,0.6787316137266953,0.42935032962009856
79,0.8821288160840872,0.7855301603624644,0.7778804400198777,0.6928063480259713,0.46586353224496896
80,0.9090620825599255,0.8015773469780277,0.7934634501063843,0.7048562466952405,0.4800102040573843
81,0.921464364511662,0.8446093618879508,0.8375186812554343,0.75621612883565,0.5258619094173992
82,0.9233258738125691,0.8226124030790284,0.8149585573173553,0.7254143139105407,0.283331844674537
83,0.0,0.0,0.0,0.0,0.0
84,0.8691548220357652,0.7830073864445644,0.7769669142694752,0.7105827296191105,0.520878118056048
85,0.8850332968887313,0.7723640632156488,0.7637717833965915,0.6658946280819963,0.3760856413747034
86,0.930014715552107,0.82387098309964,0.815557281187452,0.7253910749479286,0.499491691268532
87,0.0,0.0,0.0,0.0,0.0
88,0.0,0.0,0.0,0.0,0.0
89,0.9090744039139851,0.8167019442801429,0.8092573213263621,0.7261332274893332,0.4838722285497361
90,0.885663752263232,0.7959420225695903,0.7890597982479978,0.7122467957840455,0.43609083769190343
91,0.8622596289141368,0.7782839414824372,0.7724015883099157,0.7052172271891745,0.49361374257525475
92,0.884112662403387,0.8151768880024902,0.8098279656557039,0.7441459047356891,0.5180132810013249
93,0.8554488620088999,0.7539066206674747,0.7470626490688682,0.6730809964788057,0.4779556303163649
94,0.8831857795487228,0.8360168387851734,0.8316023692247533,0.7736742974841231,0.5435505921842234
95,0.0,0.0,0.0,0.0,0.0
96,0.0,0.0,0.0,0.0,0.0
97,0.0,0.0,0.0,0.0,0.0
98,0.8901807867572181,0.7770683285861361,0.7684172716966209,0.6729029041857528,0.42463958087945614
99,0.0,0.0,0.0,0.0,0.0
100,0.0,0.0,0.0,0.0,0.0
101,0.9283352729033375,0.8628637797304628,0.8567724281343541,0.7838224177195909,0.3331500361610417
102,0.9313691690800864,0.8163408262218257,0.8046950652498194,0.663487836967102,0.426754037335166
103,0.9148458364801312,0.7952229264207491,0.7846246758760229,0.6609014388564337,0.382727415360662
104,0.9271841618972301,0.8348535202880683,0.8278570334702726,0.7543191192421895,0.5196015408118573
105,0.91835775299006,0.8056965180602165,0.7965985686163823,0.6950759549812647,0.37630654916602274
106,0.0,0.0,0.0,0.0,0.0
107,0.8673132944101353,0.7753119225830782,0.7686164827575063,0.6958310108021482,0.5009034628836206
108,0.0,0.0,0.0,0.0,0.0
109,0.9161194698620947,0.8298296640877153,0.8226748143550451,0.7431470941625382,0.5039269911025727
110,0.9334239830223049,0.7636503653386376,0.7514094936069078,0.6135795878108853,0.2706095346234292
111,0.928855998536268,0.8134705449318942,0.8054246582423943,0.7198275155341166,0.4623948722481191
112,0.8809307867575262,0.7734282456452993,0.7654348286721553,0.6772473501479574,0.44605360832472385
113,0.0,0.0,0.0,0.0,0.0
114,0.9179518367657097,0.8110715483699897,0.8027954685895033,0.714644009124962,0.38936100540576807
115,0.908667889066215,0.8096713832688879,0.8017984813006009,0.7148602570599213,0.4740195174634243
116,0.9340521403335711,0.8262372717474784,0.8173050906309329,0.7167945889555849,0.4431078055230175
117,0.9256663469556784,0.8358035381740203,0.8284976024485977,0.7440580675212204,0.3888986143579252
118,0.8611727688917212,0.7645806452170557,0.758109747966667,0.6862025458841567,0.4753515851391659
119,0.9344654377086621,0.8066911421179318,0.7974343581101742,0.6978548495119838,0.46048623890920964
120,0.897930773311331,0.8159284193798466,0.8094378365957446,0.7365982317688459,0.5293530335196649
121,0.895059406961661,0.7737498792130859,0.7622581536257195,0.5981043106918902,0.27731094888382124
122,0.9258627680371396,0.8667232229671801,0.8610349080826488,0.7949769203368522,0.5857457735229695
123,0.9131031532001476,0.8090223617582669,0.8002712045870909,0.7029001572674349,0.45897727899092444
124,0.0,0.0,0.0,0.0,0.0
125,0.8853319983374613,0.7858444718915639,0.7781135265946756,0.692972390512679,0.4659415554742339
126,0.0,0.0,0.0,0.0,0.0
127,0.9483547320319815,0.8538840973307942,0.8445945058885241,0.7238021005003543,0.32886462864585386
128,0.0,0.0,0.0,0.0,0.0
129,0.0,0.0,0.0,0.0,0.0
130,0.9342697696004779,0.8104660267984589,0.8013520637322786,0.702497166266502,0.4524246538087124
131,0.8933212413947175,0.7908786449520864,0.7829947999041745,0.6969553588779506,0.47142525615654246
132,0.9125660750979141,0.807397447524106,0.7994332129041118,0.7118670482642699,0.4844700196559428
133,0.9214643722779146,0.8446093927508463,0.8375187138920787,0.7562161794975987,0.525861985629365
134,0.9222980036447086,0.8235187366152977,0.8158942522417801,0.7278584700701126,0.29666827177946115
135,0.8915862790541643,0.8080082713252296,0.8006840540846452,0.7159632134452535,0.47146752694092614
136,0.8864392634453496,0.8211676070622532,0.8159454095338045,0.7553786127168112,0.5629230008044713
137,0.8850333774558243,0.7723642804368689,0.7637720098633873,0.6658949715814265,0.3760861851202901
138,0.0,0.0,0.0,0.0,0.0
139,0.0,0.0,0.0,0.0,0.0
140,0.9089889652734026,0.8173548706404095,0.8099516547365283,0.7272769724273631,0.4871281518545546
141,0.8948493358978701,0.7811787338110927,0.7718647799323765,0.670755902865251,0.4223424872772742
142,0.8613225408548969,0.7760360919135566,0.7701800350294837,0.7038371558093237,0.49469019267477576
143,0.8896544566268055,0.8214154939276987,0.8158090277331321,0.7466786247837216,0.5135346159077033
144,0.8554489872342917,0.7539068537295989,0.7470628905736862,0.6730813300033494,0.47795612576780194
145,0.8989228090203097,0.8468391126405412,0.842008196581866,0.7833263300372437,0.5737816817444834
146,0.0,0.0,0.0,0.0,0.0
147,0.0,0.0,0.0,0.0,0.0
148,0.934659379612343,0.8231354408288034,0.8140509893217077,0.7165875631103851,0.5094272390980752
149,0.8876270818646029,0.7745595970171636,0.765961117896862,0.6708885837397318,0.42007396535294916
150,0.0,0.0,0.0,0.0,0.0
151,0.0,0.0,0.0,0.0,0.0
152,0.9294196949414655,0.8637930279642883,0.857631379658921,0.7838376275775126,0.32440085161987114
153,0.9313691852862722,0.81634090928721,0.8046951541153087,0.6634879696958267,0.4267541322452937
154,0.9148458381479594,0.7952229325729318,0.7846246823644157,0.6609014486177295,0.3827274253547494
155,0.9316204027720147,0.8445008940853418,0.837742595172994,0.764369079366233,0.5336446964797084
156,0.9152910988116959,0.7997905750235285,0.7905693868436253,0.6871567264500947,0.3492615441923218
157,0.0,0.0,0.0,0.0,0.0
158,0.8995431574333806,0.8019332444641184,0.7944433944118744,0.7129917355864036,0.4967886796996104
159,0.0,0.0,0.0,0.0,0.0
160,0.9161194962273067,0.8298297514281311,0.8226749058555733,0.7431472307308542,0.5039272284739201
161,0.92986397346229,0.7631287235462073,0.7508639924588539,0.6152824159765219,0.28777711121536054
162,0.9281156277048502,0.804874223218653,0.796231528476311,0.705601554928559,0.4598379909866145
163,0.0,0.0,0.0,0.0,0.0
164,0.9179518571166657,0.8110716104416867,0.8027955328433173,0.7146440976126025,0.3893613511233266
165,0.9042496109610961,0.8063138946414816,0.7985461200445793,0.7126041600628217,0.47361711467268797
166,0.9340522077472633,0.8262375003219834,0.8173053300817076,0.7167949426050275,0.44310832818105134
167,0.9235166622427071,0.8329214421357093,0.8257746671769277,0.7458245677081191,0.4323607887335162
168,0.8731227387291968,0.7798750083940227,0.7732830821636743,0.699896944636586,0.4875276740727072
169,0.9344655340577445,0.8066914084515997,0.7974346337522707,0.6978552215651604,0.46048667879365957
170,0.9015521565690385,0.8155241912622236,0.8086737774488358,0.7338856884826225,0.5252131293732925
171,0.0,0.0,0.0,0.0,0.0
172,0.9174712478486852,0.819613847355465,0.8111717817797931,0.7164372282986127,0.4680106095027513
173,0.9318571375742086,0.8324119390807635,0.8241057773485835,0.7337726494033041,0.5009697593807277
174,0.8884240630283101,0.7901687011480886,0.7824948229473682,0.6972308028666815,0.4654462272005544
175,0.9483547472382069,0.8538841731870608,0.8445945869082041,0.7238022597987294,0.328864861363053
176,0.0,0.0,0.0,0.0,0.0
177,0.0,0.0,0.0,0.0,0.0
178,0.9342697940609772,0.8104660933781029,0.8013521326887875,0.7024972614368541,0.4524247794046932
179,0.8933212573254522,0.7908786888206745,0.7829948455764622,0.6969554232516583,0.47142534761447497
180,0.9163206726221421,0.8113093926101339,0.8033130992898917,0.7158687851068498,0.4836197321220118
181,0.9210697832948315,0.8237617014525342,0.8162076095815071,0.7294729648753442,0.3079425327243231
182,0.8915863767860661,0.8080085824080018,0.8006843830551702,0.7159637282096,0.47146829599359036
183,0.8859047892142452,0.8203996408965298,0.8151776958804962,0.7546443384315178,0.5623856778657009
184,0.8850334056076046,0.7723643563383806,0.763772088995492,0.665895091607114,0.37608637511613485
185,0.0,0.0,0.0,0.0,0.0
186,0.0,0.0,0.0,0.0,0.0
187,0.8946013615578209,0.7810532380558258,0.7717529656202443,0.6707540582494824,0.42238015071791396
188,0.8874350648447543,0.8070434888954816,0.8011351790089252,0.7357668896906115,0.5298472213498562
189,0.8848043395697259,0.8125936643121139,0.80674507721271,0.7352207480695203,0.5005421931586572
190,0.9124643430752536,0.8568340572164369,0.8515721722475751,0.7891827321414561,0.5797958392819801
191,0.941037447205716,0.848944670067271,0.84143378934757,0.7591530338343934,0.5352175842731804
192,0.0,0.0,0.0,0.0,0.0
193,0.9346593961518839,0.8231354958021645,0.8140510466348758,0.7165876376503578,0.5094273294898388
194,0.8823160370032991,0.768790304993847,0.7602735209474606,0.6659308167933684,0.4137325331359355
195,0.0,0.0,0.0,0.0,0.0
196,0.9341243135831688,0.8464291479329334,0.8383402424981905,0.7437044847715731,0.39940558192277203
197,0.9294197372043802,0.8637932027890343,0.8576315654376896,0.7838379888954478,0.3244019690813945
198,0.9184817017379826,0.7977642998756962,0.7872237832523862,0.6644710918479126,0.381364545990721
199,0.9351861382442229,0.8472200329852194,0.8404044878985364,0.7661774869147137,0.5273433448198208
200,0.9175772266662731,0.8049880994023595,0.7959772257197961,0.6942954981576667,0.3408571945896129
201,0.0,0.0,0.0,0.0,0.0
202,0.8946258530479997,0.7967248980326469,0.7892609821113078,0.7079867818165438,0.49196108478725425
203,0.0,0.0,0.0,0.0,0.0
204,0.9181496203152465,0.819618993189873,0.8117725284392248,0.7316130009425452,0.5075802246196264
205,0.9274694464215256,0.7627776804654577,0.7504968964112381,0.6164274746060915,0.2993237835169014
206,0.931813142243897,0.8107978804095022,0.8018601104053242,0.7068706008281447,0.4620989505940836
207,0.0,0.0,0.0,0.0,0.0
208,0.9243167043440668,0.8089206475136783,0.8003036109814742,0.710234863324904,0.3483507136307272
209,0.9042496451779515,0.806313995252845,0.7985462250859359,0.712604312911929,0.47361734918068565
210,0.9340522322501319,0.8262375834020165,0.8173054171149422,0.7167950711460979,0.4431085181517706
211,0.9238385029933431,0.8387405828655964,0.8317632437904385,0.7538094815909923,0.46388579850936834
212,0.892834242686379,0.8018405297608447,0.7948754465735525,0.7171715645677205,0.493303961277497
213,0.9344655588601836,0.8066914770119386,0.7974347047088103,0.6978553173401082,0.460486792029943
214,0.8999957458758225,0.8134079119455003,0.8065475691913117,0.7316279132564684,0.5233660385158607
215,0.9344904602142535,0.8224569247840362,0.8137011690350355,0.7051187024322959,0.3282919230937227
216,0.917471268196915,0.8196139237622148,0.8111718619793044,0.7164373465289462,0.4680107733193414
217,0.9099847245933218,0.8158015991208144,0.8083627310116759,0.7253727534490637,0.4892241805466524
218,0.948354779784251,0.8538843355430402,0.8445947603154956,0.7238026007467394,0.3288653594508085
219,0.0,0.0,0.0,0.0,0.0
220,0.0,0.0,0.0,0.0,0.0
221,0.9342698510751306,0.8104662485664076,0.8013522934172536,0.7024974832663337,0.45242507215243516
222,0.9007914140862938,0.8000068345460011,0.7920880209320895,0.7058034431794515,0.48055494628468115
223,0.9144651182399822,0.8110408270094832,0.803105543842365,0.7160606375973516,0.4837696929195586
224,0.9208101247010678,0.8231226160817678,0.8155572368247018,0.7291584834771715,0.321226699561125
225,0.8951982290089833,0.8125354298371246,0.805422271110351,0.7239228617038126,0.48855782968633926
226,0.8789430572541613,0.8103964780619864,0.8051778046836174,0.745079812416936,0.5553860816579654
227,0.9058353733299476,0.7900120275291691,0.7812592454533814,0.6850235544732605,0.4118957964817817
228,0.0,0.0,0.0,0.0,0.0
229,0.0,0.0,0.0,0.0,0.0
230,0.8898095083791852,0.7786282106592217,0.7695923228222442,0.6707185139847894,0.4231081209303143
231,0.8918847076428478,0.8123272230514549,0.8064100081204967,0.7412077803644561,0.5358380257845505
232,0.8789786238169415,0.8039724609034395,0.7981806242516947,0.727994221591207,0.49778599926761974
233,0.9124644098578433,0.856834278589005,0.8515724092604131,0.7891831294060784,0.5797966281939053
234,0.941037462607413,0.8489447217069457,0.8414338433106842,0.7591531122643764,0.5352176995585602
235,0.0,0.0,0.0,0.0,0.0
236,0.0,0.0,0.0,0.0,0.0
237,0.8897924028806281,0.7806470653905024,0.7722436190826212,0.6787979947934475,0.4221387495716145
238,0.0,0.0,0.0,0.0,0.0
239,0.9326634833042472,0.8448599271944545,0.836795871393324,0.7424802346766621,0.39938529786206456
240,0.929419745732167,0.8637932380650718,0.8576316029240237,0.7838380618019513,0.3244021945623008
241,0.9253730159587056,0.8025807020947147,0.792149585509983,0.6712361858070167,0.37878045434615
242,0.9351861841162886,0.8472201619909574,0.8404046224109144,0.766177682812438,0.5273437514870802
243,0.9175358349763958,0.8063618927923322,0.797522579187631,0.6981501057051341,0.3474135308713601
244,0.0,0.0,0.0,0.0,0.0
245,0.901701556002036,0.8045850525621302,0.7970543848807073,0.714771507742472,0.4944151241743482
246,0.0,0.0,0.0,0.0,0.0
247,0.9181496430153377,0.8196190758766158,0.8117726132142036,0.7316131104078207,0.5075804171000362
248,0.9274694490471534,0.7627776892874428,0.7504969054795555,0.6164274863475594,0.29932379752308624
249,0.9310237013880687,0.8094255045644378,0.8003995719617356,0.7046088550193994,0.46080957639746195
250,0.0,0.0,0.0,0.0,0.0
251,0.922922764098732,0.8109699760615126,0.8024719474190599,0.7130909805883356,0.3559703839213661
252,0.9042497428549564,0.8063142824626607,0.7985465249418356,0.7126047492421614,0.47361801861888303
253,0.9342980944691586,0.825962051896027,0.8170631557592709,0.7170887467690574,0.44344245457954323
254,0.920936897518904,0.8362696881478153,0.8293810037285159,0.7523948518081386,0.46648297825519414
255,0.8947314509026291,0.8066944003167655,0.7998013093600462,0.7222232126151303,0.4972806155392936
256,0.9344655897800423,0.8066915624824224,0.7974347931665068,0.6978554367375868,0.4604869331955675
257,0.8991469917788627,0.81433917445341,0.8075745998568247,0.7323960939840782,0.5201968166083051
258,0.9344905285835022,0.8224571240534239,0.8137013791904952,0.7051190952363461,0.3282923743649884
259,0.9190015772080355,0.8228087282835693,0.8143015247956226,0.718532363470617,0.46796770831995627
260,0.9099847850148632,0.8158017899674385,0.8083629304204676,0.7253730498265532,0.48922463755705065
261,0.9461892554291481,0.8556547687408201,0.846957868902586,0.73512726604297,0.3535742151708801
262,0.0,0.0,0.0,0.0,0.0
263,0.0,0.0,0.0,0.0,0.0
264,0.9342698914630476,0.8104663584993541,0.8013524072747663,0.7024976404068549,0.4524252795304169
265,0.9132562028715456,0.8108658649778221,0.8029703313734013,0.7161856513225003,0.48386742262072135
266,0.9216585516234238,0.8230053463592589,0.8153659865300171,0.7281725309622382,0.3216941856986117
267,0.8972112774587899,0.8175066961432309,0.8105652725601271,0.7301560384909564,0.49374792882297186
268,0.9035436377620876,0.7882090643489587,0.7795017390875683,0.683733294432526,0.41247573384769076
269,0.0,0.0,0.0,0.0,0.0
270,0.0,0.0,0.0,0.0,0.0
271,0.8895167912286974,0.778420665899019,0.7694045532084431,0.6707812972649908,0.423482488711443
272,0.9049721072557391,0.8291087154390677,0.8231656819942682,0.7575923655508359,0.554570202903639
273,0.8789786530590833,0.8039725214148266,0.7981806885116305,0.7279943318651741,0.4977861922360303
274,0.9130834138291692,0.857107240129443,0.8518452321450252,0.7901105959864098,0.5854597797313911
275,0.0,0.0,0.0,0.0,0.0
276,0.0,0.0,0.0,0.0,0.0
277,0.9335653829505265,0.8091664182202238,0.7983260153463897,0.6764874321245508,0.46287013084500606
278,0.8881366442529111,0.778727966270378,0.7703409120853504,0.6770339209969773,0.4193118460270078
279,0.9000212833867979,0.8019686868749734,0.7935521134186998,0.6945029098746818,0.389162757146495
280,0.9331197491632559,0.84504315753549,0.8371768255531952,0.7458825191610504,0.4165385696460581
281,0.9443523166592703,0.8731985992054371,0.867489254659883,0.8046662330346616,0.46124306319444763
282,0.9253730344054885,0.8025807708061159,0.7921496576282147,0.6712362952431553,0.378780569197919
283,0.935186197799822,0.8472202004730791,0.8404046625356546,0.7661777412482906,0.5273438727950172
284,0.9164011010870992,0.8073765306426453,0.7987151722504549,0.701350887927146,0.3558741404627894
285,0.0,0.0,0.0,0.0,0.0
286,0.897070576246156,0.8027597274287434,0.7954163952005838,0.714641491391752,0.4948978845536096
287,0.914058059730355,0.7919905627497287,0.7833494588452821,0.6855660567659667,0.4401010678808534
288,0.0,0.0,0.0,0.0,0.0
289,0.925253591137152,0.7614593491429014,0.7489149903407728,0.6084447973116665,0.2890707017737366
290,0.9310771550813093,0.8104945461596281,0.8010636838443641,0.6982531851534476,0.45554609403930413
291,0.0,0.0,0.0,0.0,0.0
292,0.9229228059401211,0.8109700966746064,0.8024720721046688,0.7130911482551753,0.35597103016700254
293,0.9018335317051154,0.8033937336634834,0.7956468781402865,0.7101134869257797,0.4732865416257961
294,0.9342980978934317,0.8259620632796815,0.817063167677231,0.7170887643356219,0.44344248068485026
295,0.9194069669406381,0.8349669309650526,0.8281249974341331,0.7516491048981212,0.46785287855972296
296,0.891651108699145,0.802716884968959,0.7958500192630217,0.7185679105071203,0.49413116127179607
297,0.9344656652119963,0.8066917709959324,0.7974350089675762,0.6978557280193073,0.4604872775830296
298,0.8969819673803463,0.813739051774309,0.8071113374025367,0.7331186807511101,0.5219337933442632
299,0.9344905319052932,0.8224571337351346,0.8137013894011171,0.7051191143211362,0.32829239629048945
300,0.9149179961016037,0.8189558832279655,0.8105453231057362,0.7157672663758357,0.46591017264177337
301,0.90998481038528,0.8158018701020863,0.8083630141502858,0.7253731742725948,0.48922482945136825
302,0.945846693076459,0.8559348215180715,0.8473316753583734,0.7369186763629375,0.35748283789125934
303,1214.8296039703175,218.4156508860909,22.10979106186161,28.808399690855286,38.12288497718594
304,0.0,0.0,0.0,0.0,0.0
305,0.9342699132518784,0.8104664178069578,0.8013524686996322,0.7024977251824276,0.45242539140856586
306,0.9132563984317671,0.8108664168852541,0.80297090642033,0.7161864799137397,0.4838686152136779
307,0.9248844391928112,0.8225594554180254,0.8146388060077426,0.7244237251699458,0.3234715796140234
308,0.899775048987415,0.7852443967607216,0.7766118329436388,0.6816118639522134,0.41343001354523745
309,0.0,0.0,0.0,0.0,0.0
310,0.0,0.0,0.0,0.0,0.0
311,0.8836751692173873,0.7744101146547269,0.7657179318284134,0.6708006894934858,0.42993394158502085
312,0.9079613320863964,0.8343788145145707,0.8284768590382733,0.7629688538835134,0.5615717696485628
313,0.8786888993719026,0.803003963130542,0.7971734040821582,0.7271234534518541,0.5000195042909968
314,0.9130834224698716,0.8571072691142664,0.8518452631180105,0.7901106469561049,0.5854598805284873
315,0.0,0.0,0.0,0.0,0.0
316,0.0,0.0,0.0,0.0,0.0
317,0.9335654337293859,0.8091665890938983,0.7983261959131804,0.676487668906277,0.4628703492782808
318,0.886560374904432,0.7757548841972828,0.7673266636677563,0.6736654079537476,0.4141498390518161
319,0.9000212996564614,0.8019687421264982,0.7935521717154546,0.694503004005159,0.38916289956360706
320,0.9324888362261989,0.8443430941815047,0.8364857916189059,0.7453371724225007,0.41693552979287535
321,0.9379141980431409,0.8663488946361518,0.860645988160915,0.7976653173905343,0.44785215715646304
322,0.9214944425516863,0.8001339127062362,0.790576785631369,0.67964455575756,0.3859441748970643
323,0.9349615791639653,0.8381104973950468,0.8310285368215334,0.7542775300524356,0.4994004920867258
324,0.9163284990141173,0.8086692470770414,0.8001448719736528,0.7044113226074068,0.3647589390779662
325,0.0,0.0,0.0,0.0,0.0
326,0.8970706475194138,0.8027599210217701,0.7954165972545517,0.7146417828035407,0.4948983170409986
327,0.9181767590177304,0.7958833441462734,0.7871108773462413,0.6889636757840274,0.4419831412448278
328,0.9143273202427932,0.8006751388373836,0.7923518167402032,0.7039150683934974,0.4907326932093971
329,0.9242542143402226,0.7608649633282981,0.7482017296345979,0.6048446160908675,0.2844464834329612
330,0.9310771626046566,0.8104945697555895,0.8010637083776363,0.698253218211362,0.45554613942687017
331,0.0,0.0,0.0,0.0,0.0
332,0.9269161709283821,0.8205296052571444,0.8123753845902536,0.7247953987150585,0.40068581908635714
333,0.9006366902273556,0.8023087623882532,0.7945678094466407,0.7090623441742004,0.47283580922732815
334,0.9364474842624705,0.8235532968125456,0.8149452555203115,0.7196561285156389,0.4463618178011825
335,0.9158313548804634,0.8332700756296337,0.8265707413072252,0.7516141795226855,0.47603796486702754
336,0.8905621808379248,0.8030194152150794,0.7962748700592974,0.7203067698030646,0.49890073204446406
337,0.0,0.0,0.0,0.0,0.0
338,0.8966084153443197,0.8131350796725169,0.8065071552745482,0.7325355199999274,0.5215177740213068
339,0.9360950281251788,0.8238757894081192,0.8148460596534954,0.7006985506717924,0.3165744872170732
340,0.9149180131395596,0.8189559479083818,0.8105453911455127,0.715767366635892,0.4659103143167483
341,0.9099848509240125,0.8158019981471956,0.8083631479400215,0.7253733731217641,0.4892251360746077
342,0.943539892014804,0.8534324638555287,0.8448677642389,0.7350252260598689,0.3595139517467261
343,844.4599680394963,152.6393394527255,15.635910706867044,20.275997343882977,26.72006792507353
344,0.0,0.0,0.0,0.0,0.0
345,0.9300380342489014,0.7998021027936713,0.7906014506081607,0.692235745669375,0.44651088352993495
346,0.912712166604405,0.8100734874900802,0.8021584640670341,0.7151282352088395,0.4814963157401611
347,0.9297415689090571,0.8283101869343436,0.8202451055762021,0.7296174801084648,0.3389025352691402
348,0.8997234917751527,0.7930026351171713,0.7846898744015132,0.6920621324144943,0.4287834683858055
349,0.0,0.0,0.0,0.0,0.0
350,0.0,0.0,0.0,0.0,0.0
351,0.9075039643036894,0.834930224855362,0.8290839203929729,0.7639764980392714,0.5629032401365756
352,0.8784307705100405,0.8021412208206037,0.7962761629092855,0.7263475645359391,0.5020078915573514
353,0.9413182701097995,0.8725641215871635,0.8656240487158373,0.7848488946956644,0.5686418165721724
354,0.0,0.0,0.0,0.0,0.0
355,0.0,0.0,0.0,0.0,0.0
356,0.9346143413293434,0.816623108291958,0.8063414075355495,0.6881707462634901,0.4683890371167698
357,0.8864717667303418,0.7758498438206971,0.7674514986981126,0.6743001210358512,0.4154789671336862
358,0.0,0.0,0.0,0.0,0.0
359,0.9223651356604283,0.8417751079235917,0.8345152250901847,0.7492907330832731,0.4738700894751772
360,0.9349909668278624,0.8677244088369018,0.8621525873559059,0.800034247917414,0.46472872418545846
361,0.9214944845121211,0.8001340379217048,0.7905769167665782,0.6796447580581488,0.3859444168373536
362,0.9349616019394346,0.8381105563382719,0.8310285979773958,0.7542776184966785,0.49940068552383526
363,0.9163212392894944,0.8087985098391174,0.8002878321275919,0.7047173451060034,0.36564735810796006
364,0.8947835743306408,0.799983564193761,0.7926621345905499,0.712144964965193,0.4932483592128343
365,0.9178248121355808,0.7954276621146845,0.7866194405177828,0.6879631977607571,0.4403629567025856
366,0.9169714731954297,0.8054622465439595,0.7971415138609619,0.7084187324588925,0.4922768787550566
367,0.9243959122701865,0.7554348388253705,0.7420728325420174,0.5894263608899459,0.2730396168393725
368,0.9310783784113416,0.8105183956194085,0.8010785479112957,0.6981122420425299,0.455429457989166
369,0.8939310381645842,0.7935326982116657,0.7859270335154195,0.7024354738760905,0.47149064545802416
370,0.9269162211046371,0.8205297517419735,0.8123755365594313,0.7247956105677598,0.4006865628947803
371,0.9006367225755842,0.802308855270818,0.7945679063752294,0.7090624846257045,0.4728360234874374
372,0.9364475358264028,0.8235534425571797,0.8149454072553358,0.7196563480876225,0.4463621607397983
373,0.9152806693228499,0.8327435589257873,0.8260616071383072,0.7513560546608682,0.4778751041610519
374,0.8869303266520423,0.7994112073868941,0.7927752876149915,0.7179893527825519,0.4989987424979593
375,0.9382620470015026,0.8130469276604659,0.8021459761361405,0.6941538895260956,0.444448525809209
376,0.9364518855268185,0.8241912646226663,0.8151005897884926,0.6997151697860239,0.3139679807284812
377,0.9140475592548094,0.8211831565522283,0.8130123300208454,0.7205319308418333,0.4671387129479526
378,0.9099849015297765,0.8158021579900112,0.8083633149539955,0.7253736213515452,0.4892255188425199
379,0.9422746288249617,0.8549947540349853,0.8469044634832147,0.7444645714786865,0.3845498925364229
380,816.3029426906479,147.6387551375212,15.143739844685472,19.62732931832332,25.853179289596874
381,0.0,0.0,0.0,0.0,0.0
382,0.931487788789472,0.7978618114451316,0.7887549265290893,0.6917232146661179,0.4437304639672441
383,0.9114664157562085,0.8082584827149784,0.8002987948224614,0.7127059332717957,0.4760661342878212
384,0.9291552459611591,0.8295520127543531,0.8215861301299366,0.7318299861496059,0.3481911167076118
385,0.8985902103110124,0.7912631887840472,0.7829328292540695,0.6902044478624854,0.427494427752544
386,0.0,0.0,0.0,0.0,0.0
387,0.0,0.0,0.0,0.0,0.0
388,0.9047165561535168,0.8318632893000707,0.8260082641077162,0.7608352607747775,0.5612782709325148
389,0.877270273316556,0.8001628852971857,0.7942869065133311,0.7243761265069406,0.5008747476557398
390,0.9443480057026146,0.8742227184996452,0.8671025811071598,0.7842842865475957,0.5668371601268261
391,0.0,0.0,0.0,0.0,0.0
392,0.0,0.0,0.0,0.0,0.0
393,0.9346143966814442,0.8166233007307911,0.8063416112455466,0.6881710320231744,0.46838929912995625
394,0.889268315292427,0.781007420894149,0.7727020497080069,0.680707398606135,0.4259712405195113
395,0.0,0.0,0.0,0.0,0.0
396,0.92189036704262,0.8411612788596009,0.8338989990156656,0.7486602611092725,0.4734964119414394
397,0.9349910148253148,0.8677245661183142,0.8621527522258405,0.8000345088828361,0.4647298555205551
398,0.9222528943597967,0.8012469175597539,0.7917988530071793,0.6849202259051925,0.3949021703295277
399,0.9326436652105846,0.8308969231096281,0.8235787233820194,0.7460367069619933,0.4969479725064811
400,0.9162687258052645,0.8097325624823157,0.8013208708512013,0.7069287775339345,0.37206748927945166
401,0.894783630122057,0.7999837120006635,0.7926622888132205,0.7121451871275462,0.49324868890547235
402,0.9173924966720173,0.7948679237994757,0.786015782641199,0.6867342568363417,0.4383727962382241
403,0.9256885220895221,0.8212440492672753,0.8129318541979041,0.7232661090121575,0.4973676628595885
404,0.9244880854923232,0.751902851945351,0.7380863298825805,0.5793975984396674,0.26562003447784277
405,0.9310784038781837,0.810518475645119,0.8010786311277177,0.698112354235813,0.4554296116145876
406,0.8939310687230633,0.793532780122474,0.7859271187432159,0.7024355958366943,0.4714908332118635
407,0.9263411964662708,0.8207744508163964,0.8127978271646156,0.7270859548575956,0.4275173020102746
408,0.9006845209966966,0.8015984680944003,0.7938026263211295,0.7080567798543675,0.4752188609035174
409,0.9343433065670508,0.8214403187737964,0.8128965145410167,0.7183529535163349,0.4517779220585729
410,0.9135638520016268,0.831101993592741,0.8244742251165117,0.7505511180082793,0.48360177443661306
411,0.88432712766554,0.7948175175276049,0.7881763948431033,0.7136378950813778,0.4970580166221655
412,0.9382620503439905,0.8130469372679447,0.802145986195323,0.6941539036768875,0.44444854162757946
413,0.9313798448797395,0.8241341563680885,0.8153210056832729,0.7040013867437037,0.32568567547458366
414,0.9116948836772106,0.8190084421454508,0.8108944089392532,0.7189328597944449,0.46494437462888427
415,0.9176411351568354,0.8105739619237922,0.8020754082561121,0.711755681994005,0.4824895565754201
416,0.9400868961292138,0.85349818868277,0.845539122182558,0.7453733813756842,0.39112022061386187
417,0.0,0.0,0.0,0.0,0.0
418,0.9314878264233878,0.79786190450713,0.7887550221778183,0.6917233426162916,0.4437306403888077
419,0.91154103361411,0.8062174208841,0.7981514855040692,0.7093254338196878,0.46669391842037583
420,0.9283099746362748,0.8286669288535478,0.8207068996336223,0.7310790096263368,0.34868432529268456
421,0.8980536628086208,0.7904396525381795,0.7821009607205367,0.6893249296238487,0.42688412550249294
422,0.0,0.0,0.0,0.0,0.0
423,0.0,0.0,0.0,0.0,0.0
424,0.9042414229350032,0.8312695578054796,0.8254175290336377,0.7602893245642921,0.560934870417535
425,0.8783220643784464,0.8022876884245342,0.7964566412979329,0.7274021282999145,0.5072821805829882
426,0.947340960649356,0.8758613159004642,0.8685633122611595,0.7837267850890027,0.5650547611122149
427,0.0,0.0,0.0,0.0,0.0
428,0.9210464512904503,0.8316515528397465,0.8244988451177843,0.7480837759742718,0.5307923023738148
429,0.9346144126947595,0.8166233564031804,0.8063416701786762,0.6881711146932362,0.4683893749301701
430,0.8865864453254677,0.7818188360571737,0.7737759036120293,0.6841138375227285,0.4331371067423602
431,0.0,0.0,0.0,0.0,0.0
432,0.929029252710414,0.8436816746863433,0.8364926585639791,0.7541262740309451,0.4773376695754916
433,0.934991033143025,0.8677246261430759,0.8621528151466801,0.8000346084774707,0.46473028728263865
434,0.9222529123842829,0.8012469721316121,0.7917989099211847,0.6849203102436122,0.39490228397658106
435,0.9326437239894985,0.8308970746113158,0.8235788797375809,0.7460369240796164,0.49694844494056006
436,0.9204801500896953,0.8166160643360431,0.8085074368297965,0.7184587981816005,0.4066583794353427
437,0.8928495990778557,0.7977183322284007,0.7904203987418844,0.7102247894619085,0.492497367366872
438,0.9210068939548062,0.7983761681095674,0.789443899325743,0.6902472444800067,0.4411163594423736
439,0.9256885362383206,0.8212440964825651,0.8129319032586511,0.723266177241766,0.4973677562684369
440,0.9244881245823093,0.7519030158798098,0.7380864990906638,0.57939781889608,0.26562022898426485
441,0.9310784685082757,0.8105186787355285,0.8010788423155712,0.6981126389617206,0.45543000148766843
442,0.9268923704810595,0.8242002256405763,0.8164605251503855,0.7333228994573687,0.4498317615009945
443,0.9006845472193279,0.8015985435684492,0.7938027050438633,0.7080568928774176,0.47521903011148775
444,0.932872778241771,0.8178439963593908,0.8093145174985855,0.7152148999998728,0.45438801470940676
445,0.9131365456837435,0.8319674284760603,0.8254451087563822,0.7529318452822032,0.49843693054367966
446,0.882211228344616,0.7926394070439038,0.7860484648906203,0.7120498856773287,0.4966457320640093
447,0.9382620782850455,0.8130470175802998,0.8021460702836327,0.6941540219684513,0.4444486738590768
448,0.9309407653870027,0.8236940905842531,0.8148905454638594,0.7037282530801107,0.3260287616813603
449,0.911694932310833,0.819008621447428,0.8108945977153313,0.7189331427694592,0.4649448042775989
450,0.9129746738399824,0.8068289363999523,0.7984959946157094,0.7093929179091871,0.4806699280244684
451,0.9387948511254323,0.8525924461905373,0.8448543282422121,0.7493665917204101,0.41160219009752225
452,0.8497460764004074,0.757381373828938,0.7507537825300311,0.672311707316701,0.37964411705945567
453,0.9312945247673737,0.7932751341728204,0.7838853752086148,0.6852705649072882,0.43943140459724545
454,0.9115862962286407,0.804979626336149,0.7968492572078333,0.7072753386335249,0.46101011476003395
455,0.931524092760789,0.8350615169069665,0.8273293605477986,0.7401508314740536,0.3766870680975954
456,0.8976134959154505,0.7898982253730782,0.7815566796588571,0.6887510452320454,0.4265585714402632
457,0.0,0.0,0.0,0.0,0.0
458,0.0,0.0,0.0,0.0,0.0
459,0.9042341967087629,0.831260865230287,0.8254089077436556,0.7602815319121587,0.5609297775732038
460,0.8769720334886753,0.7996525176129132,0.7937647472411973,0.724396544095192,0.5048624939046528
461,0.9481918536766318,0.8803058989987267,0.8735755915237914,0.795358403600948,0.5631860905305381
462,0.0,0.0,0.0,0.0,0.0
463,0.9312604975341845,0.84133744072069,0.8341018961813087,0.7561298196608985,0.5349196759971624
464,0.9346144309728814,0.8166234199494659,0.8063417374468799,0.6881712090555874,0.46838946145104365
465,0.8828558623960429,0.7796246218872368,0.7717797034584805,0.6840697016520146,0.43670933844573206
466,0.8668213894168955,0.758745987567027,0.7507934629039337,0.6659275561909089,0.42905360338282567
467,0.9257405998512084,0.8388533231923778,0.8315758109212197,0.7485101949693009,0.4743981491631578
468,0.9349910678676119,0.8677247399310659,0.8621529344247195,0.8000347972773851,0.46473110576788446
469,0.9208314066928419,0.8000521575398841,0.7905999517351076,0.68487244168894,0.3977598633727949
470,0.9326437384727917,0.830897111941771,0.8235789182640447,0.746036977578027,0.49694856134968696
471,0.9193666522901605,0.8154546162280054,0.8073550432775515,0.7174556846407787,0.4078229804446844
472,0.8985856191094819,0.8002725946953427,0.792837049464384,0.7119798605288612,0.49611757816394486
473,0.925641758727752,0.808659834439007,0.7997510230264105,0.7011039285369273,0.4533040847019259
474,0.9256885704265693,0.821244210570603,0.8129320218059379,0.7232663421074995,0.4973679819757506
475,0.9247813270862597,0.7535762837287012,0.7397869066793491,0.5816163313075574,0.2667515131349964
476,0.9312972083311093,0.8104149717793135,0.8010327100579988,0.6974502726660472,0.4540389566641307
477,0.9299827278317425,0.8306699541568981,0.8230632479603757,0.7415354677427946,0.46957321124776125
478,0.9102179145227743,0.808615542837248,0.800759586836338,0.7145832934960932,0.4819698503431687
479,0.9321416755530002,0.8142166713324326,0.8055633279146444,0.7105982843052512,0.4518674462546454
480,0.9151307948474866,0.8348484997149691,0.8283394734019892,0.7560992710254248,0.5145175117143661
481,0.8819084995047506,0.7921347846534139,0.7855426173444082,0.7115533203014398,0.49631256206877244
482,0.9382621171970016,0.8130471294268464,0.8021461873887445,0.694154186706582,0.44444885801066936
483,0.9277202664020693,0.8212006544096094,0.8124968943854413,0.7031802693555793,0.3337368544884306
484,0.9102953853069029,0.8172983885772463,0.8092133088302066,0.7176832747047321,0.4640795330425351
485,0.9213888298879981,0.8150944995426692,0.8068464098443534,0.7178537759999748,0.487787664271207
486,0.9387948874973019,0.8525925888048657,0.8448544795140112,0.7493668684651645,0.41160269296507285
487,0.8497462449967559,0.7573817031523457,0.7507541278652701,0.6723122859562475,0.37964532063423717
488,0.9312945651225025,0.7932752359775217,0.7838854796223343,0.6852707001886922,0.4394315903250051
489,0.9101784092690745,0.8042404908941299,0.796124998270155,0.706616592011541,0.45903750579032915
490,0.9307155659713637,0.8345457826403645,0.8268663178834074,0.7403691412273091,0.3812076443680831
491,0.8957138956896127,0.7875615906418998,0.7792077263088374,0.6862743093884717,0.4251534669804259
492,0.0,0.0,0.0,0.0,0.0
493,0.0,0.0,0.0,0.0,0.0
494,0.898387358728439,0.8264303057820762,0.8207244665099935,0.7567582076789225,0.559639052338723
495,0.8761223621830256,0.7984188399247664,0.7924998622286445,0.7230272692528986,0.5039898412792337
496,0.9483042580330738,0.8808930374286739,0.8742377258897311,0.796894996446962,0.5629391282155192
497,0.0,0.0,0.0,0.0,0.0
498,0.9366988855805485,0.8464946387995008,0.8392149900828274,0.7604139142699178,0.5371173416746066
499,0.0,0.0,0.0,0.0,0.0
500,0.8794361229902655,0.7767411556239613,0.7690466207728471,0.6829327315030603,0.43885024076754775
501,0.866821480745581,0.7587462163626802,0.750793699566448,0.6659278758043213,0.42905416482634073
502,0.9244056009952679,0.8401964193863585,0.833172149854577,0.753390461924016,0.49810597724453043
503,0.9349910814857795,0.8677247845560278,0.8621529812027536,0.8000348713202486,0.46473142675858836
504,0.9208314307400259,0.8000522317592722,0.790600028967185,0.68487255405543,0.3977600190657186
505,0.9297106623306426,0.8263610837297921,0.8189176648756402,0.7403881032410313,0.4969252793377918
506,0.9194946042082615,0.8152180559195811,0.8071065783414566,0.717330059077299,0.40973923231561427
507,0.8985858326668219,0.8002731543306585,0.7928376316458173,0.7119806802576065,0.49611878749489285
508,0.9244017662456255,0.80780722332912,0.7987576220429169,0.6970441922308795,0.43817341116169434
509,0.9256886298534209,0.8212444088813563,0.8129322278678832,0.7232666286814257,0.49736837430625036
510,0.9251199085552065,0.7555085266647444,0.7417504900926816,0.5841782082101425,0.26805790083885883
511,0.9322759570900215,0.8120207621030985,0.8026955493940036,0.6994487817543059,0.45521704285259906
512,0.9299773696233901,0.8307117973652229,0.8231081857378393,0.7416053895477555,0.4697182469399184
513,0.9319471282106367,0.8132514265322992,0.8045651223119323,0.7093697873037658,0.4511967278375059
514,0.9151307993267187,0.8348485129776907,0.8283394873029066,0.7560992918992417,0.5145175608767862
515,0.8800438251075281,0.7892216528635504,0.7826402753992833,0.7089392852639248,0.495286891239655
516,0.9382621250902272,0.8130471521147317,0.8021462111433212,0.6941542201234391,0.44444889536551857
517,0.9243497908213772,0.8214233614915045,0.8129650015989064,0.7072079441336697,0.3511337728389289
518,0.921247060689271,0.8287451586931388,0.8208084056911671,0.7322094019592046,0.47992885466710117
519,0.9210405442845271,0.8157108109594826,0.8074717865384822,0.7185316631490245,0.4889774977425677
520,0.938794928110796,0.8525927480506524,0.8448546484268914,0.7493671774834085,0.4116032544768832
521,0.0,0.0,0.0,0.0,0.0
522,0.9312945909895685,0.7932753012329099,0.7838855465500674,0.6852707869021791,0.4394317093739246
523,0.9101329742042795,0.8042166379444469,0.7961016254285073,0.7065953335449664,0.45897384677245145
524,0.9304521752372626,0.8344407524186506,0.8268072197704411,0.7409841916324851,0.3874716973350646
525,0.8973485091982649,0.7907762911627568,0.782427210962633,0.6892429736477956,0.4292589844832831
526,0.0,0.0,0.0,0.0,0.0
527,0.0,0.0,0.0,0.0,0.0
528,0.8979371941561711,0.8258506482158253,0.8201468924276911,0.7562188631448977,0.5592934072791039
529,0.874782889742806,0.7960754426116627,0.7901161948306471,0.7204214876424936,0.5018053081598651
530,0.9483042857846802,0.8808931737682905,0.8742378710679655,0.7968952258390234,0.5629395149891471
531,0.0,0.0,0.0,0.0,0.0
532,0.937493011919653,0.8470486934023175,0.8397428113285953,0.7605259202031518,0.5360117753831316
533,0.0,0.0,0.0,0.0,0.0
534,0.8767790411238863,0.7735360796304076,0.7659123220765186,0.6806916987669343,0.4390424023976629
535,0.8611399811955259,0.7563306509708408,0.7487082094178886,0.6662441415943984,0.434470201707506
536,0.9234030670590639,0.8389855103061518,0.8319799421619741,0.7524678861853891,0.4982406086958418
537,0.0,0.0,0.0,0.0,0.0
538,0.9208314940362098,0.8000524271171076,0.7906002322549314,0.684872849822863,0.39776042887605834
539,0.9289285680762744,0.8239361184855469,0.8162779875452766,0.7353727200511173,0.49809873817179506
540,0.920301304791615,0.8137263918589567,0.8055398486688293,0.7165377661855926,0.4218208047893019
541,0.8962093273813392,0.7984692234438886,0.7910890091937686,0.7107121070467883,0.4954914349255777
542,0.9245135789700315,0.8075425146275503,0.7984528619754968,0.6961230129181207,0.43479145723935547
543,0.9193940430381209,0.8175456097540875,0.8093512727593315,0.7209385742898349,0.49553035650272526
544,0.9251199159998427,0.7555085588277057,0.741750523311868,0.5841782515779048,0.2680579404354454
545,0.9322759789868561,0.8120208293538749,0.802695619384369,0.699448879606191,0.4552171697318335
546,0.9319471669653107,0.8132515271996462,0.80456522676741,0.7093699349030589,0.45119694940281585
547,0.9138129911172661,0.833057885740217,0.8265550386607845,0.7544206956840649,0.5136847686350013
548,0.8800439019128397,0.7892218166967332,0.7826404465229081,0.7089395377359565,0.49528731093584444
549,0.9382621370099666,0.8130471863762213,0.8021462470156463,0.6941542705869974,0.44444895177593663
550,0.9243498529143153,0.8214235576146396,0.8129652091065289,0.7072083273154857,0.3511342546462036
551,0.9212470701037613,0.8287451932560859,0.8208084419497245,0.7322094555428895,0.47992894134845615
552,0.9209207149500948,0.8160878856444539,0.8078423295353815,0.718823212192007,0.48923058193306024
553,0.9387949664787868,0.8525928984918275,0.8448548080006741,0.7493674694161616,0.41160378494358474
554,0.0,0.0,0.0,0.0,0.0
555,0.93004787641001,0.7917849198073589,0.7822551882599813,0.6824997246497426,0.4379536263129472
556,0.9081960917533655,0.8025566722914848,0.7944537429324721,0.7050810913496519,0.45844585092097256
557,0.9300532084063737,0.8342817234727768,0.8267177734310376,0.741916007294942,0.39696099721294253
558,0.8968162774808369,0.7916630274015563,0.7833531867321933,0.690272678295859,0.43281272245632507
559,0.0,0.0,0.0,0.0,0.0
560,0.0,0.0,0.0,0.0,0.0
561,0.8963011312508313,0.8235237621481684,0.8178136149467201,0.7539638317328016,0.5581715217778078
562,0.8785218163290437,0.7992932535687631,0.7932094020583119,0.7227331720076847,0.5047467000365555
563,0.9483043171051379,0.8808933276411566,0.8742380349161061,0.7968954847310263,0.5629399515023571
564,0.0,0.0,0.0,0.0,0.0
565,0.9374930439916526,0.8470487956018838,0.8397429180986244,0.7605260728983451,0.5360120242603004
566,0.0,0.0,0.0,0.0,0.0
567,0.8767228315972053,0.7734799355299459,0.7658583808957387,0.680665089659283,0.43908421157119315
568,0.8611399861119469,0.7563306623265982,0.7487082211946552,0.666244157886432,0.4344702301563876
569,0.9200426801991088,0.8356728981207069,0.8287600895734489,0.75035390167292,0.499758040722693
570,0.0,0.0,0.0,0.0,0.0
571,0.9102268369179852,0.7899257483821311,0.7807254506367933,0.676915319578163,0.4076699696676979
572,0.9277989448900278,0.8227006655875685,0.8150170376508206,0.7336271938105916,0.49690207831956995
573,0.9195193549986647,0.8132541768170432,0.8049846959108234,0.7148769865067184,0.4253447994479454
574,0.893730355498038,0.7969579680332599,0.7896638231453316,0.7100410093069993,0.4956249708678119
575,0.9249931794227454,0.8064070417147308,0.7971455911754634,0.69217165447327,0.4202848103702245
576,0.9193941337931252,0.817545915943742,0.8093515909478779,0.7209390173355384,0.49553096894636156
577,0.9254977474413186,0.7576648012066898,0.7439417397846705,0.5870371207838002,0.2695157926960817
578,0.9320783575103073,0.8115237054122757,0.8021828663730283,0.6988870397065915,0.4547547459755332
579,0.9317889091945253,0.8126213094944743,0.8039535851875667,0.7089751890279649,0.45041892785580145
580,0.8800439271085673,0.7892218704416541,0.7826405026594343,0.7089396205585559,0.49528744861578705
581,0.9382621442176886,0.8130472070937281,0.8021462687072057,0.6941543011017002,0.4444489858866363
582,0.9236241899136827,0.8209564239183597,0.8125068064559752,0.7073031306313117,0.3542821479730467
583,0.9212471109832843,0.8287453433350583,0.8208085993913715,0.7322096882136353,0.479929317735849
584,0.9208591418994744,0.8162816226744032,0.8080327101467869,0.7189730010512709,0.4893606010404822
585,0.9387949843033622,0.8525929683821242,0.8448548821336976,0.7493676050390418,0.41160403138206003
586,0.9128113164673126,0.828795758610665,0.8221241271830778,0.7469196647398535,0.4335654436409372
587,0.9300478781573455,0.791784924299941,0.7822551928681569,0.682499730553198,0.4379536343527006
588,0.9070503382990209,0.8016679073216251,0.7935775034257896,0.7043139665656972,0.4583405352108069
589,0.9301514160205316,0.8344446163795228,0.826884403574368,0.7421746243107602,0.3984892312327073
590,0.89681628667448,0.7916630539802639,0.783353214499483,0.6902727190000099,0.4328127854499474
591,0.0,0.0,0.0,0.0,0.0
592,0.0,0.0,0.0,0.0,0.0
593,0.8958949358923282,0.8225915961895377,0.8168498551312835,0.7527973583536771,0.5578186950081345
594,0.8785218785987587,0.7992933902339734,0.7932095460771496,0.7227334007881366,0.5047470967562119
595,0.942533412867978,0.8745094324788593,0.8678345609317506,0.7917184961585493,0.5624647763858289
596,0.0,0.0,0.0,0.0,0.0
597,0.9421966962164445,0.8468290257477812,0.8390947452858104,0.753714109536208,0.5169224209384178
598,0.9418608939750118,0.821541035593812,0.811295231943709,0.6954906173075263,0.44813761452789974
599,0.8611403273403712,0.7563314504815308,0.7487090385702895,0.6662452886482646,0.434472204673868
600,0.9191984057539608,0.8348406263822074,0.8279511230478602,0.7498227769908253,0.5001392850151971
601,0.0,0.0,0.0,0.0,0.0
602,0.9102268895593222,0.7899258921975072,0.7807256007911012,0.6769155380042188,0.4076702828897304
603,0.927765364239861,0.8226639459533137,0.8149795603713497,0.7335753138659109,0.49686653290821287
604,0.9193482901040696,0.8082575666945603,0.7996506353295062,0.7066550682529353,0.4256890991568596
605,0.891003212530422,0.7953964931827243,0.7882242623519861,0.7097454442602192,0.4966556346223663
606,0.9249445599198315,0.8062862667220154,0.7970108467762855,0.6918871246242179,0.4198119023045743
607,0.9193942615417264,0.8175463469430847,0.8093520388371739,0.7209396409768368,0.4955318310369433
608,0.9254977525360432,0.7576648236268108,0.7439417629501671,0.5870371510633068,0.26951582090384224
609,0.9319479265909832,0.8111956013703212,0.8018444470379635,0.6985162220422464,0.45444954152891903
610,0.9324116054183086,0.8124193988228999,0.8036705987396227,0.7080984849916346,0.44968598680334254
611,0.879513191505693,0.7882275749906951,0.7816231771724712,0.7077333708508146,0.4942590000874895
612,0.0,0.0,0.0,0.0,0.0
613,0.9221347423138099,0.8200692995193576,0.8116751448546352,0.7074094523803529,0.3568398503907378
614,0.9190859459835716,0.8269915657496819,0.8191069972395418,0.7310436620403077,0.4797526702544428
615,0.9198520860083292,0.8156437038500278,0.807394546707966,0.7181858592521256,0.4878492880072078
616,0.9327805205923504,0.8436753734116322,0.83647070048194,0.7489622749737503,0.4318638890557827
617,0.9128113214138301,0.828795773205779,0.8221241424409658,0.7469196887204954,0.4335655024369784
618,0.9283374149093002,0.7899420299587788,0.7803354376265804,0.6795490358711139,0.4360859323432273
619,0.9062595841129998,0.8010545202348434,0.7929727611770007,0.703784533575168,0.45826786158748867
620,0.9301093078657036,0.8346685672762824,0.8271297193868482,0.7426659027069511,0.40100352386568533
621,0.0,0.0,0.0,0.0,0.0
622,0.0,0.0,0.0,0.0,0.0
623,0.8958320759835978,0.8224473436360028,0.8167007140799634,0.7526168606641573,0.5577641971248409
624,0.8781631105396406,0.7986107727805634,0.7925132594533605,0.7219395889183524,0.504136345522854
625,0.9386072921157094,0.8734906827984201,0.8670954700494118,0.7934496040833717,0.5663273654976001
626,0.0,0.0,0.0,0.0,0.0
627,0.937497281810476,0.8451002096392163,0.8375289547125724,0.7529994680222923,0.5157709025700958
628,0.9432565983012827,0.8253445906149909,0.8151994548126559,0.6999852305254566,0.45169086148228094
629,0.8905566752515347,0.7928493453877541,0.784290224741943,0.6861123935797506,0.4277232827078548
630,0.9156720072090803,0.8329029095994679,0.826173696064763,0.7496754285443974,0.50477527161023
631,0.9320856707025387,0.8458854086221144,0.839123828136974,0.7717924730361265,0.5742229133059088
632,0.9335858871160179,0.8112363170596253,0.8021663169351531,0.6993716147537465,0.4314243887715346
633,0.9178967926804766,0.8078315965928768,0.7991961868802266,0.7051860066955682,0.42481324244357765
634,0.8892644873928773,0.7935016681698204,0.7863721069755547,0.7083581293221404,0.4961807448624125
635,0.9244454804895277,0.805046571771798,0.795627741905955,0.6889663359041204,0.4149571751285129
636,0.9193942752223859,0.817546393099022,0.809352086801865,0.720939707762902,0.495531923358674
637,0.9248383300922407,0.7580065256566364,0.7443667424722168,0.5885766139102229,0.27107906159183875
638,0.9319479828544495,0.8111957744734539,0.801844627102969,0.6985164735531744,0.4544498651396515
639,0.9314442746894885,0.8116246640627783,0.8028838812809765,0.7074682022532964,0.44967888761684366
640,0.8809555463234449,0.7888875666825704,0.7821736141178848,0.7072132888937255,0.4929954263973398
641,0.0,0.0,0.0,0.0,0.0
642,0.9203995999796605,0.8175532622304559,0.8091300160608025,0.7054577261549371,0.36207124388616435
643,0.9173935098384347,0.825480044812735,0.8176421860514328,0.7300688076518984,0.4797331511885019
644,0.9187930106658316,0.8145657202988378,0.8063256132387717,0.7171973461640558,0.48713130134776256
645,0.9327805266997051,0.8436753899746218,0.8364707180064597,0.7489623061347835,0.4318639503791882
646,0.9374802629625356,0.8543087778966572,0.8475291923421845,0.7714569696352013,0.48275769864513324
647,0.9292763363997888,0.792181301566305,0.7825706071811537,0.6815180284595656,0.43764923545725604
648,0.9043216630725006,0.7998810290878032,0.7918457859674594,0.703008834988225,0.4583358984368643
649,0.9299112942499107,0.8339533146004388,0.8264649062856542,0.743988283037853,0.4359065453438018
650,0.0,0.0,0.0,0.0,0.0
651,0.0,0.0,0.0,0.0,0.0
652,0.8964949493722006,0.8228456414741661,0.817064414818009,0.7526178699274195,0.5573330236865267
653,0.8781265120910047,0.7971816970126323,0.7909893296200273,0.7195588813574458,0.5019219549705535
654,0.9383075851055385,0.8752532078770447,0.869064606023572,0.7976468989865856,0.5727995049811979
655,0.9276711891701183,0.8337250232854229,0.8257763744276747,0.7370795847044062,0.5104432435439662
656,0.9340923962523224,0.8415411458259093,0.8339389524638103,0.7499431242556502,0.5194721386001687
657,0.9433136978095092,0.8255002042082298,0.8153591875711343,0.7001691277009326,0.4518362468967272
658,0.8919918777985424,0.7981790426977877,0.7898767367324003,0.6937050548851592,0.43304227760476227
659,0.9156720854542356,0.8329031347799999,0.8261739329672585,0.7496757961361512,0.5047759524965475
660,0.9320856758419328,0.8458854258299086,0.8391238458674528,0.7717924953597505,0.5742229642439455
661,0.9315876681486333,0.8095759374939957,0.8005144034329142,0.6978877816771019,0.4305094976630342
662,0.9174656313200571,0.8040962470076346,0.7951155993824957,0.6975010979757085,0.41989044472454357
663,0.888371541818716,0.7925285321897565,0.7854208823975819,0.7076456065619486,0.495936769568278
664,0.9238866845508119,0.8068356040248855,0.7974727409244208,0.6907423262528327,0.4138500179901107
665,0.0,0.0,0.0,0.0,0.0
666,0.9238988457858109,0.7584933555039588,0.7449722187183843,0.5907699066260692,0.27330623780812885
667,1.3162839237173127,0.9060884636495763,0.8214638776572444,0.7325025071940974,0.48431450120554387
668,0.9314442808245167,0.8116246802508731,0.8028838980575312,0.7074682258342524,0.4496789228774561
669,0.8809084191772764,0.78879797148656,0.7820821144644248,0.7071103849003066,0.4929047067105539
670,0.0,0.0,0.0,0.0,0.0
671,0.9187857559676834,0.8126262259333574,0.8041095167484111,0.7009714516135901,0.3666111015397182
672,0.917393551696666,0.8254801934408621,0.8176423419808599,0.7300690386197343,0.4797335269173398
673,0.918793098646245,0.814565997355622,0.8063259013883077,0.7171977463835467,0.4871318747377954
674,0.9327769170544085,0.8428976669819455,0.8357069169950259,0.7489127311216639,0.4349435449083874
675,0.9373130557404874,0.8540596156598548,0.8472733298740698,0.7711138212397325,0.48252404172584856
676,0.9292735669805926,0.7921812247566341,0.7825699839470542,0.6815095627624906,0.43764268113714466
677,0.9040345705478912,0.7999156375255941,0.7919015807644689,0.7032509037573448,0.4587605034629798
678,0.930312355583789,0.8343084852172284,0.8268295972798145,0.7444437911495478,0.4398907346813268
679,0.0,0.0,0.0,0.0,0.0
680,0.8974802866782134,0.8039449687267208,0.7963193512827701,0.7085729373172569,0.41223467495454014
681,0.8980322982234372,0.8234818282846128,0.8176033730527223,0.7521365224999071,0.5554514877974244
682,0.882610519688972,0.801070059901685,0.7947428282994627,0.7220181106000312,0.5029645283501293
683,0.9383076108322312,0.8752533281788546,0.869064733939101,0.797647102116625,0.5727998708204721
684,0.9329471891143386,0.8462823869771897,0.8387897471779168,0.7533055284364092,0.5231766151699367
685,0.9338275667789647,0.8385036910269519,0.830514705696622,0.7427533686360088,0.507888683722826
686,0.9147019368485791,0.83292100742511,0.8263048218358829,0.7519850206787966,0.5091884426741385
687,0.9477389468836739,0.863639553182458,0.8565024372665548,0.78149082808509,0.5761661388099368
688,0.9291232516364771,0.8091077683981724,0.8000738286980861,0.6982160795908263,0.43162657918627373
689,0.9169037072600571,0.8032036973220367,0.7941286755451427,0.6943544555348595,0.4166060902395871
690,0.885811367022834,0.7907457037432094,0.7837449841417123,0.706997320510094,0.49661267593509256
691,0.9238867315384952,0.8068357532765378,0.7974728968246881,0.6907425609447894,0.41385031631736796
692,0.0,0.0,0.0,0.0,0.0
693,0.9238989313835875,0.7584937278553693,0.7449726035419069,0.5907704101578862,0.2733067275640696
694,55.32730845426081,11.744563531635505,2.3064054734226405,3.1836118620503924,3.087751924190522
695,0.931588214377162,0.8116159204225272,0.802860429484396,0.7073337178143679,0.4495487807025139
696,0.9174172751124746,0.8085339183556645,0.7999105541364705,0.6966048868119431,0.3687691846740659
697,0.9173846048254349,0.8277037685240247,0.8199769763700616,0.7336769527568028,0.4852902548978099
698,0.918793138356571,0.8145661224063901,0.8063260314458411,0.7171979270243659,0.48713213353997253
699,0.932757197635123,0.8386467691614292,0.8315321141597571,0.748641775214864,0.4517761831299441
700,0.901217438625556,0.7979525792668947,0.7900265343244995,0.7022000491603615,0.45944817005147154
701,0.9307965407977791,0.8347372821810456,0.8272698885025208,0.7449937307699654,0.44470069651008326
702,0.0,0.0,0.0,0.0,0.0
703,0.8974803583424579,0.80394518972263,0.7963195830298321,0.7085733098564806,0.4122352485697835
704,0.8988400058611852,0.8241063310838603,0.8181782322959475,0.7521589166366313,0.554584429704763
705,0.8826105268157229,0.8010700764684645,0.7947428457342646,0.7220181378732747,0.5029645738659003
706,0.9383076284045396,0.8752534103495526,0.869064821310262,0.7976472408621842,0.5728001207027269
707,0.9329472018492578,0.8462824311254762,0.8387897938578813,0.7533055997895164,0.5231767150034363
708,0.9358116486564654,0.8384241063914505,0.8304849666959865,0.744006609882889,0.5086417506958967
709,0.9133168217792353,0.8321907249890724,0.8256260506905282,0.751698578088521,0.5109164515448644
710,0.9477389873264633,0.8636397070225164,0.8565025976139996,0.7814910431428858,0.5761665664393271
711,0.9291232926073807,0.8091078806439761,0.8000739456822173,0.6982162520770002,0.4316268185857091
712,0.9167070579455501,0.8026028285787227,0.7934428874401308,0.6880845245035915,0.4054045842570427
713,0.8833645207501952,0.7883745253944424,0.7814452454297532,0.7054122294565398,0.49605436546770215
714,0.9236664215316256,0.8075410918235931,0.798200300748059,0.6914427582969928,0.41341381149615797
715,0.0,0.0,0.0,0.0,0.0
716,0.923898952044038,0.7584938177286137,0.744972696425507,0.5907705316937398,0.27330684577492625
717,4139.821365173244,799.0728133834258,100.68817604129202,155.69134838975214,175.29461156513108
718,0.9315425855583777,0.8115785963739037,0.8028235010001354,0.7073042812247998,0.4495486145284541
719,0.9168958007372552,0.8101919966661196,0.8016474353991961,0.6998569396274873,0.3797711515288891
720,0.9173846060738083,0.8277037730331477,0.8199769811040681,0.7336769597747818,0.4852902664386773
721,0.9206327279972499,0.8133666512399116,0.8052245897278194,0.7167314683220772,0.4873199512656814
722,0.9327572462097308,0.8386468921120658,0.8315322429911015,0.7486419896572608,0.45177661897902194
723,0.9009487035310716,0.7980078440878562,0.7901028215826253,0.7024606696098274,0.4598801839599646
724,0.9303349054090427,0.8345184641586029,0.8270729185222706,0.7451338857330446,0.45030670691911945
725,0.0,0.0,0.0,0.0,0.0
726,0.9131258950100679,0.8171873092841399,0.8097172467775812,0.7247548228513172,0.4516437926424343
727,0.8979844745680958,0.8227919770113,0.8168520038804743,0.7507664041595302,0.5534313382198438
728,0.8851084560279652,0.801246591094648,0.7947441557331778,0.7207127832776041,0.5019784306433246
729,0.9362540897942586,0.8729495792324609,0.8667728384804885,0.7955438799704718,0.5714690197689135
730,0.9426980032279176,0.8451783835161383,0.8374660369586266,0.7484973094129629,0.491479468749488
731,0.936747971189245,0.8401858006947832,0.8323181894460804,0.7465606615550175,0.5117577322210944
732,0.911985976948348,0.8312574454255885,0.8247342538038971,0.7511721031903663,0.5121419942181681
733,0.9477390022795578,0.8636397639025059,0.8565026568999966,0.7814911226572064,0.5761667245486634
734,0.9316899412914654,0.8153317761548338,0.8062547903568689,0.704498102482617,0.4384752053902601
735,0.9183354770016159,0.8029222294642657,0.793666018975431,0.6844430846202126,0.38657177642558294
736,0.8804511691328883,0.7851644614305159,0.778314756338033,0.7032483357740444,0.49597289737505745
737,0.9236665417341396,0.8075414767439562,0.7982007030988068,0.6914433668038567,0.41341458549993626
738,0.0,0.0,0.0,0.0,0.0
739,0.9221106860973364,0.7635000033487638,0.7505498356321461,0.6029647986838641,0.292462666194684
740,8821.615901082077,1701.5368754975354,213.4569129925757,330.5012214414732,372.68433065549596
741,0.9334988508048103,0.8174480635361313,0.8088264572663919,0.7148297354303916,0.4598427916390892
742,0.9159369710843385,0.8093256666566859,0.8007607938344452,0.6988621858685111,0.3805016602669932
743,0.9192075076077812,0.8302411219370762,0.8225733232858247,0.7368482607280332,0.4895566530341608
744,0.9199921346075136,0.8126349163652608,0.8044902566546037,0.7159876416313858,0.4867589267724221
745,0.9327572537324716,0.8386469111534094,0.831532262943189,0.7486420228679157,0.45177668647889657
746,0.8999480273477579,0.797839992775918,0.7899806320380426,0.7026827924733055,0.4607177722029675
747,0.9306551275539093,0.8347049662396585,0.8272632120589094,0.7455613817474148,0.45841876178675345
748,0.0,0.0,0.0,0.0,0.0
749,0.9399924894554171,0.8448105561914734,0.8374967144096994,0.755315064670722,0.4776348057304652
750,0.8979845476476284,0.8227921642212103,0.8168522002594892,0.7507666987166665,0.5534318490405663
751,0.8851085115670274,0.8012467241298866,0.7947442954802989,0.7207129979927381,0.5019787840344048
752,0.9337046891990762,0.8694194512603475,0.863304080383643,0.7930923151462017,0.5725468685193454
753,0.9331370002695786,0.8220154649441317,0.8140375443831025,0.7227258812146441,0.46067813087918763
754,0.9119860296318456,0.8312575947823511,0.8247344107250718,0.7511723438620287,0.5121424880277294
755,0.9368395768424942,0.8347289416206045,0.8267882196511612,0.7439020404266956,0.5258918457420485
756,0.9316899564169248,0.8153318208532182,0.8062548369884727,0.7044981705886043,0.43847530023052783
757,0.9186880759809626,0.803232072091141,0.7939180996265834,0.6841875744504402,0.37692509699346605
758,0.9236665469753803,0.8075414935278006,0.7982007206426754,0.6914433933368379,0.4134146192491515
759,0.894047154321862,0.7937664534181601,0.7857305118618149,0.6973657218754139,0.470216949198976
760,0.9207023440545182,0.770661671908237,0.7583748526823197,0.6185590992950605,0.3148732970739485
761,0.9334989587942493,0.8174483606843408,0.8088267654585142,0.71483016877204,0.45984345267363413
762,0.915735696125155,0.8091438090066818,0.8005746724391206,0.6986533698590359,0.38065500678099085
763,0.9221216298759284,0.8342973687836177,0.8267238776297847,0.7419179524022993,0.4963769648076576
764,0.9199921485874247,0.8126349575846132,0.8044902995160805,0.7159877015796368,0.48675901229398116
765,0.9310999700428034,0.8336011272526707,0.8264624506176173,0.7448234653001953,0.45817996679939793
766,0.8999480576619061,0.7978400751229546,0.78998071792455,0.7026829178865159,0.4607179610143541
767,0.930498844715215,0.8342503463534254,0.826779868668253,0.7448435558130667,0.4603514603645035
768,0.0,0.0,0.0,0.0,0.0
769,0.9399924930265935,0.8448105667494908,0.8374967254313513,0.75531508172355,0.4776348390275519
770,0.8979916003264872,0.8227615514304762,0.8168183732221135,0.7507095887359266,0.5533592444049688
771,0.8851085689383312,0.8012468615538867,0.7947444398376062,0.7207132197912506,0.5019791490839175
772,0.9336230572902922,0.8693064159604391,0.8631930101038486,0.7930138149545202,0.572581379146694
773,0.9323725329447966,0.8209373110676816,0.812948714421278,0.7216904911416623,0.459903944766413
774,0.913416067386738,0.832281864391195,0.8256202889598792,0.750483418537139,0.5134156537744287
775,0.943157919119664,0.8353057193183896,0.826550878829412,0.7298972644822116,0.4929865911668835
776,0.9316900191352069,0.8153320061967854,0.8062550303482141,0.7044984529927695,0.4384756934896225
777,0.9188534990927969,0.803683302147924,0.7944173698366418,0.6855325087901887,0.37512042837562354
778,0.9236665851834517,0.8075416158802126,0.7982008485355863,0.691443586759438,0.41341486527745197
779,0.8923884811046531,0.7915684089449245,0.783554865334815,0.6955601407758979,0.4693159397310778
780,0.9205713288578471,0.7705735113880703,0.7582942355266205,0.6185694395814955,0.31502181946478125
781,0.9338830169279788,0.8186006685867827,0.8100052801256657,0.7163075822158081,0.4618644261465216
782,0.9150446753798231,0.808460441218158,0.7999081811353093,0.6982265980137711,0.3809767924498553
783,0.9221216352929498,0.8342973883565414,0.8267238981968621,0.7419179831136529,0.4963770158847826
784,0.922157954305954,0.8141122417979686,0.8059402891321958,0.7172917899229336,0.48715157955163346
785,0.9302713962428737,0.8325325212390863,0.8253860293421462,0.7438467065108797,0.45850246566737335
786,0.8999482065307638,0.7978404795185429,0.7899811397020563,0.7026835337747303,0.4607188882444384
787,0.9304620495888932,0.8341433107864442,0.8266660696117927,0.7446745492325507,0.4608068068867932
788,0.0,0.0,0.0,0.0,0.0
789,0.8851086086523489,0.8012469566825717,0.7947445397657193,0.7207133733263209,0.501979401781383
790,0.9311665658252718,0.867486834672435,0.8614590339766642,0.792305542187225,0.5749141615271804
791,0.9323725617816252,0.82093737622175,0.8129487826294015,0.7216905969496656,0.4599040867840377
792,0.9131914637679129,0.8319941368824434,0.825332527372535,0.7502190477211348,0.513325652480838
793,0.9300791352683665,0.8109984355334203,0.8019164691010793,0.6991760799169984,0.43321690602447777
794,0.9188535345630214,0.8036834166173007,0.7944174894830585,0.6855327022609932,0.3751207062618935
795,0.9222976917783906,0.8089777188970253,0.7998113535054467,0.6948833093033748,0.4181134045815199
796,0.9190626544492823,0.7758291768302761,0.7640057383347817,0.629152037975713,0.3290051123318697
797,0.93299594372145,0.8186313718339078,0.8100595095177757,0.7165809365309328,0.46278736073876425
798,0.9150447267125406,0.8084605988463701,0.799908346751839,0.6982268743592619,0.3809771686782795
799,0.9217069756924144,0.8362375718606841,0.8288114386444662,0.7449664286267009,0.499390248196263
800,0.9218742300078969,0.8141673496999391,0.8059646435406479,0.7171215377860319,0.4867757668860829
801,0.9287103119380835,0.8305352181624642,0.8232661314101535,0.7410201187209318,0.46302969446315484
802,0.8998095758902654,0.7978719970202479,0.789993673452804,0.702411118011814,0.4608080753765451
803,0.9520143506771465,0.8361139673279749,0.826217958628889,0.7102662383049229,0.4468623297200188
804,0.9288425020218037,0.86538664356917,0.8594186457671554,0.7909193047931039,0.5754332049475369
805,0.9308026769634763,0.8174576856434762,0.8093777904056171,0.7181193854175867,0.4575284191672176
806,0.913191518274547,0.831994296909699,0.825332695609787,0.7502193041931202,0.5133261583292082
807,0.9307949769426104,0.8121575347543708,0.8031045916975421,0.7006503854791789,0.43455597837071747
808,0.9188535582273589,0.8036834929867699,0.7944175693064461,0.6855328313371105,0.37512089165676343
809,0.9222977697681285,0.8089779698109595,0.7998116159823667,0.694883707613561,0.41811392467831565
810,0.9185232861299346,0.7755590525993413,0.7637634470630811,0.6294071737641515,0.3286444185461816
811,0.9329959745979072,0.8186314582040307,0.8100595991408263,0.7165810626643161,0.4627875538933945
812,0.9150384594645266,0.8084616778537967,0.7999093962147841,0.698227944176989,0.38100561529875754
813,0.9187499742458057,0.834609282691613,0.8272806719028929,0.7441034940963926,0.4995806639017286
814,0.9218742499068459,0.8141674094981871,0.8059647056598299,0.7171216243204255,0.4867758903622806
815,0.9285411730143964,0.8305476107600508,0.8232723140823834,0.7409841932793785,0.46390061515307707
816,0.8995182531548098,0.7978224418535409,0.7899577310005961,0.7024796110053649,0.46105226036134905
817,0.9459793898834026,0.8355632517316084,0.8264448631497462,0.7236433312471483,0.4782925392120799
818,0.9274452554342786,0.8646034018711927,0.8587225405384239,0.7910457789531604,0.5776107374976516
819,0.9308027262218364,0.8174577987897421,0.8093779085169541,0.7181195649039501,0.45752866356270433
820,0.9131915728936219,0.8319944572670243,0.8253328641940489,0.7502195611941589,0.5133266652210996
821,0.9199904376504785,0.8041684155406693,0.7949784894730251,0.6873419944621022,0.3788620804752476
822,0.9215457451575191,0.8059197130848259,0.7966263789434584,0.6910894596848982,0.4183413039723753
823,0.9185233042415106,0.7755591277912812,0.7637635250297997,0.6294072788757838,0.3286445387266784
824,0.9344663994766473,0.8213456817920165,0.8128466562903426,0.7203998735050573,0.47024168783462156
825,0.9144358899610594,0.8085654250353507,0.8000103031680904,0.6983308111245294,0.3837406534036327
826,0.9175396895939381,0.8333715334109897,0.8260709989953433,0.7432269571754412,0.4993708984277375
827,0.9218742579019447,0.814167433524227,0.8059647306183864,0.717121659088649,0.4867759399731709
828,0.9284808045998367,0.8305520942377183,0.8232745828237085,0.7409714618859988,0.46421177041180056
829,0.8929432242425667,0.7934577164206634,0.7859430347734455,0.702745129892653,0.47309502997908
830,0.9450412474152982,0.8348155343977939,0.825735111161924,0.7234853542924141,0.47914251704374017
831,0.927688119195496,0.8613388082495128,0.8553384795153245,0.7872553146731985,0.5774131238375668
832,0.9308027658596956,0.81745788983776,0.80937800356033,0.7181197093353822,0.4575288602262089
833,0.9132926045145581,0.831330106848264,0.8246090309045552,0.7492231860412208,0.5131592872023657
834,0.9199904448022523,0.8041684377121169,0.7949785126449217,0.6873420317171222,0.37886213461338913
835,0.9205250407975913,0.8051169241874688,0.7958533592143126,0.6905991912642682,0.41832241300781764
836,0.9186111524822532,0.7760410200096223,0.7642830062258604,0.6303728999444549,0.33003864692083923
837,0.9344664391907557,0.821345795245802,0.8128467739488391,0.7204000389895012,0.47024194103931705
838,0.914324933354012,0.8074004072884623,0.7986884050672949,0.6954405416417253,0.38289204572987934
839,0.9172356916512033,0.8346886620329118,0.8275274132922726,0.7462852929751453,0.5048445281540493
840,0.9252225476971988,0.8151366150660442,0.8067513799915473,0.7171447220641325,0.4866251547224597
841,0.8898980694022244,0.7897071716519021,0.7821724266955783,0.6985999221238998,0.4667099911597094
842,0.9471544279170618,0.8382138352816332,0.8291290541069702,0.7268362639380055,0.4786639143915605
843,0.9287362656236126,0.8612224042789443,0.8551500033005243,0.7864962742771813,0.5772593477277697
844,0.9317138616206317,0.8071848389101162,0.7984771003277357,0.7059020550103231,0.4519157702855105
845,0.9099492495059781,0.8276332227153536,0.8209269513192009,0.7458072007689855,0.5148266301539565
846,0.9217590097965034,0.8045676708201155,0.7953898685299209,0.689136743522021,0.3876706315727082
847,0.9201538748508016,0.8034004792588996,0.7940617456608262,0.6884384386755603,0.4184551056142315
848,0.9186243638709386,0.7761134858801017,0.7643611239751658,0.630518098042128,0.33024826882618136
849,0.9344664734862105,0.8213458932198081,0.8128468755538618,0.7204001818950478,0.4702421596965123
850,0.9136485177231727,0.8082861123786846,0.7996561530971822,0.6972278624489777,0.3865118532265398
851,0.9169258914584757,0.8343062244913413,0.8271467943659182,0.745942076050273,0.5047019986948321
852,0.9251734450858826,0.8150836690386453,0.8066989819727194,0.7170979408796196,0.48658503660929947
853,0.8896440644552376,0.7894921329850844,0.7819669103323779,0.6984877187323888,0.46673779208145855
854,0.9471544823829068,0.8382140221262246,0.8291292507096935,0.7268365469181242,0.47866428078770823
855,0.9276506777064243,0.8599010702441817,0.8537995626038183,0.7847999210076869,0.5752215610794223
856,0.9307527801440989,0.8057000336516219,0.7968528787658075,0.7030028018644036,0.45075314249905507
857,0.9094136448267822,0.8269028488174558,0.8201895731483339,0.7450022972731906,0.5142138902986537
858,0.9217590492295528,0.8045677895798182,0.7953899924835597,0.6891369384119308,0.3876709156590303
859,0.9201539667573093,0.8034007689361586,0.7940620479808382,0.6884388864769254,0.4184556700989136
860,0.9344665395771786,0.8213460820261818,0.8128470713575981,0.7204004572893394,0.470242581072545
861,0.9123354210256124,0.807882158699633,0.799284550010821,0.6973441222761408,0.38970975164523
862,0.9163111058699323,0.8339053858491945,0.8267884225647549,0.7462080590171104,0.5073111851991368
863,0.9250676909126929,0.8149393093552387,0.8065528839478115,0.7169394093059738,0.48632416047205945
864,0.8896441500584473,0.7894923458380091,0.7819671322391584,0.698488041151514,0.46673828570179193
865,0.9471544871639535,0.8382140385275625,0.8291292679676064,0.7268365717583015,0.4786643129501986
866,0.9277926280676932,0.8583981652146235,0.8521850945388021,0.7819809399119764,0.5718014289259988
867,0.9319567349567462,0.8068157330946855,0.7978280995710197,0.7022983671555397,0.4508882283788792
868,0.908788017194953,0.8261115113137031,0.819397489335541,0.7441980474636367,0.5135566123673279
869,0.9217590757601379,0.8045678694814463,0.795390075879673,0.689137069534027,0.3876711067926174
870,0.919926960824816,0.8032377727649556,0.7939066107887827,0.6883514803197366,0.4184499292903356
871,0.9353565963625374,0.8230046501559234,0.8145363165776716,0.7227543493048117,0.47464143872015124
872,0.9105983738541614,0.8064569282186753,0.7979334825202455,0.6969418633806553,0.3918296422955694
873,0.919187300707876,0.8371864555408042,0.8301097726292681,0.7502521398465579,0.5148625320026983
874,0.9247419969160959,0.814494719535591,0.8061029404429837,0.7164511730229527,0.48552073110252103
875,0.8898038922607191,0.7900688034785364,0.7825538587282719,0.6990307018526735,0.46725037208890347
876,0.9471544907120983,0.8382140506994422,0.8291292807751738,0.7268365901928746,0.47866433681885995
877,0.9278331855852655,0.8579687623837147,0.8517238164426881,0.7811755139766965,0.5708242448914953
878,0.9319249732122533,0.8067074613986451,0.7977128665580208,0.7021084440869946,0.4507622018836389
879,0.9082356893537428,0.8253895841032929,0.8186746101441926,0.7434667656654174,0.5129692488036818
880,0.9213067220857354,0.8043561469297198,0.7951814008611535,0.6890513544985527,0.38846179541276754
881,0.9199269755545724,0.8032378191501586,0.7939066591996673,0.6883515520471739,0.4184500197008858
882,0.9343497237364058,0.8226799856544019,0.8142566471391098,0.722956739987729,0.4757535349041612
883,0.9105983916793324,0.8064569841001439,0.7979335413141339,0.6969419600301578,0.3918297744597203
884,0.9191873029594556,0.8371864634183427,0.8301097809204705,0.7502521524704915,0.5148625531837479
885,0.9232015856095341,0.8134114262714679,0.8050515672622788,0.7156276810210999,0.48496353811053805
886,0.8892474817582476,0.7895938184325959,0.7820995883577683,0.6987807159356174,0.4673065708229226
887,0.9451837536034863,0.8369061519994293,0.8279769282938484,0.7268891613507855,0.4747022740518883
888,0.9291126934506301,0.855001114297424,0.8485580489822704,0.7750379305653617,0.5609634620261054
889,0.9305643392678838,0.799732021401251,0.7904240783842545,0.6919517461336894,0.4442564931596598
890,0.9081440769599567,0.8252626347030876,0.8185473376346268,0.7433383998850136,0.5128754895725153
891,0.9219048853862254,0.805698859149607,0.7965624501465998,0.6910674487141012,0.391582271026237
892,0.9204248515714657,0.803328232928836,0.7940263393535083,0.6890024782183066,0.4201203740909049
893,0.9343953469697808,0.8245245527732605,0.816149438760657,0.7251432558592857,0.47964705576866706
894,0.9177104057024559,0.8359284506795803,0.8288897243134786,0.7493693141703298,0.514740067810545
895,0.9232016414480847,0.8134115986887831,0.8050517458019625,0.7156279247615414,0.4849638883802765
896,0.8903126263445021,0.7898851380844532,0.7822761402407398,0.697583664413852,0.4624528755018731
897,0.9463716220164754,0.8379916032875022,0.8290522784931678,0.7284359922492266,0.472043220089005
898,0.929112718601045,0.8550012043315877,0.8485581440403221,0.7750380767884162,0.5609637006064404
899,0.9327406624566377,0.7990791171648594,0.7895866164927763,0.6895600686836386,0.4431960932286142
900,0.9081440874584729,0.8252626646821619,0.8185473690854242,0.7433384471702306,0.5128755781651517
901,0.9219049448404733,0.805699038552678,0.7965626374672247,0.6910677415696304,0.3915826995100433
902,0.920263833232701,0.8032030571897332,0.7939088004615251,0.6889820838882442,0.42028495414173916
903,0.9343954010587073,0.8245247135752037,0.8161496056425993,0.7251434901222742,0.4796474143730329
904,0.9182629025799682,0.8366795507635079,0.8296289076322287,0.7499350980698626,0.5153389839546749
905,0.922955432722118,0.8132490348149949,0.8048964507257282,0.7155250910797739,0.48489143237847
906,0.8909622136125315,0.7901333940336722,0.7824970148300642,0.6977373742264926,0.46289757250490304
907,0.9463716462855549,0.8379916861776803,0.8290523654772705,0.7284361196349655,0.47204339059533756
908,0.9291127324099985,0.8550012537652719,0.8485581962323966,0.7750381570728885,0.5609638316001421
909,0.9331680187211221,0.7997016173055312,0.7901903586805585,0.6900608186684892,0.44379772017099517
910,0.9082358594300957,0.8248642109858044,0.8181200752625325,0.7427297541886008,0.5123585537516037
911,0.922460035203801,0.8069137888596134,0.7978455609034473,0.6932082815019815,0.39471852743390495
912,0.9202585232439803,0.8031989395476254,0.793904935478236,0.6889814320890597,0.4202904131945603
913,0.9344474608831274,0.8248794152296338,0.8165144765784763,0.7255877960412112,0.4801436440118985
914,0.9190882277891851,0.837812112615208,0.8307437536937253,0.7507891343818449,0.5162544665137514
915,0.9233278666163512,0.8139423711706566,0.8056242398768798,0.7164676701475046,0.48569431101070304
916,0.9469296268679825,0.837578661324042,0.8285101219445558,0.7261562932241283,0.4671929126734768
917,0.929112768112082,0.85500138157263,0.8485583311713863,0.775038364642892,0.5609641702755187
918,0.9331680533499097,0.799701713430532,0.7901904574587182,0.690060946873335,0.44379789250237667
919,0.8974859758005908,0.8031953647158984,0.7958927997425086,0.7146499226617341,0.4815041528745289
920,0.9224600661333995,0.8069138799959498,0.7978456561010784,0.6932084302611282,0.3947187463783965
921,0.9344474953219981,0.8248795180478459,0.816514583294933,0.7255879459718536,0.4801438736033786
922,0.9190882285401659,0.8378121152734254,0.8307437564933262,0.7507891386572569,0.5162544735873295
923,0.9204561253838469,0.8127756316217783,0.8045587460980586,0.7160550653614389,0.48487870793183135
924,0.9469296410543699,0.8375787113051836,0.8285101743996724,0.7261563703849063,0.4671930135624643
925,0.9291127759305925,0.8550014095615629,0.8485583607220977,0.7750384100992995,0.5609642444431104
926,0.9331680968280701,0.7997018341202908,0.7901905814796537,0.6900611078409588,0.4437981088731676
927,0.8974860008972099,0.8031954313864789,0.7958928693777166,0.7146500249125984,0.4815043216413879
928,0.9233798373849705,0.8080075362307753,0.7990055894342353,0.6953449912711084,0.3988128229524154
929,0.9344475012803709,0.8248795358367355,0.8165146017582697,0.7255879719118078,0.48014391332569717
930,0.9190882397812064,0.8378121550629019,0.8307437983991025,0.7507892026536914,0.516254579468076
931,0.9204561989767135,0.8127758433182486,0.8045589657067737,0.7160553689808778,0.48487914857377357
932,0.9464638794519583,0.8371429782756711,0.8280805456510713,0.7254570361682232,0.46497011734346205
933,0.9309274424864507,0.8528789519230612,0.8464337999126488,0.7740776699856333,0.5628139862508951
934,0.9335435905593555,0.7998241330443553,0.7903163395680041,0.6905508990673086,0.4461275396074373
935,0.897412124016097,0.8030419905140264,0.795730408134568,0.7144424223339287,0.48144158436114615
936,0.9236468022072836,0.8079496042003416,0.7989669857411359,0.6957782615894503,0.40045139944953323
937,0.9341997811374505,0.8248111483839703,0.816467417322476,0.7257471121823871,0.4806700302156538
938,0.9184794397935704,0.8382209278082513,0.8311915175999541,0.7513375970832396,0.5163153063008727
939,0.9209565007198769,0.8133957807741533,0.805197841305152,0.7168107124246043,0.48555722638763654
940,0.9452702092670315,0.8360656159446334,0.8270313639695924,0.7247199648413065,0.4644508998586345
941,0.9299652737467708,0.8519196157994537,0.845455397463115,0.773105679713755,0.5624140295951565
942,0.933543608540998,0.7998241824873333,0.7903163903443998,0.6905509645671176,0.4461276275883644
943,0.8974121448573369,0.8030420459985224,0.7957304660786545,0.7144425073091708,0.4814417245052799
944,0.9251479592874225,0.8107081920376519,0.801810940928826,0.6999980356454248,0.4081361652398268
945,0.9181052142680611,0.8378736080495633,0.8308528645950843,0.751081936674478,0.5160890192009537
946,0.9207001451916074,0.8130970198202879,0.8049013722167476,0.7165488746562558,0.4853646003241563
947,0.9453661163237926,0.8366015327961221,0.8276104499220864,0.7258299371555162,0.46609693577915207
948,0.929965304499854,0.8519197169938281,0.8454555037059038,0.7731058393283147,0.5624142930582764
949,0.9348351765879349,0.8029387518687542,0.7934936408991884,0.6941589646769564,0.4519970286825829
950,0.8974121842129587,0.8030421507728336,0.7957305754975427,0.7144426677724366,0.4814419891469685
951,0.9251479632003416,0.8107082034304011,0.8018109528160119,0.6999980539882643,0.4081361928809242
952,0.9172809955169642,0.8371086392860589,0.8301069833307823,0.7505188362828834,0.515590599878268
953,0.9214291861885797,0.8116613929787893,0.80347320650898,0.7153188496692053,0.4841946323011749
954,0.9453661244946682,0.8366015616918245,0.82761048023405,0.7258299821701595,0.46609699401128346
955,0.9299653363626372,0.8519198218397415,0.8454556137824037,0.7731060047025038,0.562414566028449
956,0.9354566356654,0.8049817262701398,0.7955676652428421,0.6961911641991484,0.4535784882385696
957,0.8974122160085537,0.8030422354204905,0.7957306638975769,0.7144427974114729,0.4814422029522955
958,0.9251480265780331,0.8107083879592131,0.8018111453532378,0.6999983510879705,0.40813664058525045
959,0.9172810049146629,0.8371086723776368,0.8301070182175531,0.7505188900094996,0.5155906888440945
960,0.9211711218022092,0.8108580062954832,0.8026713667514712,0.7147326933024387,0.48416186506485964
961,0.9453661405476795,0.83660161846213,0.8276105397868312,0.7258300706087555,0.4660971084178025
962,0.9299653412459621,0.8519198379085404,0.845455630652848,0.7731060300479329,0.5624146078641582
963,0.9354566618583983,0.8049817994632327,0.7955677405726858,0.6961912627019599,0.45357861909938635
964,0.8974122488092758,0.8030423227440321,0.7957307550921175,0.7144429311486753,0.48144242351651473
965,0.9251480535405738,0.8107084664626433,0.8018112272636597,0.6999984774820334,0.40813683105056264
966,0.9220384194188355,0.8356041393850377,0.8285441494884309,0.7490969786796049,0.5115926416813468
967,0.9211711325069395,0.8108580350550272,0.8026713965451052,0.7147327342960115,0.48416192526143725
968,0.9423937451851582,0.8378377990772667,0.829234202914573,0.7329800260401574,0.4818454006933056
969,0.9289290752101269,0.846407330535261,0.8398888948680655,0.7673984236607673,0.5565818527116283
970,0.9354587405498086,0.8065360378680726,0.797158855148189,0.6977831211681823,0.45473315082097765
971,0.8982886818571135,0.8026935254514657,0.7953574727276503,0.7138908333189213,0.4811699299886242
972,0.9261170691464903,0.812215589637043,0.8033637421657228,0.7023605280095956,0.41143829424268463
973,0.9213583790185113,0.8342386031654538,0.8271142373142598,0.746979786685844,0.5097726245152067
974,0.9214381987238313,0.8097734919694248,0.8015234910044904,0.7132744554816677,0.48341098976039115
975,0.9423937688052827,0.837837881406032,0.8292342891317398,0.7329801524847509,0.48184557408444845
976,0.9289291016859536,0.846407409982212,0.8398889780463169,0.767398547513688,0.5565820572984298
977,0.936246864328386,0.8092509818356693,0.799936348960237,0.7009988579529508,0.45774398537077876
978,0.898288696823025,0.8026935646177146,0.7953575136103088,0.7138908931127608,0.4811700282450104
979,0.9257681668418699,0.8120562326850285,0.8032147662584129,0.7024015357923403,0.4121364757358879
980,0.9213583903722649,0.8342386408162992,0.8271142767881637,0.7469798467568617,0.5097727241954625
981,0.9220957304193292,0.8096435233175776,0.801349852024045,0.712731574274365,0.4833308089932974
982,0.9423937711023523,0.8378378894125484,0.8292342975164053,0.7329801647815555,0.48184559094683055
983,0.9362468834167369,0.8092510366300986,0.799936405460545,0.7009989329517662,0.4577440836242921
984,0.8988112343881727,0.8025119376795422,0.7951403300500356,0.7134021560043681,0.48078286182243496
985,0.9266413983924147,0.8137817417749601,0.8049910444203899,0.70495634927103,0.4169228303913586
986,0.9236303169599517,0.8344035327891131,0.8272057896696754,0.746460588761033,0.5078442877859328
987,0.9220957707370033,0.8096436321015777,0.8013499645841126,0.712731727368935,0.4833310322928746
988,0.9416768878748282,0.8374781981445825,0.8289857961308781,0.7337247193923057,0.48249038333229666
989,0.9376134874656743,0.8118631691199589,0.8025702483757994,0.7040754246502523,0.4612389763862571
990,0.8987338115958622,0.8024001600379845,0.795027827200801,0.7132902607226318,0.4807150144652951
991,0.9266414162409189,0.8137817950116616,0.8049910999388405,0.7049564342870881,0.41692296038362353
992,0.923630329938299,0.8344035751796479,0.8272058340592404,0.7464606559224337,0.5078443996448163
993,0.9220958045144938,0.8096437232390573,0.8013500588851221,0.712731855629105,0.4833312193697105
994,0.9409800764601783,0.8369208435739721,0.8284397106567093,0.7332603229426505,0.48164466373737685
995,0.9382818335911601,0.8151842890159656,0.8059974051934732,0.7082936769513712,0.4649703721010931
996,0.8987876046962765,0.8023529899915954,0.7949673328707212,0.7131041606243749,0.4806239773845967
997,0.928087158087454,0.8149657044827237,0.8062293744884126,0.706990288737542,0.42073676020415485
998,0.923630368576543,0.8344037013818635,0.8272059662128357,0.7464608558708097,0.5078447326636671
999,0.9220494975418904,0.8096175420125523,0.8013243046577085,0.7127065346834405,0.483309643006211
1000,0.9407265460559762,0.8381057933187639,0.8297418394602122,0.735877456075885,0.4817054713388075
1001,0.938757401538849,0.8169703783247712,0.8078526314239738,0.7106898358552712,0.4670569605556915
1002,0.9000830520593652,0.8030849856961384,0.7956487665286911,0.7133047004712156,0.48070277774610815
1003,0.9280871879703778,0.8149657920979306,0.8062294658493242,0.7069904282542926,0.4207369744825399
1004,0.9236303744827269,0.8344037206729454,0.8272059864136365,0.7464608864346197,0.5078447835684351
1005,0.9220495868870026,0.8096177831432518,0.8013245541616703,0.7127068740628617,0.4833101379690207
1006,0.9409518486921724,0.8389965858851641,0.8306844473646761,0.7374066077031269,0.4824079479120884
1007,0.9387749586138797,0.8170363134540094,0.8079211187238101,0.7107782929319417,0.4671339990019955
1008,0.8998500864558405,0.8028302720982284,0.7953902337249816,0.7130028308997481,0.480406038614414
1009,0.9280068367560541,0.8149039268775258,0.8061693043623263,0.7069499592564781,0.4207310007389047
1010,0.924042366823365,0.8302537449105579,0.8230604485242601,0.742674821659893,0.5051970188997355
1011,0.9211969565739593,0.8090846151080479,0.8007995099684233,0.7122038142450061,0.48290654863670923
1012,0.9409518677155527,0.8389966482999945,0.8306845127571577,0.7374067046808889,0.4824080895396555
1013,0.9000975466594129,0.802910568450259,0.7954476256411558,0.7128049889729656,0.4799189895279257
1014,0.9280068403822931,0.8149039375072931,0.8061693154465602,0.7069499761831036,0.4207310267391457
1015,0.9236311356661628,0.8276833098957618,0.8203413381584094,0.73865090287128,0.500794053190992
1016,0.9211970017765888,0.8090847375342626,0.8007996366711861,0.7122039867856935,0.4829067999147296
1017,0.9409538823939569,0.8390406283010042,0.8307307353632398,0.7374698641135119,0.48235068826933764
1018,0.9000190299623826,0.8028114288633058,0.7953489482059873,0.7127127111612013,0.4798561729844387
1019,0.927930218971433,0.8151451253018897,0.8064271130012263,0.7074455106487417,0.421663712041971
1020,0.9236311441389182,0.8276833351497407,0.8203413645000428,0.7386509420142924,0.5007941173234373
1021,0.9222375336130157,0.8098445699939597,0.8015742799232544,0.7129799693210509,0.48351465406065625
1022,0.940977057822148,0.8395476379434971,0.8312635988230163,0.7381979554296596,0.4816882664583458
1023,0.8998639813186486,0.8026250793483048,0.7951636000394435,0.71253857724735,0.47973835434666107
1024,0.9278715519254185,0.8160068226862323,0.80733056019285,0.708879817084221,0.42450804564800043
1025,0.9234082850662101,0.8273985141724495,0.820028757397005,0.7378926698023025,0.49909095056738184
1026,0.9222375504293447,0.8098446140101764,0.8015743255078135,0.7129800315523077,0.48351474455494775
1027,0.9409770735380778,0.8395476897854673,0.8312636531498406,0.738198036287249,0.4816883854917435
1028,0.9004191360922035,0.8026967090512999,0.7952035152981553,0.712321847662491,0.47969803065139044
1029,0.9286320408714412,0.8175410715256234,0.8089240585784163,0.7112963377957124,0.4292839694350745
1030,0.9233884576865999,0.8273731745795423,0.8200009457233057,0.7378252079800453,0.49893942281055725
1031,0.9222376381274923,0.8098448435574421,0.8015745632340934,0.7129803560921955,0.48351521648857926
1032,0.9410294279113792,0.8395247553738905,0.8312760594304657,0.7386778391190135,0.4824965247433901
1033,0.9004191364269876,0.8026967099403328,0.7952035162253384,0.712321849005484,0.4796980328084571
1034,0.9286320702248774,0.8175411577724325,0.8089241485374588,0.7112964746744918,0.4292841812807271
1035,0.9233884840582504,0.8273732537367647,0.8200010283203905,0.7378253310664029,0.4989396230061069
1036,0.9222376486422589,0.8098448710795296,0.8015745917368227,0.7129803950036391,0.4835152730721326
1037,0.9410677249184309,0.839507962897821,0.8312851207043364,0.7390288296210583,0.4830877083742797
1038,0.9006515600744632,0.8026054301262432,0.7950965942900307,0.7120985056776429,0.47952436340261595
1039,0.9293960976083443,0.8187331186417708,0.8101631765162899,0.7132430674069675,0.43276295169220746
1040,0.9235641535992947,0.8246884725051168,0.8171509518541178,0.7334459811603947,0.4941823480905519
1041,0.922617548082663,0.8088482549156715,0.8005531045512639,0.7116939082766128,0.48298587276701477
1042,0.94097863894556,0.8395443305617448,0.8313265140823313,0.739142843033407,0.4833291328765536
1043,0.8988251645046598,0.8013281779296961,0.7938927025338894,0.7116371544612564,0.480762319577951
1044,0.9293961114876543,0.8187331588278361,0.8101632184310178,0.713243131042677,0.43276305061609055
1045,0.9235641784618092,0.8246885431171873,0.8171510256251395,0.7334460890653756,0.494182521870093
1046,0.9226176137633887,0.8088484235433332,0.8005532790966239,0.7116941463006886,0.4829862157077548
1047,0.9408211485702623,0.8393908470998784,0.8311753945023453,0.739025391837643,0.48318194148552823
1048,0.8988252389466489,0.8013283719975198,0.7938929049132786,0.7116374474946484,0.48076279018290924
1049,0.9301263635481766,0.8200557112107759,0.8115116013739652,0.7149763189627018,0.4350245504265882
1050,0.9231269105337592,0.8240630436498099,0.8165253642756363,0.7328660670575625,0.4938491722889175
1051,0.922559198606844,0.8079967464878652,0.7995944429497542,0.7099527588581827,0.48123979754499824
1052,0.9404790641302709,0.8395372865923562,0.831341344235152,0.7394732244238298,0.4841269502693926
1053,0.8988252880763214,0.8013285000769534,0.7938930384781206,0.7116376408886659,0.48076310076939965
1054,0.9301263934792333,0.8200557984497638,0.8115116923689888,0.7149764569405253,0.4350247656790416
1055,0.9230118833102272,0.8228113319017734,0.8152218988745138,0.7312094028780716,0.49229154159378036
1056,0.9224930877645372,0.8073839787627076,0.7989830505243666,0.7093331895807606,0.4808604198689443
1057,0.9406205524087764,0.8400969426316561,0.8319140380820897,0.7401647615717336,0.48491256014823386
1058,0.8986944357650141,0.8011740576503769,0.7937389622123648,0.7114971375723708,0.4806921718930304
1059,0.9309000284994292,0.8207930864063486,0.8122904185821008,0.7162645994753813,0.4372426562665023
1060,0.923009506495719,0.8227854351579942,0.8151949314236331,0.7311751302494783,0.4922593292069099
1061,0.9220241355061195,0.8048789964512207,0.7963958439745803,0.7060595847908868,0.47794680656217475
1062,0.9407657353222757,0.840671235603852,0.8325017073428586,0.7408743518362565,0.48571861995260673
1063,0.8986944858912095,0.8011741882430896,0.7937390983930362,0.7114973347093855,0.4806924884720748
1064,0.9309000565970373,0.8207931664622097,0.8122905020906931,0.716264726020643,0.4372428542406827
1065,0.9219390794486249,0.8046120849484931,0.7961135837579458,0.7056147858998271,0.47746449979903965
1066,0.9407657725412452,0.840671355655778,0.8325018331760342,0.7408745390058432,0.4857189027331615
1067,0.8999018748561313,0.8014610467183594,0.7939911255311678,0.711521773655301,0.48094904615044004
1068,0.9312882972911972,0.8213349587897129,0.8128541759406451,0.7171548639681716,0.43897720415294794
1069,0.9216618614888736,0.8037421565025107,0.7951936301352998,0.7041650792916858,0.47589254633964645
1070,0.9407657876980403,0.8406714045448973,0.8325018844194703,0.7408746152275025,0.4857190178907932
1071,0.8999018913935513,0.8014610899931737,0.7939911706307314,0.7115218387128533,0.48094915022208323
1072,0.9312883006627398,0.8213349683982271,0.8128541859627425,0.7171548791384507,0.43897722793471305
1073,0.922012061988711,0.8030927545721692,0.7944282169027396,0.7016491859478254,0.47128026351535934
1074,0.9405067449366669,0.8401943694337971,0.8320412683919436,0.7407787056355036,0.48585634532126687
1075,0.9000728145207006,0.8014174436833587,0.793939158734836,0.7114480012827451,0.4810342709214387
1076,0.9313639138498826,0.8214095119814301,0.8129335118042855,0.7174464933256761,0.44049343063213486
1077,0.9221094169862231,0.8031188111186159,0.7944265959385107,0.7013201436385184,0.4702930790120901
1078,0.9403217548829119,0.8403288948251098,0.8321999259661287,0.7411665772986772,0.4864341431230442
1079,0.9000756102888253,0.8014167360782083,0.7939383146431256,0.7114468031138581,0.48103567593875113
1080,0.9314041731078047,0.821449199504701,0.8129757455020842,0.7176017585844772,0.4413007282466787
1081,0.9221094664034665,0.8031189402151626,0.7944267295066695,0.7013203236674634,0.4702933241204301
1082,0.9403217913800501,0.840329012114389,0.8322000488367588,0.7411667599075721,0.48643442188941316
1083,0.901001706160748,0.8021882600793878,0.7946894338125163,0.7120586980502324,0.481706571987245
1084,0.9308062793111965,0.8214401926218681,0.8129927165777258,0.7178560369239646,0.442057298993292
1085,0.9217133237746958,0.8032316020069789,0.7945433075720175,0.7013365724996639,0.46948864706715376
1086,0.9401181300096718,0.8401963584380362,0.8320753365325135,0.74111103720875,0.4863694205815224
1087,0.9010553808530392,0.8021100276990231,0.7946058337212872,0.7119543464635215,0.4817265706049721
1088,0.9308062976128677,0.8214402448733132,0.8129927710772507,0.7178561191277968,0.44205742786279356
1089,0.9217134034498701,0.8032318115933447,0.7945435245007245,0.7013368657286582,0.4694890461303941
1090,0.9401181386990582,0.8401963863152608,0.8320753657373614,0.741111080633837,0.4863694869121279
1091,0.9010554823884352,0.8021102963763429,0.7946061135651773,0.7119547486026395,0.48172721155649645
1092,0.9319443719108995,0.8227401706076595,0.814223492177755,0.7188336256955128,0.4437539098218777
1093,0.9213230586358748,0.8031736491901967,0.7944900792527004,0.701068654317804,0.4681822756465292
1094,0.9401181847582559,0.8401965340820842,0.8320755205414264,0.7411113108141617,0.4863698385062951
1095,0.9010555836235489,0.8021105642590619,0.794606392581456,0.7119551495525568,0.48172785061302753
1096,0.9319444068502761,0.8227402730043272,0.8142235989802178,0.7188337850522962,0.4437541599442616
1097,0.9216983858352139,0.8036197434127385,0.7949021219140595,0.7008107266012547,0.46588874103513345
1098,0.939652089249939,0.8393005868462076,0.8312247559918632,0.7407166592094915,0.48659414422039177
1099,0.9010555888596522,0.8021105781145466,0.794606407012793,0.7119551702905705,0.4817278836664414
1100,0.9333631775768957,0.8248050687244046,0.8163210919380938,0.7216702577592682,0.4488505167917283
1101,0.9218588859267206,0.803810501940367,0.7950783186194121,0.700700419056282,0.4649079356389884
1102,0.9390687527110895,0.8388111134316939,0.8307503396106588,0.7404686945386847,0.4868824084307704
1103,0.9010105588671199,0.8020433585585207,0.7945385937952913,0.7118856751637077,0.48168220557348285
1104,0.9333632034056757,0.824805145521546,0.8163211719960923,0.7216703765059879,0.4488507042573716
1105,0.9218588922422275,0.8038105188501703,0.7950783361412842,0.7007004430687181,0.4649079678419475
1106,0.9390033474342872,0.8387437606423593,0.8306837847762347,0.7404122944259859,0.4868559271383149
1107,0.9014079101575735,0.8026419636903631,0.795051205737389,0.7102498433101433,0.4697574511750671
1108,0.9333632488614357,0.8248052806759468,0.8163213128892413,0.7216705854869756,0.44885103417617944
1109,0.9215461465456591,0.8035717183139743,0.7948386534426616,0.7003727286907532,0.4640922954740639
1110,0.9390033605247211,0.8387438012919287,0.8306838273517592,0.7404123577718457,0.4868560245649312
1111,0.901326519385677,0.8025879955122264,0.7949995675436484,0.7102161789957414,0.46976797346592875
1112,0.9335675292002531,0.8254542203262998,0.8170102908158317,0.722883553678145,0.45162561122577316
1113,0.9213052785973177,0.8033949522715466,0.794665937137011,0.7002330764631491,0.4638733969353034
1114,0.9390033637861072,0.8387438114194722,0.8306838379591402,0.7404123735540042,0.48685604883806244
1115,0.9018409185170667,0.8032099293403081,0.7956221591641592,0.7108374064247602,0.4705015220618343
1116,0.9335675355489998,0.8254542391962314,0.8170103104884179,0.7228835828201239,0.4516256573563904
1117,0.9212564635344851,0.803340717490084,0.7946109959501422,0.7001657288429792,0.46376202313608056
1118,0.9018409240773361,0.8032099443830246,0.795622174866737,0.710837429618088,0.47050155811231265
1119,0.9338359930966579,0.8259478423843619,0.8175107143322621,0.7234535741455785,0.45226967435913434
1120,0.9217114377124902,0.8045423694530378,0.7958143236073913,0.7011892225190359,0.462586222064184
1121,0.9018409527050717,0.8032100218323138,0.7956222557134054,0.7108375490318161,0.4705017437227316
1122,0.9347268485720376,0.827585812650103,0.8191712508481436,0.7253450164104401,0.45440673660518693
1123,0.9217115123395411,0.8045425715252165,0.7958145331379974,0.7011895115823591,0.4625866110140144
1124,0.902489445994699,0.8036859192084919,0.7960875775621,0.7112903448029171,0.47141961251488623
1125,0.9350959411966006,0.8276979705619908,0.8193081820680245,0.7257341114746316,0.455252357170929
1126,0.9215730792155953,0.8046313080203512,0.7959056252579397,0.7011770531635949,0.4616257705361028
1127,0.9026560519377658,0.8039960778496716,0.7964029237351338,0.7116720819273546,0.4720680463596524
1128,0.9350959651707897,0.8276980415028348,0.8193082560499263,0.7257342211905737,0.4552525317284611
1129,0.9224890554103079,0.8057322654925805,0.7970102908352416,0.7021752626198058,0.46105005571357677
1130,0.9027079414447021,0.8040926771020657,0.7965011386644593,0.7117909745313762,0.47227000193402197
1131,0.9350959959076218,0.8276981324546959,0.8193083509006697,0.7257343618552317,0.45525275552532807
1132,0.9224890946769138,0.8057323719478009,0.7970104012833882,0.7021754159378424,0.46105026282345585
1133,0.9028657327845888,0.8043630239079124,0.7967751373118273,0.7121154705764526,0.472821649173558
1134,0.9350960206146459,0.8276982055640552,0.8193084271440477,0.7257344749249718,0.4552529354188499
1135,0.9222364638182278,0.8053727635747939,0.7966488255879461,0.7017924008045486,0.4606923729001435
1136,0.902980557533321,0.8046659266471184,0.7970842183701512,0.7124948943653703,0.4734239384779327
1137,0.9352262038427409,0.8279743121840314,0.8195976643381582,0.7261463455272139,0.455824410288402
1138,0.9224749288181651,0.8058581205359518,0.7971204482759386,0.7020769486528289,0.46047068001062486
1139,0.9029794778578134,0.8046661676415428,0.7970840977077761,0.7125016084143794,0.47347720575825114
1140,0.9353947914092614,0.8283318659695763,0.8199722220978933,0.7266797106437753,0.4565644547957169
1141,0.9222459180627915,0.8051283979974087,0.7963521872058563,0.7009238149516117,0.45889001815639774
1142,0.9026771490666327,0.8057442529989078,0.7982581799028987,0.7148059942492028,0.4784692787172315
1143,0.935610958307347,0.8287903335565414,0.8204524927146984,0.7273636103937949,0.4575133712444838
1144,0.9222459229003991,0.8051284112776007,0.7963522009838446,0.7009238340621401,0.45889004382830756
1145,0.9026771594134717,0.8057442812146207,0.798258209356958,0.7148060376433282,0.4784693463721241
1146,0.9366644855308218,0.8306776963508662,0.8224013504505149,0.7300397267493846,0.4611312416188806
1147,0.9225243519482182,0.8052842636053276,0.796431249414499,0.7000342981158271,0.45689194558501206
1148,0.9029044959817403,0.8059035678493137,0.7984147780876949,0.7149588107374851,0.4783733624935297
1149,0.93667585476712,0.8320211938818509,0.8238179160687803,0.7321833627939718,0.4641039776359676
1150,0.922832989300984,0.805936649084496,0.7970535389842631,0.7000649577712362,0.4556738553193017
1151,0.9040888168902045,0.8074056159333073,0.7999113544775482,0.7164829755961617,0.47980632356203395
1152,0.936677185658925,0.8321784635417739,0.8239837390704019,0.7324342965775937,0.4644519658096793
1153,0.9228329989672517,0.805936676396429,0.7970535673523551,0.7000649973086077,0.45567390774531563
1154,0.9039521617215598,0.8073055023480543,0.7998148933649113,0.7164212218334912,0.4797530615824641
1155,0.9362111393491039,0.8323840865038472,0.8242322076241617,0.7331283011855078,0.4660557542611605
1156,0.9231753790055239,0.8066648158270028,0.7977996995751927,0.7010395353046693,0.4566449227001598
1157,0.9039521900265092,0.8073055804054272,0.7998149748351814,0.7164213417170137,0.4797532492723294
1158,0.9368699034976933,0.8342164667465564,0.8261211181407544,0.7357414751274277,0.47048206409187737
1159,0.9244819434415876,0.8087681371600112,0.7999319598446868,0.7034436298494766,0.4586633706141421
1160,0.9041502923403419,0.8072953930669207,0.7997918519884327,0.7162697799272763,0.4795389388995619
1161,0.9368699142460021,0.8342164989868321,0.8261211518133187,0.7357415253106893,0.4704821462475881
1162,0.9244819900061394,0.8087682704212134,0.7999320982877477,0.703443823281691,0.45866362977397357
1163,0.9041503015905451,0.8072954185825516,0.7997918786182127,0.7162698190934851,0.47953900008458905
1164,0.9369171519906653,0.8346687501430096,0.8266010373907514,0.7366275539007222,0.47285840708007576
1165,0.9244726731438727,0.8088068072530311,0.7999707407070339,0.7034717281655617,0.4586250594841332
1166,0.9048695535236424,0.8075683256812135,0.8000643286874517,0.7165749318696459,0.4801142598637671
1167,0.9381800614987001,0.8364010669962141,0.8283691780565718,0.7389944173472016,0.4769294599582187
1168,0.9248826610549784,0.8093473251943423,0.8005194057483503,0.7040323637113739,0.45874906205692734
1169,0.90543502367103,0.8079101840300572,0.8003993609232354,0.7169529229102881,0.48092763798001004
1170,0.9381800633545528,0.8364010726042224,0.8283691839103288,0.7389944260411153,0.4769294742298843
1171,0.9275110770431592,0.8122170084774596,0.8034003958395637,0.7062565002712076,0.4564397260109856
1172,0.9054350383742821,0.8079102240259599,0.8003994026475,0.7169529840916227,0.48092773350292695
1173,0.9381800929106843,0.8364011619168426,0.8283692771367223,0.7389945644995863,0.4769297015191965
1174,0.9275110796254503,0.8122170158372619,0.8034004034974948,0.7062565111516063,0.4564397407172531
1175,0.9059639006648657,0.8082616640973264,0.8007643261346085,0.7174831157644774,0.4817292030730285
1176,0.9381801001056709,0.8364011836586303,0.8283692998312582,0.7389945982051781,0.476929756849299
1177,0.927511130053563,0.8122171595627239,0.8034005530449481,0.7062567236288632,0.45644002790791716
1178,0.9062826486976044,0.8088924920316699,0.8014052619404587,0.7182421168833697,0.4827544914356028
1179,0.9386309103394954,0.8367575955568055,0.8287306289407956,0.7394244357486898,0.4779668509558218
1180,0.9273559987425145,0.8122707853578717,0.8034687018476893,0.7064562554160979,0.4563883507564918
1181,0.9062277765327014,0.808854158362655,0.8013685876635701,0.718233407751513,0.48283283808025274
1182,0.9386309291696846,0.8367576519330032,0.8287306877922326,0.7394245230846038,0.477966994197681
1183,0.9283853778303508,0.8138683310803377,0.805108906205496,0.7086031212432725,0.45780416793768813
1184,0.9062278108308448,0.8088542515479193,0.8013686848693596,0.7182335502744323,0.4828330610584893
1185,0.9393241365448145,0.8380887935578986,0.8301039023868219,0.7411556185767089,0.48000025516216965
1186,0.92826861989716,0.814762856192825,0.8060433013533337,0.7098501567641531,0.45898864658619365
1187,0.9080950665305404,0.8119431695878582,0.8045371562613283,0.72227762156358,0.4888993044384527
1188,0.9393241468995404,0.8380888243884715,0.8301039345846497,0.7411556664700216,0.480000333999583
1189,0.9286721092339162,0.8157097680848135,0.8070321087485365,0.7112591501881252,0.4595950945329308
1190,0.9089053138523391,0.8126058597912896,0.8052125811835512,0.7230884245896564,0.4900856643210996
1191,0.9393241854231683,0.8380889390902743,0.8301040543731774,0.7411558446519078,0.4800006273057702
1192,0.9286721208704981,0.8157098016666583,0.8070321437071701,0.7112592002082121,0.45959516426836955
1193,0.909136688240215,0.813000015331681,0.80561361385147,0.7235804543594406,0.49084495953103646
1194,0.9393242035114274,0.8380889929469908,0.8301041106182993,0.7411559283148622,0.4800007650238487
1195,0.9288276007709569,0.8161094980532579,0.807450571390919,0.7118643014030015,0.4598430890487358
1196,0.9091366981829522,0.8130000424478016,0.8056136421458603,0.7235804958980887,0.49084502479583614
1197,0.9410561460237471,0.840247381745378,0.832319525398516,0.7438221435091139,0.4832426342149551
1198,0.9291748531679662,0.8168203021053742,0.8082089165906061,0.7131608855334096,0.4600933309549321
1199,0.9095075590567664,0.8134773496654226,0.8060877970514283,0.7240140731181668,0.4911640611031854
1200,0.9410561826748243,0.8402474884605766,0.8323196369085947,0.743822310008793,0.4832429090253701
1201,0.9303272029377739,0.8187539178629412,0.8102115250572575,0.7158537791297177,0.4629769132652303
1202,0.9098494409339728,0.8136761120292081,0.8062840890009326,0.7242010814163603,0.4914074013916476
1203,0.9416151929153925,0.8414825313121624,0.8335822519554208,0.7456695443309413,0.4864988116140638
1204,0.930327209932457,0.81875393784432,0.8102115458613762,0.7158538090352122,0.4629769563601814
1205,0.9135075726454432,0.8153516017929384,0.8078172856769266,0.7244437092190589,0.48981900685260327
1206,0.9418523897129785,0.8417787040594751,0.8338735394125608,0.7459460454106522,0.48682000986154345
1207,0.9304206526090183,0.8194102478069957,0.8108802653540522,0.7167232652135309,0.4641385060875712
1208,0.913430873819778,0.8152736385635693,0.8077403651405468,0.7243788116436273,0.48977794801340274
1209,0.9418731634816935,0.8418046491594974,0.83389905720501,0.7459702738608158,0.4868481631822568
1210,0.9307979691911279,0.8204306966501071,0.8119208697341216,0.7180674413208734,0.46620938269616674
1211,0.9134309999148348,0.8152739867113336,0.8077407280947162,0.7243793406672585,0.48977877604260467
1212,0.9307979709115999,0.8204307016424417,0.8119208749329927,0.7180674487818703,0.46620939353837243
1213,0.9133754661405568,0.8152206713808035,0.8076887022511945,0.7243492071906359,0.489809728575011
1214,0.9312802894025424,0.8216665356332836,0.8131988288170835,0.7197891878863234,0.46856674049517183
1215,0.9138312727992753,0.8156976791126124,0.8081637067084835,0.7248551281893441,0.4905954452790067
1216,0.9312803043826423,0.8216665789941953,0.8131988739831699,0.7197892527655595,0.4685668351655505
1217,0.9138448033726814,0.815668410931147,0.8081336339046995,0.7248357549164589,0.4906888035510839
1218,0.9312803166591035,0.8216666145292442,0.8131989109975922,0.7197893059352657,0.4685669127496465
1219,0.9138949614477515,0.8157209920684121,0.8081859961621052,0.7248914993947942,0.4907751223099168
1220,0.9328528815868299,0.8233622829941625,0.8149616707549857,0.7222240692577712,0.471616149795614
1221,0.9139001338035163,0.8157094923817896,0.808174183517728,0.7248838464311519,0.49081130996479144
1222,0.9328529203249534,0.8233623924098119,0.8149617847508798,0.722224233422681,0.4716163912166014
1223,0.9140394067230051,0.8157063687074859,0.808164774448465,0.7248445747313441,0.4909136606221175
1224,0.9328529459861142,0.8233624648896514,0.8149618602647966,0.7222243421698983,0.47161655114034884
1225,0.914224767762862,0.8157020326455462,0.8081520626463978,0.7247920205059136,0.4910495079696169
1226,0.9328529461847277,0.8233624654506341,0.8149618608492624,0.7222243430115847,0.4716165523781336
1227,0.914199587084906,0.815464919188176,0.8079084919270569,0.7245158032135186,0.49093676277468873
1228,0.9334081977877772,0.8244103717082808,0.8160583049740298,0.7238073427131738,0.4740748327544895
1229,0.914199591292703,0.8154649307740043,0.80790850399946,0.724515820722022,0.49093679011332414
1230,0.9336288458773393,0.8248430967392671,0.8165069220546615,0.7244611910451919,0.4751976487692088
1231,0.9141996097341362,0.8154649815509981,0.807908556908957,0.7245158974562177,0.49093690992987865
1232,0.9341052562247706,0.825773124621234,0.817472391717925,0.725863846669257,0.4776856445085339
1233,0.9142331785668213,0.8155349842341908,0.8079869839329991,0.7246701435374745,0.49119080542500854
1234,0.9341053115633341,0.825773279363446,0.8174725529559256,0.7258640790370683,0.477685988446508
1235,0.9143231838464577,0.8154761346671673,0.8079248169383828,0.7245869459825306,0.4911474907290481
1236,0.9339122992753167,0.8257648721773827,0.8174731806983566,0.7259428854426095,0.47784555873950907
1237,0.914570493759576,0.8153145559257824,0.8077541283225721,0.7243585262501859,0.49102872590651175
1238,0.9339123117224725,0.8257649070013181,0.8174732169870401,0.7259429377696595,0.47784563621788706
1239,0.9145705196255945,0.8153146262857347,0.807754201620575,0.7243586324376827,0.49102889149977236
1240,0.9342172628440744,0.8262396676856327,0.8179608000352462,0.7265264526973477,0.4784330464239779
1241,0.9145789339950875,0.8148892213455325,0.8073082822904338,0.7238004692683992,0.4904542220711939
1242,0.9339936980545246,0.8262476811503228,0.8179868482219519,0.7267802995831923,0.4790860302533264
1243,0.9146118441311051,0.8148605005305564,0.8072834256989443,0.7238000736903066,0.49065710983590943
1244,0.9341904802009957,0.8267775702932929,0.8185461460754992,0.7277378208018082,0.48083656287218385
1245,0.9146118902127515,0.8148606243795932,0.8072835546653032,0.7238002602056153,0.4906574000080136
1246,0.9341904981599161,0.8267776205307442,0.8185461984223545,0.7277378963202009,0.48083667522281964
1247,0.9146935447439727,0.8142662503164426,0.8066657032386418,0.7231250142642679,0.4900861571327468
1248,0.934171265236902,0.8266534691152969,0.8184433906565309,0.7278770636116114,0.48160383572670185
1249,0.914693611820132,0.814266429139756,0.8066658893526657,0.723125282617568,0.490086574083327
1250,0.9341712886250957,0.8266535334056797,0.8184434576450591,0.7278771602511093,0.4816039795420109
1251,0.9146937365524861,0.814266761673063,0.8066662354435463,0.7231257816376983,0.49008734943047366
1252,0.9341712976998573,0.8266535583507404,0.8184434836370165,0.7278771977478248,0.48160403534323437
1253,0.9148209114916853,0.8141919914992818,0.8065870864352785,0.7230179442002186,0.49003386537093524
1254,0.9342443566020727,0.8263652518694871,0.818172108835198,0.7278319085501231,0.4821150261458334
1255,0.9148209362568186,0.8141920573633312,0.806587154979161,0.7230180429801781,0.4900340187708819
1256,0.9340804650832123,0.8261592983311354,0.8179770451894864,0.7278483527681137,0.48285203537900606
1257,0.9148209417916678,0.8141920720835264,0.8065871702982816,0.7230180650568696,0.490034053054794
1258,0.9340804811263198,0.8261593416350577,0.8179770902942629,0.7278484176883978,0.4828521321837929
1259,0.9148235608385824,0.8141137625827567,0.8065120930244911,0.722970384783988,0.4900366752381822
1260,0.9340804844577054,0.8261593506272098,0.8179770996603662,0.7278484311692339,0.4828521522855148
1261,0.9148269439099825,0.8140139526186666,0.8064164115952296,0.7229097102162462,0.4900402737819638
1262,0.9339851604789751,0.8260751352899812,0.8178949140996279,0.7277694139755294,0.48298614998078654
1263,0.9148674854085503,0.8140369155922482,0.8064380496879002,0.7229141920009206,0.4900358380246595
1264,0.9338998530189,0.8258689659904146,0.8176878196109415,0.7275924307727116,0.48299580009437354
1265,0.9148021906508944,0.8134670214076525,0.8058602288057163,0.7222661989217257,0.48940755614749704
1266,0.9148015798837241,0.8134616117015044,0.8058547447486111,0.7222600600354794,0.4894016333378706
1267,0.9148063414773553,0.8134645623679063,0.8058575489111368,0.7222609496096744,0.48940157673659884
1268,0.9148482835745554,0.8134065000824241,0.805796257469016,0.7221861163354639,0.489377269278867
1269,0.9209655556872904,0.8173625425209977,0.8095679453061474,0.7238759713744434,0.4873232667838277
1270,0.9209656146300799,0.8173626978903012,0.8095681070063658,0.7238762040305198,0.4873236227899719
1271,0.9209070403217563,0.8171768141786742,0.8093750869819207,0.7236207872057312,0.48711149065276216
1272,0.9209070419889364,0.8171768185748922,0.8093750915569057,0.7236207937848725,0.4871115007091223
1273,0.9208281167209944,0.8169381891658177,0.8091272511405148,0.7233071429676018,0.48689865397018317
1274,0.9207590589645342,0.8168207777271711,0.809006945967331,0.7231657399198764,0.48679696708203263
1275,0.9207218083292402,0.8165592784083973,0.8087225136834022,0.7226389554560827,0.48621646935056384
1276,0.9207218136659501,0.8165592925323673,0.8087225283788405,0.7226389765399143,0.4862165014372671
1277,0.9206590913844054,0.8163739071821425,0.8085305931901305,0.7223887479948473,0.4859707258638966
1278,0.9207191205517152,0.8162723431298436,0.8084200545280336,0.7221810060021793,0.4856090789897822
1279,0.9207191365416115,0.8162723854075733,0.808420098514827,0.7221810690729926,0.48560917480731025
1280,0.9206631013835934,0.8161341812729472,0.8082789091579724,0.7220174449217898,0.48543943546345786
1281,0.9206586451341197,0.815952610638039,0.8080864197983555,0.7217212760449562,0.48509709004390744
1282,0.9206587208392897,0.8159528112136307,0.808086628450519,0.7217215750628261,0.485097543404875
1283,0.9206937893209104,0.8157855945081192,0.807914143525933,0.7215415820121304,0.4852352038557617
1284,0.92069327082871,0.8157818237945024,0.8079100342707374,0.721533891346234,0.4852267764784459
1285,0.9206716633100043,0.8151553607594026,0.8072127556054337,0.7199130849129025,0.4819934752940199
1286,0.920616622245896,0.8150946049834816,0.8071516573660891,0.7198473056682938,0.4819300032620405
1287,0.9205822898252675,0.8150095390333514,0.8070577406707831,0.7196437392894606,0.4815898495480588
1288,0.9205673873032526,0.8149261970746544,0.806971498692676,0.7195295673524409,0.4814417490572601
1289,0.9205674131045353,0.8149262659630823,0.8069715703612543,0.7195296701089599,0.481441902916864
1290,0.9205633579301835,0.814923044532003,0.8069684043699993,0.7195271313079048,0.4814404944186246
1291,0.920536620221682,0.8148451893470129,0.806887602028881,0.7194193434857074,0.48134886488071693
1292,0.920578868384896,0.8147816397910635,0.80681916286432,0.7192739559801055,0.48107479423668925
1293,0.9205789119401923,0.814781755859643,0.8068192836174878,0.7192741291561034,0.48107505316888716
1294,0.9205601763166116,0.814761584745606,0.8067961773905574,0.7192198414256018,0.48103568613403824
1295,0.9205649743688409,0.8147417945038911,0.8067751144983834,0.7191924169736189,0.4810042254651313
1296,0.9205648698454898,0.8147146618240062,0.8067469207499595,0.7191583768658822,0.480972232806575
1297,0.9229176779599193,0.8180732790404566,0.8101170835696071,0.7224211324297417,0.48235214370862506
1298,0.9229176781605405,0.8180732795871041,0.8101170841388691,0.7224211332501879,0.48235214494438244
1299,0.9229854067220279,0.8180974170045356,0.8101415213395038,0.7224585943876762,0.4823494753125535
1300,0.9230189223570249,0.8182000123996903,0.8102496091697053,0.7226423697390792,0.4825690515474171
1301,0.9230413856570505,0.8182815149918194,0.8103326974727667,0.7227486540799838,0.48274217326279845
1302,0.9230525696041297,0.8183167752020433,0.8103661133626241,0.7227463497349219,0.48256733939716323
1303,0.9231110848526353,0.8183786374828341,0.8104240748131042,0.722753416386873,0.4823207611550997
1304,0.9231662898783248,0.8184778893848986,0.8105236097453716,0.7228625706760355,0.4824943516705414
1305,0.9231663649165589,0.8184780947348226,0.8105238235934756,0.7228628789471914,0.4824948175429383
1306,0.9231037058558278,0.8184994357406682,0.8105492469984603,0.7229237393638067,0.4825468998530793
1307,0.9230776112713154,0.818485816392992,0.8105360936647579,0.7229193068737416,0.4825763543138867
1308,0.9230791443372918,0.8185174472014124,0.8105689152592941,0.7229707277148263,0.4826636421587615
1309,0.9230389561168905,0.8185313122683922,0.8105848739275928,0.7230061453791257,0.48269801655461
1310,0.9230489120872812,0.8185726133883159,0.8106272392435953,0.723064781862509,0.48276716385541846
1311,0.9231204672500762,0.8186182387036036,0.8106682928226894,0.7230578716143612,0.4826746226815426
1312,0.9230873999580431,0.8185675392400498,0.8106159676516155,0.7229886241401994,0.48257787591383766
1313,0.9230222937522236,0.8185357951370009,0.8105859530821736,0.7229739256121251,0.4825828410913636
1314,0.9230222999468383,0.8185358121428707,0.8105859707930071,0.7229739511457327,0.4825828797419211
1315,0.9230251062284436,0.8185266754700509,0.8105747184280985,0.7229457691079199,0.482507606792896
1316,0.9230250145473684,0.818525832405095,0.8105738472407017,0.7229447478803099,0.48250672161711883
1317,0.9230250248550856,0.8185258607445778,0.8105738767543422,0.7229447904256746,0.48250678602015784
1318,0.9230890927181769,0.8185615861098741,0.8106058419287479,0.7229186000862801,0.4823239790529394
1319,0.9231372230945203,0.8185387611959811,0.8105821892216234,0.722883542560993,0.48219616322855574
1320,0.9231443860021734,0.8185539235181191,0.8105974536178812,0.7229001314969286,0.4822108871447798
1321,0.9231443874751574,0.8185539275606919,0.8105974578279045,0.7229001375683348,0.4822108963352359
1322,0.9231444010312416,0.8185539647650752,0.8105974965733591,0.7229001934443681,0.48221098091634806
1323,0.9231736055319282,0.8186157446297644,0.8106596863195105,0.7229677152932021,0.48227074824653693
1324,0.9232130090382688,0.8186143849496704,0.8106571869922429,0.7229714977200724,0.48220731684101914
1325,0.9232298414523631,0.8186139553307744,0.810656278291137,0.7229733324230482,0.4821806479443952
1326,0.9232606508294185,0.8186649175367905,0.810705999976467,0.7230073727852875,0.4821233987609886
1327,0.9232425853769805,0.8186267311523636,0.8106677683061083,0.7229756367136578,0.4821230555980176
1328,0.923242625374052,0.8186268409585105,0.8106678826564184,0.7229758015304614,0.4821233056955895
1329,0.9233684005128374,0.8189894788677744,0.8110499136115882,0.7235125501197569,0.4817497011591465
1330,0.9233304051782525,0.8189527559908947,0.8110137060223683,0.723479426767924,0.4817272634429202
1331,0.9233304857761975,0.8189529769404305,0.8110139361328988,0.7234797591665955,0.4817277719277698
1332,0.9233933415738786,0.8189354667221547,0.8109949090718407,0.7234806180900178,0.48182726239053075
1333,0.9234009800941764,0.8189818507498032,0.8110422987603044,0.7235346631690671,0.4817369946496934
1334,0.9234049662366027,0.8190413174216142,0.8111022801958324,0.7236018058756907,0.4818366197133693
1335,0.9233401103926279,0.8190246114368613,0.8110889028036745,0.7236191605092176,0.4818409296617936
1336,0.9232920305013648,0.8190096060535778,0.8110750777821056,0.7236171530339475,0.48187648790158016
1337,0.9232921447636013,0.8190099197440893,0.8110754044658044,0.7236176247669351,0.4818772115325019
1338,0.9233494420896139,0.819072374821135,0.8111357989337575,0.723682301793778,0.4820267748361246
1339,0.9233856005118201,0.8190984691556207,0.8111598526491072,0.7236916910623118,0.48212163493612725
1340,0.9233896718735035,0.819101486923827,0.8111626473221993,0.7236929002261823,0.4821324616428432
1341,0.9233897248178372,0.8191016325669654,0.8111627989882569,0.7236931190962901,0.4821327972134713
1342,0.9234685971847547,0.8191609036392764,0.8112272883668323,0.7238839213213627,0.48243935178906877
1343,0.9234895426382116,0.8191803863984018,0.8112445105205738,0.7238384812627487,0.48235762326645815
1344,0.9234176483043288,0.8191835191338607,0.8112523503181754,0.7238835077285639,0.482434754860407
1345,0.9234036487912425,0.8191780483542817,0.811244929618335,0.7238377533080639,0.48230277881206296
1346,0.9233802442939274,0.8191588741488306,0.8112261542119017,0.723821529990731,0.48227961033890393
1347,0.9234464688517914,0.8191955089001038,0.8112567463090473,0.7237591579595216,0.48185612321474963
1348,0.9233508841347938,0.8183281800896826,0.8103124176150537,0.7218786085617248,0.4787907618570824
1349,0.9233509347243741,0.81832832081212,0.8103125641402821,0.7218788196926624,0.47879108386580765
1350,0.9233538096952627,0.8183869324156361,0.8103735649884969,0.7219591295737837,0.4788321942649946
1351,0.9233538461745956,0.8183870339060687,0.8103736706661783,0.7219592818791528,0.4788324266119181
1352,0.9233774871040304,0.818460112387764,0.8104486965482418,0.7220329377948819,0.4785063189184565
1353,0.9234129347831812,0.8185112524903604,0.8105017787574086,0.7221089274549636,0.4786185512307154
1354,0.9233883695770557,0.8185486382136841,0.8105418138129938,0.7221597846431441,0.4783967488522496
1355,0.9233883815548954,0.818548671550446,0.8105418485263104,0.7221598347534625,0.47839682526384475
1356,0.923359356171277,0.8185261666464217,0.8105198923822646,0.7221487710043357,0.47843828735322946
1357,0.9234962378486028,0.8187476927662921,0.8107420873220098,0.7223111662799117,0.47789033260754604
1358,0.9234750599053096,0.8187326240083255,0.8107250058364235,0.7222079262562502,0.4774802135902832
1359,0.9234750778924363,0.8187326741796892,0.810725058086303,0.722208001953363,0.4774803285312569
1360,0.9234752021019785,0.8187330206366293,0.8107254188964036,0.7222085246777977,0.4774811222540834
1361,0.9235154978277794,0.8187946265854525,0.810789188435665,0.7222990147153826,0.47759272788436097
1362,0.9235155101392004,0.8187946609097771,0.8107892241820067,0.7222990665034781,0.4775928065414179
1363,0.9235698844084845,0.818896838394043,0.8108932397899358,0.7224018915917989,0.4775432862329575
1364,0.9235699219855794,0.8188969431449699,0.8108933488863628,0.7224020497149176,0.47754352649418874
1365,0.9235575370700557,0.8188866372089112,0.8108831364406333,0.7223913266274972,0.47752138977058284
1366,0.9235164680565461,0.8189285537275082,0.8109300129729626,0.7224789503567636,0.47748430589143065
1367,0.923501315055223,0.8189143294388002,0.8109161989575072,0.7224713577022155,0.4774974357103782
1368,0.9234799461046165,0.8188941835259629,0.810896194204539,0.7224525830560693,0.47748197897960354
1369,0.9235274664614592,0.8191214248435408,0.8111303101733792,0.7227173092054142,0.4777517337125258
1370,0.9236087933907815,0.8193057680403127,0.8113185321003309,0.7229365267033877,0.47799528762685356
1371,0.9236088078378569,0.8193058083924194,0.811318574135588,0.7229365877179629,0.4779953805134834
1372,0.9236349141297205,0.8194701814580717,0.8114883810814542,0.7231455942923752,0.47827871537101907
1373,0.9236349595712741,0.8194703085230117,0.8114885134572416,0.7231457865065383,0.4782790080728534
1374,0.9236249045027815,0.8195457171830597,0.8115681417440053,0.7232701273560703,0.4785109428251409
1375,0.9236250504712946,0.819546125580175,0.8115685672210898,0.7232707452040165,0.4785118838405392
1376,0.925777402145639,0.8222732928383595,0.8143005263160877,0.7260120492449641,0.4797542709261577
1377,0.9257774111709045,0.8222733183312861,0.8143005528852437,0.7260120879121876,0.4797543303890334
1378,0.9257774261306939,0.822273360586977,0.8143005969248345,0.72601215200488,0.4797544289514849
1379,0.9257774611007903,0.8222734593641527,0.814300699872068,0.7260123018283846,0.47975465935180633
1380,0.9260300474394174,0.8225457637927344,0.8145795843551588,0.7263659657654054,0.48026169138115193
1381,0.9260300748453809,0.8225458412759639,0.8145796651093805,0.7263660832979573,0.4802618722029751
1382,0.9260704500497938,0.8226208851584046,0.8146564221591405,0.7264629137465755,0.48038104737599807
1383,0.9260704545052352,0.8226208977691817,0.8146564353023588,0.7264629328765628,0.4803810768136432
1384,0.9260704689579374,0.8226209386764244,0.8146564779367518,0.7264629949310311,0.4803811723044364
1385,0.9261870585579491,0.8227874971452345,0.8148254733412791,0.7266573100618212,0.4806065657095149
1386,0.926234245559815,0.8228873226940356,0.8149269459613045,0.7267783794342976,0.48076186416033806
1387,0.9262383909547041,0.822904427993213,0.8149446009381912,0.7268098908828883,0.4808481168070581
1388,0.9263847469414881,0.823112659700998,0.8151567513434096,0.7270693358244043,0.481180383082966
1389,0.9263847497539438,0.8231126676745449,0.8151567596539037,0.7270693479215334,0.4811804017134806
1390,0.9265084523469967,0.8233795115341654,0.8154321780232565,0.7274427469470449,0.4816913777832298
1391,0.9264653154898137,0.8233959216111821,0.8154521140096346,0.7274989767428469,0.4818177042174639
1392,0.9264852612762239,0.8235438350354366,0.8156055866392262,0.7276951796552863,0.48194660418864976
1393,0.926485280741628,0.8235438903157295,0.8156056442607003,0.7276952635899806,0.48194673372574026
1394,0.9268038174956897,0.8238672567846069,0.8159296224210075,0.7280445382892762,0.48218509764704265
1395,0.9268038272927978,0.823867284678826,0.8159296514939653,0.7280445806385476,0.4821851630389818
1396,0.927016284242279,0.8240115970764443,0.816071227154422,0.7281525847439795,0.4821650517822693
1397,0.927016291434005,0.8240116175628928,0.8160712485062471,0.7281526158512542,0.4821650998094931
1398,0.9272600121262906,0.8243212364067282,0.8163853593000919,0.7285096886560047,0.48246567774333954
1399,0.9272600499599607,0.824321344116287,0.8163854715632604,0.72850985225065,0.4824659305417162
1400,0.9274657924710398,0.8245869279618505,0.8166533113673257,0.7288037340529311,0.48271110081555113
1401,0.927465810083538,0.8245869781126312,0.8166533636389273,0.7288038102347809,0.4827112186258765
1402,0.9276922978481248,0.8248647530781484,0.8169286168751843,0.7290703852206781,0.4829168891471942
1403,0.9277593393093072,0.824946971260486,0.8170100882455504,0.729149283881983,0.4829777524303852
1404,0.9278769465613259,0.8251040274106122,0.8171682785592033,0.7293095811277351,0.4830875542566544
1405,0.9278769768256674,0.8251041138611311,0.8171683686659285,0.7293097124465078,0.48308775745851135
1406,0.9279665081948728,0.8252255970476471,0.817290575689879,0.7294363341113397,0.48320040353704075
1407,0.9279665209575613,0.825225633509135,0.8172906136943019,0.7294363895039813,0.48320048926256987
1408,0.9283085902104263,0.8258342897631801,0.8179106341329909,0.7301308595940144,0.48391437595357184
1409,0.9284765644195275,0.8261896631491309,0.8182702823498579,0.7304990731579752,0.48418002303138774
1410,0.9288307968127623,0.826650287481282,0.8187325308662976,0.730970004305158,0.4847934159451951
1411,0.9288308069724907,0.8266503166674581,0.8187325612989726,0.7309700487638235,0.4847934847248373
1412,0.9288308291296428,0.826650380319023,0.8187326276690031,0.7309701457228692,0.4847936347250654
1413,0.9290233827055565,0.8268414063730707,0.8189254013582483,0.7311760560767083,0.48497418360830286
1414,0.9290233922737441,0.8268414337575782,0.8189254299131833,0.7311760977985317,0.48497424817313944
1415,0.9290234061443774,0.8268414734558464,0.8189254713081752,0.7311761582810576,0.48497434177031806
1416,0.9290980761886616,0.8269308821349796,0.8190149686983539,0.7312663073524577,0.4850525425616502
1417,0.929842156924204,0.8261702964796724,0.8181621818246805,0.729691317773263,0.483675248518189
1418,0.929927187722668,0.826280252021879,0.8182726978080659,0.7298061819308027,0.4837750107195562
1419,0.9299174644078753,0.8262711090872602,0.8182636380322789,0.7297981133485082,0.48376956117408476
1420,0.9299174680102512,0.8262711194280649,0.8182636488064757,0.7297981289799128,0.48376958510552365
1421,0.9302436569418974,0.8265988413185774,0.8185987187027197,0.7301962547022997,0.48412359717943415
1422,0.9304974977662899,0.8269722395407221,0.818985798691254,0.7307068054299538,0.48444940653522167
1423,0.9304975023726294,0.8269722527100559,0.8189858124136172,0.7307068253715313,0.4844494371106028
1424,0.9307108215803456,0.8273138734729165,0.8193368158287019,0.7310966428103772,0.48466180718997254
1425,0.9307108560307612,0.8273139718066101,0.8193369183041428,0.7310967919723904,0.4846620356110241
1426,0.9308617693930217,0.8275494140501007,0.8195720062518055,0.7312556497645543,0.484745580236459
1427,0.9309063198813334,0.8276162049838885,0.8196402017980025,0.7313369113456333,0.4848178428957392
1428,0.9310390925224308,0.8277643428140691,0.8197797183513665,0.7313414992667593,0.48477200942991183
1429,0.9311464403798696,0.8277484290535225,0.8197452769181311,0.7310765766334113,0.48449095869134706
1430,0.9311638207494531,0.8277748313193396,0.8197722798142189,0.7311093378866712,0.4845202360502492
1431,0.9311638628582084,0.8277749520865701,0.8197724057182985,0.7311095215473693,0.4845205146886647
1432,0.9311408263683448,0.8277622501744075,0.8197606287391458,0.7311040647884088,0.48450728208382027
1433,0.931339154252826,0.8279838478368924,0.8199914363216176,0.7313883480951505,0.4846939031233845
1434,0.9313254536703433,0.827972581778962,0.8199812944596094,0.7313857320716854,0.48468625474442983
1435,0.9314473247666407,0.8279186946948767,0.8199311965186841,0.7313633027113816,0.48486829729319664
1436,0.9314473420394744,0.8279187439505332,0.8199312478562322,0.7313633776616839,0.4848684108417543
1437,0.9314473788314515,0.8279188488674957,0.8199313572077285,0.7313635373095155,0.4848686527058628
1438,0.9302226565467737,0.8275325836057447,0.8198107242125692,0.7310298390922854,0.48463291396948316
1439,0.6291354682597322,0.7684822454988384,0.812078328249998,0.7187417168204199,0.47128515767320023
1440,-0.5254011504034632,0.5444189600550102,0.7837131669332896,0.6748432888099092,0.42209654693105814
1441,-0.525401143809444,0.544418976833696,0.7837131843808947,0.6748433140966795,0.4220965847712944
1442,-0.5254011004658781,0.544419087122836,0.7837132990669591,0.6748434803109173,0.4220968335016947
1443,247.26193757206548,48.30905313920226,6.752519295980537,9.92783059688312,10.86985983523868
1444,1002.8292661819135,193.9627015713696,24.955802720916726,38.14939057395748,42.73278584119459
1445,1714.677426225458,302.8237230928518,30.528828572374522,39.69669037258441,52.49233931907045
1446,1714.6774262360816,302.82372312134834,30.52882860205763,39.69669041559625,52.492339383296056
1447,1714.677426244395,302.8237231436488,30.52882862528661,39.69669044925585,52.49233943355681
1448,1714.6274439871352,302.81487657296543,30.527945541218223,39.695523547044395,52.49078511784477
1449,1696.0897080005905,299.5507236661369,30.206165887542582,39.27378874800384,51.92943052921207
1450,1684.7160514735663,297.6155308133801,30.014066337382776,39.025412197276886,51.600383418974445
1451,1676.712011063105,296.2077950772539,29.87358006724994,38.84026396233847,51.35618006937748
1452,1670.9680211358398,295.1434749078578,29.751244124457234,38.661986055660705,51.14303653553174
1453,1670.9680207538015,295.143474929529,29.751244163378175,38.66198611342361,51.14303662576534
1454,1670.9680202984475,295.1434749553592,29.75124420976831,38.66198618227161,51.14303673331542
1455,1670.9251792588323,295.13575152440114,29.750500677403764,38.66102179098484,51.141679501590154
1456,1669.5626166900458,294.91245275460597,29.728286687101367,38.63220153437357,51.10273534267702
1457,1668.5206077389792,294.74168679814403,29.71129871515143,38.61016147357018,51.07295310877216
1458,1668.5206072511664,294.74168681281,29.71129874596852,38.610161520710506,51.07295318253734
1459,1662.255199529368,293.6553281485637,29.603967333314102,38.47023272992272,50.88801412399579
1460,1662.2551982893767,293.6553281736158,29.603967398993422,38.470232831140656,50.88801428170614
1461,1656.3674826484294,292.6270246560261,29.502394068283216,38.33724587405747,50.71089262078632
1462,1652.207388718065,291.90135487849096,29.430694981288905,38.24341891556392,50.5859590981937
1463,1644.6736935820797,290.58557238669846,29.300725276951468,38.073253181281,50.359319879999155
1464,1641.4964701956528,290.05212347180395,29.247573051402924,38.004771471758424,50.268873571408164
1465,1641.4964696829152,290.0521234718946,29.247573069665897,38.00477150111349,50.268873617042004
1466,1640.5134479862597,289.88299135012596,29.230788623699507,37.9829762790137,50.23989997895899
1467,1638.1011814823175,289.46795291250675,29.1896007538437,37.92949230846569,50.16880066792704
1468,1638.1011798308186,289.4679529073962,29.189600808024252,37.92949239641916,50.168800805079535
1469,1637.3300779578055,289.3478598506731,29.177427731998616,37.91430070872687,50.15027110948287
1470,1637.3300762656643,289.34785983908955,29.177427781820874,37.91430079048242,50.150271237331225
1471,1637.3300740461186,289.3478598238955,29.17742784717153,37.91430089771925,50.15027140502695
1472,1635.7854574299965,289.08377962630857,29.15116813579332,37.88042667925976,50.10668110928095
1473,1634.6164773777643,288.8872212307743,29.13147803074331,37.855451756445426,50.076365898637455
1474,1634.6164760921413,288.8872212137117,29.131478066068446,37.855451814739254,50.076365989933755
1475,1634.2775720338193,288.8223932334381,29.125265935937215,37.84688055553823,50.0632095014213
1476,1634.0963230868115,288.7899333774622,29.122067878662765,37.84265855224009,50.05735879969675
1477,1634.096320859177,288.7899333545376,29.12206794099216,37.842658655022746,50.05735896011991
1478,1632.5656011031585,288.51950945933703,29.095234638904774,37.807563503188575,50.01025622879332
1479,1628.633161503691,287.847372478067,29.028396054460167,37.72135332211121,49.89935425507282
1480,1627.9117416385243,287.7262627434512,29.016257761427113,37.705976303225015,49.88077080406407
1481,1627.9117414316681,287.72626273988345,29.016257766620214,37.70597631178487,49.88077081741043
1482,1627.886712733726,287.72210636929833,29.015839191723696,37.7054402391719,49.88008264320585
1483,1627.8867115477576,287.7221063488245,29.015839221439343,37.70544028816196,49.88008271959124
1484,1627.8867093811557,287.7221063114216,29.015839275725632,37.70544037766006,49.8800828591368
1485,1622.0834540460273,286.84751626688075,28.926539585243734,37.59411896763002,49.73756434964995
1486,1621.7648401213248,286.8152617700294,28.922871942520366,37.59012309517574,49.73250336472593
1487,1620.6390782702415,286.6790165248815,28.906963952694966,37.573889271393476,49.71317174872447
1488,1610.0914321966643,285.1444982309384,28.74688784862932,37.38420216834403,49.47668170124896
1489,1604.2114830673797,284.12023068907956,28.645510713735835,37.25381675211288,49.30854856999659
1490,1598.2774891722947,283.07342178050027,28.54258422432352,37.11929673515137,49.13169703965229
1491,1590.4264120054304,281.68636097595555,28.406218032312072,36.94051178503591,48.8948828766245
1492,1585.9306406556298,280.89349163287284,28.328165855214962,36.83813802870014,48.75845188340977
1493,1581.4232007655296,280.10752470993975,28.25051571506753,36.736778749498804,48.6233253863702
1494,1581.4231969443106,280.1075244100781,28.25051572164029,36.73677878607244,48.62332544146457
1495,1581.4231937768186,280.10752416151615,28.25051572708854,36.73677881638911,48.6233254871336
1496,1581.423192426068,280.107524055519,28.250515729411894,36.7367788293174,48.6233255066088
1497,1578.9587849797892,279.678877568694,28.20791379084898,36.68153365806817,48.55086601697517
1498,1578.9587781546209,279.67887703163285,28.207913801942496,36.6815337222691,48.55086611425759
1499,1577.6101067097939,279.44892241058545,28.185076921107896,36.65200750432556,48.511976968618306
1500,1577.6101012181853,279.44892198106487,28.185076929493835,36.65200755489401,48.51197704577755
1501,1575.7345910367242,279.16211494640356,28.155724309591744,36.61551694575502,48.46475151569845
1502,1575.2229259908406,279.07473319667884,28.146995350174446,36.60450018145385,48.45197885062224
1503,1575.2229228443796,279.07473295261997,28.146995352972702,36.60450020750363,48.45197889184623
1504,1574.7027999811387,279.00260452808027,28.139362146193985,36.595363462509596,48.43980897553957
1505,1570.8331845298553,278.370135199003,28.075119652273994,36.515200362538145,48.336926618263085
