site_id,M,lat,lon,PFBS,PFHxA,PFHxS,PFOA,PFOS,ndet,tot,PFOS_f,PFOA_f,PFHxS_f,PFBS_f,PFHxA_f,class
MI_EGLE:36-BLMT-0010,SW,43.081061,-85.601437,3.8,1.4,1.1,2.0,0.0,4,8.3,0.0,0.24096385542168672,0.13253012048192772,0.45783132530120474,0.1686746987951807,SW
MI_EGLE:36-BLMT-0020,SW,43.082707,-85.60457,3.9,1.4,1.0,1.7,0.0,4,8.0,0.0,0.2125,0.125,0.4875,0.175,SW
MI_EGLE:36-CDC-0010,SW,43.156197,-85.602867,2.6,0.0,0.0,1.2,1.3,3,5.1,0.25490196078431376,0.23529411764705882,0.0,0.5098039215686275,0.0,SW
MI_EGLE:36-CDC-0100,SW,43.182796,-85.611322,3.3,1.4,0.0,1.2,1.8,4,7.699999999999999,0.2337662337662338,0.15584415584415584,0.0,0.4285714285714286,0.18181818181818182,SW
MI_EGLE:36-CDC-0120,SW,43.205339,-85.58145,3.4,3.0,0.0,1.8,2.1,4,10.3,0.20388349514563106,0.17475728155339806,0.0,0.33009708737864074,0.2912621359223301,SW
MI_EGLE:36-CG-0010,SW,43.00112,-85.67655,25.0,14.0,10.0,26.0,37.0,5,112.0,0.33035714285714285,0.23214285714285715,0.08928571428571429,0.22321428571428573,0.125,SW
MI_EGLE:36-DKC-0140,SW,43.285623,-85.53244,24.0,13.0,5.0,8.3,0.8,5,51.1,0.015655577299412915,0.16242661448140902,0.09784735812133072,0.46966731898238745,0.25440313111545987,SW
MI_EGLE:36-DL-0010,SW,43.031283,-85.613944,3.2,2.7,1.4,3.9,0.0,4,11.2,0.0,0.34821428571428575,0.125,0.28571428571428575,0.2410714285714286,SW
MI_EGLE:36-DNR-010,SW,43.082408,-85.599832,6.7,2.7,3.5,3.5,1.5,5,17.9,0.08379888268156425,0.19553072625698326,0.19553072625698326,0.3743016759776537,0.15083798882681568,SW
MI_EGLE:36-DNR-020,SW,43.082962,-85.598714,7.5,4.3,3.9,4.9,1.3,5,21.900000000000002,0.0593607305936073,0.2237442922374429,0.1780821917808219,0.3424657534246575,0.19634703196347028,SW
MI_EGLE:36-DNR-030,SW,43.081574,-85.601296,3.8,1.6,1.0,1.2,0.0,4,7.6,0.0,0.15789473684210525,0.13157894736842105,0.5,0.2105263157894737,SW
MI_EGLE:36-FL-0010,SW,43.11220801,-85.63637764,4.7,2.0,3.0,2.6,1.6,5,13.9,0.11510791366906475,0.18705035971223022,0.2158273381294964,0.3381294964028777,0.14388489208633093,SW
MI_EGLE:36-GR-0140,SW,43.04737,-85.64583,1.1,4.5,0.6,1.8,1.9,5,9.9,0.1919191919191919,0.18181818181818182,0.0606060606060606,0.11111111111111112,0.45454545454545453,SW
MI_EGLE:36-GR-0150,SW,43.06167,-85.60971,1.1,1.3,0.53,1.3,2.0,5,6.2299999999999995,0.32102728731942215,0.20866773675762443,0.08507223113964688,0.1765650080256822,0.20866773675762443,SW
MI_EGLE:36-GR-0160,SW,43.06351,-85.58037,1.0,1.4,0.84,1.3,1.5,5,6.039999999999999,0.2483443708609272,0.21523178807947024,0.13907284768211922,0.16556291390728478,0.2317880794701987,SW
MI_EGLE:36-LCDC-0060,SW,43.187532,-85.58121,1.7,0.0,0.9,3.6,0.0,3,6.2,0.0,0.5806451612903226,0.14516129032258066,0.27419354838709675,0.0,SW
MI_EGLE:36-MC-0150,SW,43.0901,-85.691,0.56,1.0,0.42,1.1,1.1,5,4.18,0.26315789473684215,0.26315789473684215,0.10047846889952153,0.13397129186602874,0.23923444976076558,SW
MI_EGLE:36-NC-0020,SW,43.161543,-85.702885,1.5,0.0,0.0,1.2,1.4,3,4.1,0.34146341463414637,0.29268292682926833,0.0,0.3658536585365854,0.0,SW
MI_EGLE:36-NLL-0010,SW,43.059802,-85.581419,9.6,3.6,7.9,10.0,9.6,5,40.7,0.23587223587223585,0.24570024570024568,0.1941031941031941,0.23587223587223585,0.08845208845208845,SW
MI_EGLE:36-RPP-0010,SW,43.007273,-85.668943,1.3,2.4,0.0,1.4,2.1,4,7.199999999999999,0.2916666666666667,0.19444444444444445,0.0,0.18055555555555558,0.33333333333333337,SW
MI_EGLE:36-RR-0010,SW,43.06384,-85.59145,2.6,1.8,1.5,6.4,15.0,5,27.3,0.5494505494505494,0.23443223443223443,0.054945054945054944,0.09523809523809523,0.06593406593406594,SW
MI_EGLE:36-RR-0015,SW,43.072273,-85.59723,3.1,1.7,1.7,7.3,16.0,5,29.8,0.5369127516778524,0.2449664429530201,0.057046979865771806,0.1040268456375839,0.057046979865771806,SW
MI_EGLE:36-RR-0020,SW,43.082372,-85.590582,2.6,1.3,1.3,6.5,21.0,5,32.7,0.6422018348623852,0.19877675840978593,0.039755351681957186,0.07951070336391437,0.039755351681957186,SW
MI_EGLE:36-RR-0050,SW,43.119888,-85.562212,2.0,1.3,1.2,3.6,9.6,5,17.7,0.5423728813559322,0.2033898305084746,0.06779661016949153,0.11299435028248588,0.07344632768361582,SW
MI_EGLE:36-RR-0060,SW,43.137541,-85.555807,2.8,0.8,2.0,4.0,4.8,5,14.400000000000002,0.33333333333333326,0.27777777777777773,0.13888888888888887,0.1944444444444444,0.05555555555555555,SW
MI_EGLE:36-RR-0200,SW,43.136032,-85.611068,1.6,1.0,0.59,1.5,4.8,5,9.49,0.5057955742887249,0.15806111696522654,0.06217070600632244,0.16859852476290832,0.1053740779768177,SW
MI_EGLE:36-RR-0300,SW,43.124055,-85.650928,1.3,1.2,0.59,1.8,1.4,5,6.29,0.22257551669316375,0.2861685214626391,0.09379968203497614,0.20667726550079493,0.19077901430842606,SW
MI_EGLE:36-RR-0600,SW,43.160595,-85.689646,1.1,1.1,0.61,1.4,1.1,5,5.3100000000000005,0.2071563088512241,0.263653483992467,0.11487758945386063,0.2071563088512241,0.2071563088512241,SW
MI_EGLE:36-RRPP-0010,SW,43.078679,-85.603222,2.8,1.0,1.3,3.5,2.7,5,11.3,0.23893805309734514,0.30973451327433627,0.11504424778761062,0.247787610619469,0.08849557522123894,SW
MI_EGLE:36-ST-0009,SW,43.03536,-85.55071,1.6,1.5,1.7,0.98,1.1,5,6.880000000000001,0.15988372093023256,0.14244186046511625,0.24709302325581392,0.23255813953488372,0.21802325581395346,SW
MI_EGLE:36-SWL-0010,SW,43.023008,-85.638765,0.9,3.5,1.3,5.5,2.6,5,13.8,0.18840579710144928,0.39855072463768115,0.09420289855072464,0.06521739130434782,0.25362318840579706,SW
MI_EGLE:36-UIL-0060,SW,43.19685,-85.65063,0.96,0.54,0.54,0.93,0.85,5,3.8200000000000003,0.2225130890052356,0.24345549738219896,0.14136125654450263,0.2513089005235602,0.14136125654450263,SW
MI_EGLE:36-URMC-0020,SW,43.126005,-85.545536,7.0,0.0,6.2,11.0,14.0,4,38.2,0.36649214659685864,0.28795811518324604,0.16230366492146597,0.18324607329842932,0.0,SW
MI_EGLE:36-USD-0010,SW,43.142368,-85.730031,1.0,0.0,0.0,2.3,2.7,3,6.0,0.45,0.3833333333333333,0.0,0.16666666666666666,0.0,SW
MI_EGLE:36-UTIM-0009,SW,43.00013,-85.7032,4.6,6.5,7.3,4.2,13.0,5,35.6,0.3651685393258427,0.11797752808988764,0.20505617977528087,0.1292134831460674,0.18258426966292135,SW
MI_EGLE:36-UTRR-0010,SW,43.08282,-85.598818,21.0,10.0,5.7,7.3,0.0,4,44.0,0.0,0.1659090909090909,0.12954545454545455,0.4772727272727273,0.22727272727272727,SW
MI_EGLE:36-VBD-0005,SW,43.30262,-85.70901,0.73,0.56,0.56,0.74,0.0,4,2.5900000000000003,0.0,0.2857142857142857,0.2162162162162162,0.2818532818532818,0.2162162162162162,SW
MI_EGLE:36-VSL-0010,SW,43.059448,-85.577235,9.6,12.0,8.1,11.0,5.0,5,45.7,0.10940919037199125,0.24070021881838072,0.1772428884026258,0.2100656455142232,0.26258205689277897,SW
MI_EGLE:42-BSL-0010,SW,43.351512,-85.521535,0.8,2.5,0.0,4.6,1.1,4,9.0,0.12222222222222223,0.5111111111111111,0.0,0.08888888888888889,0.2777777777777778,SW
MI_EGLE:42-LMR-0090,SW,43.485819,-85.445636,0.7,0.6,0.0,1.8,0.7,4,3.8000000000000003,0.18421052631578944,0.47368421052631576,0.0,0.18421052631578944,0.15789473684210525,SW
MI_EGLE:42-TC-0100,SW,43.3975,-85.4618,0.63,0.0,0.41,0.0,0.51,3,1.5499999999999998,0.3290322580645162,0.0,0.2645161290322581,0.40645161290322585,0.0,SW
MI_EGLE:42-WDL-0010,SW,43.34185,-85.492954,1.8,1.2,0.0,2.5,0.9,4,6.4,0.140625,0.390625,0.0,0.28125,0.18749999999999997,SW
MI_EGLE_WOV:AREA11-RI-1,GW,43.07125160133179,-85.58405076180489,5.3,0.0,4.7,0.0,7.5,3,17.5,0.42857142857142855,0.0,0.26857142857142857,0.3028571428571428,0.0,GW_ambient
MI_EGLE_WOV:AREA11-RI-1A,GW,43.071248567984306,-85.58409689322505,5.2,4.4,4.9,6.5,3.7,5,24.700000000000003,0.14979757085020243,0.2631578947368421,0.19838056680161942,0.21052631578947367,0.17813765182186234,GW_ambient
MI_EGLE_WOV:AREA12-RI-1,GW,43.079579657648885,-85.59612984896032,7.3,3.9,8.7,6.8,4.1,5,30.799999999999997,0.1331168831168831,0.2207792207792208,0.2824675324675325,0.23701298701298704,0.12662337662337664,GW_ambient
MI_EGLE_WOV:AREA12-RI-3,GW,43.07922098035206,-85.59316246498292,8.7,7.0,4.6,4.4,0.0,4,24.7,0.0,0.17813765182186236,0.18623481781376516,0.3522267206477733,0.2834008097165992,GW_ambient
MI_EGLE_WOV:AREA19-MW-11,GW,43.13707130213438,-85.56576487424651,6.9,29.0,3.5,13.0,120.0,5,172.4,0.6960556844547564,0.07540603248259861,0.020301624129930394,0.040023201856148494,0.16821345707656613,GW_ambient
MI_EGLE_WOV:AREA19-MW-12,GW,43.14089743300923,-85.56571125804619,9.7,0.0,5.7,5.4,8.0,4,28.8,0.2777777777777778,0.1875,0.19791666666666666,0.3368055555555555,0.0,GW_ambient
MI_EGLE_WOV:AREA19-MW-13,GW,43.12847836549691,-85.56892717649374,25.0,14.0,8.6,6.8,34.0,5,88.4,0.3846153846153846,0.07692307692307691,0.09728506787330315,0.2828054298642534,0.1583710407239819,GW_ambient
MI_EGLE_WOV:AREA19-MW-13A,GW,43.1284738218044,-85.56890934975276,10.0,11.0,10.0,44.0,22.0,5,97.0,0.2268041237113402,0.4536082474226804,0.10309278350515463,0.10309278350515463,0.1134020618556701,GW_ambient
MI_EGLE_WOV:AREA19-MW-13B,GW,43.12845518944226,-85.5689182851408,29.0,5.3,11.0,12.0,0.0,4,57.3,0.0,0.2094240837696335,0.19197207678883071,0.506108202443281,0.0924956369982548,GW_ambient
MI_EGLE_WOV:AREA19-MW-14,GW,43.13027658655515,-85.58353417045906,14.0,14.0,11.0,44.0,0.0,4,83.0,0.0,0.5301204819277109,0.13253012048192772,0.1686746987951807,0.1686746987951807,GW_ambient
MI_EGLE_WOV:AREA19-MW-14A,GW,43.13027321817885,-85.58356456377817,48.0,46.0,40.0,170.0,0.0,4,304.0,0.0,0.5592105263157895,0.13157894736842105,0.15789473684210525,0.1513157894736842,GW_ambient
MI_EGLE_WOV:AREA19-MW-16,GW,43.13189801762334,-85.57320291408234,5.4,0.0,5.8,13.0,13.0,4,37.2,0.3494623655913978,0.3494623655913978,0.15591397849462363,0.14516129032258066,0.0,GW_ambient
MI_EGLE_WOV:AREA19-MW-16A,GW,43.13190291461721,-85.57326292547968,5.3,0.0,5.3,13.0,13.0,4,36.6,0.3551912568306011,0.3551912568306011,0.1448087431693989,0.1448087431693989,0.0,GW_ambient
MI_EGLE_WOV:AREA19-MW-2,GW,43.12918265271338,-85.57746717528586,19.0,14.0,5.3,37.0,0.0,4,75.3,0.0,0.4913678618857902,0.0703851261620186,0.25232403718459495,0.18592297476759628,GW_ambient
MI_EGLE_WOV:AREA19-MW-221,GW,43.140787410803604,-85.56107722641295,7.2,1.9,4.4,9.6,24.0,5,47.1,0.5095541401273885,0.2038216560509554,0.09341825902335457,0.15286624203821655,0.040339702760084924,GW_ambient
MI_EGLE_WOV:AREA19-MW-221A,GW,43.140787410803604,-85.56107722641295,5.8,5.7,4.1,9.6,44.0,5,69.2,0.6358381502890174,0.13872832369942195,0.05924855491329479,0.0838150289017341,0.08236994219653179,GW_ambient
MI_EGLE_WOV:AREA19-MW-221B,GW,43.140769084987916,-85.56106305030161,5.7,0.0,4.1,6.0,11.0,4,26.8,0.4104477611940298,0.22388059701492538,0.15298507462686564,0.2126865671641791,0.0,GW_ambient
MI_EGLE_WOV:AREA19-MW-222,GW,43.13702782042854,-85.55589394344614,4.9,4.2,4.5,24.0,69.0,5,106.60000000000001,0.647279549718574,0.225140712945591,0.04221388367729831,0.04596622889305816,0.039399624765478425,GW_ambient
MI_EGLE_WOV:AREA19-MW-223,GW,43.13196241002018,-85.56001524683894,13.0,16.0,19.0,140.0,590.0,5,778.0,0.7583547557840618,0.17994858611825193,0.02442159383033419,0.016709511568123392,0.02056555269922879,GW_ambient
MI_EGLE_WOV:AREA19-MW-224,GW,43.12704186366793,-85.5605634334015,9.5,12.0,16.0,23.0,27.0,5,87.5,0.30857142857142855,0.26285714285714284,0.18285714285714286,0.10857142857142857,0.13714285714285715,GW_ambient
MI_EGLE_WOV:AREA19-MW-225,GW,43.150752023895485,-85.56905414927994,3.7,0.0,0.0,6.7,23.0,3,33.4,0.688622754491018,0.2005988023952096,0.0,0.11077844311377247,0.0,GW_ambient
MI_EGLE_WOV:AREA19-MW-225A,GW,43.15073604974531,-85.56906218306547,9.5,0.0,6.3,3.9,15.0,4,34.7,0.4322766570605187,0.11239193083573486,0.18155619596541786,0.2737752161383285,0.0,GW_ambient
MI_EGLE_WOV:AREA19-MW-4,GW,43.13712252065338,-85.57509920533406,18.0,19.0,33.0,110.0,0.0,4,180.0,0.0,0.6111111111111112,0.18333333333333332,0.1,0.10555555555555556,GW_ambient
MI_EGLE_WOV:AREA19-MW-4A,GW,43.13710618708819,-85.57510926453465,24.0,23.0,25.0,83.0,0.0,4,155.0,0.0,0.535483870967742,0.16129032258064516,0.15483870967741936,0.14838709677419354,GW_ambient
MI_EGLE_WOV:AREA19-MW-4B,GW,43.13712252065338,-85.57509920533406,20.0,21.0,33.0,120.0,0.0,4,194.0,0.0,0.6185567010309279,0.17010309278350516,0.10309278350515463,0.10824742268041238,GW_ambient
MI_EGLE_WOV:AREA19-MW-5,GW,43.13176155730326,-85.56784384912525,33.0,3.0,17.0,22.0,13.0,5,88.0,0.14772727272727273,0.25,0.19318181818181818,0.375,0.03409090909090909,GW_ambient
MI_EGLE_WOV:AREA19-MW-7A,GW,43.1466506220743,-85.56490917966106,8.5,0.0,3.7,9.9,12.0,4,34.099999999999994,0.35190615835777134,0.29032258064516137,0.1085043988269795,0.249266862170088,0.0,GW_ambient
MI_EGLE_WOV:AREA19-MW-8A,GW,43.133488083344034,-85.58267246224554,0.0,0.0,4.0,5.3,7.3,3,16.6,0.4397590361445783,0.3192771084337349,0.24096385542168672,0.0,0.0,GW_ambient
MI_EGLE_WOV:AREA19-MW-9,GW,43.137515356054685,-85.58455957641615,7.8,0.0,5.2,5.3,11.0,4,29.3,0.37542662116040953,0.18088737201365188,0.17747440273037543,0.2662116040955631,0.0,GW_ambient
MI_EGLE_WOV:AREA19-RI-2,GW,43.12918265271338,-85.57746717528586,25.0,17.0,14.0,58.0,5.4,5,119.4,0.04522613065326633,0.4857621440536013,0.11725293132328307,0.20938023450586263,0.1423785594639866,GW_ambient
MI_EGLE_WOV:AREA5-RI-5,GW,43.07539249924109,-85.61243837905546,5.5,4.1,0.0,3.8,5.2,4,18.6,0.27956989247311825,0.2043010752688172,0.0,0.29569892473118276,0.2204301075268817,GW_ambient
MI_EGLE_WOV:AREA5-RI-5A,GW,43.07537909518151,-85.61244204707262,3.5,61.0,0.0,8.8,4.5,4,77.8,0.05784061696658098,0.11311053984575836,0.0,0.04498714652956298,0.7840616966580977,GW_ambient
MI_EGLE_WOV:AREA5-RI-6,GW,43.06847941155206,-85.6122034932181,7.4,5.4,4.9,6.8,0.0,4,24.5,0.0,0.27755102040816326,0.2,0.3020408163265306,0.22040816326530613,GW_ambient
MI_EGLE_WOV:AREA5-RI-7,GW,43.07133175189923,-85.61694191472644,6.5,0.0,3.9,4.5,0.0,3,14.9,0.0,0.30201342281879195,0.26174496644295303,0.436241610738255,0.0,GW_ambient
MI_EGLE_WOV:AREA5-RI-8,GW,43.09091139392313,-85.62393482599927,5.5,0.0,4.0,3.5,0.0,3,13.0,0.0,0.2692307692307692,0.3076923076923077,0.4230769230769231,0.0,GW_ambient
MI_EGLE_WOV:AREA5-RI-9,GW,43.0891983193243,-85.62961034004942,5.1,15.0,91.0,15.0,120.0,5,246.1,0.48760666395774077,0.060950832994717596,0.3697683868346201,0.02072328321820398,0.060950832994717596,GW_ambient
MI_EGLE_WOV:Area19-MW-7,GW,43.1466506220743,-85.56490917966106,11.0,4.7,7.9,40.0,99.0,5,162.6,0.6088560885608856,0.24600246002460024,0.04858548585485855,0.06765067650676507,0.02890528905289053,GW_ambient
MI_EGLE_WOV:HS-GW-MW-10M,GW,43.104747083014,-85.61746718685879,8.9,0.0,3.9,10.0,13.0,4,35.8,0.36312849162011174,0.2793296089385475,0.10893854748603353,0.2486033519553073,0.0,GW_ambient
MI_EGLE_WOV:HS-GW-MW-10S,GW,43.104738002313965,-85.61748084903248,3.7,0.0,13.0,21.0,24.0,4,61.7,0.3889789303079416,0.3403565640194489,0.2106969205834684,0.059967585089141004,0.0,GW_ambient
MI_EGLE_WOV:HS-GW-MW-12C,GW,43.0958508431224,-85.6149221295773,130.0,76.0,120.0,190.0,0.0,4,516.0,0.0,0.3682170542635659,0.23255813953488372,0.25193798449612403,0.14728682170542637,GW_ambient
MI_EGLE_WOV:HS-GW-MW-12D,GW,43.09585414820848,-85.61494623631891,140.0,90.0,91.0,170.0,0.0,4,491.0,0.0,0.34623217922606925,0.18533604887983707,0.285132382892057,0.18329938900203666,GW_ambient
MI_EGLE_WOV:HS-GW-MW-15S,GW,43.084290187797116,-85.59534784811966,7.3,0.0,4.0,1.8,0.0,3,13.1,0.0,0.13740458015267176,0.3053435114503817,0.5572519083969466,0.0,GW_ambient
MI_EGLE_WOV:HS-GW-MW-17D,GW,43.09371470555172,-85.61755374868561,420.0,280.0,1000.0,1100.0,76.0,5,2876.0,0.02642559109874826,0.38247566063977745,0.3477051460361613,0.14603616133518776,0.09735744089012517,GW_ambient
MI_EGLE_WOV:HS-GW-MW-18D,GW,43.0903899868909,-85.60762566138251,29.0,22.0,7.2,15.0,0.0,4,73.2,0.0,0.20491803278688525,0.09836065573770492,0.39617486338797814,0.3005464480874317,GW_ambient
MI_EGLE_WOV:HS-GW-MW-1D,GW,43.10840191467285,-85.61978945704317,6.0,0.0,3.5,12.0,5.7,4,27.2,0.20955882352941177,0.4411764705882353,0.1286764705882353,0.22058823529411764,0.0,GW_ambient
MI_EGLE_WOV:HS-GW-MW-1S,GW,43.108388652599274,-85.61978694631846,5.9,3.9,27.0,19.0,29.0,5,84.80000000000001,0.34198113207547165,0.22405660377358488,0.3183962264150943,0.0695754716981132,0.04599056603773584,GW_ambient
MI_EGLE_WOV:HS-GW-MW-20D,GW,43.087883261584714,-85.60278631262987,150.0,100.0,43.0,110.0,0.0,4,403.0,0.0,0.2729528535980149,0.10669975186104218,0.37220843672456577,0.24813895781637718,GW_ambient
MI_EGLE_WOV:HS-GW-MW-20M,GW,43.08788101865713,-85.60283535944144,60.0,34.0,130.0,150.0,29.0,5,403.0,0.07196029776674938,0.37220843672456577,0.3225806451612903,0.1488833746898263,0.08436724565756824,GW_ambient
MI_EGLE_WOV:HS-GW-MW-20S,GW,43.08788058023971,-85.60281870872257,18.0,13.0,13.0,23.0,0.0,4,67.0,0.0,0.34328358208955223,0.19402985074626866,0.26865671641791045,0.19402985074626866,GW_ambient
MI_EGLE_WOV:HS-GW-MW-23A,GW,43.102634438364575,-85.6269469093438,18.0,0.0,19.0,12.0,15.0,4,64.0,0.234375,0.1875,0.296875,0.28125,0.0,GW_ambient
MI_EGLE_WOV:HS-GW-MW-23B,GW,43.10260720950809,-85.62694755224061,14.0,4.4,15.0,8.2,0.0,4,41.6,0.0,0.19711538461538458,0.3605769230769231,0.3365384615384615,0.10576923076923077,GW_ambient
MI_EGLE_WOV:HS-GW-MW-23C,GW,43.102617379738106,-85.62694850827549,280.0,260.0,90.0,30.0,0.0,4,660.0,0.0,0.045454545454545456,0.13636363636363635,0.42424242424242425,0.3939393939393939,GW_ambient
MI_EGLE_WOV:HS-GW-MW-23D,GW,43.102650979007684,-85.6269474721135,140.0,160.0,11.0,5.6,0.0,4,316.6,0.0,0.017687934301958304,0.03474415666456096,0.44219835754895764,0.505369551484523,GW_ambient
MI_EGLE_WOV:HS-GW-MW-25D,GW,43.07583193653123,-85.60105921736547,18.0,12.0,8.2,15.0,42.0,5,95.2,0.4411764705882353,0.15756302521008403,0.08613445378151259,0.18907563025210083,0.12605042016806722,GW_ambient
MI_EGLE_WOV:HS-GW-MW-25S,GW,43.07583402987466,-85.60107754975009,12.0,9.2,5.7,14.0,61.0,5,101.9,0.5986261040235524,0.13738959764474976,0.05593719332679097,0.11776251226692835,0.0902845927379784,GW_ambient
MI_EGLE_WOV:HS-GW-MW-26M,GW,43.07234241376377,-85.61256598238096,5.3,0.0,0.0,5.2,17.0,3,27.5,0.6181818181818182,0.1890909090909091,0.0,0.19272727272727272,0.0,GW_ambient
MI_EGLE_WOV:HS-GW-MW-27A,GW,43.077954635985584,-85.60821937405768,4.0,6.9,5.6,5.1,0.0,4,21.6,0.0,0.23611111111111108,0.25925925925925924,0.18518518518518517,0.3194444444444444,GW_ambient
MI_EGLE_WOV:HS-GW-MW-29A,GW,43.08283054498317,-85.59496349305532,11.0,15.0,35.0,46.0,460.0,5,567.0,0.8112874779541446,0.08112874779541446,0.06172839506172839,0.019400352733686066,0.026455026455026454,GW_ambient
MI_EGLE_WOV:HS-GW-MW-2S,GW,43.109163999600106,-85.62365093449316,140.0,73.0,49.0,10.0,0.0,4,272.0,0.0,0.03676470588235294,0.1801470588235294,0.5147058823529411,0.26838235294117646,GW_ambient
MI_EGLE_WOV:HS-GW-MW-30B,GW,43.07969738982413,-85.59006313628309,7.3,0.0,3.8,4.1,0.0,3,15.2,0.0,0.26973684210526316,0.25,0.48026315789473684,0.0,GW_ambient
MI_EGLE_WOV:HS-GW-MW-31A,GW,43.073282544585176,-85.59007338348742,6.8,4.3,5.3,3.2,0.0,4,19.6,0.0,0.16326530612244897,0.2704081632653061,0.346938775510204,0.21938775510204078,GW_ambient
MI_EGLE_WOV:HS-GW-MW-31B,GW,43.07331348852557,-85.59012845958003,12.0,17.0,13.0,52.0,14.0,5,108.0,0.12962962962962962,0.48148148148148145,0.12037037037037036,0.1111111111111111,0.1574074074074074,GW_ambient
MI_EGLE_WOV:HS-GW-MW-31C,GW,43.07329370655377,-85.59009460360708,15.0,7.3,10.0,7.9,5.2,5,45.4,0.1145374449339207,0.17400881057268724,0.22026431718061676,0.3303964757709251,0.16079295154185022,GW_ambient
MI_EGLE_WOV:HS-GW-MW-31D,GW,43.073322849520515,-85.5901435429368,7.6,4.1,5.3,7.4,7.0,5,31.4,0.2229299363057325,0.23566878980891723,0.16878980891719744,0.24203821656050956,0.1305732484076433,GW_ambient
MI_EGLE_WOV:HS-GW-MW-3S,GW,43.10626785734363,-85.62405822803893,170.0,160.0,880.0,530.0,440.0,5,2180.0,0.2018348623853211,0.24311926605504589,0.4036697247706422,0.0779816513761468,0.07339449541284404,GW_ambient
MI_EGLE_WOV:HS-GW-MW-4S,GW,43.105648170245495,-85.62407346873869,90.0,350.0,4600.0,2300.0,1900.0,5,9240.0,0.20562770562770563,0.24891774891774893,0.49783549783549785,0.00974025974025974,0.03787878787878788,GW_ambient
MI_EGLE_WOV:HS-GW-MW-5D,GW,43.10498829586321,-85.622777061482,5.0,0.0,13.0,8.0,10.0,4,36.0,0.2777777777777778,0.2222222222222222,0.3611111111111111,0.1388888888888889,0.0,GW_ambient
MI_EGLE_WOV:HS-GW-MW-5M,GW,43.10495369751183,-85.62278475151908,1100.0,740.0,4700.0,5600.0,47000.0,5,59140.0,0.7947243828204261,0.09469056476158269,0.0794724382820426,0.018599932363882313,0.012512681772066284,GW_plume
MI_EGLE_WOV:HS-GW-MW-5S,GW,43.10497250527656,-85.62278250137294,1400.0,1300.0,6500.0,9400.0,91000.0,5,109600.0,0.8302919708029197,0.08576642335766424,0.05930656934306569,0.012773722627737226,0.011861313868613138,GW_plume
MI_EGLE_WOV:HS-GW-MW-6S,GW,43.10491183822689,-85.62083890755214,4.7,3.9,15.0,8.3,5.1,5,37.0,0.13783783783783782,0.22432432432432434,0.40540540540540543,0.12702702702702703,0.1054054054054054,GW_ambient
MI_EGLE_WOV:HS-GW-MW-7S,GW,43.10556231998468,-85.61901149803154,4.7,0.0,13.0,5.8,9.2,4,32.7,0.2813455657492354,0.17737003058103973,0.39755351681957185,0.1437308868501529,0.0,GW_ambient
MI_EGLE_WOV:HS-GW-MW-8,GW,43.103829225062576,-85.62201815494532,86.0,31.0,320.0,700.0,120.0,5,1257.0,0.0954653937947494,0.5568814638027049,0.2545743834526651,0.06841686555290374,0.024661893396976928,GW_ambient
MI_EGLE_WOV:HS-GW-MW14S,GW,43.08641593434951,-85.61058990398703,0.0,6.5,0.0,2.3,3.6,3,12.4,0.2903225806451613,0.1854838709677419,0.0,0.0,0.5241935483870968,GW_ambient
MI_EGLE_WOV:HS-GW-MW18D,GW,43.0903899868909,-85.60762566138251,25.0,21.0,6.2,15.0,0.0,4,67.2,0.0,0.2232142857142857,0.09226190476190477,0.37202380952380953,0.3125,GW_ambient
MI_EGLE_WOV:HS-GW-MW1D,GW,43.10840187023253,-85.61978948685987,5.0,0.0,0.0,8.7,3.4,3,17.1,0.19883040935672514,0.5087719298245613,0.0,0.29239766081871343,0.0,GW_ambient
MI_EGLE_WOV:HS-GW-MW1S,GW,43.10838860818574,-85.61978697367813,5.1,5.1,26.0,6.4,12.0,5,54.6,0.21978021978021978,0.11721611721611722,0.47619047619047616,0.0934065934065934,0.0934065934065934,GW_ambient
MI_EGLE_WOV:HS-GW-MW2,GW,43.10916395337198,-85.62365096304221,89.0,50.0,30.0,6.0,0.0,4,175.0,0.0,0.03428571428571429,0.17142857142857143,0.5085714285714286,0.2857142857142857,GW_ambient
MI_EGLE_WOV:HS-GW-MW20D,GW,43.087883261584714,-85.60278631262987,170.0,100.0,46.0,120.0,0.0,4,436.0,0.0,0.27522935779816515,0.10550458715596331,0.38990825688073394,0.22935779816513763,GW_ambient
MI_EGLE_WOV:HS-GW-MW20M,GW,43.08788101865713,-85.60283535944144,69.0,36.0,150.0,170.0,33.0,5,458.0,0.07205240174672489,0.37117903930131,0.32751091703056767,0.15065502183406113,0.07860262008733625,GW_ambient
MI_EGLE_WOV:HS-GW-MW20S,GW,43.08788058023971,-85.60281870872257,18.0,9.3,19.0,22.0,0.0,4,68.3,0.0,0.32210834553440704,0.2781844802342606,0.2635431918008785,0.13616398243045388,GW_ambient
MI_EGLE_WOV:HS-GW-MW23A,GW,43.102634438364575,-85.6269469093438,20.0,4.7,20.0,13.0,4.2,5,61.900000000000006,0.06785137318255251,0.21001615508885296,0.3231017770597738,0.3231017770597738,0.07592891760904684,GW_ambient
MI_EGLE_WOV:HS-GW-MW23B,GW,43.10260720950809,-85.62694755224061,15.0,6.1,19.0,7.5,0.0,4,47.6,0.0,0.15756302521008403,0.3991596638655462,0.31512605042016806,0.12815126050420167,GW_ambient
MI_EGLE_WOV:HS-GW-MW23C,GW,43.102617379738106,-85.62694850827549,260.0,220.0,91.0,30.0,0.0,4,601.0,0.0,0.04991680532445923,0.15141430948419302,0.43261231281198004,0.36605657237936773,GW_ambient
MI_EGLE_WOV:HS-GW-MW23D,GW,43.102650979007684,-85.6269474721135,230.0,240.0,16.0,13.0,0.0,4,499.0,0.0,0.026052104208416832,0.03206412825651302,0.46092184368737477,0.48096192384769537,GW_ambient
MI_EGLE_WOV:HS-GW-MW25D,GW,43.07583193653123,-85.60105921736547,11.0,7.6,7.0,10.0,39.0,5,74.6,0.5227882037533512,0.13404825737265416,0.09383378016085792,0.14745308310991959,0.10187667560321716,GW_ambient
MI_EGLE_WOV:HS-GW-MW25S,GW,43.07583402987466,-85.60107754975009,8.2,6.8,4.5,11.0,57.0,5,87.5,0.6514285714285715,0.12571428571428572,0.05142857142857143,0.09371428571428571,0.07771428571428571,GW_ambient
MI_EGLE_WOV:HS-GW-MW26M,GW,43.07234241376377,-85.61256598238096,4.9,0.0,0.0,5.4,16.0,3,26.299999999999997,0.6083650190114069,0.20532319391634984,0.0,0.18631178707224338,0.0,GW_ambient
MI_EGLE_WOV:HS-GW-MW29,GW,43.082838720176674,-85.5949124407574,15.0,0.0,17.0,9.1,53.0,4,94.1,0.563230605738576,0.09670563230605739,0.18065887353878854,0.15940488841657813,0.0,GW_ambient
MI_EGLE_WOV:HS-GW-MW30A,GW,43.07965299383224,-85.5900987927113,6.8,0.0,3.8,2.5,0.0,3,13.1,0.0,0.19083969465648856,0.2900763358778626,0.5190839694656488,0.0,GW_ambient
MI_EGLE_WOV:HS-GW-MW30B,GW,43.07969738982413,-85.59006313628309,7.4,0.0,3.8,3.5,0.0,3,14.7,0.0,0.2380952380952381,0.2585034013605442,0.5034013605442177,0.0,GW_ambient
MI_EGLE_WOV:HS-GW-MW31A,GW,43.073282544585176,-85.59007338348742,5.5,0.0,7.5,3.8,0.0,3,16.8,0.0,0.22619047619047616,0.4464285714285714,0.3273809523809524,0.0,GW_ambient
MI_EGLE_WOV:HS-GW-MW31B,GW,43.07331348852557,-85.59012845958003,12.0,8.2,11.0,12.0,5.0,5,48.2,0.10373443983402489,0.24896265560165973,0.22821576763485477,0.24896265560165973,0.1701244813278008,GW_ambient
MI_EGLE_WOV:HS-GW-MW31C,GW,43.07329370655377,-85.59009460360708,16.0,6.3,9.5,8.6,5.9,5,46.3,0.12742980561555078,0.1857451403887689,0.20518358531317496,0.3455723542116631,0.13606911447084233,GW_ambient
MI_EGLE_WOV:HS-GW-MW31D,GW,43.073322849520515,-85.5901435429368,11.0,6.4,6.9,7.5,5.3,5,37.1,0.14285714285714285,0.20215633423180593,0.18598382749326145,0.29649595687331537,0.1725067385444744,GW_ambient
MI_EGLE_WOV:HS-GW-MW3S,GW,43.10626781111542,-85.62405825658634,400.0,360.0,1700.0,830.0,24.0,5,3314.0,0.00724200362100181,0.2504526252263126,0.5129752564876282,0.12070006035003017,0.10863005431502716,GW_ambient
MI_EGLE_WOV:HS-GW-MW4,GW,43.10564812491742,-85.62407349730414,55.0,200.0,2900.0,1400.0,3200.0,5,7755.0,0.4126370083816892,0.18052869116698905,0.37395228884590587,0.0070921985815602835,0.025789813023855575,GW_ambient
MI_EGLE_WOV:HS-GW-MW4S,GW,43.10564812491742,-85.62407349730414,33.0,120.0,2100.0,820.0,1100.0,5,4173.0,0.26359932901988975,0.1965013179966451,0.503235082674335,0.007907979870596693,0.02875629043853343,GW_ambient
MI_EGLE_WOV:HS-GW-MW5D,GW,43.104988252349045,-85.62277708885632,0.0,0.0,5.8,3.5,8.3,3,17.6,0.4715909090909091,0.19886363636363635,0.32954545454545453,0.0,0.0,GW_ambient
MI_EGLE_WOV:HS-GW-MW5S,GW,43.10497250527656,-85.62278250137294,1400.0,1300.0,9900.0,8200.0,59000.0,5,79800.0,0.7393483709273183,0.10275689223057644,0.12406015037593984,0.017543859649122806,0.016290726817042606,GW_plume
MI_EGLE_WOV:HS-GW-MW6S,GW,43.1049117946864,-85.62083893738469,34.0,21.0,74.0,43.0,5.0,5,177.0,0.02824858757062147,0.24293785310734464,0.4180790960451977,0.192090395480226,0.11864406779661017,GW_ambient
MI_EGLE_WOV:HS-GW-MW7S,GW,43.1055622737711,-85.61901152535395,4.6,0.0,8.9,2.9,4.7,4,21.1,0.22274881516587677,0.13744075829383884,0.42180094786729855,0.21800947867298576,0.0,GW_ambient
MI_EGLE_WOV:HS-GW-MW8,GW,43.10382917973495,-85.62201818351146,75.0,28.0,390.0,1300.0,99.0,5,1892.0,0.05232558139534884,0.6871035940803383,0.20613107822410148,0.03964059196617336,0.014799154334038054,GW_ambient
MI_EGLE_WOV:HS-MW-10M,GW,43.104747083014,-85.61746718685879,8.5,0.0,4.8,8.4,13.0,4,34.7,0.37463976945244953,0.2420749279538905,0.13832853025936598,0.24495677233429392,0.0,GW_ambient
MI_EGLE_WOV:HS-MW-10S,GW,43.104738002313965,-85.61748084903248,0.0,0.0,6.0,12.0,40.0,3,58.0,0.6896551724137931,0.20689655172413793,0.10344827586206896,0.0,0.0,GW_ambient
MI_EGLE_WOV:HS-MW-12,GW,43.095858584898366,-85.61498493263836,61.0,37.0,13.0,37.0,4.6,5,152.6,0.030144167758846655,0.24246395806028834,0.08519003931847968,0.399737876802097,0.24246395806028834,GW_ambient
MI_EGLE_WOV:HS-MW-13A,GW,43.09321503380176,-85.60674293134342,9.2,4.2,8.6,4.8,0.0,4,26.799999999999997,0.0,0.17910447761194032,0.32089552238805974,0.34328358208955223,0.1567164179104478,GW_ambient
MI_EGLE_WOV:HS-MW-17D,GW,43.09371469487075,-85.61755373741266,430.0,270.0,960.0,1000.0,60.0,5,2720.0,0.022058823529411766,0.36764705882352944,0.35294117647058826,0.15808823529411764,0.09926470588235294,GW_ambient
MI_EGLE_WOV:HS-MW-1D,GW,43.10840191467285,-85.61978945704317,5.6,0.0,0.0,9.1,4.2,3,18.9,0.22222222222222224,0.4814814814814815,0.0,0.2962962962962963,0.0,GW_ambient
MI_EGLE_WOV:HS-MW-1S,GW,43.108388652599274,-85.61978694631846,5.7,5.3,40.0,9.5,4.6,5,65.10000000000001,0.07066052227342548,0.14592933947772654,0.6144393241167434,0.08755760368663594,0.0814132104454685,GW_ambient
MI_EGLE_WOV:HS-MW-2,GW,43.109163999600106,-85.62365093449316,79.0,53.0,46.0,8.8,0.0,4,186.8,0.0,0.047109207708779445,0.24625267665952888,0.4229122055674518,0.2837259100642398,GW_ambient
MI_EGLE_WOV:HS-MW-20D,GW,43.087883261584714,-85.60278631262987,160.0,88.0,42.0,90.0,0.0,4,380.0,0.0,0.23684210526315788,0.11052631578947368,0.42105263157894735,0.23157894736842105,GW_ambient
MI_EGLE_WOV:HS-MW-20M,GW,43.08788103223816,-85.60283535234333,71.0,38.0,160.0,160.0,40.0,5,469.0,0.08528784648187633,0.3411513859275053,0.3411513859275053,0.1513859275053305,0.08102345415778252,GW_ambient
MI_EGLE_WOV:HS-MW-260,GW,43.08307246474947,-85.59393397166252,10.0,4.8,13.0,12.0,230.0,5,269.8,0.8524833209785025,0.044477390659747956,0.048183839881393624,0.037064492216456635,0.017790956263899184,GW_ambient
MI_EGLE_WOV:HS-MW-261,GW,43.082516516406415,-85.59630149818432,18.0,14.0,64.0,56.0,710.0,5,862.0,0.8236658932714617,0.06496519721577726,0.07424593967517401,0.02088167053364269,0.016241299303944315,GW_ambient
MI_EGLE_WOV:HS-MW-262,GW,43.081884795738304,-85.59713378763487,44.0,22.0,61.0,84.0,15.0,5,226.0,0.06637168141592921,0.37168141592920356,0.26991150442477874,0.19469026548672566,0.09734513274336283,GW_ambient
MI_EGLE_WOV:HS-MW-263,GW,43.07593490742818,-85.59778007473665,7.5,4.8,3.9,8.6,7.5,5,32.3,0.2321981424148607,0.26625386996904027,0.12074303405572756,0.2321981424148607,0.14860681114551083,GW_ambient
MI_EGLE_WOV:HS-MW-263A,GW,43.075942982589446,-85.59776888053412,4.2,0.0,0.0,4.1,5.1,3,13.399999999999999,0.3805970149253731,0.30597014925373134,0.0,0.3134328358208956,0.0,GW_ambient
MI_EGLE_WOV:HS-MW-263B,GW,43.07593490742818,-85.59778007473665,5.2,0.0,0.0,4.5,3.8,3,13.5,0.28148148148148144,0.3333333333333333,0.0,0.3851851851851852,0.0,GW_ambient
MI_EGLE_WOV:HS-MW-264,GW,43.07086377548389,-85.59728613919819,3.7,0.0,3.9,8.5,0.0,3,16.1,0.0,0.5279503105590062,0.24223602484472048,0.22981366459627328,0.0,GW_ambient
MI_EGLE_WOV:HS-MW-265,GW,43.060200807467915,-85.60433033382432,8.5,0.0,3.6,4.2,9.7,4,26.0,0.37307692307692303,0.16153846153846155,0.13846153846153847,0.3269230769230769,0.0,GW_ambient
MI_EGLE_WOV:HS-MW-266,GW,43.08414198996294,-85.59711021047197,9.7,4.3,5.2,5.1,0.0,4,24.3,0.0,0.20987654320987653,0.2139917695473251,0.39917695473251025,0.17695473251028807,GW_ambient
MI_EGLE_WOV:HS-MW-266A,GW,43.08414198996294,-85.59711021047197,9.9,4.6,4.0,3.8,0.0,4,22.299999999999997,0.0,0.1704035874439462,0.17937219730941706,0.44394618834080724,0.2062780269058296,GW_ambient
MI_EGLE_WOV:HS-MW-266B,GW,43.084156059008,-85.59710652239494,8.0,4.9,3.8,4.1,0.0,4,20.799999999999997,0.0,0.19711538461538464,0.1826923076923077,0.3846153846153847,0.23557692307692313,GW_ambient
MI_EGLE_WOV:HS-MW-29A,GW,43.08283054498317,-85.59496349305532,9.7,9.1,27.0,34.0,310.0,5,389.8,0.7952796305797845,0.08722421754746024,0.06926629040533606,0.02488455618265777,0.023345305284761416,GW_ambient
MI_EGLE_WOV:HS-MW-30,GW,43.07968234454004,-85.59007507214481,6.7,5.6,4.4,4.1,0.0,4,20.799999999999997,0.0,0.19711538461538464,0.2115384615384616,0.3221153846153847,0.2692307692307693,GW_ambient
MI_EGLE_WOV:HS-MW-3S,GW,43.10626785734363,-85.62405822803893,380.0,350.0,1500.0,690.0,32.0,5,2952.0,0.01084010840108401,0.23373983739837398,0.508130081300813,0.12872628726287264,0.11856368563685638,GW_ambient
MI_EGLE_WOV:HS-MW-4,GW,43.105648170245495,-85.62407346873869,58.0,220.0,3000.0,1500.0,4500.0,5,9278.0,0.4850183229144212,0.16167277430480706,0.3233455486096141,0.006251347273119207,0.02371200689803837,GW_ambient
MI_EGLE_WOV:HS-MW-5S,GW,43.10497254881756,-85.62278247154173,1900.0,1500.0,7500.0,8500.0,42000.0,5,61400.0,0.6840390879478827,0.13843648208469056,0.12214983713355049,0.030944625407166124,0.024429967426710098,GW_plume
MI_EGLE_WOV:HS-MW-6S,GW,43.10491183822689,-85.62083890755214,47.0,31.0,85.0,44.0,8.7,5,215.7,0.04033379694019471,0.20398701900788133,0.3940658321743162,0.21789522484932777,0.14371812702828002,GW_ambient
MI_EGLE_WOV:HS-MW-7S,GW,43.10556231998468,-85.61901149803154,5.1,0.0,11.0,2.9,0.0,3,19.0,0.0,0.15263157894736842,0.5789473684210527,0.26842105263157895,0.0,GW_ambient
MI_EGLE_WOV:HS-MW-8,GW,43.103829225062576,-85.62201815494532,26.0,16.0,150.0,380.0,140.0,5,712.0,0.19662921348314608,0.5337078651685393,0.21067415730337077,0.03651685393258427,0.02247191011235955,GW_ambient
MI_EGLE_WOV:HS-MW27,GW,43.077956600415476,-85.60828283638479,0.0,3.8,0.0,2.5,3.7,3,10.0,0.37,0.25,0.0,0.0,0.38,GW_ambient
MI_EGLE_WOV:HS-MW28,GW,43.07726472338357,-85.60313937565081,6.5,4.1,3.9,2.0,5.7,5,22.200000000000003,0.25675675675675674,0.09009009009009007,0.17567567567567566,0.29279279279279274,0.18468468468468466,GW_ambient
MI_EGLE_WOV:HS-MW31,GW,43.073282544585176,-85.59007338348742,11.0,7.5,8.0,8.0,5.5,5,40.0,0.1375,0.2,0.2,0.275,0.1875,GW_ambient
MI_EGLE_WOV:HS-PMW-16,GW,43.09901334431644,-85.6128397332615,3.9,6.6,0.0,4.1,0.0,3,14.6,0.0,0.28082191780821913,0.0,0.2671232876712329,0.4520547945205479,GW_ambient
MI_EGLE_WOV:HS-PMW-16A,GW,43.09904531818094,-85.61284120228983,10.0,3.6,3.5,7.5,4.3,5,28.900000000000002,0.14878892733564011,0.25951557093425603,0.12110726643598616,0.3460207612456747,0.1245674740484429,GW_ambient
MI_EGLE_WOV:HS-PMW-16B,GW,43.09902894857661,-85.61283997352287,6.7,5.8,0.0,5.2,0.0,3,17.7,0.0,0.2937853107344633,0.0,0.3785310734463277,0.327683615819209,GW_ambient
MI_EGLE_WOV:HS-PMW-RI-101,GW,43.11809456973778,-85.63062273974714,4.2,0.0,0.0,3.5,3.9,3,11.600000000000001,0.3362068965517241,0.3017241379310344,0.0,0.3620689655172413,0.0,GW_ambient
MI_EGLE_WOV:HS-PMW-RI-103,GW,43.09116248061136,-85.6126057884011,23.0,0.0,6.6,4.3,0.0,3,33.9,0.0,0.12684365781710916,0.19469026548672566,0.6784660766961652,0.0,GW_ambient
MI_EGLE_WOV:HS-PMW-RI-103A,GW,43.091176350558094,-85.61259012338354,21.0,5.3,15.0,6.2,0.0,4,47.5,0.0,0.13052631578947368,0.3157894736842105,0.4421052631578947,0.11157894736842106,GW_ambient
MI_EGLE_WOV:HS-PMW-RI-104,GW,43.086174593850686,-85.60574420367129,190.0,130.0,94.0,140.0,14.0,5,568.0,0.02464788732394366,0.24647887323943662,0.16549295774647887,0.3345070422535211,0.22887323943661972,GW_ambient
MI_EGLE_WOV:HS-PMW-RI-104A,GW,43.08613418050955,-85.60576257995427,65.0,8.3,4.8,13.0,21.0,5,112.1,0.1873327386262266,0.11596788581623552,0.04281891168599465,0.5798394290811776,0.07404103479036575,GW_ambient
MI_EGLE_WOV:HS-PMW-RI-104C,GW,43.08615825474589,-85.60574789959564,83.0,54.0,25.0,43.0,0.0,4,205.0,0.0,0.2097560975609756,0.12195121951219512,0.40487804878048783,0.2634146341463415,GW_ambient
MI_EGLE_WOV:HS-PMW-RI-109,GW,43.103524462405915,-85.6145507320648,11.0,0.0,0.0,4.9,8.0,3,23.9,0.3347280334728034,0.20502092050209209,0.0,0.46025104602510464,0.0,GW_ambient
MI_EGLE_WOV:HS-PMW-RI-110,GW,43.07653085803174,-85.58956333995908,6.4,21.0,4.3,3.9,4.6,5,40.2,0.11442786069651739,0.09701492537313432,0.10696517412935322,0.15920398009950248,0.5223880597014925,GW_ambient
MI_EGLE_WOV:HS-PMW-RI-110A,GW,43.07651410094613,-85.58956380988782,18.0,8.9,9.5,9.0,0.0,4,45.4,0.0,0.19823788546255508,0.20925110132158592,0.39647577092511016,0.19603524229074892,GW_ambient
MI_EGLE_WOV:HS-PMW-RI-111,GW,43.06710754672756,-85.59049742344702,12.0,7.5,10.0,15.0,29.0,5,73.5,0.3945578231292517,0.20408163265306123,0.1360544217687075,0.16326530612244897,0.10204081632653061,GW_ambient
MI_EGLE_WOV:HS-PMW-RI-111A,GW,43.06711074787346,-85.59050641167603,6.7,5.6,7.4,16.0,33.0,5,68.7,0.4803493449781659,0.2328966521106259,0.10771470160116449,0.0975254730713246,0.08151382823871905,GW_ambient
MI_EGLE_WOV:HS-PMW-RI-111B,GW,43.06709977537218,-85.59049073665554,11.0,5.3,5.0,5.7,6.6,5,33.6,0.1964285714285714,0.16964285714285715,0.1488095238095238,0.3273809523809524,0.15773809523809523,GW_ambient
MI_EGLE_WOV:HS-PMW-RI-112,GW,43.064278535070464,-85.58882003757971,3.7,5.5,5.5,4.6,7.0,5,26.3,0.2661596958174905,0.17490494296577944,0.2091254752851711,0.14068441064638784,0.2091254752851711,GW_ambient
MI_EGLE_WOV:HS-PMW-RI-112A,GW,43.06427988662904,-85.58883803582302,5.5,6.3,7.8,11.0,18.0,5,48.599999999999994,0.3703703703703704,0.2263374485596708,0.16049382716049385,0.1131687242798354,0.12962962962962965,GW_ambient
MI_EGLE_WOV:HS-SB-009,GW,43.10892523012274,-85.62347203245031,930.0,760.0,5800.0,7900.0,7300.0,5,22690.0,0.32172763331864257,0.3481710004407228,0.255619215513442,0.04098721903922433,0.03349493168796827,GW_ambient
MI_EGLE_WOV:HS-SB-1014,GW,43.10666958866819,-85.62264087765051,500.0,410.0,3500.0,3600.0,63000.0,5,71010.0,0.8871989860583016,0.050697084917617236,0.049288832558794536,0.007041261794113505,0.005773834671173074,GW_plume
MI_EGLE_WOV:HS-SB-108,GW,43.10892210296164,-85.62278080159287,390.0,630.0,3300.0,2700.0,26000.0,5,33020.0,0.7874015748031497,0.08176862507571168,0.09993943064809206,0.011811023622047244,0.019079345850999394,GW_plume
MI_EGLE_WOV:HS-SB-117,GW,43.107755299609046,-85.62100507025743,0.0,0.0,11.0,2.8,26.0,3,39.8,0.6532663316582915,0.07035175879396985,0.2763819095477387,0.0,0.0,GW_ambient
MI_EGLE_WOV:HS-SB-131,GW,43.10810632451314,-85.62292988071624,18.0,45.0,240.0,260.0,100.0,5,663.0,0.15082956259426847,0.39215686274509803,0.36199095022624433,0.027149321266968326,0.06787330316742081,GW_ambient
MI_EGLE_WOV:HS-SB-132,GW,43.108004164196714,-85.62280203263907,120.0,110.0,1700.0,1800.0,18000.0,5,21730.0,0.8283479061205706,0.08283479061205706,0.07823285780027611,0.005522319374137137,0.0050621260929590425,GW_plume
MI_EGLE_WOV:HS-SB-206,GW,43.107389396431614,-85.6217556153102,7.0,0.0,49.0,5.9,14.0,4,75.9,0.1844532279314888,0.077733860342556,0.6455862977602107,0.0922266139657444,0.0,GW_ambient
MI_EGLE_WOV:HS-SB-208,GW,43.105275530649564,-85.621647364031,3800.0,3500.0,31000.0,32000.0,250000.0,5,320300.0,0.7805182641273806,0.09990633780830471,0.09678426475179519,0.011863877614736186,0.010927255697783328,GW_plume
MI_EGLE_WOV:HS-SB-211,GW,43.108227041186865,-85.61580335021543,5.6,0.0,8.4,0.0,16.0,3,30.0,0.5333333333333333,0.0,0.28,0.18666666666666665,0.0,GW_ambient
MI_EGLE_WOV:HS-SB-214,GW,43.10825442312583,-85.61949870424016,0.0,5.2,41.0,63.0,230.0,4,339.2,0.6780660377358491,0.1857311320754717,0.12087264150943397,0.0,0.015330188679245285,GW_ambient
MI_EGLE_WOV:HS-SB-219,GW,43.10742184182577,-85.61723824360848,5.1,0.0,20.0,9.3,21.0,4,55.4,0.37906137184115524,0.16787003610108306,0.36101083032490977,0.09205776173285198,0.0,GW_ambient
MI_EGLE_WOV:HS-SB-221,GW,43.108227041186865,-85.61580335021543,0.0,0.0,4.9,3.2,26.0,3,34.1,0.7624633431085044,0.093841642228739,0.1436950146627566,0.0,0.0,GW_ambient
MI_EGLE_WOV:HS-SB-222,GW,43.10763403538621,-85.61629623088237,5.7,9.7,0.0,16.0,52.0,4,83.4,0.6235011990407674,0.19184652278177458,0.0,0.06834532374100719,0.11630695443645082,GW_ambient
MI_EGLE_WOV:HS-SB-421,GW,43.10583499715473,-85.62351607041428,190.0,1300.0,7100.0,10000.0,52000.0,5,70590.0,0.7366482504604052,0.14166312508853945,0.10058081881286302,0.0026915993766822494,0.01841620626151013,GW_plume
MI_EGLE_WOV:HS-SB-4803,GW,43.10972942046178,-85.6246560873348,5.8,0.0,29.0,3.0,15.0,4,52.8,0.2840909090909091,0.05681818181818182,0.5492424242424243,0.10984848484848485,0.0,GW_ambient
MI_EGLE_WOV:HS-SB-4805,GW,43.11006270316495,-85.62420429470465,5.9,0.0,9.4,11.0,11.0,4,37.3,0.29490616621983917,0.29490616621983917,0.2520107238605898,0.15817694369973193,0.0,GW_ambient
MI_EGLE_WOV:HS-SB-4904,GW,43.107573416081124,-85.6245671355,4.7,0.0,15.0,3.0,19.0,4,41.7,0.45563549160671457,0.07194244604316546,0.3597122302158273,0.11270983213429256,0.0,GW_ambient
MI_EGLE_WOV:HS-SB-4915,GW,43.10774197573604,-85.62403181444297,0.0,0.0,4.0,8.8,13.0,3,25.8,0.5038759689922481,0.34108527131782945,0.15503875968992248,0.0,0.0,GW_ambient
MI_EGLE_WOV:HS-SB-521,GW,43.10672983120086,-85.6200470885156,360.0,970.0,5700.0,6200.0,130000.0,5,143230.0,0.9076310828736996,0.043287020875514906,0.039796132095231446,0.0025134399218040915,0.006772324233749912,GW_plume
MI_EGLE_WOV:HS-SB-914,GW,43.10544755939075,-85.62183541803073,2900.0,3800.0,33000.0,35000.0,320000.0,5,394700.0,0.8107423359513555,0.0886749429946795,0.08360780339498353,0.007347352419559159,0.009627565239422346,GW_plume
MI_EGLE_WOV:HS-SB-935,GW,43.105131790241316,-85.62168928779587,4900.0,3700.0,23000.0,25000.0,93000.0,5,149600.0,0.6216577540106952,0.16711229946524064,0.1537433155080214,0.032754010695187165,0.024732620320855617,GW_plume
MI_EGLE_WOV:HS-SB-937,GW,43.105077272819074,-85.62194444677745,7400.0,5000.0,41000.0,58000.0,340000.0,5,451400.0,0.7532122286220647,0.1284891448825875,0.09082853345148427,0.01639344262295082,0.011076650420912717,GW_plume
MI_EGLE_WOV:HS-SB-939,GW,43.105240830776424,-85.62194184655912,4400.0,4100.0,30000.0,47000.0,400000.0,5,485500.0,0.82389289392379,0.09680741503604531,0.061791967044284246,0.00906282183316169,0.008444902162718846,GW_plume
MI_EGLE_WOV:HS-SB-941,GW,43.105311143642695,-85.62187579366027,3000.0,3000.0,33000.0,31000.0,300000.0,5,370000.0,0.8108108108108109,0.08378378378378379,0.0891891891891892,0.008108108108108109,0.008108108108108109,GW_plume
MI_EGLE_WOV:HS-SB-943,GW,43.10521674747487,-85.62177834494793,8200.0,7000.0,62000.0,79000.0,330000.0,5,486200.0,0.6787330316742082,0.16248457424928014,0.12751953928424517,0.01686548745372275,0.014397367338543809,GW_plume
MI_EGLE_WOV:HS-SB-945,GW,43.10534107761561,-85.6217717440723,5000.0,4600.0,37000.0,52000.0,350000.0,5,448600.0,0.780205082478823,0.115916183682568,0.08247882300490414,0.011145786892554615,0.010254123941150245,GW_plume
MI_EGLE_WOV:HS-SB-947,GW,43.10536846762474,-85.62201107008053,1400.0,1700.0,21000.0,16000.0,160000.0,5,200100.0,0.7996001999000499,0.079960019990005,0.10494752623688156,0.0069965017491254375,0.00849575212393803,GW_plume
MI_EGLE_WOV:HS-SB-949,GW,43.10526919018313,-85.62202255087352,2400.0,2800.0,21000.0,30000.0,520000.0,5,576200.0,0.9024644220756681,0.05206525511975009,0.03644567858382506,0.004165220409580007,0.004859423811176675,GW_plume
MI_EGLE_WOV:HS-SB-950,GW,43.105409610789934,-85.62218929914779,1100.0,2800.0,31000.0,16000.0,130000.0,5,180900.0,0.718629076838032,0.08844665561083472,0.17136539524599226,0.006080707573244887,0.015478164731896076,GW_plume
MI_EGLE_WOV:HS-SB-951,GW,43.105148681118074,-85.62203119494528,5000.0,3700.0,29000.0,40000.0,310000.0,5,387700.0,0.7995873097755997,0.10317255610007738,0.0748001031725561,0.012896569512509672,0.009543461439257158,GW_plume
MI_EGLE_WOV:HS-SB-952,GW,43.10528892248647,-85.62222002918031,0.0,2000.0,39000.0,21000.0,400000.0,4,462000.0,0.8658008658008658,0.045454545454545456,0.08441558441558442,0.0,0.004329004329004329,GW_plume
MI_EGLE_WOV:HS-SB-953,GW,43.105016053007134,-85.62209701997234,4200.0,2600.0,23000.0,28000.0,230000.0,5,287800.0,0.7991660875608061,0.09728978457261987,0.07991660875608061,0.014593467685892982,0.009034051424600417,GW_plume
MI_EGLE_WOV:HS-SB-954,GW,43.10516473789639,-85.62223497509696,5900.0,4500.0,46000.0,39000.0,200000.0,5,295400.0,0.6770480704129993,0.13202437373053486,0.15572105619498985,0.01997291807718348,0.015233581584292485,GW_plume
MI_EGLE_WOV:HS-SB-956,GW,43.104921363767716,-85.62233273557365,2400.0,2100.0,4700.0,4900.0,33000.0,5,47100.0,0.7006369426751592,0.1040339702760085,0.09978768577494693,0.050955414012738856,0.044585987261146494,GW_plume
MI_EGLE_WOV:HS-SB-T2-030,GW,43.108904746437595,-85.62376813600869,400.0,230.0,1500.0,2100.0,34000.0,5,38230.0,0.8893539105414596,0.05493068270991368,0.03923620193565263,0.010462987182840701,0.006016217630133403,GW_plume
MI_EGLE_WOV:HS-SB-T2-038,GW,43.10866305003492,-85.62229001661181,75.0,120.0,1200.0,1700.0,11000.0,5,14095.0,0.7804185881518269,0.12061014544164597,0.08513657325292658,0.005321035828307911,0.008513657325292657,GW_plume
MI_EGLE_WOV:HS-SB-T2-039,GW,43.10844199492895,-85.62263529325787,130.0,150.0,1100.0,1600.0,23000.0,5,25980.0,0.8852963818321786,0.061585835257890686,0.042340261739799843,0.0050038491147036184,0.005773672055427252,GW_plume
MI_EGLE_WOV:HS-SB-T2-046,GW,43.10834023818112,-85.62248408302732,190.0,130.0,1500.0,1900.0,6800.0,5,10520.0,0.6463878326996197,0.1806083650190114,0.14258555133079848,0.01806083650190114,0.012357414448669201,GW_ambient
MI_EGLE_WOV:HS-SB-T6-009,GW,43.10878242945165,-85.62278908022367,170.0,310.0,2800.0,2800.0,12000.0,5,18080.0,0.6637168141592921,0.15486725663716813,0.15486725663716813,0.009402654867256638,0.017146017699115043,GW_plume
MI_EGLE_WOV:HS-SB-T6-024,GW,43.10858979093848,-85.62279305956012,190.0,140.0,410.0,420.0,1100.0,5,2260.0,0.48672566371681414,0.18584070796460178,0.18141592920353983,0.084070796460177,0.061946902654867256,GW_ambient
MI_EGLE_WOV:HS-SB-T6-025,GW,43.10884509488348,-85.62242424817386,66.0,160.0,1100.0,1500.0,16000.0,5,18826.0,0.8498884521406566,0.07967704238818656,0.05842983108467014,0.003505789865080208,0.008498884521406565,GW_plume
MI_EGLE_WOV:HS-SB-T6-036,GW,43.108441325627616,-85.62254011045356,410.0,530.0,2900.0,5400.0,70000.0,5,79240.0,0.8833922261484098,0.06814740030287733,0.03659767794043412,0.005174154467440686,0.00668854114083796,GW_plume
MI_EGLE_WOV:HS-SB-T6-037,GW,43.10867057674192,-85.62244702567315,0.0,79.0,800.0,1600.0,17000.0,4,19479.0,0.8727347399763848,0.08213974023307151,0.041069870116535755,0.0,0.004055649674007906,GW_plume
MI_EGLE_WOV:HS-SB-T6-040,GW,43.1085102043952,-85.62266409752442,150.0,86.0,430.0,490.0,9100.0,5,10256.0,0.8872854914196567,0.04777691107644306,0.04192667706708268,0.014625585023400936,0.008385335413416536,GW_ambient
MI_EGLE_WOV:HS-SB-T6-042,GW,43.1084369622898,-85.62249369284554,460.0,400.0,1400.0,1600.0,23000.0,5,26860.0,0.8562918838421445,0.05956813104988831,0.05212211466865227,0.01712583767684289,0.014892032762472078,GW_plume
MI_EGLE_WOV:HS-SB-T6-046,GW,43.10834023818112,-85.62248408302732,200.0,140.0,1400.0,1800.0,6000.0,5,9540.0,0.6289308176100629,0.18867924528301888,0.14675052410901468,0.020964360587002098,0.014675052410901468,GW_ambient
MI_EGLE_WOV:HS-SB-T6-050,GW,43.10836189095072,-85.62230388698734,47.0,49.0,490.0,760.0,2000.0,5,3346.0,0.5977286312014346,0.22713687985654513,0.14644351464435146,0.014046622833233711,0.014644351464435146,GW_ambient
MI_EGLE_WOV:HS-SB-T6-102,GW,43.1085343662454,-85.61986053461472,140.0,170.0,1500.0,1300.0,47000.0,5,50110.0,0.9379365396128517,0.02594292556375973,0.029934144881261227,0.0027938535222510478,0.003392536419876272,GW_plume
MI_EGLE_WOV:HS-SB-T6-104,GW,43.10867600030889,-85.61982262509483,390.0,330.0,2200.0,2300.0,36000.0,5,41220.0,0.8733624454148472,0.05579815623483746,0.053372149442018436,0.009461426491994178,0.008005822416302766,GW_plume
MI_EGLE_WOV:HS-SB-T6-116,GW,43.10824678524272,-85.62005499123323,4.9,17.0,50.0,140.0,1100.0,5,1311.9,0.8384785425718423,0.10671545087277994,0.03811266102599283,0.003735040780547298,0.012958304748837563,GW_ambient
MI_EGLE_WOV:HS-SB-T6-117,GW,43.10824603292118,-85.61996194150153,5.6,16.0,72.0,160.0,710.0,5,963.6,0.7368202573682026,0.16604400166044,0.074719800747198,0.0058115400581154,0.016604400166044,GW_ambient
MI_EGLE_WOV:HS-SB-T6-118,GW,43.10824505005652,-85.61987169730419,0.0,29.0,280.0,460.0,16000.0,4,16769.0,0.9541415707555608,0.027431570159222374,0.016697477488222316,0.0,0.001729381596994454,GW_plume
MI_EGLE_WOV:HS-SB-T6-119,GW,43.10824903309526,-85.61977717217515,4.3,6.4,48.0,100.0,2500.0,5,2658.7000000000003,0.9403091736562981,0.037612366946251925,0.018053936134200924,0.0016173317786888327,0.0024071914845601233,GW_ambient
MI_EGLE_WOV:HS-SB-T6-122,GW,43.10827522997168,-85.61939096242375,8.6,6.9,260.0,150.0,56.0,5,481.5,0.11630321910695743,0.3115264797507788,0.5399792315680166,0.017860851505711317,0.014330218068535827,GW_ambient
MI_EGLE_WOV:MW-1,GW,43.12288482314642,-85.56129065201897,1500.0,64.0,260.0,690.0,2500.0,5,5014.0,0.49860390905464697,0.13761467889908258,0.051854806541683285,0.2991623454327882,0.012764260071798962,GW_ambient
MI_EGLE_WOV:MW-104,GW,43.122455406866216,-85.5605443440874,900.0,350.0,1100.0,3600.0,27000.0,5,32950.0,0.8194233687405159,0.10925644916540213,0.03338391502276176,0.027314112291350532,0.010622154779969651,GW_plume
MI_EGLE_WOV:MW-10A,GW,43.104738002313965,-85.61748084903248,0.0,0.0,8.0,15.0,37.0,3,60.0,0.6166666666666667,0.25,0.13333333333333333,0.0,0.0,GW_ambient
MI_EGLE_WOV:MW-10B,GW,43.104747083014,-85.61746718685879,8.4,0.0,4.5,9.3,12.0,4,34.2,0.3508771929824561,0.2719298245614035,0.13157894736842105,0.24561403508771928,0.0,GW_ambient
MI_EGLE_WOV:MW-10M,GW,43.104747083014,-85.61746718685879,6.2,0.0,5.2,7.3,12.0,4,30.7,0.39087947882736157,0.23778501628664495,0.1693811074918567,0.20195439739413681,0.0,GW_ambient
MI_EGLE_WOV:MW-10S,GW,43.104738002313965,-85.61748084903248,4.0,0.0,10.0,14.0,41.0,4,69.0,0.5942028985507246,0.2028985507246377,0.14492753623188406,0.057971014492753624,0.0,GW_ambient
MI_EGLE_WOV:MW-110,GW,43.12409322682439,-85.56086451287467,480.0,1000.0,2700.0,9700.0,36000.0,5,49880.0,0.7217321571772254,0.19446672012830793,0.0541299117882919,0.009623095429029671,0.020048115477145148,GW_plume
MI_EGLE_WOV:MW-111,GW,43.12433958648475,-85.56054335968764,550.0,270.0,1000.0,3100.0,3500.0,5,8420.0,0.4156769596199525,0.3681710213776722,0.1187648456057007,0.06532066508313539,0.032066508313539195,GW_ambient
MI_EGLE_WOV:MW-17D,GW,43.09371470555172,-85.61755374868561,440.0,420.0,1200.0,1300.0,72.0,5,3432.0,0.02097902097902098,0.3787878787878788,0.34965034965034963,0.1282051282051282,0.12237762237762238,GW_ambient
MI_EGLE_WOV:MW-18D,GW,43.0903899868909,-85.60762566138251,24.0,19.0,5.8,9.2,0.0,4,58.0,0.0,0.1586206896551724,0.09999999999999999,0.41379310344827586,0.3275862068965517,GW_ambient
MI_EGLE_WOV:MW-1D,GW,43.10840191467285,-85.61978945704317,4.6,0.0,3.5,8.1,0.0,3,16.2,0.0,0.5,0.2160493827160494,0.2839506172839506,0.0,GW_ambient
MI_EGLE_WOV:MW-1S,GW,43.108388652599274,-85.61978694631846,5.7,6.4,39.0,7.9,0.0,4,59.0,0.0,0.13389830508474576,0.6610169491525424,0.09661016949152543,0.10847457627118645,GW_ambient
MI_EGLE_WOV:MW-2,GW,43.109163999600106,-85.62365093449316,91.0,69.0,37.0,4.8,38000.0,5,38201.8,0.9947175263992796,0.00012564852965043531,0.0009685407493887722,0.0023820867079561692,0.0018061976137250075,GW_plume
MI_EGLE_WOV:MW-20S,GW,43.08788058023971,-85.60281870872257,15.0,6.8,14.0,16.0,0.0,4,51.8,0.0,0.3088803088803089,0.2702702702702703,0.2895752895752896,0.1312741312741313,GW_ambient
MI_EGLE_WOV:MW-3,GW,43.123387518093004,-85.56034885654816,490.0,310.0,410.0,3100.0,11000.0,5,15310.0,0.7184846505551927,0.20248203788373612,0.026779882429784456,0.03200522534291313,0.020248203788373612,GW_plume
MI_EGLE_WOV:MW-301B,GW,43.122040454112906,-85.56119562684631,890.0,2600.0,1900.0,21000.0,48000.0,5,74390.0,0.6452480172066138,0.2822960075278935,0.025541067347761796,0.011963973652372631,0.034950934265358245,GW_plume
MI_EGLE_WOV:MW-301C,GW,43.122024258792116,-85.56120280536828,1200.0,9800.0,6100.0,99000.0,320000.0,5,436100.0,0.7337766567301077,0.22701215317587708,0.013987617518917679,0.002751662462737904,0.02247191011235955,GW_plume
MI_EGLE_WOV:MW-302A,GW,43.122694279181054,-85.5614555377623,2900.0,290.0,500.0,1700.0,8800.0,5,14190.0,0.6201550387596899,0.11980267794221283,0.035236081747709654,0.204369274136716,0.0204369274136716,GW_ambient
MI_EGLE_WOV:MW-302B,GW,43.122696696862775,-85.5614705692199,2800.0,990.0,1300.0,6600.0,20000.0,5,31690.0,0.6311139160618492,0.20826759230041023,0.041022404544020195,0.08835594824865889,0.031240138845061535,GW_plume
MI_EGLE_WOV:MW-303A,GW,43.123118480429895,-85.56189456717712,17000.0,1300.0,2500.0,5500.0,45000.0,5,71300.0,0.6311360448807855,0.07713884992987377,0.03506311360448808,0.23842917251051893,0.0182328190743338,GW_plume
MI_EGLE_WOV:MW-303B,GW,43.12310746727758,-85.56189809990245,12000.0,1800.0,2400.0,7900.0,29000.0,5,53100.0,0.5461393596986818,0.1487758945386064,0.04519774011299435,0.22598870056497175,0.03389830508474576,GW_plume
MI_EGLE_WOV:MW-303C,GW,43.12309555916466,-85.56190536145913,7500.0,3200.0,2200.0,9300.0,23000.0,5,45200.0,0.5088495575221239,0.20575221238938052,0.048672566371681415,0.16592920353982302,0.07079646017699115,GW_plume
MI_EGLE_WOV:MW-303D,GW,43.12308174649302,-85.56189760138788,4.3,4.7,0.0,3.0,7.9,4,19.9,0.39698492462311563,0.15075376884422112,0.0,0.21608040201005027,0.2361809045226131,GW_ambient
MI_EGLE_WOV:MW-304A,GW,43.12348492522631,-85.56109248992982,2600.0,1300.0,1400.0,5100.0,79000.0,5,89400.0,0.883668903803132,0.05704697986577181,0.015659955257270694,0.029082774049217,0.0145413870246085,GW_plume
MI_EGLE_WOV:MW-304B,GW,43.12348113752057,-85.56107743176042,140.0,200.0,110.0,240.0,860.0,5,1550.0,0.5548387096774193,0.15483870967741936,0.07096774193548387,0.09032258064516129,0.12903225806451613,GW_ambient
MI_EGLE_WOV:MW-305B,GW,43.12340912372427,-85.56043169108979,16000.0,33000.0,5400.0,35000.0,29000.0,5,118400.0,0.24493243243243243,0.2956081081081081,0.04560810810810811,0.13513513513513514,0.27871621621621623,GW_plume
MI_EGLE_WOV:MW-305C,GW,43.12340917893608,-85.5604429307487,18000.0,27000.0,6300.0,47000.0,43000.0,5,141300.0,0.3043170559094126,0.3326256192498231,0.044585987261146494,0.12738853503184713,0.1910828025477707,GW_plume
MI_EGLE_WOV:MW-306A,GW,43.12360262651737,-85.56067519429395,1300.0,590.0,930.0,3700.0,9500.0,5,16020.0,0.5930087390761548,0.23096129837702872,0.05805243445692884,0.08114856429463171,0.03682896379525593,GW_ambient
MI_EGLE_WOV:MW-306B,GW,43.123589196519205,-85.56066369563752,3400.0,1600.0,1400.0,8900.0,9300.0,5,24600.0,0.3780487804878049,0.3617886178861789,0.056910569105691054,0.13821138211382114,0.06504065040650407,GW_ambient
MI_EGLE_WOV:MW-307A,GW,43.12372128985553,-85.5610071588717,150.0,130.0,31.0,170.0,12.0,5,493.0,0.02434077079107505,0.3448275862068966,0.06288032454361055,0.30425963488843816,0.26369168356997974,GW_ambient
MI_EGLE_WOV:MW-307B,GW,43.123714640923396,-85.5610032838827,660.0,440.0,1300.0,4500.0,4000.0,5,10900.0,0.3669724770642202,0.41284403669724773,0.11926605504587157,0.060550458715596334,0.04036697247706422,GW_ambient
MI_EGLE_WOV:MW-308A,GW,43.12385103546999,-85.56066876536445,310.0,1200.0,1000.0,11000.0,19000.0,5,32510.0,0.584435558289757,0.3383574284835435,0.030759766225776683,0.009535527529990772,0.03691171947093202,GW_plume
MI_EGLE_WOV:MW-309A,GW,43.12163632012424,-85.56125148232212,340.0,230.0,540.0,4000.0,13000.0,5,18110.0,0.7178354500276091,0.22087244616234125,0.02981778023191607,0.018774157923799006,0.012700165654334622,GW_plume
MI_EGLE_WOV:MW-309B,GW,43.121623115431746,-85.5612512265363,350.0,210.0,550.0,2800.0,21000.0,5,24910.0,0.8430349257326375,0.11240465676435167,0.022079486150140507,0.014050582095543959,0.008430349257326376,GW_plume
MI_EGLE_WOV:MW-309C,GW,43.121609592321576,-85.56123223414308,710.0,650.0,1200.0,8100.0,21000.0,5,31660.0,0.6632975363234365,0.2558433354390398,0.03790271636133923,0.02242577384712571,0.02053063802905875,GW_plume
MI_EGLE_WOV:MW-309D,GW,43.121595875463335,-85.56123196844061,610.0,1000.0,1200.0,11000.0,62000.0,5,75810.0,0.8178340588312888,0.14509959108297057,0.015829046299960427,0.008046431869146551,0.013190871916633689,GW_plume
MI_EGLE_WOV:MW-310A,GW,43.12161240973739,-85.56071992516547,230.0,100.0,190.0,620.0,1300.0,5,2440.0,0.5327868852459017,0.2540983606557377,0.0778688524590164,0.0942622950819672,0.040983606557377046,GW_ambient
MI_EGLE_WOV:MW-310B,GW,43.12159536394088,-85.56072300445358,130.0,83.0,220.0,680.0,2100.0,5,3213.0,0.6535947712418301,0.21164021164021163,0.06847183317771553,0.04046062869592281,0.02583255524431995,GW_ambient
MI_EGLE_WOV:MW-310C,GW,43.12158380996988,-85.56072330922605,170.0,300.0,16.0,83.0,6.0,5,575.0,0.010434782608695653,0.1443478260869565,0.02782608695652174,0.2956521739130435,0.5217391304347826,GW_ambient
MI_EGLE_WOV:MW-3S,GW,43.10626785734363,-85.62405822803893,280.0,210.0,1100.0,520.0,17.0,5,2127.0,0.007992477668077104,0.2444757874941232,0.5171603196991067,0.1316408086506817,0.09873060648801128,GW_ambient
MI_EGLE_WOV:MW-4,GW,43.105648170245495,-85.62407346873869,160.0,550.0,6000.0,2700.0,5900.0,5,15310.0,0.3853690398432397,0.17635532331809275,0.3919007184846506,0.010450685826257348,0.035924232527759635,GW_ambient
MI_EGLE_WOV:MW-4S,GW,43.105648170245495,-85.62407346873869,170.0,730.0,3200.0,1500.0,3600.0,5,9200.0,0.391304347826087,0.16304347826086957,0.34782608695652173,0.01847826086956522,0.07934782608695652,GW_ambient
MI_EGLE_WOV:MW-5,GW,43.10497254881756,-85.62278247154173,330.0,510.0,980.0,3300.0,14000.0,5,19120.0,0.7322175732217573,0.17259414225941422,0.051255230125523014,0.017259414225941423,0.026673640167364017,GW_plume
MI_EGLE_WOV:MW-5D,GW,43.10498829586321,-85.622777061482,6.3,7.7,17.0,9.1,21.0,5,61.1,0.3436988543371522,0.14893617021276595,0.27823240589198034,0.10310965630114566,0.1260229132569558,GW_ambient
MI_EGLE_WOV:MW-5M,GW,43.10495369751183,-85.62278475151908,1200.0,810.0,5600.0,6200.0,81000.0,5,94810.0,0.854340259466301,0.06539394578630946,0.05906549941989241,0.01265689273283409,0.00854340259466301,GW_plume
MI_EGLE_WOV:MW-5S,GW,43.10497254881756,-85.62278247154173,1600.0,1300.0,8200.0,7400.0,41000.0,5,59500.0,0.6890756302521008,0.12436974789915967,0.13781512605042018,0.02689075630252101,0.021848739495798318,GW_plume
MI_EGLE_WOV:MW-6S,GW,43.10491183822689,-85.62083890755214,5.1,6.5,48.0,28.0,4.8,5,92.39999999999999,0.05194805194805195,0.30303030303030304,0.5194805194805195,0.0551948051948052,0.07034632034632035,GW_ambient
MI_EGLE_WOV:MW-7,GW,43.10556231998468,-85.61901149803154,4.6,0.0,6.4,2.3,3.5,4,16.799999999999997,0.20833333333333337,0.13690476190476192,0.38095238095238104,0.27380952380952384,0.0,GW_ambient
MI_EGLE_WOV:MW-7S,GW,43.10556231998468,-85.61901149803154,0.0,0.0,6.9,3.3,4.7,3,14.9,0.31543624161073824,0.22147651006711408,0.46308724832214765,0.0,0.0,GW_ambient
MI_EGLE_WOV:MW-8,GW,43.103829225062576,-85.62201815494532,100.0,49.0,280.0,620.0,45.0,5,1094.0,0.04113345521023766,0.56672760511883,0.25594149908592323,0.09140767824497258,0.044789762340036565,GW_ambient
MI_EGLE_WOV:MW-WV-1,GW,43.12495369887174,-85.59215279640419,32.0,65.0,810.0,2800.0,6100.0,5,9807.0,0.6220046905271744,0.28551034975017847,0.08259406546344447,0.003262975425716325,0.006627918833486285,GW_ambient
MI_EGLE_WOV:MW-WV-2D,GW,43.12632266148335,-85.59662918138783,51.0,68.0,320.0,1100.0,64.0,5,1603.0,0.039925140361821584,0.6862133499688085,0.19962570180910794,0.031815346225826574,0.042420461634435434,GW_ambient
MI_EGLE_WOV:MW-WV-2S,GW,43.12631203048023,-85.59663383178925,14.0,16.0,65.0,290.0,3800.0,5,4185.0,0.9080047789725209,0.06929510155316607,0.015531660692951015,0.0033452807646356035,0.0038231780167264037,GW_ambient
MI_EGLE_WOV:MW-WV-3S,GW,43.12947033982759,-85.59412570132356,6.0,7.0,18.0,82.0,150.0,5,263.0,0.5703422053231939,0.311787072243346,0.06844106463878327,0.022813688212927757,0.026615969581749048,GW_ambient
MI_EGLE_WOV:MW-WV-5S,GW,43.13175822109566,-85.59561384943325,8.8,4.0,0.0,5.0,0.0,3,17.8,0.0,0.28089887640449435,0.0,0.49438202247191015,0.2247191011235955,GW_ambient
MI_EGLE_WOV:MW-WV-6S,GW,43.12117606757013,-85.60558146833958,7.6,6.3,0.0,19.0,4.4,4,37.3,0.11796246648793568,0.5093833780160858,0.0,0.2037533512064343,0.16890080428954424,GW_ambient
MI_EGLE_WOV:MW-WV-7D,GW,43.13224411959912,-85.62086941474199,12.0,11.0,41.0,110.0,140.0,5,314.0,0.445859872611465,0.3503184713375796,0.1305732484076433,0.03821656050955414,0.03503184713375796,GW_ambient
MI_EGLE_WOV:MW-WV-7S,GW,43.132253739491986,-85.62086964852973,3.9,11.0,4.4,11.0,0.0,4,30.3,0.0,0.36303630363036304,0.14521452145214522,0.12871287128712872,0.36303630363036304,GW_ambient
MI_EGLE_WOV:MW-WV-8M,GW,43.119348250785144,-85.58930694984717,83.0,11.0,12.0,30.0,6.5,5,142.5,0.0456140350877193,0.21052631578947367,0.08421052631578947,0.5824561403508772,0.07719298245614035,GW_ambient
MI_EGLE_WOV:MW-WV-8S,GW,43.1193517786567,-85.58929184050307,21.0,3.8,19.0,55.0,58.0,5,156.8,0.36989795918367346,0.35076530612244894,0.1211734693877551,0.13392857142857142,0.024234693877551016,GW_ambient
MI_EGLE_WOV:MW-WV-9,GW,43.12452890321845,-85.59391398767588,14.0,22.0,130.0,530.0,540.0,5,1236.0,0.4368932038834951,0.42880258899676377,0.10517799352750809,0.011326860841423949,0.01779935275080906,GW_ambient
MI_EGLE_WOV:MW-WW-8M,GW,43.119348250785144,-85.58930694984717,73.0,8.7,10.0,28.0,4.5,5,124.2,0.036231884057971016,0.22544283413848631,0.08051529790660225,0.5877616747181964,0.07004830917874395,GW_ambient
MI_EGLE_WOV:MW-WW-8S,GW,43.1193517786567,-85.58929184050307,18.0,4.5,16.0,50.0,42.0,5,130.5,0.3218390804597701,0.3831417624521073,0.12260536398467432,0.13793103448275862,0.034482758620689655,GW_ambient
MI_EGLE_WOV:MW-WW-9,GW,43.12452890321845,-85.59391398767588,11.0,19.0,110.0,470.0,590.0,5,1200.0,0.49166666666666664,0.39166666666666666,0.09166666666666666,0.009166666666666667,0.015833333333333335,GW_ambient
MI_EGLE_WOV:P-1,GW,43.12264651559577,-85.5613647047448,2200.0,1300.0,1600.0,9500.0,12000.0,5,26600.0,0.45112781954887216,0.35714285714285715,0.06015037593984962,0.08270676691729323,0.04887218045112782,GW_plume
MI_EGLE_WOV:P-2,GW,43.123029719730795,-85.56178795395637,3700.0,1700.0,3900.0,11000.0,21000.0,5,41300.0,0.5084745762711864,0.26634382566585957,0.09443099273607748,0.08958837772397095,0.04116222760290557,GW_plume
MI_EGLE_WOV:P-3,GW,43.123377231872205,-85.56173474964224,5800.0,2800.0,2900.0,7700.0,16000.0,5,35200.0,0.45454545454545453,0.21875,0.08238636363636363,0.16477272727272727,0.07954545454545454,GW_plume
MI_EGLE_WOV:P-4,GW,43.123477224178664,-85.56102490914742,2000.0,1300.0,1500.0,4600.0,45000.0,5,54400.0,0.8272058823529411,0.08455882352941177,0.027573529411764705,0.03676470588235294,0.02389705882352941,GW_plume
MI_EGLE_WOV:P-5,GW,43.122848035817704,-85.56039086029196,1400.0,720.0,1100.0,3200.0,21000.0,5,27420.0,0.7658643326039387,0.11670313639679067,0.04011670313639679,0.05105762217359591,0.0262582056892779,GW_plume
MI_EGLE_WOV:PMV-WV 2,GW,43.12631203048023,-85.59663383178925,50.0,61.0,240.0,720.0,96.0,5,1167.0,0.08226221079691516,0.6169665809768637,0.20565552699228792,0.04284490145672665,0.05227077977720651,GW_ambient
MI_EGLE_WOV:PMW-17_103-108,GW,43.0937147393106,-85.61755370760146,5.7,0.0,0.0,4.4,6.3,3,16.4,0.38414634146341464,0.26829268292682934,0.0,0.34756097560975613,0.0,GW_ambient
MI_EGLE_WOV:PMW-17_113-118,GW,43.0937147393106,-85.61755370760146,6.9,5.5,0.0,7.7,4.5,4,24.6,0.18292682926829268,0.3130081300813008,0.0,0.28048780487804875,0.22357723577235772,GW_ambient
MI_EGLE_WOV:PMW-17_193-198,GW,43.0937147393106,-85.61755370760146,26.0,23.0,6.8,5.0,0.0,4,60.8,0.0,0.08223684210526316,0.1118421052631579,0.4276315789473684,0.37828947368421056,GW_ambient
MI_EGLE_WOV:PMW-17_203-208,GW,43.0937147393106,-85.61755370760146,140.0,110.0,290.0,200.0,0.0,4,740.0,0.0,0.2702702702702703,0.3918918918918919,0.1891891891891892,0.14864864864864866,GW_ambient
MI_EGLE_WOV:PMW-17_213-218,GW,43.0937147393106,-85.61755370760146,400.0,270.0,890.0,720.0,39.0,5,2319.0,0.016817593790426907,0.31047865459249674,0.38378611470461405,0.172488141440276,0.11642949547218628,GW_ambient
MI_EGLE_WOV:PMW-18-104-109,GW,43.0903899868909,-85.60762566138251,140.0,79.0,350.0,330.0,98.0,5,997.0,0.09829488465396188,0.33099297893681046,0.3510531594784353,0.14042126379137412,0.07923771313941826,GW_ambient
MI_EGLE_WOV:PMW-18-114-119,GW,43.0903899868909,-85.60762566138251,140.0,84.0,320.0,330.0,84.0,5,958.0,0.08768267223382047,0.3444676409185804,0.33402922755741127,0.14613778705636743,0.08768267223382047,GW_ambient
MI_EGLE_WOV:PMW-18-124-129,GW,43.0903899868909,-85.60762566138251,180.0,120.0,130.0,180.0,4.5,5,614.5,0.007323026851098454,0.29292107404393813,0.2115541090317331,0.29292107404393813,0.19528071602929212,GW_ambient
MI_EGLE_WOV:PMW-18-134-139,GW,43.0903899868909,-85.60762566138251,170.0,120.0,60.0,100.0,0.0,4,450.0,0.0,0.2222222222222222,0.13333333333333333,0.37777777777777777,0.26666666666666666,GW_ambient
MI_EGLE_WOV:PMW-18-74-79,GW,43.0903899868909,-85.60762566138251,10.0,5.2,11.0,11.0,0.0,4,37.2,0.0,0.29569892473118276,0.29569892473118276,0.26881720430107525,0.13978494623655913,GW_ambient
MI_EGLE_WOV:PMW-18-84-89,GW,43.0903899868909,-85.60762566138251,15.0,7.2,26.0,26.0,11.0,5,85.2,0.12910798122065728,0.30516431924882625,0.30516431924882625,0.176056338028169,0.08450704225352113,GW_ambient
MI_EGLE_WOV:PMW-18-94-99,GW,43.0903899868909,-85.60762566138251,33.0,17.0,90.0,83.0,43.0,5,266.0,0.16165413533834586,0.31203007518796994,0.3383458646616541,0.12406015037593984,0.06390977443609022,GW_ambient
MI_EGLE_WOV:PMW-23,GW,43.10260720950809,-85.62694755224061,250.0,250.0,17.0,15.0,3.6,5,535.6,0.006721433905899925,0.028005974607916356,0.03174010455563853,0.46676624346527257,0.46676624346527257,GW_ambient
MI_EGLE_WOV:PMW-WV-1,GW,43.12495369887174,-85.59215279640419,46.0,100.0,1100.0,3300.0,7300.0,5,11846.0,0.6162417693736282,0.2785750464291744,0.09285834880972481,0.003883167313861219,0.008441668073611346,GW_ambient
MI_EGLE_WOV:PMW-WV-2,GW,43.12631203048023,-85.59663383178925,20.0,23.0,86.0,280.0,2700.0,5,3109.0,0.8684464458025088,0.09006111289803795,0.0276616275329688,0.0064329366355741395,0.007397877130910261,GW_ambient
MI_EGLE_WOV:PMW-WV-2D,GW,43.12632266148335,-85.59662918138783,56.0,81.0,350.0,970.0,64.0,5,1521.0,0.042077580539119,0.6377383300460223,0.23011176857330704,0.036817882971729124,0.05325443786982249,GW_ambient
MI_EGLE_WOV:PMW-WV-2S,GW,43.12631203048023,-85.59663383178925,17.0,23.0,80.0,320.0,3200.0,5,3640.0,0.8791208791208791,0.08791208791208792,0.02197802197802198,0.00467032967032967,0.006318681318681319,GW_ambient
MI_EGLE_WOV:PMW-WV-3,GW,43.129466696154886,-85.59414080689007,5.3,24.0,6.1,28.0,28.0,5,91.4,0.3063457330415755,0.3063457330415755,0.06673960612691465,0.05798687089715535,0.26258205689277897,GW_ambient
MI_EGLE_WOV:PMW-WV-3S,GW,43.12947033982759,-85.59412570132356,4.9,6.1,23.0,93.0,230.0,5,357.0,0.6442577030812325,0.2605042016806723,0.06442577030812324,0.013725490196078433,0.017086834733893556,GW_ambient
MI_EGLE_WOV:PMW-WV-7,GW,43.13224411959912,-85.62086941474199,7.3,6.4,20.0,52.0,230.0,5,315.7,0.7285397529299968,0.16471333544504277,0.06335128286347799,0.023123218245169466,0.02027241051631296,GW_ambient
MI_EGLE_WOV:PMW-WV-7-7,GW,43.13224411959912,-85.62086941474199,7.6,7.4,23.0,63.0,60.0,5,161.0,0.37267080745341613,0.391304347826087,0.14285714285714285,0.047204968944099375,0.04596273291925466,GW_ambient
MI_EGLE_WOV:PMW-WV-8,GW,43.119356197716776,-85.58927547190152,3.8,0.0,4.1,5.9,0.0,3,13.8,0.0,0.427536231884058,0.29710144927536225,0.27536231884057966,0.0,GW_ambient
MI_EGLE_WOV:PMW-WV5,GW,43.13174765638967,-85.59562207268432,8.0,0.0,6.9,4.3,0.0,3,19.2,0.0,0.22395833333333334,0.35937500000000006,0.4166666666666667,0.0,GW_ambient
MI_EGLE_WOV:PMW-WV6,GW,43.12118840147401,-85.60558257767474,17.0,0.0,0.0,2.9,5.8,3,25.7,0.22568093385214008,0.11284046692607004,0.0,0.6614785992217899,0.0,GW_ambient
MI_EGLE_WOV:PMW-WV9,GW,43.12452890321845,-85.59391398767588,11.0,21.0,130.0,470.0,360.0,5,992.0,0.3629032258064516,0.4737903225806452,0.1310483870967742,0.011088709677419355,0.021169354838709676,GW_ambient
MI_EGLE_WOV:RPZ-1A,GW,43.124366683606134,-85.56085186382127,211.0,85.3,871.0,2830.0,4910.0,5,8907.3,0.5512332581141312,0.31771692881119984,0.0977849628956025,0.023688435328326207,0.009576414850740404,GW_ambient
MI_EGLE_WOV:RPZ-1B,GW,43.123940922688746,-85.56110667968929,58.0,31.0,4.0,16.0,158.0,5,267.0,0.5917602996254682,0.0599250936329588,0.0149812734082397,0.21722846441947566,0.11610486891385768,GW_ambient
MI_EGLE_WOV:RPZ-5,GW,43.123516606047765,-85.56175827965386,28.2,8.3,40.2,79.2,535.0,5,690.9000000000001,0.7743522941091329,0.11463308727746417,0.058184976118106815,0.04081632653061224,0.012013315964683744,GW_ambient
MI_EGLE_WOV:RPZ-6A,GW,43.1229928085445,-85.56203302464176,435.0,42.1,141.0,406.0,3610.0,5,4634.1,0.7790077900779007,0.08761140242981376,0.030426620055674237,0.09386935974622904,0.009084827690382167,GW_ambient
MI_EGLE_WOV:RPZ-6B,GW,43.12258224533583,-85.56161254155177,590.0,126.0,369.0,1050.0,8290.0,5,10425.0,0.7952038369304556,0.10071942446043165,0.03539568345323741,0.056594724220623505,0.012086330935251799,GW_ambient
MI_EGLE_WOV:RPZ-7A,GW,43.12242570625536,-85.56125504846993,1170.0,20.3,62.4,237.0,3230.0,5,4719.7,0.6843655317075238,0.05021505604169757,0.013221179312244423,0.24789711210458293,0.004301120833951311,GW_ambient
MI_EGLE_WOV:RPZ-7B,GW,43.121999946658086,-85.5613749554592,85.0,14.1,52.5,214.0,2830.0,5,3195.6,0.8855926899486795,0.06696707973463513,0.016428839654524973,0.026599073726373764,0.004412316935786707,GW_ambient
MI_EGLE_WOV:RPZ-9A,GW,43.121620828848044,-85.5614164599689,37.2,17.1,51.9,158.0,2470.0,5,2734.2,0.9033721015287837,0.05778655548240802,0.018981786262892254,0.01360544217687075,0.006254114549045425,GW_ambient
MI_EGLE_WOV:RPZ-9B,GW,43.121276798503345,-85.56138233606023,116.0,59.9,184.0,723.0,2660.0,5,3742.9,0.7106788853562745,0.1931657271099949,0.04915974244569719,0.030992011541852573,0.016003633546180767,GW_ambient
MI_EGLE_WOV:SB-20,GW,43.08788330419412,-85.60278628523102,150.0,110.0,53.0,96.0,8.1,5,417.1,0.01941980340445936,0.23016063294174058,0.12706784943658594,0.35962598897146963,0.2637257252457444,GW_ambient
MI_EGLE_WOV:SB-25,GW,43.075831925888174,-85.60105920241509,9.9,7.5,5.0,12.0,50.0,5,84.4,0.5924170616113744,0.14218009478672985,0.059241706161137435,0.11729857819905212,0.08886255924170615,GW_ambient
MI_EGLE_WOV:SB-26,GW,43.07235061952699,-85.61258321562629,9.4,0.0,0.0,5.1,14.0,3,28.5,0.49122807017543857,0.17894736842105263,0.0,0.3298245614035088,0.0,GW_ambient
MI_EGLE_WOV:SB-311,GW,43.12447309116999,-85.55896007642305,37.0,25.0,35.0,140.0,870.0,5,1107.0,0.7859078590785907,0.12646793134598014,0.031616982836495035,0.03342366757000903,0.022583559168925023,GW_ambient
MI_EGLE_WOV:SB-312,GW,43.122828444774846,-85.55910035016916,110.0,44.0,130.0,540.0,5500.0,5,6324.0,0.8697027197975965,0.08538899430740038,0.020556609740670462,0.01739405439595193,0.006957621758380772,GW_ambient
MI_EGLE_WOV:SB-313,GW,43.121079748459415,-85.56124985245374,37.0,53.0,71.0,230.0,32.0,5,423.0,0.07565011820330969,0.5437352245862884,0.16784869976359337,0.08747044917257683,0.12529550827423167,GW_ambient
MI_EGLE_WOV:TA-BW-01,GW,43.125059364490916,-85.56019770325288,25.0,11.1,14.1,46.7,4.2,5,101.1,0.04154302670623146,0.46191889218595455,0.1394658753709199,0.24727992087042533,0.10979228486646884,GW_ambient
MI_EGLE_WOV:TA-BW-02,GW,43.1249492015701,-85.55968418283007,33.6,12.0,39.5,145.0,549.0,5,779.1,0.7046592221794378,0.18611218072134514,0.050699525093056086,0.0431266846361186,0.015402387370042356,GW_ambient
MI_EGLE_WOV:TA-GW-01,GW,43.12286284569059,-85.56176384688285,18000.0,950.0,9800.0,30000.0,830000.0,5,888750.0,0.9338959212376934,0.03375527426160337,0.011026722925457103,0.020253164556962026,0.0010689170182841068,GW_plume
MI_EGLE_WOV:TA-GW-02,GW,43.12405007190481,-85.56035346271895,14.5,9.5,22.7,146.0,93.4,5,286.1,0.3264592799720377,0.5103110800419434,0.07934288710241173,0.050681579867179305,0.03320517301642782,GW_ambient
MI_EGLE_WOV:TA-GW-03,GW,43.123431529029546,-85.56067023700189,2300.0,910.0,1100.0,6400.0,18000.0,5,28710.0,0.6269592476489029,0.22291884360849878,0.038314176245210725,0.08011145942180425,0.03169627307558342,GW_plume
MI_EGLE_WOV:TA-GW-04,GW,43.122736658608545,-85.56090767845038,1130.0,785.0,1300.0,6340.0,45100.0,5,54655.0,0.8251761046564816,0.11600036593175372,0.023785563992315434,0.020675144085628032,0.014362821333821243,GW_plume
MI_EGLE_WOV:TA-GW-05,GW,43.12427420312643,-85.56079894792107,150.0,34.0,230.0,610.0,4800.0,5,5824.0,0.8241758241758241,0.10473901098901099,0.03949175824175824,0.025755494505494504,0.005837912087912088,GW_ambient
MI_EGLE_WOV:TA-GW-06,GW,43.123450925831904,-85.56154059614683,116.0,26.1,135.0,269.0,2240.0,5,2786.1,0.8039912422382542,0.09655073400093321,0.048454829331323356,0.04163526075876674,0.009367933670722516,GW_ambient
MI_EGLE_WOV:TA-GW-07,GW,43.12247365965369,-85.56115812052728,580.0,580.0,510.0,2500.0,4200.0,5,8370.0,0.5017921146953405,0.2986857825567503,0.06093189964157706,0.06929510155316607,0.06929510155316607,GW_ambient
MI_EGLE_WOV:TA-GW-08,GW,43.121836951310016,-85.56125502459773,166.0,21.5,23.6,59.6,2170.0,5,2440.7,0.8890891957225386,0.02441922399311673,0.009669357151636826,0.06801327488015733,0.008808948252550498,GW_ambient
MI_EGLE_WOV:TA-GW-09,GW,43.12461921792906,-85.56049772681608,3500.0,580.0,1600.0,7200.0,3700.0,5,16580.0,0.22316043425814233,0.43425814234016885,0.09650180940892641,0.21109770808202655,0.03498190591073583,GW_ambient
MI_EGLE_WOV:TA-GW-GW01,GW,43.12286284569059,-85.56176384688285,14000.0,2500.0,9200.0,28000.0,550000.0,5,603700.0,0.9110485340400861,0.04638065264204075,0.015239357296670532,0.023190326321020374,0.004141129700182209,GW_plume
MI_EGLE_WOV:TA-GW-GW02,GW,43.12405007190481,-85.56035346271895,730.0,700.0,750.0,3600.0,430.0,5,6210.0,0.06924315619967794,0.5797101449275363,0.12077294685990338,0.11755233494363929,0.11272141706924316,GW_ambient
MI_EGLE_WOV:TA-GW-GW03,GW,43.123431529029546,-85.56067023700189,2000.0,660.0,880.0,4700.0,17000.0,5,25240.0,0.6735340729001584,0.1862123613312203,0.03486529318541997,0.07923930269413629,0.026148969889064975,GW_plume
MI_EGLE_WOV:TA-GW-GW04,GW,43.122736658608545,-85.56090767845038,5900.0,6100.0,6600.0,40000.0,63000.0,5,121600.0,0.5180921052631579,0.32894736842105265,0.054276315789473686,0.04851973684210526,0.05016447368421053,GW_plume
MI_EGLE_WOV:TA-GW-GW06,GW,43.123450925831904,-85.56154059614683,730.0,380.0,650.0,2200.0,21000.0,5,24960.0,0.8413461538461539,0.08814102564102565,0.026041666666666668,0.029246794871794872,0.015224358974358974,GW_plume
MI_EGLE_WOV:TA-GW-GW08,GW,43.121836951310016,-85.56125502459773,80.0,33.0,100.0,500.0,5700.0,5,6413.0,0.8888195852175269,0.0779666302822392,0.01559332605644784,0.012474660845158272,0.005145797598627788,GW_ambient
MI_EGLE_WOV:TA-GW-GW09,GW,43.12461921792906,-85.56049772681608,3800.0,600.0,1400.0,6100.0,3300.0,5,15200.0,0.21710526315789475,0.40131578947368424,0.09210526315789473,0.25,0.039473684210526314,GW_ambient
MI_EGLE_WOV:TA-GW-GW5,GW,43.12427420312643,-85.56079894792107,280.0,57.0,380.0,950.0,3900.0,5,5567.0,0.7005568528830609,0.17064846416382254,0.06825938566552901,0.050296389437758215,0.010238907849829351,GW_ambient
MI_EGLE_WOV:TA-GW-GW7,GW,43.12247365965369,-85.56115812052728,190.0,73.0,130.0,700.0,4300.0,5,5393.0,0.7973298720563694,0.1297978861487113,0.024105321713332097,0.03523085481179306,0.013536065269794178,GW_ambient
MI_EGLE_WOV:TA-GW-MW1,GW,43.12286284569059,-85.56176384688285,1900.0,83.0,330.0,750.0,2300.0,5,5363.0,0.428864441543912,0.13984710050344956,0.06153272422151781,0.35427932127540557,0.015476412455715086,GW_ambient
MI_EGLE_WOV:TA-GW-MW2,GW,43.12330267860443,-85.56148231006456,470.0,190.0,520.0,1500.0,53000.0,5,55680.0,0.951867816091954,0.02693965517241379,0.009339080459770116,0.008441091954022989,0.0034123563218390806,GW_plume
MI_EGLE_WOV:TA-GW-MW3,GW,43.123387518093004,-85.56034885654816,440.0,290.0,420.0,3200.0,3500.0,5,7850.0,0.445859872611465,0.40764331210191085,0.0535031847133758,0.05605095541401274,0.03694267515923567,GW_ambient
MI_EGLE_WOV:TA-GW-MW301B,GW,43.122040454112906,-85.56119562684631,570.0,1600.0,1100.0,21000.0,37000.0,5,61270.0,0.6038844458952178,0.34274522604863716,0.017953321364452424,0.009303084707034438,0.026113921984658072,GW_plume
MI_EGLE_WOV:TA-GW-MW301C,GW,43.12202425789198,-85.56120280535082,850.0,15000.0,9900.0,150000.0,310000.0,5,485750.0,0.638188368502316,0.30880082346886256,0.02038085434894493,0.0017498713329902214,0.03088008234688626,GW_plume
MI_EGLE_WOV:TA-GW-MW301D,GW,43.12201877078915,-85.56120269906474,0.0,5.3,1.1,72.0,140.0,4,218.4,0.641025641025641,0.32967032967032966,0.005036630036630037,0.0,0.024267399267399264,GW_ambient
MI_EGLE_WOV:TA-GW-MW302A,GW,43.122694279181054,-85.5614555377623,2700.0,220.0,700.0,2200.0,10000.0,5,15820.0,0.6321112515802781,0.1390644753476612,0.04424778761061947,0.1706700379266751,0.01390644753476612,GW_ambient
MI_EGLE_WOV:TA-GW-MW302B,GW,43.122696696862775,-85.5614705692199,2200.0,690.0,1300.0,6000.0,10000.0,5,20190.0,0.4952947003467063,0.2971768202080238,0.06438831104507181,0.10896483407627539,0.03417533432392273,GW_ambient
MI_EGLE_WOV:TA-GW-MW303A,GW,43.123118480429895,-85.56189456717712,6700.0,360.0,980.0,3300.0,27000.0,5,38340.0,0.704225352112676,0.08607198748043818,0.02556077203964528,0.17475221700573812,0.009389671361502348,GW_plume
MI_EGLE_WOV:TA-GW-MW303B,GW,43.12310746727758,-85.56189809990245,6600.0,970.0,2500.0,4800.0,18000.0,5,32870.0,0.5476118040766657,0.1460298144204442,0.076057195010648,0.20079099482811075,0.02951019166413143,GW_plume
MI_EGLE_WOV:TA-GW-MW303C,GW,43.12309555916466,-85.56190536145913,5700.0,1600.0,1400.0,5300.0,19000.0,5,33000.0,0.5757575757575758,0.1606060606060606,0.04242424242424243,0.17272727272727273,0.048484848484848485,GW_plume
MI_EGLE_WOV:TA-GW-MW303D,GW,43.12308174649302,-85.56189760138788,67.0,12.0,5.2,22.0,13.0,5,119.2,0.10906040268456375,0.18456375838926173,0.0436241610738255,0.5620805369127516,0.10067114093959731,GW_ambient
MI_EGLE_WOV:TA-GW-MW304A,GW,43.123484924326156,-85.5610924899124,610.0,190.0,1100.0,2200.0,18000.0,5,22100.0,0.8144796380090498,0.09954751131221719,0.049773755656108594,0.02760180995475113,0.008597285067873304,GW_plume
MI_EGLE_WOV:TA-GW-MW304B,GW,43.12348113752057,-85.56107743176042,580.0,580.0,420.0,980.0,1400.0,5,3960.0,0.35353535353535354,0.2474747474747475,0.10606060606060606,0.14646464646464646,0.14646464646464646,GW_ambient
MI_EGLE_WOV:TA-GW-MW305B,GW,43.12340912372427,-85.56043169108979,15000.0,22000.0,4600.0,29000.0,25000.0,5,95600.0,0.2615062761506276,0.303347280334728,0.04811715481171548,0.15690376569037656,0.2301255230125523,GW_plume
MI_EGLE_WOV:TA-GW-MW305C,GW,43.123409179836145,-85.56044293076611,15000.0,22000.0,6100.0,44000.0,39000.0,5,126100.0,0.30927835051546393,0.34892942109436953,0.04837430610626487,0.11895321173671689,0.17446471054718476,GW_plume
MI_EGLE_WOV:TA-GW-MW306A,GW,43.12360262741749,-85.56067519431136,690.0,330.0,520.0,2200.0,8900.0,5,12640.0,0.7041139240506329,0.17405063291139242,0.04113924050632911,0.05458860759493671,0.02610759493670886,GW_ambient
MI_EGLE_WOV:TA-GW-MW306B,GW,43.123589196519205,-85.56066369563752,1900.0,940.0,1200.0,6400.0,6900.0,5,17340.0,0.39792387543252594,0.3690888119953864,0.06920415224913495,0.10957324106113034,0.05420991926182238,GW_ambient
MI_EGLE_WOV:TA-GW-MW307A,GW,43.123721290755604,-85.56100715888913,790.0,680.0,840.0,4100.0,3800.0,5,10210.0,0.3721841332027424,0.4015670910871694,0.08227228207639568,0.07737512242899118,0.06660137120470128,GW_ambient
MI_EGLE_WOV:TA-GW-MW307B,GW,43.123714640923396,-85.5610032838827,190.0,160.0,39.0,270.0,14.0,5,673.0,0.020802377414561663,0.4011887072808321,0.05794947994056464,0.2823179791976226,0.237741456166419,GW_ambient
MI_EGLE_WOV:TA-GW-MW308A,GW,43.12385103546999,-85.56066876536445,990.0,1300.0,1100.0,12000.0,16000.0,5,31390.0,0.5097164702134438,0.38228735266008285,0.03504300732717426,0.03153870659445683,0.04141446320484231,GW_plume
MI_EGLE_WOV:TA-GW-MW308C,GW,43.12386366104443,-85.56069148716874,0.0,3.9,0.0,3.4,7.5,3,14.8,0.5067567567567567,0.22972972972972971,0.0,0.0,0.2635135135135135,GW_ambient
MI_EGLE_WOV:TA-GW-MW309A,GW,43.12163632012424,-85.56125148232212,200.0,71.0,250.0,1200.0,5100.0,5,6821.0,0.7476909544055124,0.1759272833895323,0.036651517372819235,0.02932121389825539,0.010409030933880663,GW_ambient
MI_EGLE_WOV:TA-GW-MW309B,GW,43.121623115431746,-85.5612512265363,220.0,99.0,280.0,1500.0,9400.0,5,11499.0,0.817462388033742,0.13044612575006523,0.024349943473345508,0.0191320984433429,0.008609444299504304,GW_ambient
MI_EGLE_WOV:TA-GW-MW309C,GW,43.121609592321576,-85.56123223414308,290.0,180.0,490.0,2500.0,14000.0,5,17460.0,0.8018327605956472,0.143184421534937,0.028064146620847653,0.016609392898052692,0.010309278350515464,GW_plume
MI_EGLE_WOV:TA-GW-MW309D,GW,43.1215958745632,-85.56123196842317,47.0,47.0,980.0,13.0,43000.0,5,44087.0,0.975344205774945,0.000294871504071495,0.022228774922312698,0.001066073899335405,0.001066073899335405,GW_plume
MI_EGLE_WOV:TA-GW-MW310A,GW,43.121612367048954,-85.56071996120984,420.0,170.0,330.0,770.0,1200.0,5,2890.0,0.41522491349480967,0.2664359861591695,0.11418685121107267,0.1453287197231834,0.058823529411764705,GW_ambient
MI_EGLE_WOV:TA-GW-MW310B,GW,43.12159536394088,-85.56072300445358,170.0,210.0,20.0,120.0,2000.0,5,2520.0,0.7936507936507936,0.047619047619047616,0.007936507936507936,0.06746031746031746,0.08333333333333333,GW_ambient
MI_EGLE_WOV:TA-GW-MW310C,GW,43.12158380996988,-85.56072330922605,170.0,260.0,39.0,220.0,6.4,5,695.4,0.0092033362093759,0.3163646821972965,0.056082830025884385,0.24446361806154732,0.3738855335058959,GW_ambient
MI_EGLE_WOV:TA-GW-MW311A,GW,43.12447303766803,-85.55896011349034,16.0,12.0,18.0,79.0,840.0,5,965.0,0.8704663212435233,0.08186528497409326,0.01865284974093264,0.016580310880829015,0.012435233160621761,GW_ambient
MI_EGLE_WOV:TA-GW-MW312,GW,43.122828444774846,-85.55910035016916,18.0,8.9,25.0,110.0,400.0,5,561.9,0.7118704395799965,0.19576437088449902,0.04449190247374978,0.03203416978109984,0.015839117280654923,GW_ambient
MI_EGLE_WOV:TA-GW-MW313A,GW,43.12111146994421,-85.56124937800608,140.0,140.0,360.0,1600.0,280.0,5,2520.0,0.1111111111111111,0.6349206349206349,0.14285714285714285,0.05555555555555555,0.05555555555555555,GW_ambient
MI_EGLE_WOV:TA-GW-MW313B,GW,43.12109496075539,-85.56125028723396,74.0,41.0,92.0,280.0,74.0,5,561.0,0.1319073083778966,0.49910873440285203,0.16399286987522282,0.1319073083778966,0.07308377896613191,GW_ambient
MI_EGLE_WOV:TA-GW-MW313C,GW,43.121079748459415,-85.56124985245374,34.0,37.0,34.0,130.0,42.0,5,277.0,0.15162454873646208,0.4693140794223827,0.12274368231046931,0.12274368231046931,0.13357400722021662,GW_ambient
MI_EGLE_WOV:TA-GW-MW315S,GW,43.12039858158907,-85.56061234440295,54.0,27.0,78.0,350.0,2100.0,5,2609.0,0.8049060942889996,0.13415101571483326,0.029896512073591414,0.020697585281717133,0.010348792640858567,GW_ambient
MI_EGLE_WOV:TA-GW-MW316M,GW,43.12013315740329,-85.56129766770938,54.0,38.0,42.0,160.0,67.0,5,361.0,0.18559556786703602,0.44321329639889195,0.11634349030470914,0.14958448753462603,0.10526315789473684,GW_ambient
MI_EGLE_WOV:TA-GW-MW316S,GW,43.12012176861181,-85.56130295425318,0.0,3.8,0.0,13.0,390.0,3,406.8,0.9587020648967551,0.0319567354965585,0.0,0.0,0.009341199606686331,GW_ambient
MI_EGLE_WOV:TA-GW-MW317A,GW,43.124340119047766,-85.55798996951684,24.0,30.0,24.0,85.0,1900.0,5,2063.0,0.9209888511875909,0.041202132816286964,0.0116335433834222,0.0116335433834222,0.014541929229277752,GW_ambient
MI_EGLE_WOV:TA-GW-MW4,GW,43.123284613506286,-85.56053042792057,14000.0,13000.0,4200.0,40000.0,52000.0,5,123200.0,0.42207792207792205,0.3246753246753247,0.03409090909090909,0.11363636363636363,0.10551948051948051,GW_plume
MI_EGLE_WOV:TA-GW-MW5,GW,43.12427420312643,-85.56079894792107,110.0,160.0,540.0,1700.0,13000.0,5,15510.0,0.8381689232753062,0.1096067053513862,0.03481624758220503,0.0070921985815602835,0.010315925209542231,GW_plume
MI_EGLE_WOV:TA-GW-P1,GW,43.12264651559577,-85.5613647047448,2600.0,1600.0,1700.0,11000.0,11000.0,5,27900.0,0.3942652329749104,0.3942652329749104,0.06093189964157706,0.0931899641577061,0.05734767025089606,GW_plume
MI_EGLE_WOV:TA-GW-P2,GW,43.123029719730795,-85.56178795395637,3200.0,650.0,2100.0,6900.0,20000.0,5,32850.0,0.60882800608828,0.2100456621004566,0.0639269406392694,0.0974124809741248,0.0197869101978691,GW_plume
MI_EGLE_WOV:TA-GW-P3,GW,43.123377231872205,-85.56173474964224,7600.0,2900.0,3300.0,12000.0,26000.0,5,51800.0,0.5019305019305019,0.23166023166023167,0.0637065637065637,0.14671814671814673,0.055984555984555984,GW_plume
MI_EGLE_WOV:TA-GW-P4,GW,43.123477224178664,-85.56102490914742,820.0,260.0,630.0,2000.0,17000.0,5,20710.0,0.8208594881699662,0.09657170449058426,0.03042008691453404,0.03959439884113954,0.012554321583775953,GW_plume
MI_EGLE_WOV:TA-GW-P5,GW,43.122848035817704,-85.56039086029196,2400.0,1200.0,1900.0,7300.0,76000.0,5,88800.0,0.8558558558558559,0.08220720720720721,0.021396396396396396,0.02702702702702703,0.013513513513513514,GW_plume
MI_EGLE_WOV:TA-GW-TMW101,GW,43.12206882619275,-85.5611886841838,160.0,1300.0,870.0,21000.0,80000.0,5,103330.0,0.7742185231781671,0.20323236233426883,0.008419626439562566,0.001548437046356334,0.012581051001645215,GW_plume
MI_EGLE_WOV:TA-GW-TMW102,GW,43.123756596830994,-85.56099285780854,530.0,380.0,830.0,3400.0,5100.0,5,10240.0,0.498046875,0.33203125,0.0810546875,0.0517578125,0.037109375,GW_ambient
MI_EGLE_WOV:TA-GW-TMW103,GW,43.12323368515358,-85.55972026582377,440.0,220.0,500.0,2200.0,4200.0,5,7560.0,0.5555555555555556,0.291005291005291,0.06613756613756613,0.0582010582010582,0.0291005291005291,GW_ambient
MI_EGLE_WOV:TA-GW-TMW104,GW,43.122455372278885,-85.56054438028923,650.0,190.0,790.0,3500.0,16000.0,5,21130.0,0.7572172266919073,0.1656412683388547,0.03738760056791292,0.03076194983435873,0.008991954566966399,GW_plume
MI_EGLE_WOV:TA-GW-TMW105,GW,43.1234303133318,-85.56121505670993,1300.0,500.0,930.0,4000.0,18000.0,5,24730.0,0.7278608976951072,0.16174686615446826,0.03760614638091387,0.052567731500202185,0.020218358269308533,GW_plume
MI_EGLE_WOV:TA-GW-TMW108,GW,43.12366267670186,-85.56087116003363,610.0,400.0,930.0,3600.0,3900.0,5,9440.0,0.413135593220339,0.3813559322033898,0.09851694915254237,0.0646186440677966,0.0423728813559322,GW_ambient
MI_EGLE_WOV:TA-GW-TMW109,GW,43.1239769636918,-85.56053259304488,370.0,190.0,220.0,1000.0,2900.0,5,4680.0,0.6196581196581197,0.21367521367521367,0.04700854700854701,0.07905982905982906,0.0405982905982906,GW_ambient
MI_EGLE_WOV:TA-GW-TMW110,GW,43.12409322682439,-85.56086451287467,290.0,470.0,2100.0,7100.0,55000.0,5,64960.0,0.8466748768472906,0.10929802955665024,0.032327586206896554,0.004464285714285714,0.007235221674876847,GW_plume
MI_EGLE_WOV:TA-GW-TMW111,GW,43.12433958648475,-85.56054335968764,610.0,300.0,1000.0,4500.0,3500.0,5,9910.0,0.35317860746720486,0.45408678102926336,0.10090817356205853,0.0615539858728557,0.030272452068617558,GW_ambient
MI_EGLE_WOV:TA-MW-1,GW,43.12288482314642,-85.56129065201897,1230.0,206.0,198.0,750.0,2490.0,5,4874.0,0.5108740254411162,0.15387771850636028,0.040623717685679114,0.25235945835043083,0.042265080016413624,GW_ambient
MI_EGLE_WOV:TA-MW-101,GW,43.12206882619275,-85.5611886841838,540.0,3000.0,1900.0,61000.0,130000.0,5,196440.0,0.6617796782732641,0.3105273874974547,0.009672164528609245,0.002748930971288943,0.015271838729383017,GW_plume
MI_EGLE_WOV:TA-MW-103,GW,43.12323368515358,-85.55972026582377,300.0,170.0,600.0,2000.0,6000.0,5,9070.0,0.6615214994487321,0.2205071664829107,0.06615214994487321,0.03307607497243661,0.018743109151047408,GW_ambient
MI_EGLE_WOV:TA-MW-111,GW,43.12433958648475,-85.56054335968764,610.0,330.0,1200.0,3800.0,3900.0,5,9840.0,0.39634146341463417,0.3861788617886179,0.12195121951219512,0.061991869918699184,0.03353658536585366,GW_ambient
MI_EGLE_WOV:TA-MW-2,GW,43.12330267860443,-85.56148231006456,570.0,170.0,340.0,1100.0,24000.0,5,26180.0,0.9167303284950343,0.04201680672268908,0.012987012987012988,0.021772345301757066,0.006493506493506494,GW_plume
MI_EGLE_WOV:TA-MW-3,GW,43.123387518093004,-85.56034885654816,103.0,106.0,232.0,1900.0,4360.0,5,6701.0,0.6506491568422623,0.2835397701835547,0.034621698253991945,0.015370840173108491,0.015818534547082524,GW_ambient
MI_EGLE_WOV:TA-MW-301B,GW,43.122040454112906,-85.56119562684631,74.0,28.1,52.3,432.0,2350.0,5,2936.4,0.8002996866911865,0.14711892112791172,0.01781092494210598,0.02520092630431821,0.009569540934477592,GW_ambient
MI_EGLE_WOV:TA-MW-301C,GW,43.12202425789198,-85.56120280535082,184.0,127.0,253.0,2490.0,13800.0,5,16854.0,0.8187967248131007,0.14773940904236382,0.01501127328824018,0.010917289664174677,0.007535303192120565,GW_plume
MI_EGLE_WOV:TA-MW-302A,GW,43.122694279181054,-85.5614555377623,847.0,108.0,285.0,873.0,10400.0,5,12513.0,0.8311356189562855,0.06976744186046512,0.022776312634859745,0.0676896028130744,0.008631023735315272,GW_plume
MI_EGLE_WOV:TA-MW-302B,GW,43.122696696862775,-85.5614705692199,557.0,91.1,304.0,1120.0,7790.0,5,9862.1,0.7898926192190304,0.11356607619066933,0.030825077823181675,0.05647884324839537,0.009237383518723191,GW_ambient
MI_EGLE_WOV:TA-MW-303 D,GW,43.12308174649302,-85.56189760138788,98.0,19.0,12.0,46.0,17.0,5,192.0,0.08854166666666667,0.23958333333333334,0.0625,0.5104166666666666,0.09895833333333333,GW_ambient
MI_EGLE_WOV:TA-MW-303A,GW,43.123118480429895,-85.56189456717712,4500.0,255.0,1290.0,3720.0,39400.0,5,49165.0,0.8013830977321265,0.07566358181633276,0.0262381775653412,0.0915285263907251,0.005186616495474423,GW_plume
MI_EGLE_WOV:TA-MW-303B,GW,43.12310746727758,-85.56189809990245,4230.0,282.0,1030.0,2930.0,20200.0,5,28672.0,0.7045200892857143,0.10219029017857142,0.035923549107142856,0.14753069196428573,0.009835379464285714,GW_plume
MI_EGLE_WOV:TA-MW-303C,GW,43.12309555916466,-85.56190536145913,8000.0,2800.0,1800.0,8100.0,18000.0,5,38700.0,0.46511627906976744,0.20930232558139536,0.046511627906976744,0.20671834625322996,0.07235142118863049,GW_plume
MI_EGLE_WOV:TA-MW-303D,GW,43.12308174649302,-85.56189760138788,448.0,37.2,56.1,162.0,151.0,5,854.3000000000001,0.17675289710874398,0.18962893597097036,0.06566779819735455,0.5244059463888563,0.043544422334074684,GW_ambient
MI_EGLE_WOV:TA-MW-303E,GW,43.123068028741194,-85.56189733551362,6.1,6.3,6.8,20.0,4.9,5,44.099999999999994,0.11111111111111113,0.453514739229025,0.1541950113378685,0.1383219954648526,0.14285714285714288,GW_ambient
MI_EGLE_WOV:TA-MW-304-B,GW,43.12348113752057,-85.56107743176042,340.0,400.0,250.0,690.0,1200.0,5,2880.0,0.4166666666666667,0.23958333333333334,0.08680555555555555,0.11805555555555555,0.1388888888888889,GW_ambient
MI_EGLE_WOV:TA-MW-304A,GW,43.123484924326156,-85.5610924899124,141.0,36.4,251.0,548.0,2580.0,5,3556.4,0.7254527049825666,0.15408840400404902,0.07057698796535823,0.039646833876954224,0.01023506917107187,GW_ambient
MI_EGLE_WOV:TA-MW-304B,GW,43.12348109220832,-85.56107746038043,119.0,166.0,136.0,246.0,333.0,5,1000.0,0.333,0.246,0.136,0.119,0.166,GW_ambient
MI_EGLE_WOV:TA-MW-305B,GW,43.12340912372427,-85.56043169108979,10000.0,13000.0,3800.0,20000.0,20000.0,5,66800.0,0.2994011976047904,0.2994011976047904,0.05688622754491018,0.1497005988023952,0.19461077844311378,GW_plume
MI_EGLE_WOV:TA-MW-305C,GW,43.123409179836145,-85.56044293076611,11000.0,15000.0,4500.0,30000.0,29000.0,5,89500.0,0.3240223463687151,0.33519553072625696,0.05027932960893855,0.12290502793296089,0.16759776536312848,GW_plume
MI_EGLE_WOV:TA-MW-306A,GW,43.12360262741749,-85.56067519431136,43.3,22.2,63.5,280.0,3180.0,5,3589.0,0.8860406798551128,0.0780161604903873,0.017692950682641404,0.012064641961549178,0.006185567010309278,GW_ambient
MI_EGLE_WOV:TA-MW-306B,GW,43.123589196519205,-85.56066369563752,230.0,145.0,268.0,930.0,3620.0,5,5193.0,0.6970922395532447,0.17908723281340266,0.05160793375698055,0.04429039091084152,0.02792220296553052,GW_ambient
MI_EGLE_WOV:TA-MW-307-A,GW,43.123721290755604,-85.56100715888913,520.0,320.0,900.0,3400.0,4300.0,5,9440.0,0.4555084745762712,0.3601694915254237,0.09533898305084745,0.05508474576271186,0.03389830508474576,GW_ambient
MI_EGLE_WOV:TA-MW-307B,GW,43.123714640923396,-85.5610032838827,210.0,180.0,45.0,290.0,11.0,5,736.0,0.014945652173913044,0.39402173913043476,0.06114130434782609,0.28532608695652173,0.24456521739130435,GW_ambient
MI_EGLE_WOV:TA-MW-308A,GW,43.12385103546999,-85.56066876536445,1000.0,1200.0,1000.0,9600.0,10000.0,5,22800.0,0.43859649122807015,0.42105263157894735,0.043859649122807015,0.043859649122807015,0.05263157894736842,GW_ambient
MI_EGLE_WOV:TA-MW-308B,GW,43.12385863362193,-85.56068015115301,14.6,5.1,0.0,15.4,7.1,4,42.2,0.16824644549763032,0.36492890995260663,0.0,0.3459715639810426,0.12085308056872036,GW_ambient
MI_EGLE_WOV:TA-MW-309A,GW,43.12163632012424,-85.56125148232212,38.8,12.8,42.6,137.0,1540.0,5,1771.1999999999998,0.8694670280036134,0.07734869015356821,0.02405149051490515,0.021906052393857272,0.007226738934056009,GW_ambient
MI_EGLE_WOV:TA-MW-309B,GW,43.121623115431746,-85.5612512265363,127.0,62.0,204.0,794.0,4720.0,5,5907.0,0.7990519722363297,0.13441679363467074,0.03453529710512951,0.02149991535466396,0.010496021669206027,GW_ambient
MI_EGLE_WOV:TA-MW-309C,GW,43.121609592321576,-85.56123223414308,390.0,240.0,640.0,3000.0,180.0,5,4450.0,0.04044943820224719,0.6741573033707865,0.14382022471910114,0.08764044943820225,0.05393258426966292,GW_ambient
MI_EGLE_WOV:TA-MW-309D,GW,43.1215958745632,-85.56123196842317,316.0,106.0,314.0,1090.0,4930.0,5,6756.0,0.7297217288336294,0.16133806986382473,0.04647720544701007,0.046773238602723505,0.015689757252812315,GW_ambient
MI_EGLE_WOV:TA-MW-310-C,GW,43.12158380996988,-85.56072330922605,165.0,199.0,45.7,205.0,50.0,5,664.7,0.07522190461862494,0.3084098089363623,0.0687528208214232,0.2482322852414623,0.29938318038212725,GW_ambient
MI_EGLE_WOV:TA-MW-310A,GW,43.12161240973739,-85.56071992516547,100.0,48.0,96.0,440.0,1100.0,5,1784.0,0.6165919282511211,0.24663677130044842,0.053811659192825115,0.05605381165919283,0.026905829596412557,GW_ambient
MI_EGLE_WOV:TA-MW-310B,GW,43.12159536394088,-85.56072300445358,360.0,150.0,320.0,740.0,1700.0,5,3270.0,0.5198776758409785,0.22629969418960244,0.09785932721712538,0.11009174311926606,0.045871559633027525,GW_ambient
MI_EGLE_WOV:TA-MW-310C,GW,43.1215837646577,-85.56072333784543,120.0,200.0,29.0,160.0,0.0,4,509.0,0.0,0.3143418467583497,0.05697445972495088,0.2357563850687623,0.3929273084479371,GW_ambient
MI_EGLE_WOV:TA-MW-311,GW,43.12447309116999,-85.55896007642305,35.0,20.0,35.0,120.0,640.0,5,850.0,0.7529411764705882,0.1411764705882353,0.041176470588235294,0.041176470588235294,0.023529411764705882,GW_ambient
MI_EGLE_WOV:TA-MW-311A,GW,43.12447303766803,-85.55896011349034,34.0,22.0,44.0,170.0,1200.0,5,1470.0,0.8163265306122449,0.11564625850340136,0.029931972789115645,0.02312925170068027,0.014965986394557823,GW_ambient
MI_EGLE_WOV:TA-MW-312,GW,43.122828444774846,-85.55910035016916,140.0,66.0,140.0,710.0,7700.0,5,8756.0,0.8793969849246231,0.08108725445408863,0.015989036089538604,0.015989036089538604,0.007537688442211055,GW_ambient
MI_EGLE_WOV:TA-MW-313A,GW,43.12111146994421,-85.56124937800608,11.4,5.7,48.4,173.0,464.0,5,702.5,0.6604982206405694,0.24626334519572954,0.06889679715302491,0.016227758007117437,0.008113879003558718,GW_ambient
MI_EGLE_WOV:TA-MW-313B,GW,43.12109496075539,-85.56125028723396,27.4,17.7,44.9,141.0,930.0,5,1161.0000000000002,0.801033591731266,0.12144702842377259,0.03867355727820843,0.023600344530577085,0.015245478036175706,GW_ambient
MI_EGLE_WOV:TA-MW-313C,GW,43.121079748459415,-85.56124985245374,50.9,26.4,93.4,306.0,1080.0,5,1556.7000000000003,0.693775293890923,0.19656966660242817,0.05999871523093723,0.032697372647266645,0.016958951628444782,GW_ambient
MI_EGLE_WOV:TA-MW-315,GW,43.12039824035075,-85.56064519038789,39.0,34.0,47.0,180.0,470.0,5,770.0,0.6103896103896104,0.23376623376623376,0.06103896103896104,0.05064935064935065,0.04415584415584416,GW_ambient
MI_EGLE_WOV:TA-MW-315S,GW,43.12039858158907,-85.56061234440295,79.0,47.0,92.0,430.0,2400.0,5,3048.0,0.7874015748031497,0.1410761154855643,0.030183727034120734,0.025918635170603676,0.01541994750656168,GW_ambient
MI_EGLE_WOV:TA-MW-316,GW,43.12014748043909,-85.56129513566307,11.0,6.1,8.8,30.0,18.0,5,73.89999999999999,0.24357239512855214,0.4059539918809202,0.11907983761840327,0.14884979702300408,0.08254397834912043,GW_ambient
MI_EGLE_WOV:TA-MW-316M,GW,43.12013315740329,-85.56129766770938,48.0,36.0,36.0,160.0,41.0,5,321.0,0.1277258566978193,0.4984423676012461,0.11214953271028037,0.14953271028037382,0.11214953271028037,GW_ambient
MI_EGLE_WOV:TA-MW-316S,GW,43.12012176861181,-85.56130295425318,7.4,21.0,8.2,59.0,320.0,5,415.59999999999997,0.769971126082772,0.14196342637151108,0.01973051010587103,0.0178055822906641,0.05052935514918191,GW_ambient
MI_EGLE_WOV:TA-MW-4,GW,43.123284613506286,-85.56053042792057,8500.0,8300.0,3500.0,28000.0,50000.0,5,98300.0,0.508646998982706,0.28484231943031535,0.03560528992878942,0.08646998982706001,0.0844354018311292,GW_plume
MI_EGLE_WOV:TA-MW-5,GW,43.12341112078797,-85.56045420693009,170.0,150.0,390.0,1300.0,8600.0,5,10610.0,0.8105560791705938,0.12252591894439209,0.036757775683317624,0.016022620169651274,0.01413760603204524,GW_ambient
MI_EGLE_WOV:TA-P-1,GW,43.12264651559577,-85.5613647047448,2200.0,1100.0,1300.0,6200.0,6700.0,5,17500.0,0.38285714285714284,0.35428571428571426,0.07428571428571429,0.12571428571428572,0.06285714285714286,GW_ambient
MI_EGLE_WOV:TA-P-2,GW,43.123029719730795,-85.56178795395637,8000.0,2400.0,1600.0,12000.0,32000.0,5,56000.0,0.5714285714285714,0.21428571428571427,0.02857142857142857,0.14285714285714285,0.04285714285714286,GW_plume
MI_EGLE_WOV:TA-P-3,GW,43.123377231872205,-85.56173474964224,6100.0,2100.0,3300.0,8000.0,13000.0,5,32500.0,0.4,0.24615384615384617,0.10153846153846154,0.18769230769230769,0.06461538461538462,GW_plume
MI_EGLE_WOV:TA-P-4,GW,43.123477224178664,-85.56102490914742,750.0,340.0,420.0,1800.0,25000.0,5,28310.0,0.8830801836806782,0.06358177322500883,0.014835747085835394,0.026492405510420345,0.012009890498057224,GW_plume
MI_EGLE_WOV:TA-P-5,GW,43.122848035817704,-85.56039086029196,1470.0,228.0,153.0,843.0,2570.0,5,5264.0,0.48822188449848025,0.16014437689969604,0.029065349544072947,0.27925531914893614,0.04331306990881459,GW_ambient
MI_EGLE_WOV:TA-PMW-01,GW,43.123261260518014,-85.56144749199827,56.0,19.0,69.0,120.0,1200.0,5,1464.0,0.819672131147541,0.08196721311475409,0.0471311475409836,0.03825136612021858,0.012978142076502733,GW_ambient
MI_EGLE_WOV:TA-PMW-02,GW,43.12273492268629,-85.56120379641963,530.0,200.0,470.0,1500.0,3400.0,5,6100.0,0.5573770491803278,0.2459016393442623,0.07704918032786885,0.08688524590163935,0.03278688524590164,GW_ambient
MI_EGLE_WOV:TA-PMW-03,GW,43.12223761273009,-85.56091563992162,3800.0,2600.0,1400.0,11000.0,18000.0,5,36800.0,0.4891304347826087,0.29891304347826086,0.03804347826086957,0.10326086956521739,0.07065217391304347,GW_plume
MI_EGLE_WOV:TA-PMW-314,GW,43.12062763009581,-85.56257085745243,6.6,36.0,110.0,2.6,130.0,5,285.2,0.45582047685834504,0.009116409537166902,0.3856942496493689,0.02314165497896213,0.12622720897615708,GW_ambient
MI_EGLE_WOV:TA-PZ-1,GW,43.124477131901266,-85.5606365253024,133.0,140.0,54.4,283.0,715.0,5,1325.4,0.5394597857250641,0.21352044665761277,0.041044213067753126,0.10034706503696997,0.10562848951259997,GW_ambient
MI_EGLE_WOV:TA-PZ-2,GW,43.12417936016319,-85.56081102948436,10.3,5.9,6.6,28.7,260.0,5,311.5,0.8346709470304976,0.09213483146067415,0.02118780096308186,0.033065810593900485,0.018940609951845908,GW_ambient
MI_EGLE_WOV:TA-PZ-3,GW,43.12380749714159,-85.5609251665764,117.0,79.0,228.0,957.0,2880.0,5,4261.0,0.6758976766017367,0.22459516545411876,0.05350856606430415,0.027458343111945553,0.01854024876789486,GW_ambient
MI_EGLE_WOV:TA-RP-5,GW,43.12347969373463,-85.56076974087006,5.1,0.0,0.0,9.9,34.4,3,49.4,0.6963562753036437,0.20040485829959515,0.0,0.10323886639676112,0.0,GW_ambient
MI_EGLE_WOV:TA-RW-1,GW,43.12327218663992,-85.56141275154671,280.0,100.0,100.0,400.0,1700.0,5,2580.0,0.6589147286821705,0.15503875968992248,0.03875968992248062,0.10852713178294573,0.03875968992248062,GW_ambient
MI_EGLE_WOV:TA-RW-2,GW,43.122752831879076,-85.56118365253596,20.0,9.6,11.0,46.0,300.0,5,386.6,0.7759958613554061,0.1189860320744956,0.028453181583031555,0.05173305742369374,0.024831867563372995,GW_ambient
MI_EGLE_WOV:TA-RW-3,GW,43.12225535299924,-85.56089320682402,1200.0,990.0,1000.0,10000.0,40000.0,5,53190.0,0.7520210565895845,0.18800526414739613,0.018800526414739612,0.022560631697687534,0.018612521150592216,GW_plume
MI_EGLE_WOV:TA-TMW-101,GW,43.12206882619275,-85.5611886841838,400.0,230.0,420.0,2300.0,12000.0,5,15350.0,0.7817589576547231,0.1498371335504886,0.02736156351791531,0.026058631921824105,0.01498371335504886,GW_plume
MI_EGLE_WOV:TA-TMW-103,GW,43.1232336398417,-85.55972029444466,454.0,189.0,449.0,1510.0,4300.0,5,6902.0,0.6230078238191828,0.21877716603882932,0.06505360764995653,0.06577803535207186,0.02738336713995943,GW_ambient
MI_EGLE_WOV:TA-TMW-104,GW,43.122455406866216,-85.5605443440874,94.0,65.5,265.0,2070.0,12900.0,5,15394.5,0.8379616096657897,0.13446360713241742,0.017213940043522037,0.006106076845626685,0.004254766312644126,GW_plume
MI_EGLE_WOV:TA-TMW-105,GW,43.1234303133318,-85.56121505670993,1700.0,760.0,1300.0,6100.0,28000.0,5,37860.0,0.739566825145272,0.16111991547807714,0.03433703116745906,0.04490227152667723,0.020073956682514528,GW_plume
MI_EGLE_WOV:TA-TMW-110,GW,43.12409322592428,-85.56086451285725,220.0,300.0,1500.0,6400.0,47000.0,5,55420.0,0.8480692890653194,0.11548177553229881,0.027066041140382534,0.003969686033922772,0.0054132082280765065,GW_plume
MI_EGLE_WOV:TMW-101,GW,43.12206882529266,-85.56118868416635,530.0,700.0,1300.0,16000.0,150000.0,5,168530.0,0.8900492493917996,0.09493858660179197,0.0077137601613955975,0.003144840681184359,0.004153563163828399,GW_plume
MI_EGLE_WOV:TMW-102,GW,43.12375659773111,-85.56099285782597,600.0,370.0,1100.0,4000.0,5600.0,5,11670.0,0.47986289631533846,0.3427592116538132,0.09425878320479864,0.05141388174807198,0.031705227077977724,GW_ambient
MI_EGLE_WOV:TMW-103,GW,43.12323368515358,-85.55972026582377,820.0,400.0,690.0,3200.0,6600.0,5,11710.0,0.5636208368915457,0.27327070879590093,0.05892399658411614,0.07002561912894961,0.034158838599487616,GW_ambient
MI_EGLE_WOV:TMW-104,GW,43.122455406866216,-85.5605443440874,490.0,140.0,500.0,1700.0,6200.0,5,9030.0,0.6866002214839424,0.18826135105204872,0.05537098560354374,0.05426356589147287,0.015503875968992248,GW_ambient
MI_EGLE_WOV:TMW-105,GW,43.12343027064326,-85.56121509275502,2000.0,1400.0,1200.0,6100.0,27000.0,5,37700.0,0.7161803713527851,0.16180371352785147,0.03183023872679045,0.05305039787798409,0.03713527851458886,GW_plume
MI_EGLE_WOV:TMW-108,GW,43.12366267670186,-85.56087116003363,520.0,290.0,930.0,3500.0,5400.0,5,10640.0,0.5075187969924813,0.32894736842105265,0.08740601503759399,0.04887218045112782,0.02725563909774436,GW_ambient
MI_EGLE_WOV:TMW-109,GW,43.1239769636918,-85.56053259304488,130.0,313.0,78.4,384.0,1820.0,5,2725.4,0.667791883760182,0.14089674910104938,0.02876641960813092,0.047699420268584425,0.11484552726205327,GW_ambient
MI_EGLE_WOV:TMW-110,GW,43.12409322592428,-85.56086451285725,480.0,970.0,1900.0,5600.0,14000.0,5,22950.0,0.6100217864923747,0.2440087145969499,0.08278867102396514,0.02091503267973856,0.04226579520697168,GW_plume
MI_EGLE_WOV:TMW-111,GW,43.12433958648475,-85.56054335968764,650.0,330.0,1000.0,4100.0,3400.0,5,9480.0,0.35864978902953587,0.43248945147679324,0.10548523206751055,0.06856540084388185,0.03481012658227848,GW_ambient
MI_EGLE_WOV:TMW-302A,GW,43.12269428008119,-85.56145553777976,4500.0,530.0,610.0,3100.0,9600.0,5,18340.0,0.5234460196292258,0.16902944383860413,0.03326063249727372,0.24536532170119957,0.028898582333696837,GW_ambient
MI_EGLE_WOV:WV-8,GW,43.119356197716776,-85.58927547190152,25.0,6.7,12.0,37.0,3.9,5,84.60000000000001,0.04609929078014184,0.4373522458628841,0.14184397163120566,0.29550827423167847,0.07919621749408982,GW_ambient
MI_EGLE_WOV:WV-GW-MW-1,GW,43.12495369887174,-85.59215279640419,41.0,95.0,770.0,2900.0,6700.0,5,10506.0,0.6377308204835332,0.2760327431943651,0.07329145250333143,0.003902531886541024,0.009042451932229202,GW_ambient
MI_EGLE_WOV:WV-GW-MW-14D,GW,43.13185890596033,-85.578455354783,30.0,33.0,160.0,520.0,7.4,5,750.4,0.009861407249466951,0.6929637526652452,0.21321961620469085,0.03997867803837953,0.04397654584221748,GW_ambient
MI_EGLE_WOV:WV-GW-MW-16S,GW,43.11850852481135,-85.59526003456166,16.0,13.0,7.2,21.0,27.0,5,84.2,0.32066508313539194,0.2494061757719715,0.0855106888361045,0.19002375296912113,0.1543942992874109,GW_ambient
MI_EGLE_WOV:WV-GW-MW-5D,GW,43.13174766699392,-85.59562209133429,9.0,4.6,3.6,6.1,0.0,4,23.299999999999997,0.0,0.26180257510729615,0.15450643776824036,0.3862660944206009,0.19742489270386268,GW_ambient
MI_EGLE_WOV:WV-GW-MW-6S,GW,43.12117606757013,-85.60558146833958,9.3,6.6,3.9,24.0,8.9,5,52.699999999999996,0.16888045540796967,0.4554079696394687,0.07400379506641366,0.17647058823529416,0.1252371916508539,GW_ambient
MI_EGLE_WOV:WV-GW-MW-8M,GW,43.119348250785144,-85.58930694984717,80.0,11.0,10.0,31.0,5.5,5,137.5,0.04,0.22545454545454546,0.07272727272727272,0.5818181818181818,0.08,GW_ambient
MI_EGLE_WOV:WV-GW-MW-8S,GW,43.1193517786567,-85.58929184050307,13.0,5.7,20.0,92.0,34.0,5,164.7,0.2064359441408622,0.5585913782635095,0.12143290831815423,0.07893139040680025,0.03460837887067396,GW_ambient
MI_EGLE_WOV:WV-GW-MW1,GW,43.12495369887174,-85.59215279640419,48.0,110.0,1100.0,4300.0,10000.0,5,15558.0,0.642756138321121,0.276385139478082,0.07070317521532331,0.0030852294639413806,0.007070317521532331,GW_ambient
MI_EGLE_WOV:WV-GW-MW10S,GW,43.12722550198834,-85.61154534810902,9.0,4.8,21.0,92.0,690.0,5,816.8,0.8447600391772773,0.11263467189030363,0.025710088148873655,0.011018609206660137,0.005876591576885406,GW_ambient
MI_EGLE_WOV:WV-GW-MW13D,GW,43.13150623869509,-85.59241127553013,9.8,0.0,3.8,3.0,0.0,3,16.6,0.0,0.18072289156626503,0.22891566265060237,0.5903614457831325,0.0,GW_ambient
MI_EGLE_WOV:WV-GW-MW13M,GW,43.13150805020953,-85.592437014852,5.0,0.0,5.6,15.0,17.0,4,42.6,0.39906103286384975,0.352112676056338,0.13145539906103285,0.11737089201877934,0.0,GW_ambient
MI_EGLE_WOV:WV-GW-MW13S,GW,43.13150085745796,-85.59239355976088,0.0,0.0,4.0,18.0,85.0,3,107.0,0.794392523364486,0.16822429906542055,0.037383177570093455,0.0,0.0,GW_ambient
MI_EGLE_WOV:WV-GW-MW14D,GW,43.13185890596033,-85.578455354783,29.0,33.0,170.0,540.0,7.0,5,779.0,0.008985879332477536,0.693196405648267,0.21822849807445444,0.037227214377406934,0.04236200256739409,GW_ambient
MI_EGLE_WOV:WV-GW-MW14S,GW,43.13186132325434,-85.57843434664908,8.0,0.0,10.0,13.0,9.0,4,40.0,0.225,0.325,0.25,0.2,0.0,GW_ambient
MI_EGLE_WOV:WV-GW-MW16S,GW,43.11850852481135,-85.59526003456166,16.0,23.0,6.8,26.0,23.0,5,94.8,0.24261603375527427,0.2742616033755274,0.07172995780590717,0.16877637130801687,0.24261603375527427,GW_ambient
MI_EGLE_WOV:WV-GW-MW2D,GW,43.12632266148335,-85.59662918138783,42.0,57.0,280.0,920.0,110.0,5,1409.0,0.07806955287437899,0.6529453513129879,0.198722498225692,0.029808374733853796,0.04045422285308729,GW_ambient
MI_EGLE_WOV:WV-GW-MW2S,GW,43.12631203048023,-85.59663383178925,13.0,13.0,61.0,270.0,3100.0,5,3457.0,0.8967312698871854,0.07810240092565808,0.017645357246167198,0.0037604859704946487,0.0037604859704946487,GW_ambient
MI_EGLE_WOV:WV-GW-MW3D,GW,43.129466696154886,-85.59414080689007,5.4,0.0,3.9,1.9,0.0,3,11.2,0.0,0.16964285714285715,0.34821428571428575,0.4821428571428572,0.0,GW_ambient
MI_EGLE_WOV:WV-GW-MW3S,GW,43.12947033982759,-85.59412570132356,7.4,6.3,15.0,60.0,95.0,5,183.70000000000002,0.517147523135547,0.32661948829613496,0.08165487207403374,0.040283070223189985,0.03429504627109417,GW_ambient
MI_EGLE_WOV:WV-GW-MW5D,GW,43.13174766699392,-85.59562209133429,8.6,5.1,3.7,8.2,0.0,4,25.6,0.0,0.32031249999999994,0.14453125,0.33593749999999994,0.19921874999999997,GW_ambient
MI_EGLE_WOV:WV-GW-MW5S,GW,43.13175822109566,-85.59561384943325,8.7,0.0,4.0,6.1,0.0,3,18.799999999999997,0.0,0.32446808510638303,0.21276595744680854,0.46276595744680854,0.0,GW_ambient
MI_EGLE_WOV:WV-GW-MW6S,GW,43.12117602314689,-85.6055814969439,8.6,0.0,0.0,6.6,6.6,3,21.799999999999997,0.30275229357798167,0.30275229357798167,0.0,0.3944954128440367,0.0,GW_ambient
MI_EGLE_WOV:WV-GW-MW7D,GW,43.13224411959912,-85.62086941474199,9.7,8.1,33.0,95.0,170.0,5,315.8,0.5383153894870171,0.30082330588980366,0.1044965167827739,0.030715642811906266,0.02564914502849905,GW_ambient
MI_EGLE_WOV:WV-GW-MW7M,GW,43.132248671834894,-85.62085527747074,9.1,5.9,24.0,76.0,300.0,5,415.0,0.7228915662650602,0.18313253012048192,0.05783132530120482,0.021927710843373492,0.014216867469879518,GW_ambient
MI_EGLE_WOV:WV-GW-MW7S,GW,43.132253739491986,-85.62086964852973,0.0,7.9,6.5,11.0,3.6,4,29.0,0.12413793103448276,0.3793103448275862,0.22413793103448276,0.0,0.27241379310344827,GW_ambient
MI_EGLE_WOV:WV-GW-MW8M,GW,43.119348250785144,-85.58930694984717,81.0,11.0,10.0,30.0,5.0,5,137.0,0.0364963503649635,0.21897810218978103,0.072992700729927,0.5912408759124088,0.08029197080291971,GW_ambient
MI_EGLE_WOV:WV-GW-MW9,GW,43.12452890321845,-85.59391398767588,15.0,29.0,210.0,770.0,480.0,5,1504.0,0.3191489361702128,0.511968085106383,0.13962765957446807,0.00997340425531915,0.01928191489361702,GW_ambient
MI_EGLE_WOV:WV-MW-10,GW,43.12721397168374,-85.61154926618363,5.9,4.2,9.8,4.5,8.2,5,32.6,0.25153374233128833,0.1380368098159509,0.3006134969325153,0.18098159509202455,0.12883435582822086,GW_ambient
MI_EGLE_WOV:WV-MW-13,GW,43.131506194275225,-85.5924113041487,10.0,0.0,5.9,2.5,6.2,4,24.6,0.25203252032520324,0.1016260162601626,0.23983739837398374,0.4065040650406504,0.0,GW_ambient
MI_EGLE_WOV:WV-MW-14,GW,43.13186136768368,-85.57843431679123,15.0,0.0,6.2,11.0,5.9,4,38.099999999999994,0.15485564304461946,0.2887139107611549,0.16272965879265094,0.3937007874015749,0.0,GW_ambient
MI_EGLE_WOV:WV-MW-14D,GW,43.13185890596033,-85.578455354783,24.0,23.0,110.0,340.0,8.0,5,505.0,0.015841584158415842,0.6732673267326733,0.21782178217821782,0.047524752475247525,0.04554455445544554,GW_ambient
MI_EGLE_WOV:WV-MW-14S,GW,43.13186132325434,-85.57843434664908,5.6,0.0,5.9,9.0,7.2,4,27.700000000000003,0.259927797833935,0.3249097472924187,0.21299638989169675,0.20216606498194942,0.0,GW_ambient
MI_EGLE_WOV:WV-MW-16,GW,43.11849972901925,-85.59524696614376,25.0,55.0,11.0,2.4,66.0,5,159.4,0.41405269761606023,0.015056461731493099,0.06900878293601004,0.15683814303638643,0.3450439146800502,GW_ambient
MI_EGLE_WOV:WV-MW-5D,GW,43.13174766699392,-85.59562209133429,22.0,3.4,3.8,7.4,0.0,4,36.6,0.0,0.20218579234972678,0.10382513661202185,0.6010928961748634,0.09289617486338797,GW_ambient
MI_EGLE_WOV:WV-MW-5S,GW,43.13175822109566,-85.59561384943325,21.0,4.7,3.9,8.4,0.0,4,38.0,0.0,0.2210526315789474,0.10263157894736842,0.5526315789473685,0.1236842105263158,GW_ambient
MI_EGLE_WOV:WV-PMW-RI-101A,GW,43.134104973467636,-85.59395677009921,5.2,3.7,4.1,3.8,0.0,4,16.8,0.0,0.22619047619047616,0.244047619047619,0.30952380952380953,0.22023809523809523,GW_ambient
MI_EGLE_WOV:WV-PMW-RI-104,GW,43.131562214797704,-85.61703391653487,4.0,0.0,0.0,5.0,14.0,3,23.0,0.6086956521739131,0.21739130434782608,0.0,0.17391304347826086,0.0,GW_ambient
MI_EGLE_WOV:WV-PMW-RI-104A,GW,43.13155945098586,-85.61701917350936,3.7,0.0,0.0,4.4,8.7,3,16.8,0.5178571428571428,0.2619047619047619,0.0,0.22023809523809523,0.0,GW_ambient
MI_EGLE_WOV:WV-PMW-RI-106,GW,43.11979793740907,-85.58430608815098,20.0,49.0,22.0,64.0,36.0,5,191.0,0.18848167539267016,0.33507853403141363,0.11518324607329843,0.10471204188481675,0.25654450261780104,GW_ambient
MI_EGLE_WOV:WV-PMW-RI-106A,GW,43.11981439094782,-85.58432761941573,20.0,7.1,13.0,40.0,11.0,5,91.1,0.1207464324917673,0.43907793633369924,0.14270032930845225,0.21953896816684962,0.07793633369923161,GW_ambient
MI_EGLE_WOV:WV-PMW-RI-106B,GW,43.11980644419788,-85.58434357470593,11.0,0.0,11.0,11.0,0.0,3,33.0,0.0,0.3333333333333333,0.3333333333333333,0.3333333333333333,0.0,GW_ambient
MI_EGLE_WOV:WV-PMW-RI-106C,GW,43.11980924307393,-85.58431274518865,27.0,71.0,8.7,66.0,26.0,5,198.7,0.1308505284348264,0.33215903371917466,0.043784599899345744,0.13588324106693508,0.3573225968797182,GW_ambient
MI_EGLE_WOV:WV-PMW-RI-108,GW,43.112706944931126,-85.58179152501393,6.6,0.0,7.2,6.5,0.0,3,20.299999999999997,0.0,0.3201970443349754,0.3546798029556651,0.32512315270935965,0.0,GW_ambient
MI_EGLE_WOV:WV/CH-MV-240,GW,43.11821604575798,-85.56283801207243,24.0,11.0,22.0,120.0,130.0,5,307.0,0.4234527687296417,0.39087947882736157,0.07166123778501629,0.0781758957654723,0.035830618892508145,GW_ambient
MI_EGLE_WOV:WV/CH-MW-240,GW,43.11821604575798,-85.56283801207243,20.0,9.0,19.0,96.0,120.0,5,264.0,0.45454545454545453,0.36363636363636365,0.07196969696969698,0.07575757575757576,0.03409090909090909,GW_ambient
MI_EGLE_WOV:WV/CH-MW-241,GW,43.11180375983324,-85.5626389351792,6.3,0.0,0.0,7.3,21.0,3,34.6,0.6069364161849711,0.21098265895953755,0.0,0.18208092485549132,0.0,GW_ambient
MI_EGLE_WOV:WV/CH-MW-241A,GW,43.11180375983324,-85.5626389351792,4.4,0.0,5.2,19.0,23.0,4,51.6,0.44573643410852715,0.3682170542635659,0.10077519379844961,0.08527131782945736,0.0,GW_ambient
MI_EGLE_WOV:WVNW-200A,GW,43.12873620500721,-85.62078296410937,7.8,0.0,9.0,26.0,70.0,4,112.8,0.6205673758865249,0.23049645390070922,0.0797872340425532,0.06914893617021277,0.0,GW_ambient
MI_EGLE_WOV:WVNW-200B,GW,43.128721948333755,-85.62078274912783,9.4,5.5,14.0,54.0,250.0,5,332.9,0.7509762691498949,0.1622108741363773,0.04205467107239411,0.02823670772003605,0.016521477921297687,GW_ambient
MI_EGLE_WOV:WVNW-201A,GW,43.13131706083113,-85.62133493243577,10.0,0.0,28.0,35.0,430.0,4,503.0,0.8548707753479126,0.06958250497017893,0.055666003976143144,0.019880715705765408,0.0,GW_ambient
MI_EGLE_WOV:WVNW-201B,GW,43.13131735332149,-85.62131811626948,10.0,4.0,26.0,120.0,720.0,5,880.0,0.8181818181818182,0.13636363636363635,0.029545454545454545,0.011363636363636364,0.004545454545454545,GW_ambient
MI_EGLE_WOV:WVNW-201C,GW,43.131306164101574,-85.62132523205347,11.0,9.1,27.0,86.0,530.0,5,663.1,0.7992761272809531,0.12969386216256976,0.040717840446388175,0.016588749811491478,0.013723420298597496,GW_ambient
MI_EGLE_WOV:WVNW-MW-200,GW,43.12874656597457,-85.6207863227841,9.9,9.2,14.0,57.0,150.0,5,240.1,0.6247396917950854,0.23740108288213246,0.05830903790087464,0.04123281965847564,0.0383173677634319,GW_ambient
MI_EGLE_WOV:WVNW-MW-200A,GW,43.12873620500721,-85.62078296410937,6.9,3.8,7.5,26.0,65.0,5,109.2,0.5952380952380952,0.23809523809523808,0.06868131868131867,0.06318681318681318,0.03479853479853479,GW_ambient
MI_EGLE_WOV:WVNW-MW-200B,GW,43.128721948333755,-85.62078274912783,8.4,5.2,14.0,48.0,220.0,5,295.59999999999997,0.7442489851150204,0.16238159675236807,0.047361299052774024,0.028416779431664416,0.01759133964817321,GW_ambient
MI_EGLE_WOV:WVNW-MW-201,GW,43.13131706083113,-85.62133493243577,10.0,5.3,29.0,76.0,590.0,5,710.3,0.8306349429818387,0.10699704350274533,0.040827819231310715,0.014078558355624386,0.0074616359284809235,GW_ambient
MI_EGLE_WOV:WVNW-MW-201A,GW,43.13131706083113,-85.62133493243577,10.0,18.0,25.0,92.0,530.0,5,675.0,0.7851851851851852,0.1362962962962963,0.037037037037037035,0.014814814814814815,0.02666666666666667,GW_ambient
MI_EGLE_WOV:WVNW-MW-201B,GW,43.13131735332149,-85.62131811626948,11.0,18.0,25.0,120.0,560.0,5,734.0,0.7629427792915532,0.16348773841961853,0.0340599455040872,0.014986376021798364,0.02452316076294278,GW_ambient
MI_EGLE_WOV:WVNW-MW-201C,GW,43.131306164101574,-85.62132523205347,10.0,6.3,28.0,68.0,490.0,5,602.3,0.8135480657479662,0.11290054789971776,0.04648846089988378,0.016603021749958494,0.010459903702473851,GW_ambient
MI_EGLE_WOV:WVNW-MW-202,GW,43.13435268259744,-85.62027544582989,8.6,0.0,8.4,23.0,82.0,4,122.0,0.6721311475409836,0.1885245901639344,0.06885245901639345,0.07049180327868852,0.0,GW_ambient
MI_EGLE_WOV:WVNW-MW-202A,GW,43.1344241880634,-85.62011893104348,4.3,0.0,5.2,15.0,23.0,4,47.5,0.4842105263157895,0.3157894736842105,0.10947368421052632,0.09052631578947368,0.0,GW_ambient
MI_EGLE_WOV:WVNW-MW-202B,GW,43.13440872160831,-85.62013809977442,8.1,3.8,6.9,20.0,79.0,5,117.8,0.6706281833616299,0.1697792869269949,0.05857385398981325,0.06876061120543293,0.03225806451612903,GW_ambient
