HRU,sol_pfas_ugha,kf,nf
1,15360000.0,450.2,0.43
2,15360000.0,450.2,0.43
3,10640000.0,450.2,0.43
4,10640000.0,450.2,0.43
5,13340000.0,450.2,0.43
6,13340000.0,450.2,0.43
7,13340000.0,450.2,0.43
8,14720000.0,450.2,0.43
9,14720000.0,450.2,0.43
10,16128000.0,216.4,0.48
11,16128000.0,216.4,0.48
12,12880000.0,216.4,0.48
13,12880000.0,216.4,0.48
14,13800000.0,450.2,0.43
15,13800000.0,450.2,0.43
16,14784000.0,216.4,0.48
17,14784000.0,216.4,0.48
18,10872000.0,216.4,0.48
19,10872000.0,216.4,0.48
20,10872000.0,216.4,0.48
21,13340000.0,450.2,0.43
22,13340000.0,450.2,0.43
23,13892000.0,216.4,0.48
24,13892000.0,216.4,0.48
25,13892000.0,216.4,0.48
26,16576000.0,450.2,0.43
27,16576000.0,450.2,0.43
28,15272000.0,450.2,0.43
29,15272000.0,450.2,0.43
30,13248000.0,450.2,0.43
31,13248000.0,450.2,0.43
32,13248000.0,450.2,0.43
33,15960000.0,216.4,0.48
34,15960000.0,216.4,0.48
35,13616000.0,216.4,0.48
36,13616000.0,216.4,0.48
37,14720000.0,216.4,0.48
38,14720000.0,216.4,0.48
39,38400.0,450.2,0.43
40,38400.0,450.2,0.43
41,25740.0,450.2,0.43
42,25740.0,450.2,0.43
43,25740.0,450.2,0.43
44,33350.0,450.2,0.43
45,33350.0,450.2,0.43
46,36800.0,216.4,0.48
47,48300000.0,216.4,0.48
48,55440000.0,216.4,0.48
49,55440000.0,216.4,0.48
50,55440000.0,216.4,0.48
51,32175000.0,216.4,0.48
52,32175000.0,216.4,0.48
53,50025000.0,450.2,0.43
54,50025000.0,450.2,0.43
55,22500.0,216.4,0.48
56,13800000.0,450.2,0.43
57,13800000.0,450.2,0.43
58,13340000.0,450.2,0.43
59,13340000.0,450.2,0.43
60,13340000.0,450.2,0.43
61,14784000.0,216.4,0.48
62,16128000.0,216.4,0.48
63,16128000.0,216.4,0.48
64,12880000.0,216.4,0.48
65,12880000.0,216.4,0.48
66,14720000.0,216.4,0.48
67,14720000.0,216.4,0.48
68,14720000.0,216.4,0.48
69,13800000.0,450.2,0.43
70,13800000.0,450.2,0.43
71,13800000.0,450.2,0.43
72,13800000.0,450.2,0.43
73,13800000.0,450.2,0.43
74,13800000.0,450.2,0.43
75,8580000.0,216.4,0.48
76,8580000.0,216.4,0.48
77,8580000.0,216.4,0.48
78,11600000.0,450.2,0.43
79,11600000.0,450.2,0.43
80,11600000.0,450.2,0.43
81,14720000.0,450.2,0.43
82,14720000.0,450.2,0.43
83,13616000.0,216.4,0.48
84,13616000.0,216.4,0.48
85,13616000.0,216.4,0.48
86,12800000.0,450.2,0.43
87,12800000.0,450.2,0.43
88,12800000.0,450.2,0.43
89,60480000.0,216.4,0.48
90,60480000.0,216.4,0.48
91,60480000.0,216.4,0.48
92,55200000.0,450.2,0.43
93,52785000.0,216.4,0.48
94,52785000.0,216.4,0.48
95,52785000.0,216.4,0.48
96,22500.0,216.4,0.48
97,21450.0,216.4,0.48
98,21450.0,216.4,0.48
99,21450.0,216.4,0.48
100,25740.0,450.2,0.43
101,25740.0,450.2,0.43
102,25740.0,450.2,0.43
103,27180.0,216.4,0.48
104,27180.0,216.4,0.48
105,27180.0,216.4,0.48
106,28800.0,450.2,0.43
107,28800.0,450.2,0.43
108,28800.0,450.2,0.43
109,33350.0,450.2,0.43
110,33350.0,450.2,0.43
111,36800.0,216.4,0.48
112,36800.0,216.4,0.48
113,36800.0,216.4,0.48
114,34040.0,216.4,0.48
115,34040.0,216.4,0.48
116,34040.0,216.4,0.48
117,21450.0,216.4,0.48
118,21450.0,216.4,0.48
119,21450.0,216.4,0.48
120,20670.0,450.2,0.43
121,20670.0,450.2,0.43
122,20670.0,450.2,0.43
123,34730.0,216.4,0.48
124,34730.0,216.4,0.48
125,34730.0,216.4,0.48
126,27180.0,216.4,0.48
127,27180.0,216.4,0.48
128,27180.0,216.4,0.48
129,36340.0,216.4,0.48
130,36340.0,216.4,0.48
131,36340.0,216.4,0.48
132,13340000.0,450.2,0.43
133,13340000.0,450.2,0.43
134,52785000.0,216.4,0.48
135,52785000.0,216.4,0.48
136,52785000.0,216.4,0.48
137,32175000.0,216.4,0.48
138,32175000.0,216.4,0.48
139,32175000.0,216.4,0.48
140,55200000.0,216.4,0.48
141,55200000.0,216.4,0.48
142,55200000.0,216.4,0.48
143,54510000.0,216.4,0.48
144,54510000.0,216.4,0.48
145,54510000.0,216.4,0.48
146,31005000.0,450.2,0.43
147,54510000.0,216.4,0.48
148,54510000.0,216.4,0.48
149,23780000.0,450.2,0.43
150,12880000.0,216.4,0.48
151,12880000.0,216.4,0.48
152,13340000.0,450.2,0.43
153,13340000.0,450.2,0.43
154,13800000.0,450.2,0.43
155,13800000.0,450.2,0.43
156,11600000.0,450.2,0.43
157,11600000.0,450.2,0.43
158,14720000.0,450.2,0.43
159,14720000.0,450.2,0.43
160,15000000.0,450.2,0.43
161,15000000.0,450.2,0.43
162,13616000.0,216.4,0.48
163,13616000.0,216.4,0.48
164,8580000.0,216.4,0.48
165,8580000.0,216.4,0.48
166,16128000.0,216.4,0.48
167,16128000.0,216.4,0.48
168,13892000.0,216.4,0.48
169,13892000.0,216.4,0.48
170,13800000.0,450.2,0.43
171,13800000.0,450.2,0.43
172,14720000.0,216.4,0.48
173,14720000.0,216.4,0.48
174,28416000.0,216.4,0.48
175,28416000.0,216.4,0.48
176,15360000.0,450.2,0.43
177,15360000.0,450.2,0.43
178,10800000.0,216.4,0.48
179,10800000.0,216.4,0.48
180,14000000.0,450.2,0.43
181,14000000.0,450.2,0.43
182,13340000.0,450.2,0.43
183,13340000.0,450.2,0.43
184,8580000.0,216.4,0.48
185,8580000.0,216.4,0.48
186,8904000.0,450.2,0.43
187,8904000.0,450.2,0.43
188,14784000.0,216.4,0.48
189,14784000.0,216.4,0.48
190,13340000.0,216.4,0.48
191,13340000.0,216.4,0.48
192,22500.0,216.4,0.48
193,32200.0,216.4,0.48
194,32200.0,216.4,0.48
195,39900.0,216.4,0.48
196,39900.0,216.4,0.48
197,34730.0,216.4,0.48
198,34730.0,216.4,0.48
199,27000.0,216.4,0.48
200,56250000.0,450.2,0.43
201,56250000.0,450.2,0.43
202,52095000.0,216.4,0.48
203,52095000.0,216.4,0.48
204,48300000.0,216.4,0.48
205,48300000.0,216.4,0.48
206,32175000.0,216.4,0.48
207,32175000.0,216.4,0.48
208,33120.0,450.2,0.43
209,33120.0,450.2,0.43
210,13892000.0,216.4,0.48
211,13892000.0,216.4,0.48
212,8580000.0,216.4,0.48
213,8580000.0,216.4,0.48
214,33350.0,450.2,0.43
215,33350.0,450.2,0.43
216,33350.0,450.2,0.43
217,25740.0,450.2,0.43
218,25740.0,450.2,0.43
219,25740.0,450.2,0.43
220,27180.0,216.4,0.48
221,27180.0,216.4,0.48
222,27180.0,216.4,0.48
223,36800.0,216.4,0.48
224,36800.0,216.4,0.48
225,35000.0,450.2,0.43
226,35000.0,450.2,0.43
227,40320.0,216.4,0.48
228,40320.0,216.4,0.48
229,40320.0,216.4,0.48
230,32200.0,216.4,0.48
231,32200.0,216.4,0.48
232,22500.0,216.4,0.48
233,13340000.0,450.2,0.43
234,13340000.0,450.2,0.43
235,13340000.0,450.2,0.43
236,15272000.0,450.2,0.43
237,15272000.0,450.2,0.43
238,15960000.0,216.4,0.48
239,15960000.0,216.4,0.48
240,15960000.0,216.4,0.48
241,16128000.0,216.4,0.48
242,16128000.0,216.4,0.48
243,14720000.0,216.4,0.48
244,14720000.0,216.4,0.48
245,13616000.0,216.4,0.48
246,13616000.0,216.4,0.48
247,11600000.0,450.2,0.43
248,11600000.0,450.2,0.43
249,12880000.0,216.4,0.48
250,12880000.0,216.4,0.48
251,14720000.0,450.2,0.43
252,14720000.0,450.2,0.43
253,14720000.0,216.4,0.48
254,14720000.0,216.4,0.48
255,14720000.0,216.4,0.48
256,14000000.0,450.2,0.43
257,14000000.0,450.2,0.43
258,11520000.0,450.2,0.43
259,11520000.0,450.2,0.43
260,13340000.0,450.2,0.43
261,13340000.0,450.2,0.43
262,14720000.0,216.4,0.48
263,14720000.0,216.4,0.48
264,12880000.0,216.4,0.48
265,12880000.0,216.4,0.48
266,50025000.0,450.2,0.43
267,50025000.0,450.2,0.43
268,48300000.0,216.4,0.48
269,48300000.0,216.4,0.48
270,13340000.0,450.2,0.43
271,13616000.0,216.4,0.48
272,13616000.0,216.4,0.48
273,13616000.0,216.4,0.48
274,50025000.0,450.2,0.43
275,54510000.0,216.4,0.48
276,54510000.0,216.4,0.48
277,54510000.0,216.4,0.48
278,12880000.0,216.4,0.48
279,12880000.0,216.4,0.48
280,14720000.0,450.2,0.43
281,14720000.0,450.2,0.43
282,14720000.0,216.4,0.48
283,14720000.0,216.4,0.48
284,14720000.0,216.4,0.48
285,13616000.0,216.4,0.48
286,13616000.0,216.4,0.48
287,13616000.0,216.4,0.48
288,14000000.0,450.2,0.43
289,14000000.0,450.2,0.43
290,13340000.0,450.2,0.43
291,13340000.0,450.2,0.43
292,14784000.0,216.4,0.48
293,14784000.0,216.4,0.48
294,14784000.0,216.4,0.48
295,12800000.0,450.2,0.43
296,12800000.0,450.2,0.43
297,12800000.0,450.2,0.43
298,36512000.0,216.4,0.48
299,36512000.0,216.4,0.48
300,36512000.0,216.4,0.48
301,13440000.0,216.4,0.48
302,13440000.0,216.4,0.48
303,13440000.0,216.4,0.48
304,7540000.0,450.2,0.43
305,7540000.0,450.2,0.43
306,7540000.0,450.2,0.43
307,10440000.0,450.2,0.43
308,10440000.0,450.2,0.43
309,10440000.0,450.2,0.43
310,15360000.0,450.2,0.43
311,15360000.0,450.2,0.43
312,13616000.0,216.4,0.48
313,13616000.0,216.4,0.48
314,13616000.0,216.4,0.48
315,15960000.0,216.4,0.48
316,15960000.0,216.4,0.48
317,15960000.0,216.4,0.48
318,10872000.0,216.4,0.48
319,10872000.0,216.4,0.48
320,10872000.0,216.4,0.48
321,10296000.0,450.2,0.43
322,10296000.0,450.2,0.43
323,10296000.0,450.2,0.43
324,91200000.0,216.4,0.48
325,91200000.0,216.4,0.48
326,91200000.0,216.4,0.48
327,13616000.0,216.4,0.48
328,13616000.0,216.4,0.48
329,13616000.0,216.4,0.48
330,8904000.0,450.2,0.43
331,8904000.0,450.2,0.43
332,13340000.0,450.2,0.43
333,13340000.0,450.2,0.43
334,13020000.0,216.4,0.48
335,13020000.0,216.4,0.48
336,33350.0,450.2,0.43
337,33350.0,450.2,0.43
338,32200.0,216.4,0.48
339,32200.0,216.4,0.48
340,26100.0,450.2,0.43
341,26100.0,450.2,0.43
342,26100.0,450.2,0.43
343,21450.0,216.4,0.48
344,21450.0,216.4,0.48
345,21450.0,216.4,0.48
346,20670.0,450.2,0.43
347,20670.0,450.2,0.43
348,20670.0,450.2,0.43
349,36340.0,216.4,0.48
350,36340.0,216.4,0.48
351,36340.0,216.4,0.48
352,35190.0,216.4,0.48
353,35190.0,216.4,0.48
354,35190.0,216.4,0.48
355,25740.0,450.2,0.43
356,25740.0,450.2,0.43
357,25740.0,450.2,0.43
358,21450.0,216.4,0.48
359,21450.0,216.4,0.48
360,21450.0,216.4,0.48
361,35190.0,216.4,0.48
362,35190.0,216.4,0.48
363,35190.0,216.4,0.48
364,22260.0,450.2,0.43
365,22260.0,450.2,0.43
366,33350.0,450.2,0.43
367,33350.0,450.2,0.43
368,33350.0,450.2,0.43
369,27180.0,216.4,0.48
370,27180.0,216.4,0.48
371,27180.0,216.4,0.48
372,34040.0,216.4,0.48
373,34040.0,216.4,0.48
374,34040.0,216.4,0.48
375,40320.0,216.4,0.48
376,40320.0,216.4,0.48
377,40320.0,216.4,0.48
378,36800.0,216.4,0.48
379,36800.0,216.4,0.48
380,36800.0,216.4,0.48
381,34040.0,216.4,0.48
382,34040.0,216.4,0.48
383,34040.0,216.4,0.48
384,33350.0,216.4,0.48
385,33350.0,216.4,0.48
386,33350.0,216.4,0.48
387,5500.0,366.7,0.33
388,5500.0,366.7,0.33
389,5500.0,366.7,0.33
390,35000.0,450.2,0.43
391,35000.0,450.2,0.43
392,35000.0,450.2,0.43
393,36800.0,216.4,0.48
394,36800.0,216.4,0.48
395,34730.0,216.4,0.48
396,34730.0,216.4,0.48
397,34730.0,216.4,0.48
398,29000.0,450.2,0.43
399,29000.0,450.2,0.43
400,32000.0,450.2,0.43
401,32000.0,450.2,0.43
402,32000.0,450.2,0.43
403,36800.0,450.2,0.43
404,36800.0,450.2,0.43
405,34500.0,450.2,0.43
406,34500.0,450.2,0.43
407,48300000.0,216.4,0.48
408,48300000.0,216.4,0.48
409,48300000.0,216.4,0.48
410,55200000.0,216.4,0.48
411,55200000.0,216.4,0.48
412,54510000.0,216.4,0.48
413,54510000.0,216.4,0.48
414,32175000.0,216.4,0.48
415,32175000.0,216.4,0.48
416,32175000.0,216.4,0.48
417,50025000.0,450.2,0.43
418,50025000.0,450.2,0.43
419,52500000.0,450.2,0.43
420,52500000.0,450.2,0.43
421,52500000.0,450.2,0.43
422,50025000.0,450.2,0.43
423,50025000.0,450.2,0.43
424,50025000.0,450.2,0.43
425,38400.0,450.2,0.43
426,38400.0,450.2,0.43
427,38400.0,450.2,0.43
428,34040.0,216.4,0.48
429,34040.0,216.4,0.48
430,34040.0,216.4,0.48
431,22500.0,216.4,0.48
432,31005000.0,450.2,0.43
433,31005000.0,450.2,0.43
434,31005000.0,450.2,0.43
435,51060000.0,216.4,0.48
436,51060000.0,216.4,0.48
437,51060000.0,216.4,0.48
438,50025000.0,450.2,0.43
439,50025000.0,450.2,0.43
440,50025000.0,450.2,0.43
441,52500000.0,450.2,0.43
442,52500000.0,450.2,0.43
443,52500000.0,450.2,0.43
444,27180.0,216.4,0.48
445,27180.0,216.4,0.48
446,27180.0,216.4,0.48
447,13020000.0,216.4,0.48
448,13020000.0,216.4,0.48
449,14720000.0,216.4,0.48
450,14720000.0,216.4,0.48
451,10000000.0,216.4,0.48
452,10000000.0,216.4,0.48
453,10000000.0,216.4,0.48
454,55200000.0,216.4,0.48
455,55200000.0,216.4,0.48
456,55200000.0,216.4,0.48
457,52785000.0,216.4,0.48
458,52785000.0,216.4,0.48
459,52785000.0,216.4,0.48
460,54510000.0,216.4,0.48
461,54510000.0,216.4,0.48
462,54510000.0,216.4,0.48
463,52095000.0,216.4,0.48
464,52095000.0,216.4,0.48
465,51060000.0,216.4,0.48
466,51060000.0,216.4,0.48
467,51060000.0,216.4,0.48
468,32550.0,216.4,0.48
469,32550.0,216.4,0.48
470,36340.0,216.4,0.48
471,36340.0,216.4,0.48
472,36340.0,216.4,0.48
473,20670.0,450.2,0.43
474,20670.0,450.2,0.43
475,20670.0,450.2,0.43
476,32550.0,216.4,0.48
477,32550.0,216.4,0.48
478,32000.0,450.2,0.43
479,32000.0,450.2,0.43
480,32000.0,450.2,0.43
481,36960.0,216.4,0.48
482,36960.0,216.4,0.48
483,36960.0,216.4,0.48
484,38180.0,450.2,0.43
485,38180.0,450.2,0.43
486,38180.0,450.2,0.43
487,36340.0,216.4,0.48
488,36340.0,216.4,0.48
489,36340.0,216.4,0.48
490,20670.0,450.2,0.43
491,20670.0,450.2,0.43
492,34730.0,216.4,0.48
493,34730.0,216.4,0.48
494,34730.0,216.4,0.48
495,25740.0,450.2,0.43
496,25740.0,450.2,0.43
497,25740.0,450.2,0.43
498,21450.0,216.4,0.48
499,21450.0,216.4,0.48
500,36340.0,216.4,0.48
501,36340.0,216.4,0.48
502,36340.0,216.4,0.48
503,22260.0,450.2,0.43
504,22260.0,450.2,0.43
505,35190.0,216.4,0.48
506,34500.0,450.2,0.43
507,34500.0,450.2,0.43
508,34500.0,450.2,0.43
509,27180.0,216.4,0.48
510,27180.0,216.4,0.48
511,27180.0,216.4,0.48
512,13892000.0,216.4,0.48
513,13892000.0,216.4,0.48
514,15272000.0,450.2,0.43
515,15272000.0,450.2,0.43
516,15272000.0,450.2,0.43
517,14536000.0,216.4,0.48
518,14536000.0,216.4,0.48
519,14536000.0,216.4,0.48
520,48825000.0,216.4,0.48
521,48825000.0,216.4,0.48
522,48825000.0,216.4,0.48
523,37500000.0,216.4,0.48
524,37500000.0,216.4,0.48
525,37500000.0,216.4,0.48
526,51060000.0,216.4,0.48
527,51060000.0,216.4,0.48
528,40770000.0,216.4,0.48
529,40770000.0,216.4,0.48
530,40770000.0,216.4,0.48
531,57270000.0,450.2,0.43
532,57270000.0,450.2,0.43
533,57270000.0,450.2,0.43
534,31005000.0,450.2,0.43
535,31005000.0,450.2,0.43
536,31005000.0,450.2,0.43
537,54510000.0,216.4,0.48
538,54510000.0,216.4,0.48
539,54510000.0,216.4,0.48
540,52785000.0,216.4,0.48
541,52785000.0,216.4,0.48
542,52785000.0,216.4,0.48
543,51750000.0,450.2,0.43
544,51750000.0,450.2,0.43
545,51750000.0,450.2,0.43
546,52785000.0,216.4,0.48
547,52785000.0,216.4,0.48
548,52785000.0,216.4,0.48
549,54510000.0,216.4,0.48
550,54510000.0,216.4,0.48
551,54510000.0,216.4,0.48
552,33390000.0,450.2,0.43
553,33390000.0,450.2,0.43
554,33390000.0,450.2,0.43
555,50025000.0,216.4,0.48
556,50025000.0,216.4,0.48
557,50025000.0,216.4,0.48
558,52095000.0,216.4,0.48
559,52095000.0,216.4,0.48
560,32175000.0,216.4,0.48
561,32175000.0,216.4,0.48
562,54510000.0,216.4,0.48
563,54510000.0,216.4,0.48
564,54510000.0,216.4,0.48
565,22500.0,216.4,0.48
566,36340.0,216.4,0.48
567,36340.0,216.4,0.48
568,36340.0,216.4,0.48
569,27180.0,216.4,0.48
570,27180.0,216.4,0.48
571,27180.0,216.4,0.48
572,35190.0,216.4,0.48
573,35190.0,216.4,0.48
574,35190.0,216.4,0.48
575,36960.0,216.4,0.48
576,36960.0,216.4,0.48
577,36960.0,216.4,0.48
578,34730.0,216.4,0.48
579,34730.0,216.4,0.48
580,34730.0,216.4,0.48
581,32000.0,450.2,0.43
582,32000.0,450.2,0.43
583,32000.0,450.2,0.43
584,36800.0,450.2,0.43
585,36800.0,450.2,0.43
586,36800.0,450.2,0.43
587,35190.0,216.4,0.48
588,35190.0,216.4,0.48
589,35190.0,216.4,0.48
590,25740.0,450.2,0.43
591,25740.0,450.2,0.43
592,25740.0,450.2,0.43
593,5680.0,216.4,0.48
594,5680.0,216.4,0.48
595,5680.0,216.4,0.48
596,33600.0,216.4,0.48
597,33600.0,216.4,0.48
598,33600.0,216.4,0.48
599,22260.0,450.2,0.43
600,22260.0,450.2,0.43
601,22260.0,450.2,0.43
602,40320.0,216.4,0.48
603,40320.0,216.4,0.48
604,40320.0,216.4,0.48
605,33350.0,216.4,0.48
606,33350.0,216.4,0.48
607,41440.0,450.2,0.43
608,41440.0,450.2,0.43
609,22500.0,216.4,0.48
610,22500.0,216.4,0.48
611,55440000.0,216.4,0.48
612,55440000.0,216.4,0.48
613,55440000.0,216.4,0.48
614,40770000.0,216.4,0.48
615,40770000.0,216.4,0.48
616,40770000.0,216.4,0.48
617,52785000.0,216.4,0.48
618,52785000.0,216.4,0.48
619,52785000.0,216.4,0.48
620,54510000.0,216.4,0.48
621,54510000.0,216.4,0.48
622,51750000.0,450.2,0.43
623,51750000.0,450.2,0.43
624,51750000.0,450.2,0.43
625,43200000.0,450.2,0.43
626,43200000.0,450.2,0.43
627,43200000.0,450.2,0.43
628,40500000.0,216.4,0.48
629,40500000.0,216.4,0.48
630,12800000.0,450.2,0.43
631,12800000.0,450.2,0.43
632,17760000.0,450.2,0.43
633,17760000.0,450.2,0.43
634,17760000.0,450.2,0.43
635,10872000.0,216.4,0.48
636,10872000.0,216.4,0.48
637,10872000.0,216.4,0.48
638,14076000.0,216.4,0.48
639,14076000.0,216.4,0.48
640,14076000.0,216.4,0.48
641,12880000.0,216.4,0.48
642,12880000.0,216.4,0.48
643,16128000.0,216.4,0.48
644,16128000.0,216.4,0.48
645,16128000.0,216.4,0.48
646,10296000.0,450.2,0.43
647,10296000.0,450.2,0.43
648,10296000.0,450.2,0.43
649,13020000.0,216.4,0.48
650,13020000.0,216.4,0.48
651,13020000.0,216.4,0.48
652,14784000.0,216.4,0.48
653,14784000.0,216.4,0.48
654,14784000.0,216.4,0.48
655,14720000.0,450.2,0.43
656,14720000.0,450.2,0.43
657,14720000.0,216.4,0.48
658,14720000.0,216.4,0.48
659,14720000.0,216.4,0.48
660,52785000.0,216.4,0.48
661,52785000.0,216.4,0.48
662,40770000.0,216.4,0.48
663,40770000.0,216.4,0.48
664,40770000.0,216.4,0.48
665,33390000.0,450.2,0.43
666,33390000.0,450.2,0.43
667,33390000.0,450.2,0.43
668,60480000.0,216.4,0.48
669,60480000.0,216.4,0.48
670,60480000.0,216.4,0.48
671,33750000.0,216.4,0.48
672,33750000.0,216.4,0.48
673,33750000.0,216.4,0.48
674,32175000.0,216.4,0.48
675,32175000.0,216.4,0.48
676,55200000.0,216.4,0.48
677,55200000.0,216.4,0.48
678,91200000.0,216.4,0.48
679,91200000.0,216.4,0.48
680,91200000.0,216.4,0.48
681,13020000.0,216.4,0.48
682,13020000.0,216.4,0.48
683,13020000.0,216.4,0.48
684,50400000.0,216.4,0.48
685,50400000.0,216.4,0.48
686,50400000.0,216.4,0.48
687,52095000.0,216.4,0.48
688,52095000.0,216.4,0.48
689,52095000.0,216.4,0.48
690,52200000.0,450.2,0.43
691,52200000.0,450.2,0.43
692,52200000.0,450.2,0.43
693,60480000.0,216.4,0.48
694,60480000.0,216.4,0.48
695,60480000.0,216.4,0.48
696,51060000.0,216.4,0.48
697,51060000.0,216.4,0.48
698,51060000.0,216.4,0.48
699,38610000.0,450.2,0.43
700,38610000.0,450.2,0.43
701,38610000.0,450.2,0.43
702,32175000.0,216.4,0.48
703,32175000.0,216.4,0.48
704,32175000.0,216.4,0.48
705,50025000.0,216.4,0.48
706,50025000.0,216.4,0.48
707,50025000.0,216.4,0.48
708,51750000.0,450.2,0.43
709,51750000.0,450.2,0.43
710,51750000.0,450.2,0.43
711,43200000.0,450.2,0.43
712,43200000.0,450.2,0.43
713,43200000.0,450.2,0.43
714,48000000.0,450.2,0.43
715,48000000.0,450.2,0.43
716,48000000.0,450.2,0.43
717,48825000.0,216.4,0.48
718,5680.0,216.4,0.48
719,5680.0,216.4,0.48
720,27180.0,216.4,0.48
721,27180.0,216.4,0.48
722,27180.0,216.4,0.48
723,28800.0,450.2,0.43
724,33350.0,216.4,0.48
725,33350.0,216.4,0.48
726,33350.0,216.4,0.48
727,32550.0,216.4,0.48
728,32550.0,216.4,0.48
729,34040.0,216.4,0.48
730,34040.0,216.4,0.48
731,34040.0,216.4,0.48
732,22500.0,216.4,0.48
733,2272000.0,216.4,0.48
734,2272000.0,216.4,0.48
735,13340000.0,216.4,0.48
736,13340000.0,216.4,0.48
737,13340000.0,216.4,0.48
738,15360000.0,450.2,0.43
739,15360000.0,450.2,0.43
740,13340000.0,450.2,0.43
741,13340000.0,450.2,0.43
742,14000000.0,450.2,0.43
743,14000000.0,450.2,0.43
744,14784000.0,216.4,0.48
745,14784000.0,216.4,0.48
746,12880000.0,216.4,0.48
747,12880000.0,216.4,0.48
748,13800000.0,450.2,0.43
749,13800000.0,450.2,0.43
750,13020000.0,216.4,0.48
751,13020000.0,216.4,0.48
752,48300000.0,216.4,0.48
753,48300000.0,216.4,0.48
754,48300000.0,216.4,0.48
755,12880000.0,216.4,0.48
756,12880000.0,216.4,0.48
757,14000000.0,450.2,0.43
758,14000000.0,450.2,0.43
759,13800000.0,450.2,0.43
760,13800000.0,450.2,0.43
761,13800000.0,450.2,0.43
762,13020000.0,216.4,0.48
763,13020000.0,216.4,0.48
764,14784000.0,216.4,0.48
765,14784000.0,216.4,0.48
766,14784000.0,216.4,0.48
767,16128000.0,216.4,0.48
768,16128000.0,216.4,0.48
769,13340000.0,450.2,0.43
770,13340000.0,450.2,0.43
771,31005000.0,450.2,0.43
772,31005000.0,450.2,0.43
773,52500000.0,450.2,0.43
774,52500000.0,450.2,0.43
775,52500000.0,450.2,0.43
776,48825000.0,216.4,0.48
777,48825000.0,216.4,0.48
778,48825000.0,216.4,0.48
779,55440000.0,216.4,0.48
780,55440000.0,216.4,0.48
781,55440000.0,216.4,0.48
782,32175000.0,216.4,0.48
783,32175000.0,216.4,0.48
784,32175000.0,216.4,0.48
785,52785000.0,216.4,0.48
786,52785000.0,216.4,0.48
787,52785000.0,216.4,0.48
788,50025000.0,450.2,0.43
789,50025000.0,450.2,0.43
790,34040.0,216.4,0.48
791,34040.0,216.4,0.48
792,34040.0,216.4,0.48
793,35190.0,216.4,0.48
794,35190.0,216.4,0.48
795,35190.0,216.4,0.48
796,25740.0,450.2,0.43
797,25740.0,450.2,0.43
798,25740.0,450.2,0.43
799,28600.0,450.2,0.43
800,28600.0,450.2,0.43
801,28600.0,450.2,0.43
802,35000.0,450.2,0.43
803,35000.0,450.2,0.43
804,35000.0,450.2,0.43
805,22260.0,450.2,0.43
806,22260.0,450.2,0.43
807,22260.0,450.2,0.43
808,36340.0,216.4,0.48
809,36340.0,216.4,0.48
810,20670.0,450.2,0.43
811,20670.0,450.2,0.43
812,20670.0,450.2,0.43
813,34730.0,216.4,0.48
814,34730.0,216.4,0.48
815,34730.0,216.4,0.48
816,36340.0,216.4,0.48
817,36340.0,216.4,0.48
818,36340.0,216.4,0.48
819,5500.0,366.7,0.33
820,36800.0,216.4,0.48
821,36800.0,216.4,0.48
822,36800.0,216.4,0.48
823,28600.0,450.2,0.43
824,28600.0,450.2,0.43
825,21450.0,216.4,0.48
826,21450.0,216.4,0.48
827,21450.0,216.4,0.48
828,21450.0,216.4,0.48
829,21450.0,216.4,0.48
830,21450.0,216.4,0.48
831,32200.0,216.4,0.48
832,32200.0,216.4,0.48
833,32200.0,216.4,0.48
834,28800.0,450.2,0.43
835,28800.0,450.2,0.43
836,28800.0,450.2,0.43
837,34040.0,216.4,0.48
838,34040.0,216.4,0.48
839,34040.0,216.4,0.48
840,35190.0,216.4,0.48
841,35190.0,216.4,0.48
842,35190.0,216.4,0.48
843,32000.0,450.2,0.43
844,32000.0,450.2,0.43
845,32000.0,450.2,0.43
846,39900.0,216.4,0.48
847,39900.0,216.4,0.48
848,39900.0,216.4,0.48
849,22500.0,216.4,0.48
850,22500.0,216.4,0.48
851,22500.0,216.4,0.48
852,41440.0,450.2,0.43
853,41440.0,450.2,0.43
854,32550.0,216.4,0.48
855,32550.0,216.4,0.48
856,32550.0,216.4,0.48
857,34800.0,450.2,0.43
858,34800.0,450.2,0.43
859,34800.0,450.2,0.43
860,27180.0,216.4,0.48
861,27180.0,216.4,0.48
862,27180.0,216.4,0.48
863,34040.0,216.4,0.48
864,34040.0,216.4,0.48
865,34040.0,216.4,0.48
866,22500.0,216.4,0.48
867,32175000.0,216.4,0.48
868,32175000.0,216.4,0.48
869,50025000.0,450.2,0.43
870,50025000.0,450.2,0.43
871,52095000.0,216.4,0.48
872,52095000.0,216.4,0.48
873,52095000.0,216.4,0.48
874,51060000.0,216.4,0.48
875,51060000.0,216.4,0.48
876,51060000.0,216.4,0.48
877,48300000.0,216.4,0.48
878,48300000.0,216.4,0.48
879,48825000.0,216.4,0.48
880,48825000.0,216.4,0.48
881,40770000.0,216.4,0.48
882,40770000.0,216.4,0.48
883,33750000.0,216.4,0.48
884,33750000.0,216.4,0.48
885,31005000.0,450.2,0.43
886,31005000.0,450.2,0.43
887,31005000.0,450.2,0.43
888,52095000.0,216.4,0.48
889,52095000.0,216.4,0.48
890,51060000.0,216.4,0.48
891,51060000.0,216.4,0.48
892,50025000.0,216.4,0.48
893,40500000.0,216.4,0.48
894,40500000.0,216.4,0.48
895,54510000.0,216.4,0.48
896,54510000.0,216.4,0.48
897,52500000.0,450.2,0.43
898,52500000.0,450.2,0.43
899,52500000.0,450.2,0.43
900,38610000.0,450.2,0.43
901,38610000.0,450.2,0.43
902,33750000.0,216.4,0.48
903,33750000.0,216.4,0.48
904,33750000.0,216.4,0.48
905,32175000.0,216.4,0.48
906,32175000.0,216.4,0.48
907,34730.0,216.4,0.48
908,34730.0,216.4,0.48
909,34730.0,216.4,0.48
910,13340000.0,450.2,0.43
911,13340000.0,450.2,0.43
912,13340000.0,450.2,0.43
913,10872000.0,216.4,0.48
914,15360000.0,450.2,0.43
915,15360000.0,450.2,0.43
916,15360000.0,450.2,0.43
917,13892000.0,216.4,0.48
918,13892000.0,216.4,0.48
919,13892000.0,216.4,0.48
920,11520000.0,450.2,0.43
921,11520000.0,450.2,0.43
922,11520000.0,450.2,0.43
923,13616000.0,216.4,0.48
924,13616000.0,216.4,0.48
925,13616000.0,216.4,0.48
926,13616000.0,216.4,0.48
927,13616000.0,216.4,0.48
928,13616000.0,216.4,0.48
929,8580000.0,216.4,0.48
930,8580000.0,216.4,0.48
931,8580000.0,216.4,0.48
932,13616000.0,216.4,0.48
933,13616000.0,216.4,0.48
934,13616000.0,216.4,0.48
935,14720000.0,450.2,0.43
936,14720000.0,450.2,0.43
937,12800000.0,450.2,0.43
938,12800000.0,450.2,0.43
939,12880000.0,216.4,0.48
940,12880000.0,216.4,0.48
941,14076000.0,216.4,0.48
942,14076000.0,216.4,0.48
943,14076000.0,216.4,0.48
944,13020000.0,216.4,0.48
945,13020000.0,216.4,0.48
946,13020000.0,216.4,0.48
947,52095000.0,216.4,0.48
948,52095000.0,216.4,0.48
949,52095000.0,216.4,0.48
950,55200000.0,450.2,0.43
951,55200000.0,450.2,0.43
952,8250000.0,366.7,0.33
953,8250000.0,366.7,0.33
954,8250000.0,366.7,0.33
955,33600.0,216.4,0.48
956,33600.0,216.4,0.48
957,33600.0,216.4,0.48
958,32200.0,216.4,0.48
959,32200.0,216.4,0.48
960,32200.0,216.4,0.48
961,34730.0,216.4,0.48
962,34730.0,216.4,0.48
963,52095000.0,216.4,0.48
964,52095000.0,216.4,0.48
965,13616000.0,216.4,0.48
966,13892000.0,216.4,0.48
967,13892000.0,216.4,0.48
968,13892000.0,216.4,0.48
969,8580000.0,216.4,0.48
970,8580000.0,216.4,0.48
971,8580000.0,216.4,0.48
972,8580000.0,216.4,0.48
973,8580000.0,216.4,0.48
974,8580000.0,216.4,0.48
975,13020000.0,216.4,0.48
976,13020000.0,216.4,0.48
977,13020000.0,216.4,0.48
978,13616000.0,216.4,0.48
979,13616000.0,216.4,0.48
980,13616000.0,216.4,0.48
981,11520000.0,450.2,0.43
982,11520000.0,450.2,0.43
983,11520000.0,450.2,0.43
984,22500.0,216.4,0.48
985,50025000.0,450.2,0.43
986,50025000.0,450.2,0.43
987,60480000.0,216.4,0.48
988,60480000.0,216.4,0.48
989,13340000.0,450.2,0.43
990,13340000.0,450.2,0.43
991,13340000.0,450.2,0.43
992,16128000.0,216.4,0.48
993,16128000.0,216.4,0.48
994,16128000.0,216.4,0.48
995,14000000.0,450.2,0.43
996,14000000.0,450.2,0.43
997,15360000.0,450.2,0.43
998,15360000.0,450.2,0.43
999,8904000.0,450.2,0.43
1000,8904000.0,450.2,0.43
1001,13340000.0,450.2,0.43
1002,13340000.0,450.2,0.43
1003,14784000.0,216.4,0.48
1004,14784000.0,216.4,0.48
1005,35190.0,216.4,0.48
1006,35190.0,216.4,0.48
1007,25740.0,450.2,0.43
1008,25740.0,450.2,0.43
1009,35000.0,450.2,0.43
1010,35000.0,450.2,0.43
1011,35000.0,450.2,0.43
1012,28600.0,450.2,0.43
1013,28600.0,450.2,0.43
1014,28600.0,450.2,0.43
1015,34730.0,216.4,0.48
1016,34730.0,216.4,0.48
1017,34730.0,216.4,0.48
1018,35190.0,216.4,0.48
1019,35190.0,216.4,0.48
1020,35190.0,216.4,0.48
1021,29000.0,450.2,0.43
1022,29000.0,450.2,0.43
1023,29000.0,450.2,0.43
1024,34040.0,216.4,0.48
1025,34040.0,216.4,0.48
1026,34040.0,216.4,0.48
1027,42050.0,450.2,0.43
1028,42050.0,450.2,0.43
1029,40320.0,216.4,0.48
1030,40320.0,216.4,0.48
1031,40320.0,216.4,0.48
1032,32200.0,216.4,0.48
1033,32200.0,216.4,0.48
1034,33350.0,450.2,0.43
1035,33350.0,450.2,0.43
1036,33350.0,450.2,0.43
1037,33350.0,450.2,0.43
1038,33350.0,450.2,0.43
1039,25740.0,450.2,0.43
1040,25740.0,450.2,0.43
1041,25740.0,450.2,0.43
1042,13340000.0,450.2,0.43
1043,13340000.0,450.2,0.43
1044,13340000.0,450.2,0.43
1045,8580000.0,216.4,0.48
1046,8580000.0,216.4,0.48
1047,8580000.0,216.4,0.48
1048,8580000.0,216.4,0.48
1049,8580000.0,216.4,0.48
1050,13340000.0,450.2,0.43
1051,13340000.0,450.2,0.43
1052,13340000.0,450.2,0.43
1053,16128000.0,216.4,0.48
1054,16128000.0,216.4,0.48
1055,16128000.0,216.4,0.48
1056,16576000.0,450.2,0.43
1057,16576000.0,450.2,0.43
1058,10640000.0,450.2,0.43
1059,10640000.0,450.2,0.43
1060,10640000.0,450.2,0.43
1061,14784000.0,216.4,0.48
1062,14784000.0,216.4,0.48
1063,14784000.0,216.4,0.48
1064,9000000.0,216.4,0.48
1065,9000000.0,216.4,0.48
1066,9000000.0,216.4,0.48
1067,13020000.0,216.4,0.48
1068,13020000.0,216.4,0.48
1069,13020000.0,216.4,0.48
1070,15272000.0,450.2,0.43
1071,15272000.0,450.2,0.43
1072,15272000.0,450.2,0.43
1073,14000000.0,450.2,0.43
1074,14076000.0,216.4,0.48
1075,14076000.0,216.4,0.48
1076,11600000.0,450.2,0.43
1077,11600000.0,450.2,0.43
1078,13020000.0,216.4,0.48
1079,13020000.0,216.4,0.48
1080,13892000.0,216.4,0.48
1081,13892000.0,216.4,0.48
1082,13892000.0,216.4,0.48
1083,13440000.0,216.4,0.48
1084,13440000.0,216.4,0.48
1085,12800000.0,450.2,0.43
1086,12800000.0,450.2,0.43
1087,13800000.0,450.2,0.43
1088,13800000.0,450.2,0.43
1089,15960000.0,216.4,0.48
1090,15960000.0,216.4,0.48
1091,15360000.0,450.2,0.43
1092,15360000.0,450.2,0.43
1093,15360000.0,450.2,0.43
1094,13800000.0,450.2,0.43
1095,13800000.0,450.2,0.43
1096,8580000.0,216.4,0.48
1097,8580000.0,216.4,0.48
1098,10872000.0,216.4,0.48
1099,10872000.0,216.4,0.48
1100,10872000.0,216.4,0.48
1101,13340000.0,450.2,0.43
1102,13340000.0,450.2,0.43
1103,13340000.0,450.2,0.43
1104,12880000.0,216.4,0.48
1105,12880000.0,216.4,0.48
1106,91200000.0,216.4,0.48
1107,91200000.0,216.4,0.48
1108,91200000.0,216.4,0.48
1109,14720000.0,216.4,0.48
1110,14720000.0,216.4,0.48
1111,15360000.0,450.2,0.43
1112,15360000.0,450.2,0.43
1113,13340000.0,450.2,0.43
1114,13340000.0,450.2,0.43
1115,13340000.0,450.2,0.43
1116,13616000.0,216.4,0.48
1117,13616000.0,216.4,0.48
1118,14536000.0,216.4,0.48
1119,14536000.0,216.4,0.48
1120,14536000.0,216.4,0.48
1121,60480000.0,216.4,0.48
1122,60480000.0,216.4,0.48
1123,48825000.0,216.4,0.48
1124,48825000.0,216.4,0.48
1125,48825000.0,216.4,0.48
1126,50025000.0,450.2,0.43
1127,50025000.0,450.2,0.43
1128,50025000.0,450.2,0.43
1129,51060000.0,216.4,0.48
1130,51060000.0,216.4,0.48
1131,51060000.0,216.4,0.48
1132,50400000.0,216.4,0.48
1133,50400000.0,216.4,0.48
1134,50400000.0,216.4,0.48
1135,50025000.0,450.2,0.43
1136,50025000.0,450.2,0.43
1137,42900000.0,450.2,0.43
1138,42900000.0,450.2,0.43
1139,52095000.0,216.4,0.48
1140,52095000.0,216.4,0.48
1141,52095000.0,216.4,0.48
1142,55200000.0,216.4,0.48
1143,55200000.0,216.4,0.48
1144,22500.0,216.4,0.48
1145,22500.0,216.4,0.48
1146,22500.0,216.4,0.48
1147,22500.0,216.4,0.48
1148,40320.0,216.4,0.48
1149,40320.0,216.4,0.48
1150,40320.0,216.4,0.48
1151,9000000.0,216.4,0.48
1152,16576000.0,450.2,0.43
1153,10872000.0,216.4,0.48
1154,10872000.0,216.4,0.48
1155,10872000.0,216.4,0.48
1156,22500.0,216.4,0.48
1157,35000.0,450.2,0.43
1158,35000.0,450.2,0.43
1159,35000.0,450.2,0.43
1160,36960.0,216.4,0.48
1161,36960.0,216.4,0.48
1162,36960.0,216.4,0.48
1163,33600.0,216.4,0.48
1164,33600.0,216.4,0.48
1165,33600.0,216.4,0.48
1166,25740.0,450.2,0.43
1167,25740.0,450.2,0.43
1168,25740.0,450.2,0.43
1169,32550.0,216.4,0.48
1170,32550.0,216.4,0.48
1171,32550.0,216.4,0.48
1172,34500.0,450.2,0.43
1173,34500.0,450.2,0.43
1174,36800.0,216.4,0.48
1175,36800.0,216.4,0.48
1176,34500.0,450.2,0.43
1177,34500.0,450.2,0.43
1178,34500.0,450.2,0.43
1179,27180.0,216.4,0.48
1180,27180.0,216.4,0.48
1181,27180.0,216.4,0.48
1182,33350.0,450.2,0.43
1183,33350.0,450.2,0.43
1184,33350.0,450.2,0.43
1185,40320.0,216.4,0.48
1186,40320.0,216.4,0.48
1187,40320.0,216.4,0.48
1188,34040.0,216.4,0.48
1189,34040.0,216.4,0.48
1190,34040.0,216.4,0.48
1191,32000.0,450.2,0.43
1192,32000.0,450.2,0.43
1193,32000.0,450.2,0.43
1194,33350.0,450.2,0.43
1195,33350.0,450.2,0.43
1196,33350.0,450.2,0.43
1197,37000.0,450.2,0.43
1198,37000.0,450.2,0.43
1199,37000.0,450.2,0.43
1200,22500.0,216.4,0.48
1201,22500.0,216.4,0.48
1202,22500.0,216.4,0.48
1203,21450.0,216.4,0.48
1204,21450.0,216.4,0.48
1205,21450.0,216.4,0.48
1206,20670.0,450.2,0.43
1207,20670.0,450.2,0.43
1208,20670.0,450.2,0.43
1209,36340.0,216.4,0.48
1210,36340.0,216.4,0.48
1211,36340.0,216.4,0.48
1212,35190.0,216.4,0.48
1213,35190.0,216.4,0.48
1214,35190.0,216.4,0.48
1215,34800.0,450.2,0.43
1216,34800.0,450.2,0.43
1217,34800.0,450.2,0.43
1218,5680.0,216.4,0.48
1219,5680.0,216.4,0.48
1220,5680.0,216.4,0.48
1221,34730.0,216.4,0.48
1222,34730.0,216.4,0.48
1223,34730.0,216.4,0.48
1224,32550.0,216.4,0.48
1225,32550.0,216.4,0.48
1226,34040.0,216.4,0.48
1227,34040.0,216.4,0.48
1228,34040.0,216.4,0.48
1229,28800.0,450.2,0.43
1230,28800.0,450.2,0.43
1231,28800.0,450.2,0.43
1232,35000.0,450.2,0.43
1233,35000.0,450.2,0.43
1234,35000.0,450.2,0.43
1235,50025000.0,450.2,0.43
1236,50025000.0,450.2,0.43
1237,50025000.0,450.2,0.43
1238,52095000.0,216.4,0.48
1239,52095000.0,216.4,0.48
1240,52095000.0,216.4,0.48
1241,50025000.0,450.2,0.43
1242,50025000.0,450.2,0.43
1243,50025000.0,450.2,0.43
1244,50025000.0,450.2,0.43
1245,50025000.0,450.2,0.43
1246,50025000.0,450.2,0.43
1247,33750000.0,216.4,0.48
1248,33750000.0,216.4,0.48
1249,33750000.0,216.4,0.48
1250,48825000.0,216.4,0.48
1251,48825000.0,216.4,0.48
1252,40770000.0,216.4,0.48
1253,40770000.0,216.4,0.48
1254,40770000.0,216.4,0.48
1255,40500000.0,216.4,0.48
1256,40500000.0,216.4,0.48
1257,40500000.0,216.4,0.48
1258,51750000.0,450.2,0.43
1259,51750000.0,450.2,0.43
1260,51750000.0,450.2,0.43
1261,16128000.0,216.4,0.48
1262,16128000.0,216.4,0.48
1263,16128000.0,216.4,0.48
1264,14784000.0,216.4,0.48
1265,14784000.0,216.4,0.48
1266,9000000.0,216.4,0.48
1267,9000000.0,216.4,0.48
1268,9000000.0,216.4,0.48
1269,13800000.0,450.2,0.43
1270,13800000.0,450.2,0.43
1271,13340000.0,450.2,0.43
1272,13340000.0,450.2,0.43
1273,10872000.0,216.4,0.48
1274,10872000.0,216.4,0.48
1275,10872000.0,216.4,0.48
1276,33600.0,216.4,0.48
1277,33600.0,216.4,0.48
1278,33600.0,216.4,0.48
1279,52095000.0,216.4,0.48
1280,52095000.0,216.4,0.48
1281,32175000.0,216.4,0.48
1282,32175000.0,216.4,0.48
1283,52095000.0,216.4,0.48
1284,52095000.0,216.4,0.48
1285,21450.0,216.4,0.48
1286,21450.0,216.4,0.48
1287,21450.0,216.4,0.48
1288,39900.0,216.4,0.48
1289,39900.0,216.4,0.48
1290,39900.0,216.4,0.48
1291,41440.0,450.2,0.43
1292,41440.0,450.2,0.43
1293,22500.0,216.4,0.48
1294,22500.0,216.4,0.48
1295,41440.0,450.2,0.43
1296,41440.0,450.2,0.43
1297,22500.0,216.4,0.48
1298,22500.0,216.4,0.48
1299,22500.0,216.4,0.48
1300,34040.0,216.4,0.48
1301,34040.0,216.4,0.48
1302,34040.0,216.4,0.48
1303,34040.0,216.4,0.48
1304,22500.0,216.4,0.48
1305,17760000.0,450.2,0.43
1306,17760000.0,450.2,0.43
1307,13020000.0,216.4,0.48
1308,13616000.0,216.4,0.48
1309,13616000.0,216.4,0.48
1310,13616000.0,216.4,0.48
1311,34040.0,216.4,0.48
1312,41440.0,450.2,0.43
1313,21450.0,216.4,0.48
1314,21450.0,216.4,0.48
1315,21450.0,216.4,0.48
1316,21450.0,216.4,0.48
1317,21450.0,216.4,0.48
1318,21450.0,216.4,0.48
1319,33350.0,450.2,0.43
1320,33350.0,450.2,0.43
1321,35190.0,216.4,0.48
1322,35190.0,216.4,0.48
1323,35190.0,216.4,0.48
1324,32550.0,216.4,0.48
1325,8580000.0,216.4,0.48
1326,22500.0,216.4,0.48
1327,48825000.0,216.4,0.48
1328,48825000.0,216.4,0.48
1329,27180.0,216.4,0.48
1330,27180.0,216.4,0.48
1331,13340000.0,450.2,0.43
1332,13340000.0,450.2,0.43
1333,12880000.0,216.4,0.48
1334,12880000.0,216.4,0.48
1335,13020000.0,216.4,0.48
1336,13020000.0,216.4,0.48
1337,13020000.0,216.4,0.48
1338,14720000.0,450.2,0.43
1339,14720000.0,450.2,0.43
1340,14720000.0,450.2,0.43
1341,10640000.0,450.2,0.43
1342,10640000.0,450.2,0.43
1343,13616000.0,216.4,0.48
1344,13616000.0,216.4,0.48
1345,13616000.0,216.4,0.48
1346,16128000.0,216.4,0.48
1347,16128000.0,216.4,0.48
1348,16128000.0,216.4,0.48
1349,13616000.0,216.4,0.48
1350,13616000.0,216.4,0.48
1351,13616000.0,216.4,0.48
1352,14784000.0,216.4,0.48
1353,14784000.0,216.4,0.48
1354,14784000.0,216.4,0.48
1355,14720000.0,216.4,0.48
1356,14720000.0,216.4,0.48
1357,13800000.0,450.2,0.43
1358,13800000.0,450.2,0.43
1359,13800000.0,450.2,0.43
1360,15960000.0,216.4,0.48
1361,15960000.0,216.4,0.48
1362,16576000.0,450.2,0.43
1363,16576000.0,450.2,0.43
1364,16576000.0,450.2,0.43
1365,13340000.0,450.2,0.43
1366,13340000.0,450.2,0.43
1367,13340000.0,450.2,0.43
1368,13248000.0,450.2,0.43
1369,13248000.0,450.2,0.43
1370,13248000.0,450.2,0.43
1371,14720000.0,216.4,0.48
1372,14720000.0,216.4,0.48
1373,15360000.0,450.2,0.43
1374,15360000.0,450.2,0.43
1375,34500.0,450.2,0.43
1376,34500.0,450.2,0.43
1377,32200.0,216.4,0.48
1378,32200.0,216.4,0.48
1379,34040.0,216.4,0.48
1380,34040.0,216.4,0.48
1381,40320.0,216.4,0.48
1382,40320.0,216.4,0.48
1383,34040.0,216.4,0.48
1384,34040.0,216.4,0.48
1385,34040.0,216.4,0.48
1386,27180.0,216.4,0.48
1387,27180.0,216.4,0.48
1388,27180.0,216.4,0.48
1389,36960.0,216.4,0.48
1390,36960.0,216.4,0.48
1391,36960.0,216.4,0.48
1392,20670.0,450.2,0.43
1393,20670.0,450.2,0.43
1394,20670.0,450.2,0.43
1395,34500.0,450.2,0.43
1396,34500.0,450.2,0.43
1397,33350.0,450.2,0.43
1398,33350.0,450.2,0.43
1399,32000.0,450.2,0.43
1400,32000.0,450.2,0.43
1401,50025000.0,450.2,0.43
1402,50025000.0,450.2,0.43
1403,52095000.0,216.4,0.48
1404,52095000.0,216.4,0.48
1405,52095000.0,216.4,0.48
1406,55440000.0,216.4,0.48
1407,55440000.0,216.4,0.48
1408,55440000.0,216.4,0.48
1409,50025000.0,450.2,0.43
1410,50025000.0,450.2,0.43
1411,50025000.0,450.2,0.43
1412,36960.0,216.4,0.48
1413,36960.0,216.4,0.48
1414,36960.0,216.4,0.48
1415,22500.0,216.4,0.48
1416,32550.0,216.4,0.48
1417,32550.0,216.4,0.48
1418,32550.0,216.4,0.48
1419,16576000.0,450.2,0.43
1420,16576000.0,450.2,0.43
1421,16576000.0,450.2,0.43
1422,8268000.0,450.2,0.43
1423,8268000.0,450.2,0.43
1424,8268000.0,450.2,0.43
1425,14784000.0,216.4,0.48
1426,14784000.0,216.4,0.48
1427,14784000.0,216.4,0.48
1428,54510000.0,216.4,0.48
1429,54510000.0,216.4,0.48
1430,54510000.0,216.4,0.48
1431,55440000.0,216.4,0.48
1432,55440000.0,216.4,0.48
1433,55440000.0,216.4,0.48
1434,62160000.0,450.2,0.43
1435,62160000.0,450.2,0.43
1436,62160000.0,450.2,0.43
1437,50025000.0,450.2,0.43
1438,50025000.0,450.2,0.43
1439,33350.0,450.2,0.43
1440,33350.0,450.2,0.43
1441,33350.0,450.2,0.43
1442,21450.0,216.4,0.48
1443,32550.0,216.4,0.48
1444,32550.0,216.4,0.48
1445,32550.0,216.4,0.48
1446,35190.0,216.4,0.48
1447,22260.0,450.2,0.43
1448,22260.0,450.2,0.43
1449,22260.0,450.2,0.43
1450,34040.0,216.4,0.48
1451,34040.0,216.4,0.48
1452,34040.0,216.4,0.48
1453,21450.0,216.4,0.48
1454,228000.0,216.4,0.48
1455,228000.0,216.4,0.48
1456,14076000.0,216.4,0.48
1457,14076000.0,216.4,0.48
1458,14076000.0,216.4,0.48
1459,12800000.0,450.2,0.43
1460,12800000.0,450.2,0.43
1461,14720000.0,450.2,0.43
1462,14720000.0,450.2,0.43
1463,14720000.0,450.2,0.43
1464,13020000.0,216.4,0.48
1465,13020000.0,216.4,0.48
1466,13020000.0,216.4,0.48
1467,14784000.0,216.4,0.48
1468,14784000.0,216.4,0.48
1469,14784000.0,216.4,0.48
1470,14720000.0,216.4,0.48
1471,14720000.0,216.4,0.48
1472,14720000.0,216.4,0.48
1473,13616000.0,216.4,0.48
1474,13616000.0,216.4,0.48
1475,13020000.0,216.4,0.48
1476,13020000.0,216.4,0.48
1477,8904000.0,450.2,0.43
1478,8904000.0,450.2,0.43
1479,8904000.0,450.2,0.43
1480,48825000.0,216.4,0.48
1481,48825000.0,216.4,0.48
1482,48825000.0,216.4,0.48
1483,55440000.0,216.4,0.48
1484,55440000.0,216.4,0.48
1485,55440000.0,216.4,0.48
1486,48000000.0,450.2,0.43
1487,48000000.0,450.2,0.43
1488,48000000.0,450.2,0.43
1489,54510000.0,216.4,0.48
1490,55440000.0,216.4,0.48
1491,55440000.0,216.4,0.48
1492,55440000.0,216.4,0.48
1493,48825000.0,216.4,0.48
1494,48825000.0,216.4,0.48
1495,48825000.0,216.4,0.48
1496,27180.0,216.4,0.48
1497,27180.0,216.4,0.48
1498,27180.0,216.4,0.48
1499,13616000.0,216.4,0.48
1500,13616000.0,216.4,0.48
1501,13616000.0,216.4,0.48
1502,14784000.0,216.4,0.48
1503,14784000.0,216.4,0.48
1504,14784000.0,216.4,0.48
1505,22500.0,216.4,0.48
1506,32550.0,216.4,0.48
1507,32550.0,216.4,0.48
1508,32550.0,216.4,0.48
1509,21450.0,216.4,0.48
1510,21450.0,216.4,0.48
1511,21450.0,216.4,0.48
1512,32000.0,450.2,0.43
1513,32000.0,450.2,0.43
1514,35190.0,216.4,0.48
1515,35190.0,216.4,0.48
1516,35190.0,216.4,0.48
1517,27180.0,216.4,0.48
1518,27180.0,216.4,0.48
1519,21450.0,216.4,0.48
1520,28800.0,450.2,0.43
1521,28800.0,450.2,0.43
1522,28800.0,450.2,0.43
1523,34040.0,216.4,0.48
1524,34040.0,216.4,0.48
1525,34040.0,216.4,0.48
1526,34730.0,216.4,0.48
1527,34730.0,216.4,0.48
1528,34730.0,216.4,0.48
1529,25740.0,450.2,0.43
1530,25740.0,450.2,0.43
1531,25740.0,450.2,0.43
1532,34040.0,216.4,0.48
1533,34040.0,216.4,0.48
1534,34040.0,216.4,0.48
1535,36960.0,216.4,0.48
1536,36960.0,216.4,0.48
1537,36960.0,216.4,0.48
1538,34040.0,216.4,0.48
1539,34040.0,216.4,0.48
1540,34040.0,216.4,0.48
1541,18000.0,366.7,0.33
1542,40770000.0,216.4,0.48
1543,40770000.0,216.4,0.48
1544,40770000.0,216.4,0.48
1545,48825000.0,216.4,0.48
1546,48825000.0,216.4,0.48
1547,48825000.0,216.4,0.48
1548,52095000.0,216.4,0.48
1549,52095000.0,216.4,0.48
1550,52095000.0,216.4,0.48
1551,33750000.0,216.4,0.48
1552,33750000.0,216.4,0.48
1553,33750000.0,216.4,0.48
1554,22500.0,216.4,0.48
1555,10296000.0,450.2,0.43
1556,10296000.0,450.2,0.43
1557,10296000.0,450.2,0.43
1558,13020000.0,216.4,0.48
1559,13020000.0,216.4,0.48
1560,8904000.0,450.2,0.43
1561,8904000.0,450.2,0.43
1562,14784000.0,216.4,0.48
1563,14784000.0,216.4,0.48
1564,38610000.0,450.2,0.43
1565,38610000.0,450.2,0.43
1566,38610000.0,450.2,0.43
1567,52095000.0,216.4,0.48
1568,52095000.0,216.4,0.48
1569,52095000.0,216.4,0.48
1570,31005000.0,450.2,0.43
1571,51060000.0,216.4,0.48
1572,51060000.0,216.4,0.48
1573,51060000.0,216.4,0.48
1574,27000000.0,366.7,0.33
1575,27000000.0,366.7,0.33
1576,27180.0,216.4,0.48
1577,27180.0,216.4,0.48
1578,27180.0,216.4,0.48
1579,13020000.0,216.4,0.48
1580,13020000.0,216.4,0.48
1581,13020000.0,216.4,0.48
1582,14784000.0,216.4,0.48
1583,14784000.0,216.4,0.48
1584,27000000.0,366.7,0.33
1585,27000000.0,366.7,0.33
1586,13020000.0,216.4,0.48
1587,13020000.0,216.4,0.48
1588,13020000.0,216.4,0.48
1589,14720000.0,216.4,0.48
1590,14720000.0,216.4,0.48
1591,2200000.0,366.7,0.33
1592,2200000.0,366.7,0.33
1593,2200000.0,366.7,0.33
1594,13616000.0,216.4,0.48
1595,13616000.0,216.4,0.48
1596,13616000.0,216.4,0.48
1597,13616000.0,216.4,0.48
1598,13616000.0,216.4,0.48
1599,13616000.0,216.4,0.48
1600,48000000.0,450.2,0.43
1601,48000000.0,450.2,0.43
1602,48000000.0,450.2,0.43
1603,21450.0,216.4,0.48
1604,21450.0,216.4,0.48
1605,21450.0,216.4,0.48
1606,34040.0,216.4,0.48
1607,34040.0,216.4,0.48
1608,34040.0,216.4,0.48
1609,34040.0,216.4,0.48
1610,34040.0,216.4,0.48
1611,27180.0,216.4,0.48
1612,27180.0,216.4,0.48
1613,22500.0,216.4,0.48
1614,48825000.0,216.4,0.48
1615,48825000.0,216.4,0.48
1616,48825000.0,216.4,0.48
1617,48300000.0,216.4,0.48
1618,48300000.0,216.4,0.48
1619,22500.0,216.4,0.48
1620,22500.0,216.4,0.48
1621,22500.0,216.4,0.48
1622,34040.0,216.4,0.48
1623,34040.0,216.4,0.48
1624,34040.0,216.4,0.48
1625,34040.0,216.4,0.48
1626,5680.0,216.4,0.48
1627,5680.0,216.4,0.48
1628,5680.0,216.4,0.48
1629,33350.0,450.2,0.43
1630,33350.0,450.2,0.43
1631,33350.0,450.2,0.43
1632,40320.0,216.4,0.48
1633,40320.0,216.4,0.48
1634,40320.0,216.4,0.48
1635,43200000.0,450.2,0.43
1636,43200000.0,450.2,0.43
1637,43200000.0,450.2,0.43
1638,40500000.0,216.4,0.48
1639,40500000.0,216.4,0.48
1640,40500000.0,216.4,0.48
1641,50025000.0,450.2,0.43
1642,50025000.0,450.2,0.43
1643,50025000.0,450.2,0.43
1644,50400000.0,216.4,0.48
1645,50400000.0,216.4,0.48
1646,50400000.0,216.4,0.48
1647,55200000.0,216.4,0.48
1648,55200000.0,216.4,0.48
1649,55200000.0,216.4,0.48
1650,22500.0,216.4,0.48
1651,14720000.0,216.4,0.48
1652,13800000.0,450.2,0.43
1653,13800000.0,450.2,0.43
1654,13340000.0,450.2,0.43
1655,13020000.0,216.4,0.48
1656,13020000.0,216.4,0.48
1657,13616000.0,216.4,0.48
1658,13616000.0,216.4,0.48
1659,13616000.0,216.4,0.48
1660,13892000.0,216.4,0.48
1661,13892000.0,216.4,0.48
1662,13892000.0,216.4,0.48
1663,11520000.0,450.2,0.43
1664,11520000.0,450.2,0.43
1665,11520000.0,450.2,0.43
1666,32550.0,216.4,0.48
1667,32550.0,216.4,0.48
1668,32550.0,216.4,0.48
1669,32200.0,216.4,0.48
1670,32200.0,216.4,0.48
1671,32200.0,216.4,0.48
1672,34040.0,216.4,0.48
1673,34040.0,216.4,0.48
1674,34040.0,216.4,0.48
1675,34730.0,216.4,0.48
1676,34730.0,216.4,0.48
1677,5680.0,216.4,0.48
1678,5680.0,216.4,0.48
1679,5680.0,216.4,0.48
1680,34040.0,216.4,0.48
1681,34040.0,216.4,0.48
1682,34040.0,216.4,0.48
1683,32000.0,450.2,0.43
1684,32000.0,450.2,0.43
1685,32000.0,450.2,0.43
1686,26600.0,450.2,0.43
1687,26600.0,450.2,0.43
1688,26600.0,450.2,0.43
1689,33350.0,450.2,0.43
1690,33350.0,450.2,0.43
1691,33350.0,450.2,0.43
1692,32550.0,216.4,0.48
1693,32550.0,216.4,0.48
1694,32550.0,216.4,0.48
1695,35000.0,450.2,0.43
1696,35000.0,450.2,0.43
1697,35000.0,450.2,0.43
1698,41440.0,450.2,0.43
1699,41440.0,450.2,0.43
1700,34040.0,216.4,0.48
1701,34040.0,216.4,0.48
1702,34040.0,216.4,0.48
1703,35190.0,216.4,0.48
1704,35190.0,216.4,0.48
1705,35190.0,216.4,0.48
1706,34040.0,216.4,0.48
1707,34040.0,216.4,0.48
1708,34040.0,216.4,0.48
1709,36960.0,216.4,0.48
1710,36960.0,216.4,0.48
1711,36960.0,216.4,0.48
1712,28800.0,450.2,0.43
1713,28800.0,450.2,0.43
1714,28800.0,450.2,0.43
1715,25740.0,450.2,0.43
1716,25740.0,450.2,0.43
1717,25740.0,450.2,0.43
1718,36800.0,216.4,0.48
1719,36800.0,216.4,0.48
1720,36800.0,216.4,0.48
1721,38400.0,450.2,0.43
1722,38400.0,450.2,0.43
1723,38400.0,450.2,0.43
1724,36800.0,216.4,0.48
1725,228000.0,216.4,0.48
1726,228000.0,216.4,0.48
1727,228000.0,216.4,0.48
1728,5500.0,366.7,0.33
1729,5500.0,366.7,0.33
1730,5500.0,366.7,0.33
1731,20670.0,450.2,0.43
1732,20670.0,450.2,0.43
1733,22500.0,216.4,0.48
1734,13020000.0,216.4,0.48
1735,13020000.0,216.4,0.48
1736,13020000.0,216.4,0.48
1737,15960000.0,216.4,0.48
1738,15960000.0,216.4,0.48
1739,15960000.0,216.4,0.48
1740,12880000.0,216.4,0.48
1741,12880000.0,216.4,0.48
1742,12880000.0,216.4,0.48
1743,13800000.0,450.2,0.43
1744,13800000.0,450.2,0.43
1745,13800000.0,450.2,0.43
1746,13020000.0,216.4,0.48
1747,13020000.0,216.4,0.48
1748,13020000.0,216.4,0.48
1749,50400000.0,216.4,0.48
1750,52500000.0,450.2,0.43
1751,52500000.0,450.2,0.43
1752,52500000.0,450.2,0.43
1753,57270000.0,450.2,0.43
1754,57270000.0,450.2,0.43
1755,8250000.0,366.7,0.33
1756,8250000.0,366.7,0.33
1757,8250000.0,366.7,0.33
1758,51060000.0,216.4,0.48
1759,51060000.0,216.4,0.48
1760,51060000.0,216.4,0.48
1761,48825000.0,216.4,0.48
1762,48825000.0,216.4,0.48
1763,51750000.0,450.2,0.43
1764,51750000.0,450.2,0.43
1765,51750000.0,450.2,0.43
1766,22500.0,216.4,0.48
1767,52095000.0,216.4,0.48
1768,52095000.0,216.4,0.48
1769,52095000.0,216.4,0.48
1770,31005000.0,450.2,0.43
1771,31005000.0,450.2,0.43
1772,48825000.0,216.4,0.48
1773,48825000.0,216.4,0.48
1774,48825000.0,216.4,0.48
1775,50025000.0,450.2,0.43
1776,50025000.0,450.2,0.43
1777,50025000.0,450.2,0.43
1778,48825000.0,216.4,0.48
1779,48825000.0,216.4,0.48
1780,48825000.0,216.4,0.48
1781,39900000.0,450.2,0.43
1782,39900000.0,450.2,0.43
1783,39900000.0,450.2,0.43
1784,51060000.0,216.4,0.48
1785,51060000.0,216.4,0.48
1786,51060000.0,216.4,0.48
1787,27000000.0,366.7,0.33
1788,27000000.0,366.7,0.33
1789,27000000.0,366.7,0.33
1790,48000000.0,450.2,0.43
1791,48000000.0,450.2,0.43
1792,48000000.0,450.2,0.43
1793,49680000.0,450.2,0.43
1794,49680000.0,450.2,0.43
1795,49680000.0,450.2,0.43
1796,51750000.0,450.2,0.43
1797,51750000.0,450.2,0.43
1798,51750000.0,450.2,0.43
1799,48300000.0,216.4,0.48
1800,48300000.0,216.4,0.48
1801,48300000.0,216.4,0.48
1802,50025000.0,450.2,0.43
1803,50025000.0,450.2,0.43
1804,50025000.0,450.2,0.43
1805,48825000.0,216.4,0.48
1806,48825000.0,216.4,0.48
1807,48825000.0,216.4,0.48
1808,55440000.0,216.4,0.48
1809,55440000.0,216.4,0.48
1810,55440000.0,216.4,0.48
1811,27000000.0,366.7,0.33
1812,27000000.0,366.7,0.33
1813,27000000.0,366.7,0.33
1814,55200000.0,216.4,0.48
1815,55200000.0,216.4,0.48
1816,52500000.0,450.2,0.43
1817,52500000.0,450.2,0.43
1818,52500000.0,450.2,0.43
1819,48825000.0,216.4,0.48
1820,48825000.0,216.4,0.48
1821,40770000.0,216.4,0.48
1822,40770000.0,216.4,0.48
1823,40770000.0,216.4,0.48
1824,57270000.0,450.2,0.43
1825,57270000.0,450.2,0.43
1826,57270000.0,450.2,0.43
1827,51060000.0,216.4,0.48
1828,51060000.0,216.4,0.48
1829,51060000.0,216.4,0.48
1830,51060000.0,216.4,0.48
1831,51060000.0,216.4,0.48
1832,342000000.0,216.4,0.48
1833,342000000.0,216.4,0.48
1834,8520000.0,216.4,0.48
1835,8520000.0,216.4,0.48
1836,51750000.0,450.2,0.43
1837,51750000.0,450.2,0.43
1838,48825000.0,216.4,0.48
1839,48825000.0,216.4,0.48
1840,48825000.0,216.4,0.48
1841,8520000.0,216.4,0.48
1842,8520000.0,216.4,0.48
1843,27000000.0,366.7,0.33
1844,27000000.0,366.7,0.33
1845,32550.0,216.4,0.48
1846,32550.0,216.4,0.48
1847,10872000.0,216.4,0.48
1848,10872000.0,216.4,0.48
1849,22500.0,216.4,0.48
1850,14784000.0,216.4,0.48
1851,14784000.0,216.4,0.48
1852,14784000.0,216.4,0.48
1853,8268000.0,450.2,0.43
1854,8268000.0,450.2,0.43
1855,8268000.0,450.2,0.43
1856,12800000.0,450.2,0.43
1857,12800000.0,450.2,0.43
1858,12800000.0,450.2,0.43
1859,13340000.0,450.2,0.43
1860,13340000.0,450.2,0.43
1861,13340000.0,450.2,0.43
1862,18000.0,366.7,0.33
1863,18000.0,366.7,0.33
1864,18000.0,366.7,0.33
1865,228000.0,216.4,0.48
1866,228000.0,216.4,0.48
1867,228000.0,216.4,0.48
1868,25740.0,450.2,0.43
1869,25740.0,450.2,0.43
1870,25740.0,450.2,0.43
1871,20670.0,450.2,0.43
1872,20670.0,450.2,0.43
1873,20670.0,450.2,0.43
1874,22260.0,450.2,0.43
1875,22260.0,450.2,0.43
1876,22260.0,450.2,0.43
1877,36960.0,216.4,0.48
1878,36960.0,216.4,0.48
1879,36960.0,216.4,0.48
1880,35190.0,216.4,0.48
1881,27000000.0,366.7,0.33
1882,27000000.0,366.7,0.33
1883,27000000.0,366.7,0.33
1884,54510000.0,216.4,0.48
1885,54510000.0,216.4,0.48
1886,54510000.0,216.4,0.48
1887,55440000.0,216.4,0.48
1888,55440000.0,216.4,0.48
1889,55440000.0,216.4,0.48
1890,27000000.0,366.7,0.33
1891,27000000.0,366.7,0.33
1892,8520000.0,216.4,0.48
1893,8520000.0,216.4,0.48
1894,8520000.0,216.4,0.48
1895,38610000.0,450.2,0.43
1896,38610000.0,450.2,0.43
1897,48825000.0,216.4,0.48
1898,48825000.0,216.4,0.48
1899,38610000.0,450.2,0.43
1900,38610000.0,450.2,0.43
1901,38610000.0,450.2,0.43
1902,42900000.0,450.2,0.43
1903,42900000.0,450.2,0.43
1904,42900000.0,450.2,0.43
1905,55440000.0,216.4,0.48
1906,55440000.0,216.4,0.48
1907,55440000.0,216.4,0.48
1908,62160000.0,450.2,0.43
1909,62160000.0,450.2,0.43
1910,62160000.0,450.2,0.43
1911,342000000.0,216.4,0.48
1912,342000000.0,216.4,0.48
1913,342000000.0,216.4,0.48
1914,33750000.0,216.4,0.48
1915,33750000.0,216.4,0.48
1916,33750000.0,216.4,0.48
1917,48000000.0,450.2,0.43
1918,48000000.0,450.2,0.43
1919,48000000.0,450.2,0.43
1920,16576000.0,450.2,0.43
1921,16576000.0,450.2,0.43
1922,16576000.0,450.2,0.43
1923,13248000.0,450.2,0.43
1924,13248000.0,450.2,0.43
1925,22260.0,450.2,0.43
1926,22260.0,450.2,0.43
1927,22260.0,450.2,0.43
1928,32000.0,450.2,0.43
1929,32000.0,450.2,0.43
1930,32000.0,450.2,0.43
1931,36960.0,216.4,0.48
1932,36960.0,216.4,0.48
1933,36960.0,216.4,0.48
1934,33600.0,216.4,0.48
1935,33600.0,216.4,0.48
1936,33600.0,216.4,0.48
1937,51060000.0,216.4,0.48
1938,51060000.0,216.4,0.48
1939,51060000.0,216.4,0.48
1940,28275000.0,216.4,0.48
1941,28275000.0,216.4,0.48
1942,28275000.0,216.4,0.48
1943,48000000.0,450.2,0.43
1944,48000000.0,450.2,0.43
1945,48000000.0,450.2,0.43
1946,52500000.0,450.2,0.43
1947,48000000.0,450.2,0.43
1948,48000000.0,450.2,0.43
1949,48000000.0,450.2,0.43
1950,49680000.0,450.2,0.43
1951,43200000.0,450.2,0.43
1952,43200000.0,450.2,0.43
1953,43200000.0,450.2,0.43
1954,228000.0,216.4,0.48
1955,5500.0,366.7,0.33
1956,5500.0,366.7,0.33
1957,32000.0,450.2,0.43
1958,32000.0,450.2,0.43
1959,32000.0,450.2,0.43
1960,27180.0,216.4,0.48
1961,27180.0,216.4,0.48
1962,27180.0,216.4,0.48
1963,35190.0,216.4,0.48
1964,35190.0,216.4,0.48
1965,35190.0,216.4,0.48
1966,35190.0,216.4,0.48
1967,35190.0,216.4,0.48
1968,35190.0,216.4,0.48
1969,34040.0,216.4,0.48
1970,34040.0,216.4,0.48
1971,34040.0,216.4,0.48
1972,34040.0,216.4,0.48
1973,34040.0,216.4,0.48
1974,34040.0,216.4,0.48
1975,34040.0,216.4,0.48
1976,34040.0,216.4,0.48
1977,34040.0,216.4,0.48
1978,32550.0,216.4,0.48
1979,32550.0,216.4,0.48
1980,40770000.0,216.4,0.48
1981,40770000.0,216.4,0.48
1982,40770000.0,216.4,0.48
1983,57270000.0,450.2,0.43
1984,57270000.0,450.2,0.43
1985,57270000.0,450.2,0.43
1986,51060000.0,216.4,0.48
1987,51060000.0,216.4,0.48
1988,51060000.0,216.4,0.48
1989,51060000.0,216.4,0.48
1990,51060000.0,216.4,0.48
1991,51060000.0,216.4,0.48
1992,55440000.0,216.4,0.48
1993,55440000.0,216.4,0.48
1994,55440000.0,216.4,0.48
1995,19200000.0,450.2,0.43
1996,19200000.0,450.2,0.43
1997,19200000.0,450.2,0.43
1998,48000000.0,450.2,0.43
1999,48000000.0,450.2,0.43
2000,48000000.0,450.2,0.43
2001,51060000.0,216.4,0.48
2002,51060000.0,216.4,0.48
2003,51060000.0,216.4,0.48
2004,10872000.0,216.4,0.48
2005,10872000.0,216.4,0.48
2006,10872000.0,216.4,0.48
2007,34500.0,450.2,0.43
2008,34500.0,450.2,0.43
2009,34500.0,450.2,0.43
2010,48825000.0,216.4,0.48
2011,48825000.0,216.4,0.48
2012,52785000.0,216.4,0.48
2013,52785000.0,216.4,0.48
2014,52785000.0,216.4,0.48
2015,48825000.0,216.4,0.48
2016,52095000.0,216.4,0.48
2017,52095000.0,216.4,0.48
2018,52095000.0,216.4,0.48
2019,48825000.0,216.4,0.48
2020,48825000.0,216.4,0.48
2021,48825000.0,216.4,0.48
2022,342000000.0,216.4,0.48
2023,342000000.0,216.4,0.48
2024,42900000.0,450.2,0.43
2025,42900000.0,450.2,0.43
2026,55440000.0,216.4,0.48
2027,55440000.0,216.4,0.48
2028,55440000.0,216.4,0.48
2029,50025000.0,216.4,0.48
2030,50025000.0,216.4,0.48
2031,50025000.0,216.4,0.48
2032,342000000.0,216.4,0.48
2033,342000000.0,216.4,0.48
2034,342000000.0,216.4,0.48
2035,8520000.0,216.4,0.48
2036,8520000.0,216.4,0.48
2037,8520000.0,216.4,0.48
2038,38610000.0,450.2,0.43
2039,38610000.0,450.2,0.43
2040,38610000.0,450.2,0.43
2041,55440000.0,216.4,0.48
2042,52785000.0,216.4,0.48
2043,52785000.0,216.4,0.48
2044,52785000.0,216.4,0.48
2045,22500.0,216.4,0.48
2046,27000000.0,366.7,0.33
2047,27000000.0,366.7,0.33
2048,32175000.0,216.4,0.48
2049,32175000.0,216.4,0.48
2050,22500.0,216.4,0.48
2051,35190.0,216.4,0.48
2052,35190.0,216.4,0.48
2053,35190.0,216.4,0.48
2054,32000.0,450.2,0.43
2055,32000.0,450.2,0.43
2056,32000.0,450.2,0.43
2057,36960.0,216.4,0.48
2058,36960.0,216.4,0.48
2059,33600.0,216.4,0.48
2060,33600.0,216.4,0.48
2061,33600.0,216.4,0.48
2062,48000000.0,450.2,0.43
2063,48000000.0,450.2,0.43
2064,48000000.0,450.2,0.43
2065,50400000.0,216.4,0.48
2066,50400000.0,216.4,0.48
2067,51060000.0,216.4,0.48
2068,51060000.0,216.4,0.48
2069,51060000.0,216.4,0.48
2070,42900000.0,450.2,0.43
2071,42900000.0,450.2,0.43
2072,42900000.0,450.2,0.43
2073,55200000.0,216.4,0.48
2074,55200000.0,216.4,0.48
2075,55200000.0,216.4,0.48
2076,8520000.0,216.4,0.48
2077,12800000.0,450.2,0.43
2078,12800000.0,450.2,0.43
2079,12800000.0,450.2,0.43
2080,8520000.0,216.4,0.48
2081,36960.0,216.4,0.48
2082,36960.0,216.4,0.48
2083,22260.0,450.2,0.43
2084,22260.0,450.2,0.43
2085,35190.0,216.4,0.48
2086,35190.0,216.4,0.48
2087,35190.0,216.4,0.48
2088,33600.0,216.4,0.48
2089,33600.0,216.4,0.48
2090,33600.0,216.4,0.48
2091,8520000.0,216.4,0.48
2092,52785000.0,216.4,0.48
2093,52785000.0,216.4,0.48
2094,52785000.0,216.4,0.48
2095,33390000.0,450.2,0.43
2096,33390000.0,450.2,0.43
2097,33390000.0,450.2,0.43
2098,40770000.0,216.4,0.48
2099,40770000.0,216.4,0.48
2100,27000000.0,366.7,0.33
2101,27000000.0,366.7,0.33
2102,27000000.0,366.7,0.33
2103,31005000.0,450.2,0.43
2104,31005000.0,450.2,0.43
2105,38610000.0,450.2,0.43
2106,38610000.0,450.2,0.43
2107,38610000.0,450.2,0.43
2108,42900000.0,450.2,0.43
2109,42900000.0,450.2,0.43
2110,42900000.0,450.2,0.43
2111,55440000.0,216.4,0.48
2112,55440000.0,216.4,0.48
2113,55440000.0,216.4,0.48
2114,52095000.0,216.4,0.48
2115,52095000.0,216.4,0.48
2116,52785000.0,216.4,0.48
2117,52785000.0,216.4,0.48
2118,52785000.0,216.4,0.48
2119,38610000.0,450.2,0.43
2120,38610000.0,450.2,0.43
2121,38610000.0,450.2,0.43
2122,27000000.0,366.7,0.33
2123,27000000.0,366.7,0.33
2124,27000000.0,366.7,0.33
2125,22500.0,216.4,0.48
2126,32175000.0,216.4,0.48
2127,32175000.0,216.4,0.48
2128,51750000.0,450.2,0.43
2129,51750000.0,450.2,0.43
2130,51750000.0,450.2,0.43
2131,55440000.0,216.4,0.48
2132,55440000.0,216.4,0.48
2133,55440000.0,216.4,0.48
2134,51060000.0,216.4,0.48
2135,51060000.0,216.4,0.48
2136,51060000.0,216.4,0.48
2137,22500.0,216.4,0.48
2138,48000000.0,450.2,0.43
2139,48000000.0,450.2,0.43
2140,48000000.0,450.2,0.43
2141,28800.0,450.2,0.43
2142,28800.0,450.2,0.43
2143,28800.0,450.2,0.43
2144,27000000.0,366.7,0.33
2145,27000000.0,366.7,0.33
2146,52095000.0,216.4,0.48
2147,52095000.0,216.4,0.48
2148,48825000.0,216.4,0.48
2149,48825000.0,216.4,0.48
2150,22500.0,216.4,0.48
2151,36960.0,216.4,0.48
2152,36960.0,216.4,0.48
2153,33600.0,216.4,0.48
2154,33600.0,216.4,0.48
2155,33600.0,216.4,0.48
2156,22500.0,216.4,0.48
2157,10872000.0,216.4,0.48
2158,10872000.0,216.4,0.48
2159,10872000.0,216.4,0.48
2160,14076000.0,216.4,0.48
2161,14076000.0,216.4,0.48
2162,35190.0,216.4,0.48
2163,35190.0,216.4,0.48
2164,35190.0,216.4,0.48
2165,27180.0,216.4,0.48
2166,27180.0,216.4,0.48
2167,27180.0,216.4,0.48
2168,35190.0,216.4,0.48
2169,35190.0,216.4,0.48
2170,35190.0,216.4,0.48
2171,35000.0,450.2,0.43
2172,35000.0,450.2,0.43
2173,35000.0,450.2,0.43
2174,34500.0,450.2,0.43
2175,34500.0,450.2,0.43
2176,34500.0,450.2,0.43
2177,28800.0,450.2,0.43
2178,28800.0,450.2,0.43
2179,28800.0,450.2,0.43
2180,34730.0,216.4,0.48
2181,34730.0,216.4,0.48
2182,34730.0,216.4,0.48
2183,36340.0,216.4,0.48
2184,36340.0,216.4,0.48
2185,36340.0,216.4,0.48
2186,33600.0,216.4,0.48
2187,33600.0,216.4,0.48
2188,33600.0,216.4,0.48
2189,32550.0,216.4,0.48
2190,32550.0,216.4,0.48
2191,32550.0,216.4,0.48
2192,34500.0,450.2,0.43
2193,34500.0,450.2,0.43
2194,34500.0,450.2,0.43
2195,5680.0,216.4,0.48
2196,5680.0,216.4,0.48
2197,5680.0,216.4,0.48
2198,34040.0,216.4,0.48
2199,34040.0,216.4,0.48
2200,34040.0,216.4,0.48
2201,12800.0,450.2,0.43
2202,12800.0,450.2,0.43
2203,12800.0,450.2,0.43
2204,34040.0,216.4,0.48
2205,34040.0,216.4,0.48
2206,34040.0,216.4,0.48
2207,32550.0,216.4,0.48
2208,32550.0,216.4,0.48
2209,32550.0,216.4,0.48
2210,40320.0,216.4,0.48
2211,40320.0,216.4,0.48
2212,40320.0,216.4,0.48
2213,36960.0,216.4,0.48
2214,36960.0,216.4,0.48
2215,26600.0,450.2,0.43
2216,26600.0,450.2,0.43
2217,8580.0,450.2,0.43
2218,8580.0,450.2,0.43
2219,8580.0,450.2,0.43
2220,39900.0,216.4,0.48
2221,39900.0,216.4,0.48
2222,22500.0,216.4,0.48
2223,18000.0,366.7,0.33
2224,18000.0,366.7,0.33
2225,18000.0,366.7,0.33
2226,33350.0,450.2,0.43
2227,33350.0,450.2,0.43
2228,33350.0,450.2,0.43
2229,33350.0,450.2,0.43
2230,33350.0,450.2,0.43
2231,33350.0,450.2,0.43
2232,21450.0,216.4,0.48
2233,21450.0,216.4,0.48
2234,13040.0,216.4,0.48
2235,13040.0,216.4,0.48
2236,13040.0,216.4,0.48
2237,36800.0,450.2,0.43
2238,36800.0,450.2,0.43
2239,36800.0,450.2,0.43
2240,32000.0,450.2,0.43
2241,32000.0,450.2,0.43
2242,13616000.0,216.4,0.48
2243,13616000.0,216.4,0.48
2244,13616000.0,216.4,0.48
2245,14536000.0,216.4,0.48
2246,14536000.0,216.4,0.48
2247,14536000.0,216.4,0.48
2248,13020000.0,216.4,0.48
2249,13020000.0,216.4,0.48
2250,13020000.0,216.4,0.48
2251,13616000.0,216.4,0.48
2252,13616000.0,216.4,0.48
2253,13616000.0,216.4,0.48
2254,10872000.0,216.4,0.48
2255,10872000.0,216.4,0.48
2256,10872000.0,216.4,0.48
2257,2272000.0,216.4,0.48
2258,2272000.0,216.4,0.48
2259,2272000.0,216.4,0.48
2260,16128000.0,216.4,0.48
2261,16128000.0,216.4,0.48
2262,13800000.0,450.2,0.43
2263,13800000.0,450.2,0.43
2264,2200000.0,366.7,0.33
2265,2200000.0,366.7,0.33
2266,2200000.0,366.7,0.33
2267,14720000.0,450.2,0.43
2268,14720000.0,450.2,0.43
2269,52785000.0,216.4,0.48
2270,40770000.0,216.4,0.48
2271,40770000.0,216.4,0.48
2272,40770000.0,216.4,0.48
2273,51750000.0,450.2,0.43
2274,51750000.0,450.2,0.43
2275,51750000.0,450.2,0.43
2276,51060000.0,216.4,0.48
2277,51060000.0,216.4,0.48
2278,52095000.0,216.4,0.48
2279,52095000.0,216.4,0.48
2280,52095000.0,216.4,0.48
2281,50025000.0,450.2,0.43
2282,50025000.0,450.2,0.43
2283,51750000.0,450.2,0.43
2284,51750000.0,450.2,0.43
2285,51750000.0,450.2,0.43
2286,60480000.0,216.4,0.48
2287,55200000.0,450.2,0.43
2288,55200000.0,450.2,0.43
2289,55200000.0,450.2,0.43
2290,8520000.0,216.4,0.48
2291,51060000.0,216.4,0.48
2292,51060000.0,216.4,0.48
2293,51060000.0,216.4,0.48
2294,52095000.0,216.4,0.48
2295,52095000.0,216.4,0.48
2296,52095000.0,216.4,0.48
2297,52785000.0,216.4,0.48
2298,52785000.0,216.4,0.48
2299,52785000.0,216.4,0.48
2300,51750000.0,450.2,0.43
2301,51750000.0,450.2,0.43
2302,51750000.0,450.2,0.43
2303,40770000.0,216.4,0.48
2304,40770000.0,216.4,0.48
2305,40770000.0,216.4,0.48
2306,55200000.0,216.4,0.48
2307,55200000.0,216.4,0.48
2308,55200000.0,216.4,0.48
2309,40500000.0,216.4,0.48
2310,40500000.0,216.4,0.48
2311,40500000.0,216.4,0.48
2312,52500000.0,450.2,0.43
2313,52500000.0,450.2,0.43
2314,52500000.0,450.2,0.43
2315,51750000.0,450.2,0.43
2316,51750000.0,450.2,0.43
2317,51750000.0,450.2,0.43
2318,51060000.0,216.4,0.48
2319,51060000.0,216.4,0.48
2320,51060000.0,216.4,0.48
2321,60480000.0,216.4,0.48
2322,60480000.0,216.4,0.48
2323,8520000.0,216.4,0.48
2324,8520000.0,216.4,0.48
2325,8520000.0,216.4,0.48
2326,55440000.0,216.4,0.48
2327,55440000.0,216.4,0.48
2328,55440000.0,216.4,0.48
2329,59850000.0,216.4,0.48
2330,59850000.0,216.4,0.48
2331,59850000.0,216.4,0.48
2332,12870000.0,450.2,0.43
2333,12870000.0,450.2,0.43
2334,33750000.0,216.4,0.48
2335,33750000.0,216.4,0.48
2336,33750000.0,216.4,0.48
2337,27000000.0,366.7,0.33
2338,27000000.0,366.7,0.33
2339,27000000.0,366.7,0.33
2340,50025000.0,450.2,0.43
2341,50025000.0,450.2,0.43
2342,22500.0,216.4,0.48
2343,34500.0,450.2,0.43
2344,34500.0,450.2,0.43
2345,34500.0,450.2,0.43
2346,27180.0,216.4,0.48
2347,27180.0,216.4,0.48
2348,27180.0,216.4,0.48
2349,5680.0,216.4,0.48
2350,5680.0,216.4,0.48
2351,5680.0,216.4,0.48
2352,22500.0,216.4,0.48
2353,35000.0,450.2,0.43
2354,35000.0,450.2,0.43
2355,35000.0,450.2,0.43
2356,10872000.0,216.4,0.48
2357,10872000.0,216.4,0.48
2358,10872000.0,216.4,0.48
2359,10800000.0,216.4,0.48
2360,10800000.0,216.4,0.48
2361,13892000.0,216.4,0.48
2362,13892000.0,216.4,0.48
2363,13892000.0,216.4,0.48
2364,14784000.0,216.4,0.48
2365,14784000.0,216.4,0.48
2366,14784000.0,216.4,0.48
2367,16128000.0,216.4,0.48
2368,16128000.0,216.4,0.48
2369,13020000.0,216.4,0.48
2370,13020000.0,216.4,0.48
2371,13020000.0,216.4,0.48
2372,13340000.0,450.2,0.43
2373,13340000.0,450.2,0.43
2374,7200000.0,366.7,0.33
2375,7200000.0,366.7,0.33
2376,7200000.0,366.7,0.33
2377,51750000.0,450.2,0.43
2378,51750000.0,450.2,0.43
2379,51750000.0,450.2,0.43
2380,51750000.0,450.2,0.43
2381,51750000.0,450.2,0.43
2382,51750000.0,450.2,0.43
2383,60480000.0,216.4,0.48
2384,60480000.0,216.4,0.48
2385,51060000.0,216.4,0.48
2386,51060000.0,216.4,0.48
2387,42900000.0,450.2,0.43
2388,42900000.0,450.2,0.43
2389,8520000.0,216.4,0.48
2390,8520000.0,216.4,0.48
2391,8520000.0,216.4,0.48
2392,54510000.0,216.4,0.48
2393,54510000.0,216.4,0.48
2394,54510000.0,216.4,0.48
2395,55200000.0,216.4,0.48
2396,55200000.0,216.4,0.48
2397,55200000.0,216.4,0.48
2398,48000000.0,450.2,0.43
2399,48000000.0,450.2,0.43
2400,48000000.0,450.2,0.43
2401,60480000.0,216.4,0.48
2402,60480000.0,216.4,0.48
2403,60480000.0,216.4,0.48
2404,40770000.0,216.4,0.48
2405,40770000.0,216.4,0.48
2406,40770000.0,216.4,0.48
2407,33600.0,216.4,0.48
2408,33600.0,216.4,0.48
2409,33600.0,216.4,0.48
2410,32000.0,450.2,0.43
2411,32000.0,450.2,0.43
2412,32000.0,450.2,0.43
2413,32550.0,216.4,0.48
2414,32550.0,216.4,0.48
2415,32550.0,216.4,0.48
2416,5680.0,216.4,0.48
2417,35190.0,216.4,0.48
2418,35190.0,216.4,0.48
2419,36800.0,216.4,0.48
2420,36800.0,216.4,0.48
2421,36800.0,216.4,0.48
2422,34730.0,216.4,0.48
2423,34730.0,216.4,0.48
2424,34730.0,216.4,0.48
2425,36800.0,450.2,0.43
2426,36800.0,450.2,0.43
2427,36800.0,450.2,0.43
2428,34500.0,450.2,0.43
2429,34500.0,450.2,0.43
2430,34500.0,450.2,0.43
2431,27180.0,216.4,0.48
2432,27180.0,216.4,0.48
2433,27180.0,216.4,0.48
2434,34500.0,450.2,0.43
2435,34500.0,450.2,0.43
2436,28800.0,450.2,0.43
2437,28800.0,450.2,0.43
2438,35190.0,216.4,0.48
2439,22500.0,216.4,0.48
2440,8520000.0,216.4,0.48
2441,8520000.0,216.4,0.48
2442,8520000.0,216.4,0.48
2443,48825000.0,216.4,0.48
2444,48825000.0,216.4,0.48
2445,48825000.0,216.4,0.48
2446,33390000.0,450.2,0.43
2447,33390000.0,450.2,0.43
2448,31005000.0,450.2,0.43
2449,31005000.0,450.2,0.43
2450,31005000.0,450.2,0.43
2451,40770000.0,216.4,0.48
2452,54510000.0,216.4,0.48
2453,54510000.0,216.4,0.48
2454,54510000.0,216.4,0.48
2455,55200000.0,216.4,0.48
2456,55200000.0,216.4,0.48
2457,55200000.0,216.4,0.48
2458,8580000.0,216.4,0.48
2459,8580000.0,216.4,0.48
2460,8580000.0,216.4,0.48
2461,13020000.0,216.4,0.48
2462,13020000.0,216.4,0.48
2463,12800000.0,450.2,0.43
2464,12800000.0,450.2,0.43
2465,12800000.0,450.2,0.43
2466,13020000.0,216.4,0.48
2467,13020000.0,216.4,0.48
2468,13020000.0,216.4,0.48
2469,14076000.0,216.4,0.48
2470,14076000.0,216.4,0.48
2471,14076000.0,216.4,0.48
2472,12800000.0,450.2,0.43
2473,12800000.0,450.2,0.43
2474,12800000.0,450.2,0.43
2475,19200000.0,450.2,0.43
2476,19200000.0,450.2,0.43
2477,19200000.0,450.2,0.43
2478,48000000.0,450.2,0.43
2479,48000000.0,450.2,0.43
2480,48000000.0,450.2,0.43
2481,50400000.0,216.4,0.48
2482,50400000.0,216.4,0.48
2483,50400000.0,216.4,0.48
2484,48825000.0,216.4,0.48
2485,48825000.0,216.4,0.48
2486,48825000.0,216.4,0.48
2487,48000000.0,450.2,0.43
2488,48000000.0,450.2,0.43
2489,52500000.0,450.2,0.43
2490,52500000.0,450.2,0.43
2491,52500000.0,450.2,0.43
2492,48825000.0,216.4,0.48
2493,48825000.0,216.4,0.48
2494,35190.0,216.4,0.48
2495,35190.0,216.4,0.48
2496,35190.0,216.4,0.48
2497,27180.0,216.4,0.48
2498,27180.0,216.4,0.48
2499,27180.0,216.4,0.48
2500,28800.0,450.2,0.43
2501,28800.0,450.2,0.43
2502,28800.0,450.2,0.43
2503,25740.0,450.2,0.43
2504,25740.0,450.2,0.43
2505,25740.0,450.2,0.43
2506,36960.0,216.4,0.48
2507,33600.0,216.4,0.48
2508,33600.0,216.4,0.48
2509,33600.0,216.4,0.48
2510,34040.0,216.4,0.48
2511,34040.0,216.4,0.48
2512,34040.0,216.4,0.48
2513,34040.0,216.4,0.48
2514,34040.0,216.4,0.48
2515,32550.0,216.4,0.48
2516,32550.0,216.4,0.48
2517,32550.0,216.4,0.48
2518,48000000.0,450.2,0.43
2519,48000000.0,450.2,0.43
2520,48000000.0,450.2,0.43
2521,43200000.0,450.2,0.43
2522,43200000.0,450.2,0.43
2523,43200000.0,450.2,0.43
2524,51060000.0,216.4,0.48
2525,51060000.0,216.4,0.48
2526,51060000.0,216.4,0.48
2527,12800000.0,450.2,0.43
2528,12800000.0,450.2,0.43
2529,12800000.0,450.2,0.43
2530,34500.0,450.2,0.43
2531,34500.0,450.2,0.43
2532,34500.0,450.2,0.43
2533,22500.0,216.4,0.48
2534,48825000.0,216.4,0.48
2535,48825000.0,216.4,0.48
2536,48825000.0,216.4,0.48
2537,55440000.0,216.4,0.48
2538,55440000.0,216.4,0.48
2539,38610000.0,450.2,0.43
2540,38610000.0,450.2,0.43
2541,38610000.0,450.2,0.43
2542,52095000.0,216.4,0.48
2543,52095000.0,216.4,0.48
2544,55200000.0,216.4,0.48
2545,55200000.0,216.4,0.48
2546,55200000.0,216.4,0.48
2547,50025000.0,216.4,0.48
2548,50025000.0,216.4,0.48
2549,50025000.0,216.4,0.48
2550,48825000.0,216.4,0.48
2551,48825000.0,216.4,0.48
2552,52785000.0,216.4,0.48
2553,52785000.0,216.4,0.48
2554,52785000.0,216.4,0.48
2555,52095000.0,216.4,0.48
2556,52095000.0,216.4,0.48
2557,27000000.0,366.7,0.33
2558,27000000.0,366.7,0.33
2559,32175000.0,216.4,0.48
2560,32175000.0,216.4,0.48
2561,32175000.0,216.4,0.48
2562,55440000.0,216.4,0.48
2563,55440000.0,216.4,0.48
2564,51060000.0,216.4,0.48
2565,51060000.0,216.4,0.48
2566,38610000.0,450.2,0.43
2567,38610000.0,450.2,0.43
2568,38610000.0,450.2,0.43
2569,52095000.0,216.4,0.48
2570,52095000.0,216.4,0.48
2571,52095000.0,216.4,0.48
2572,48825000.0,216.4,0.48
2573,51060000.0,216.4,0.48
2574,51060000.0,216.4,0.48
2575,51060000.0,216.4,0.48
2576,48825000.0,216.4,0.48
2577,48825000.0,216.4,0.48
2578,48825000.0,216.4,0.48
2579,32550.0,216.4,0.48
2580,32550.0,216.4,0.48
2581,32550.0,216.4,0.48
2582,34040.0,216.4,0.48
2583,34040.0,216.4,0.48
2584,34040.0,216.4,0.48
2585,25740.0,450.2,0.43
2586,25740.0,450.2,0.43
2587,34500.0,450.2,0.43
2588,52785000.0,216.4,0.48
2589,52785000.0,216.4,0.48
2590,52785000.0,216.4,0.48
2591,52095000.0,216.4,0.48
2592,52095000.0,216.4,0.48
2593,52095000.0,216.4,0.48
2594,42900000.0,450.2,0.43
2595,42900000.0,450.2,0.43
2596,42900000.0,450.2,0.43
2597,27180.0,216.4,0.48
2598,27180.0,216.4,0.48
2599,28800.0,450.2,0.43
2600,28800.0,450.2,0.43
2601,28800.0,450.2,0.43
2602,32550.0,216.4,0.48
2603,25740.0,450.2,0.43
2604,25740.0,450.2,0.43
2605,25740.0,450.2,0.43
2606,36960.0,216.4,0.48
2607,36960.0,216.4,0.48
2608,400.0,366.7,0.33
2609,33600.0,216.4,0.48
2610,33600.0,216.4,0.48
2611,33600.0,216.4,0.48
2612,35190.0,216.4,0.48
2613,35190.0,216.4,0.48
2614,35190.0,216.4,0.48
2615,34040.0,216.4,0.48
2616,34040.0,216.4,0.48
2617,34040.0,216.4,0.48
2618,35000.0,450.2,0.43
2619,35000.0,450.2,0.43
2620,35000.0,450.2,0.43
2621,52785000.0,216.4,0.48
2622,52785000.0,216.4,0.48
2623,13340000.0,216.4,0.48
2624,13340000.0,216.4,0.48
2625,13340000.0,216.4,0.48
2626,12800000.0,450.2,0.43
2627,12800000.0,450.2,0.43
2628,12800000.0,450.2,0.43
2629,52785000.0,216.4,0.48
2630,52785000.0,216.4,0.48
2631,52785000.0,216.4,0.48
2632,55200000.0,216.4,0.48
2633,55200000.0,216.4,0.48
2634,55200000.0,216.4,0.48
2635,22500.0,216.4,0.48
2636,51060000.0,216.4,0.48
2637,36960.0,216.4,0.48
2638,36960.0,216.4,0.48
2639,36960.0,216.4,0.48
2640,33600.0,216.4,0.48
2641,33600.0,216.4,0.48
2642,33600.0,216.4,0.48
2643,35190.0,216.4,0.48
2644,35190.0,216.4,0.48
2645,35190.0,216.4,0.48
2646,34040.0,216.4,0.48
2647,34040.0,216.4,0.48
2648,35000.0,450.2,0.43
2649,35000.0,450.2,0.43
2650,35000.0,450.2,0.43
2651,40320.0,216.4,0.48
2652,40320.0,216.4,0.48
2653,40320.0,216.4,0.48
2654,32550.0,216.4,0.48
2655,32550.0,216.4,0.48
2656,32550.0,216.4,0.48
2657,32000.0,450.2,0.43
2658,32000.0,450.2,0.43
2659,32000.0,450.2,0.43
2660,35190.0,216.4,0.48
2661,35190.0,216.4,0.48
2662,51060000.0,216.4,0.48
2663,51060000.0,216.4,0.48
2664,48825000.0,216.4,0.48
2665,48825000.0,216.4,0.48
2666,60480000.0,216.4,0.48
2667,60480000.0,216.4,0.48
2668,60480000.0,216.4,0.48
2669,51060000.0,216.4,0.48
2670,51060000.0,216.4,0.48
2671,51060000.0,216.4,0.48
2672,22500.0,216.4,0.48
2673,34040.0,216.4,0.48
2674,34040.0,216.4,0.48
2675,32000.0,450.2,0.43
2676,48825000.0,216.4,0.48
2677,48825000.0,216.4,0.48
2678,48825000.0,216.4,0.48
2679,51060000.0,216.4,0.48
2680,48825000.0,216.4,0.48
2681,48825000.0,216.4,0.48
2682,48825000.0,216.4,0.48
2683,48825000.0,216.4,0.48
2684,48825000.0,216.4,0.48
2685,51060000.0,216.4,0.48
2686,51060000.0,216.4,0.48
2687,51060000.0,216.4,0.48
2688,48825000.0,216.4,0.48
2689,48825000.0,216.4,0.48
2690,48825000.0,216.4,0.48
2691,22500.0,216.4,0.48
2692,27000000.0,366.7,0.33
2693,27000000.0,366.7,0.33
2694,27000000.0,366.7,0.33
2695,31005000.0,450.2,0.43
2696,31005000.0,450.2,0.43
2697,31005000.0,450.2,0.43
2698,40770000.0,216.4,0.48
2699,40770000.0,216.4,0.48
2700,40770000.0,216.4,0.48
2701,38610000.0,450.2,0.43
2702,38610000.0,450.2,0.43
2703,38610000.0,450.2,0.43
2704,54510000.0,216.4,0.48
2705,54510000.0,216.4,0.48
2706,52095000.0,216.4,0.48
2707,52095000.0,216.4,0.48
2708,52095000.0,216.4,0.48
2709,52785000.0,216.4,0.48
2710,52785000.0,216.4,0.48
2711,52785000.0,216.4,0.48
2712,60480000.0,216.4,0.48
2713,60480000.0,216.4,0.48
2714,60480000.0,216.4,0.48
2715,31005000.0,450.2,0.43
2716,31005000.0,450.2,0.43
2717,31005000.0,450.2,0.43
2718,55200000.0,216.4,0.48
2719,55200000.0,216.4,0.48
2720,55200000.0,216.4,0.48
2721,42900000.0,450.2,0.43
2722,42900000.0,450.2,0.43
2723,52785000.0,216.4,0.48
2724,52785000.0,216.4,0.48
2725,52785000.0,216.4,0.48
2726,52785000.0,216.4,0.48
2727,52785000.0,216.4,0.48
2728,55200000.0,216.4,0.48
2729,55200000.0,216.4,0.48
2730,31005000.0,450.2,0.43
2731,31005000.0,450.2,0.43
2732,31005000.0,450.2,0.43
2733,22500.0,216.4,0.48
2734,20670.0,450.2,0.43
2735,20670.0,450.2,0.43
2736,20670.0,450.2,0.43
2737,25740.0,450.2,0.43
2738,25740.0,450.2,0.43
2739,25740.0,450.2,0.43
2740,40320.0,216.4,0.48
2741,40320.0,216.4,0.48
2742,40320.0,216.4,0.48
2743,36800.0,216.4,0.48
2744,36800.0,216.4,0.48
2745,36800.0,216.4,0.48
2746,35190.0,216.4,0.48
2747,35190.0,216.4,0.48
2748,35190.0,216.4,0.48
2749,22500.0,216.4,0.48
2750,34040.0,216.4,0.48
2751,34040.0,216.4,0.48
2752,34040.0,216.4,0.48
2753,36800.0,450.2,0.43
2754,36800.0,450.2,0.43
2755,34500.0,450.2,0.43
2756,34500.0,450.2,0.43
2757,8580000.0,216.4,0.48
2758,8580000.0,216.4,0.48
2759,13020000.0,216.4,0.48
2760,13020000.0,216.4,0.48
2761,13020000.0,216.4,0.48
2762,2272000.0,216.4,0.48
2763,2272000.0,216.4,0.48
2764,2272000.0,216.4,0.48
2765,12800000.0,450.2,0.43
2766,12800000.0,450.2,0.43
2767,34040.0,216.4,0.48
2768,34040.0,216.4,0.48
2769,34040.0,216.4,0.48
2770,34040.0,216.4,0.48
2771,34040.0,216.4,0.48
2772,34500.0,450.2,0.43
2773,34500.0,450.2,0.43
2774,34500.0,450.2,0.43
2775,32000.0,450.2,0.43
2776,32000.0,450.2,0.43
2777,32000.0,450.2,0.43
2778,27180.0,216.4,0.48
2779,27180.0,216.4,0.48
2780,27180.0,216.4,0.48
2781,33600.0,216.4,0.48
2782,33600.0,216.4,0.48
2783,33600.0,216.4,0.48
2784,35190.0,216.4,0.48
2785,35190.0,216.4,0.48
2786,33350.0,450.2,0.43
2787,33350.0,450.2,0.43
2788,33350.0,450.2,0.43
2789,32550.0,216.4,0.48
2790,32550.0,216.4,0.48
2791,28800.0,450.2,0.43
2792,51060000.0,216.4,0.48
2793,51060000.0,216.4,0.48
2794,51060000.0,216.4,0.48
2795,40770000.0,216.4,0.48
2796,40770000.0,216.4,0.48
2797,40770000.0,216.4,0.48
2798,48825000.0,216.4,0.48
2799,48825000.0,216.4,0.48
2800,48825000.0,216.4,0.48
2801,50025000.0,450.2,0.43
2802,50025000.0,450.2,0.43
2803,2272000.0,216.4,0.48
2804,2272000.0,216.4,0.48
2805,13340000.0,450.2,0.43
2806,13340000.0,450.2,0.43
2807,10000000.0,216.4,0.48
2808,10000000.0,216.4,0.48
2809,10000000.0,216.4,0.48
2810,55440000.0,216.4,0.48
2811,55440000.0,216.4,0.48
2812,55440000.0,216.4,0.48
2813,34040.0,216.4,0.48
2814,34040.0,216.4,0.48
2815,34040.0,216.4,0.48
2816,36340.0,216.4,0.48
2817,36340.0,216.4,0.48
2818,34040.0,216.4,0.48
2819,34040.0,216.4,0.48
2820,22500.0,216.4,0.48
2821,51060000.0,216.4,0.48
2822,51060000.0,216.4,0.48
2823,51060000.0,216.4,0.48
2824,51060000.0,216.4,0.48
2825,51060000.0,216.4,0.48
2826,51060000.0,216.4,0.48
2827,55200000.0,216.4,0.48
2828,55200000.0,216.4,0.48
2829,55200000.0,216.4,0.48
2830,33600.0,216.4,0.48
2831,33600.0,216.4,0.48
2832,33600.0,216.4,0.48
2833,28800.0,450.2,0.43
2834,28800.0,450.2,0.43
2835,28800.0,450.2,0.43
2836,36960.0,216.4,0.48
2837,36960.0,216.4,0.48
2838,36960.0,216.4,0.48
2839,13440000.0,216.4,0.48
2840,13440000.0,216.4,0.48
2841,13440000.0,216.4,0.48
2842,22500.0,216.4,0.48
2843,160000.0,366.7,0.33
2844,160000.0,366.7,0.33
2845,160000.0,366.7,0.33
2846,10872000.0,216.4,0.48
2847,10872000.0,216.4,0.48
2848,10872000.0,216.4,0.48
2849,400.0,366.7,0.33
2850,400.0,366.7,0.33
2851,36800.0,450.2,0.43
2852,36800.0,450.2,0.43
2853,36800.0,450.2,0.43
2854,32000.0,450.2,0.43
2855,32000.0,450.2,0.43
2856,32000.0,450.2,0.43
2857,35190.0,216.4,0.48
2858,35190.0,216.4,0.48
2859,35190.0,216.4,0.48
2860,36960.0,216.4,0.48
2861,36960.0,216.4,0.48
2862,29000.0,450.2,0.43
2863,29000.0,450.2,0.43
2864,12800.0,450.2,0.43
2865,12800.0,450.2,0.43
2866,12800.0,450.2,0.43
2867,28800.0,450.2,0.43
2868,28800.0,450.2,0.43
2869,28800.0,450.2,0.43
2870,27180.0,216.4,0.48
2871,27180.0,216.4,0.48
2872,55200000.0,450.2,0.43
2873,55200000.0,450.2,0.43
2874,55200000.0,450.2,0.43
2875,55440000.0,216.4,0.48
2876,55440000.0,216.4,0.48
2877,55440000.0,216.4,0.48
2878,50400000.0,216.4,0.48
2879,50400000.0,216.4,0.48
2880,55200000.0,450.2,0.43
2881,55200000.0,450.2,0.43
2882,55200000.0,450.2,0.43
2883,40770000.0,216.4,0.48
2884,40770000.0,216.4,0.48
2885,40770000.0,216.4,0.48
2886,11520000.0,450.2,0.43
2887,11520000.0,450.2,0.43
2888,5120000.0,450.2,0.43
2889,5120000.0,450.2,0.43
2890,55200000.0,216.4,0.48
2891,55200000.0,216.4,0.48
2892,55200000.0,216.4,0.48
2893,43500000.0,450.2,0.43
2894,43500000.0,450.2,0.43
2895,55200000.0,216.4,0.48
2896,55200000.0,216.4,0.48
2897,55200000.0,216.4,0.48
2898,19200000.0,450.2,0.43
2899,19200000.0,450.2,0.43
2900,19200000.0,450.2,0.43
2901,55200000.0,450.2,0.43
2902,55200000.0,450.2,0.43
2903,55200000.0,450.2,0.43
2904,43200000.0,450.2,0.43
2905,43200000.0,450.2,0.43
2906,43200000.0,450.2,0.43
2907,51750000.0,450.2,0.43
2908,51750000.0,450.2,0.43
2909,51750000.0,450.2,0.43
2910,55440000.0,216.4,0.48
2911,55440000.0,216.4,0.48
2912,52785000.0,216.4,0.48
2913,52785000.0,216.4,0.48
2914,52785000.0,216.4,0.48
2915,54510000.0,450.2,0.43
2916,54510000.0,450.2,0.43
2917,54510000.0,450.2,0.43
2918,40770000.0,216.4,0.48
2919,40770000.0,216.4,0.48
2920,40770000.0,216.4,0.48
2921,50400000.0,216.4,0.48
2922,50400000.0,216.4,0.48
2923,50400000.0,216.4,0.48
2924,52785000.0,216.4,0.48
2925,52785000.0,216.4,0.48
2926,52785000.0,216.4,0.48
2927,33390000.0,450.2,0.43
2928,33390000.0,450.2,0.43
2929,33390000.0,450.2,0.43
2930,60480000.0,216.4,0.48
2931,60480000.0,216.4,0.48
2932,60480000.0,216.4,0.48
2933,51060000.0,216.4,0.48
2934,51060000.0,216.4,0.48
2935,51060000.0,216.4,0.48
2936,38610000.0,450.2,0.43
2937,38610000.0,450.2,0.43
2938,38610000.0,450.2,0.43
2939,48000000.0,450.2,0.43
2940,48000000.0,450.2,0.43
2941,48000000.0,450.2,0.43
2942,51060000.0,216.4,0.48
2943,51060000.0,216.4,0.48
2944,51060000.0,216.4,0.48
2945,8520000.0,216.4,0.48
2946,8520000.0,216.4,0.48
2947,8520000.0,216.4,0.48
2948,52095000.0,216.4,0.48
2949,52095000.0,216.4,0.48
2950,52095000.0,216.4,0.48
2951,50025000.0,216.4,0.48
2952,50025000.0,216.4,0.48
2953,50025000.0,216.4,0.48
2954,8250000.0,366.7,0.33
2955,8250000.0,366.7,0.33
2956,8250000.0,366.7,0.33
2957,48000000.0,450.2,0.43
2958,48000000.0,450.2,0.43
2959,48000000.0,450.2,0.43
2960,55440000.0,216.4,0.48
2961,55440000.0,216.4,0.48
2962,55440000.0,216.4,0.48
2963,55200000.0,450.2,0.43
2964,55200000.0,450.2,0.43
2965,43200000.0,450.2,0.43
2966,43200000.0,450.2,0.43
2967,43200000.0,450.2,0.43
2968,54510000.0,450.2,0.43
2969,54510000.0,450.2,0.43
2970,54510000.0,450.2,0.43
2971,19200000.0,450.2,0.43
2972,19200000.0,450.2,0.43
2973,50400000.0,216.4,0.48
2974,50400000.0,216.4,0.48
2975,50400000.0,216.4,0.48
2976,32175000.0,216.4,0.48
2977,32175000.0,216.4,0.48
2978,32175000.0,216.4,0.48
2979,40770000.0,216.4,0.48
2980,40770000.0,216.4,0.48
2981,40770000.0,216.4,0.48
2982,42900000.0,450.2,0.43
2983,42900000.0,450.2,0.43
2984,42900000.0,450.2,0.43
2985,52785000.0,216.4,0.48
2986,52785000.0,216.4,0.48
2987,52785000.0,216.4,0.48
2988,52095000.0,216.4,0.48
2989,52095000.0,216.4,0.48
2990,52095000.0,216.4,0.48
2991,32175000.0,216.4,0.48
2992,32175000.0,216.4,0.48
2993,32175000.0,216.4,0.48
2994,51060000.0,216.4,0.48
2995,51060000.0,216.4,0.48
2996,51060000.0,216.4,0.48
2997,51060000.0,216.4,0.48
2998,51060000.0,216.4,0.48
2999,51060000.0,216.4,0.48
3000,8250000.0,366.7,0.33
3001,8250000.0,366.7,0.33
3002,8250000.0,366.7,0.33
3003,50025000.0,216.4,0.48
3004,50025000.0,216.4,0.48
3005,50025000.0,216.4,0.48
3006,29000.0,450.2,0.43
3007,29000.0,450.2,0.43
3008,29000.0,450.2,0.43
3009,36800.0,450.2,0.43
3010,36800.0,450.2,0.43
3011,36800.0,450.2,0.43
3012,228000.0,216.4,0.48
3013,228000.0,216.4,0.48
3014,228000.0,216.4,0.48
3015,36800.0,216.4,0.48
3016,36800.0,216.4,0.48
3017,36800.0,216.4,0.48
3018,36960.0,216.4,0.48
3019,36960.0,216.4,0.48
3020,36960.0,216.4,0.48
3021,35190.0,216.4,0.48
3022,35190.0,216.4,0.48
3023,35190.0,216.4,0.48
3024,33600.0,216.4,0.48
3025,33600.0,216.4,0.48
3026,33600.0,216.4,0.48
3027,32000.0,450.2,0.43
3028,32000.0,450.2,0.43
3029,32000.0,450.2,0.43
3030,21450.0,216.4,0.48
3031,21450.0,216.4,0.48
3032,21450.0,216.4,0.48
3033,35000.0,450.2,0.43
3034,35000.0,450.2,0.43
3035,35000.0,450.2,0.43
3036,12800.0,450.2,0.43
3037,12800.0,450.2,0.43
3038,12800.0,450.2,0.43
3039,40320.0,216.4,0.48
3040,40320.0,216.4,0.48
3041,40320.0,216.4,0.48
3042,36340.0,450.2,0.43
3043,36340.0,450.2,0.43
3044,36340.0,450.2,0.43
3045,28800.0,450.2,0.43
3046,28800.0,450.2,0.43
3047,28800.0,450.2,0.43
3048,36800.0,216.4,0.48
3049,36800.0,216.4,0.48
3050,36800.0,216.4,0.48
3051,34730.0,216.4,0.48
3052,34730.0,216.4,0.48
3053,34730.0,216.4,0.48
3054,34500.0,450.2,0.43
3055,34500.0,450.2,0.43
3056,34500.0,450.2,0.43
3057,27180.0,216.4,0.48
3058,27180.0,216.4,0.48
3059,27180.0,216.4,0.48
3060,25740.0,450.2,0.43
3061,25740.0,450.2,0.43
3062,25740.0,450.2,0.43
3063,35190.0,216.4,0.48
3064,35190.0,216.4,0.48
3065,35190.0,216.4,0.48
3066,21450.0,216.4,0.48
3067,21450.0,216.4,0.48
3068,21450.0,216.4,0.48
3069,28600.0,450.2,0.43
3070,28600.0,450.2,0.43
3071,28600.0,450.2,0.43
3072,5680.0,216.4,0.48
3073,5680.0,216.4,0.48
3074,5680.0,216.4,0.48
3075,32550.0,216.4,0.48
3076,32550.0,216.4,0.48
3077,32550.0,216.4,0.48
3078,21450.0,216.4,0.48
3079,21450.0,216.4,0.48
3080,21450.0,216.4,0.48
3081,34040.0,216.4,0.48
3082,34040.0,216.4,0.48
3083,34040.0,216.4,0.48
3084,32550.0,216.4,0.48
3085,32550.0,216.4,0.48
3086,26600.0,450.2,0.43
3087,26600.0,450.2,0.43
3088,22500.0,216.4,0.48
3089,52785000.0,216.4,0.48
3090,52785000.0,216.4,0.48
3091,52785000.0,216.4,0.48
3092,55200000.0,450.2,0.43
3093,55200000.0,450.2,0.43
3094,55200000.0,450.2,0.43
3095,60480000.0,216.4,0.48
3096,60480000.0,216.4,0.48
3097,60480000.0,216.4,0.48
3098,50025000.0,216.4,0.48
3099,50025000.0,216.4,0.48
3100,52095000.0,216.4,0.48
3101,52095000.0,216.4,0.48
3102,11520000.0,450.2,0.43
3103,11520000.0,450.2,0.43
3104,11520000.0,450.2,0.43
3105,5120000.0,450.2,0.43
3106,5120000.0,450.2,0.43
3107,5120000.0,450.2,0.43
3108,13440000.0,216.4,0.48
3109,13440000.0,216.4,0.48
3110,13440000.0,216.4,0.48
3111,2272000.0,216.4,0.48
3112,2272000.0,216.4,0.48
3113,2272000.0,216.4,0.48
3114,36800.0,216.4,0.48
3115,36800.0,216.4,0.48
3116,36800.0,216.4,0.48
3117,35190.0,216.4,0.48
3118,35190.0,216.4,0.48
3119,35190.0,216.4,0.48
3120,35190.0,216.4,0.48
3121,35190.0,216.4,0.48
3122,35190.0,216.4,0.48
3123,22260.0,450.2,0.43
3124,22260.0,450.2,0.43
3125,22260.0,450.2,0.43
3126,34040.0,216.4,0.48
3127,34040.0,216.4,0.48
3128,34040.0,216.4,0.48
3129,35190.0,216.4,0.48
3130,35190.0,216.4,0.48
3131,35190.0,216.4,0.48
3132,52095000.0,216.4,0.48
3133,48825000.0,216.4,0.48
3134,48825000.0,216.4,0.48
3135,51060000.0,216.4,0.48
3136,51060000.0,216.4,0.48
3137,51060000.0,216.4,0.48
3138,36960.0,216.4,0.48
3139,36960.0,216.4,0.48
3140,36960.0,216.4,0.48
3141,28600.0,450.2,0.43
3142,28600.0,450.2,0.43
3143,28600.0,450.2,0.43
3144,22500.0,216.4,0.48
3145,25740.0,450.2,0.43
3146,25740.0,450.2,0.43
3147,25740.0,450.2,0.43
3148,32000.0,450.2,0.43
3149,32000.0,450.2,0.43
3150,5680.0,216.4,0.48
3151,5680.0,216.4,0.48
3152,5680.0,216.4,0.48
3153,40320.0,216.4,0.48
3154,35190.0,216.4,0.48
3155,35190.0,216.4,0.48
3156,22500.0,216.4,0.48
3157,36800.0,216.4,0.48
3158,36800.0,216.4,0.48
3159,36800.0,216.4,0.48
3160,20670.0,450.2,0.43
3161,20670.0,450.2,0.43
3162,20670.0,450.2,0.43
3163,22260.0,450.2,0.43
3164,22260.0,450.2,0.43
3165,22260.0,450.2,0.43
3166,34500.0,450.2,0.43
3167,34500.0,450.2,0.43
3168,34500.0,450.2,0.43
3169,27180.0,216.4,0.48
3170,27180.0,216.4,0.48
3171,27180.0,216.4,0.48
3172,44400.0,450.2,0.43
3173,44400.0,450.2,0.43
3174,44400.0,450.2,0.43
3175,34040.0,216.4,0.48
3176,34040.0,216.4,0.48
3177,34040.0,216.4,0.48
3178,55200000.0,216.4,0.48
3179,55200000.0,216.4,0.48
3180,55200000.0,216.4,0.48
3181,31005000.0,450.2,0.43
3182,31005000.0,450.2,0.43
3183,31005000.0,450.2,0.43
3184,51060000.0,216.4,0.48
3185,51060000.0,216.4,0.48
3186,51060000.0,216.4,0.48
3187,40770000.0,216.4,0.48
3188,40770000.0,216.4,0.48
3189,40770000.0,216.4,0.48
3190,52095000.0,216.4,0.48
3191,52095000.0,216.4,0.48
3192,52095000.0,216.4,0.48
3193,51060000.0,216.4,0.48
3194,51060000.0,216.4,0.48
3195,51060000.0,216.4,0.48
3196,31005000.0,450.2,0.43
3197,31005000.0,450.2,0.43
3198,31005000.0,450.2,0.43
3199,48300000.0,216.4,0.48
3200,48300000.0,216.4,0.48
3201,48300000.0,216.4,0.48
3202,48300000.0,216.4,0.48
3203,48300000.0,216.4,0.48
3204,48300000.0,216.4,0.48
3205,33390000.0,450.2,0.43
3206,33390000.0,450.2,0.43
3207,33390000.0,450.2,0.43
3208,8520000.0,216.4,0.48
3209,8520000.0,216.4,0.48
3210,8520000.0,216.4,0.48
3211,60480000.0,216.4,0.48
3212,60480000.0,216.4,0.48
3213,10872000.0,216.4,0.48
3214,10872000.0,216.4,0.48
3215,10872000.0,216.4,0.48
3216,16128000.0,216.4,0.48
3217,16128000.0,216.4,0.48
3218,16128000.0,216.4,0.48
3219,34730.0,216.4,0.48
3220,22500.0,216.4,0.48
3221,35190.0,216.4,0.48
3222,35190.0,216.4,0.48
3223,36960.0,216.4,0.48
3224,36960.0,216.4,0.48
3225,28800.0,450.2,0.43
3226,28800.0,450.2,0.43
3227,28800.0,450.2,0.43
3228,25740.0,450.2,0.43
3229,25740.0,450.2,0.43
3230,25740.0,450.2,0.43
3231,33600.0,216.4,0.48
3232,12800.0,450.2,0.43
3233,12800.0,450.2,0.43
3234,12800.0,450.2,0.43
3235,22500.0,216.4,0.48
3236,35190.0,216.4,0.48
3237,35190.0,216.4,0.48
3238,35190.0,216.4,0.48
3239,36960.0,216.4,0.48
3240,36960.0,216.4,0.48
3241,36960.0,216.4,0.48
3242,20670.0,450.2,0.43
3243,20670.0,450.2,0.43
3244,20670.0,450.2,0.43
3245,40320.0,216.4,0.48
3246,40320.0,216.4,0.48
3247,22260.0,450.2,0.43
3248,5680.0,216.4,0.48
3249,5680.0,216.4,0.48
3250,5680.0,216.4,0.48
3251,35190.0,216.4,0.48
3252,35190.0,216.4,0.48
3253,32000.0,450.2,0.43
3254,32000.0,450.2,0.43
3255,32000.0,450.2,0.43
3256,35190.0,216.4,0.48
3257,35190.0,216.4,0.48
3258,27180.0,216.4,0.48
3259,27180.0,216.4,0.48
3260,21450.0,216.4,0.48
3261,21450.0,216.4,0.48
3262,21450.0,216.4,0.48
3263,28800.0,450.2,0.43
3264,28800.0,450.2,0.43
3265,28800.0,450.2,0.43
3266,36800.0,450.2,0.43
3267,52785000.0,216.4,0.48
3268,52785000.0,216.4,0.48
3269,8520000.0,216.4,0.48
3270,8520000.0,216.4,0.48
3271,8520000.0,216.4,0.48
3272,43200000.0,450.2,0.43
3273,43200000.0,450.2,0.43
3274,25740.0,450.2,0.43
3275,25740.0,450.2,0.43
3276,25740.0,450.2,0.43
3277,35190.0,216.4,0.48
3278,35190.0,216.4,0.48
3279,35190.0,216.4,0.48
3280,16576000.0,450.2,0.43
3281,16576000.0,450.2,0.43
3282,16576000.0,450.2,0.43
3283,55200000.0,216.4,0.48
3284,55200000.0,216.4,0.48
3285,55200000.0,216.4,0.48
3286,33390000.0,450.2,0.43
3287,33390000.0,450.2,0.43
3288,33390000.0,450.2,0.43
3289,55200000.0,216.4,0.48
3290,55200000.0,216.4,0.48
3291,55200000.0,216.4,0.48
3292,22500.0,216.4,0.48
3293,22500.0,216.4,0.48
3294,36960.0,216.4,0.48
3295,33600.0,216.4,0.48
3296,33600.0,216.4,0.48
3297,33600.0,216.4,0.48
3298,28600.0,450.2,0.43
3299,28600.0,450.2,0.43
3300,28600.0,450.2,0.43
3301,28800.0,450.2,0.43
3302,28800.0,450.2,0.43
3303,44400.0,450.2,0.43
3304,44400.0,450.2,0.43
3305,44400.0,450.2,0.43
3306,25740.0,450.2,0.43
3307,22500.0,216.4,0.48
3308,22500.0,216.4,0.48
3309,22500.0,216.4,0.48
3310,34730.0,216.4,0.48
3311,34730.0,216.4,0.48
3312,34730.0,216.4,0.48
3313,27180.0,216.4,0.48
3314,27180.0,216.4,0.48
3315,33350.0,216.4,0.48
3316,33350.0,216.4,0.48
3317,36800.0,450.2,0.43
3318,36800.0,450.2,0.43
3319,36800.0,450.2,0.43
3320,22500.0,216.4,0.48
3321,42900000.0,450.2,0.43
3322,42900000.0,450.2,0.43
3323,42900000.0,450.2,0.43
3324,42900000.0,450.2,0.43
3325,42900000.0,450.2,0.43
3326,36960.0,216.4,0.48
3327,22500.0,216.4,0.48
3328,42900000.0,450.2,0.43
3329,42900000.0,450.2,0.43
3330,25740.0,450.2,0.43
3331,25740.0,450.2,0.43
3332,40320.0,216.4,0.48
3333,5680.0,216.4,0.48
3334,5680.0,216.4,0.48
3335,5680.0,216.4,0.48
3336,25740.0,450.2,0.43
3337,25740.0,450.2,0.43
3338,22500.0,216.4,0.48
3339,25740.0,450.2,0.43
3340,25740.0,450.2,0.43
3341,25740.0,450.2,0.43
3342,5680.0,216.4,0.48
3343,5680.0,216.4,0.48
3344,12800000.0,450.2,0.43
3345,13020000.0,216.4,0.48
3346,13020000.0,216.4,0.48
3347,13020000.0,216.4,0.48
3348,13020000.0,216.4,0.48
3349,13340000.0,216.4,0.48
3350,13340000.0,216.4,0.48
3351,13340000.0,216.4,0.48
3352,40770000.0,216.4,0.48
3353,40770000.0,216.4,0.48
3354,40770000.0,216.4,0.48
3355,51060000.0,216.4,0.48
3356,51060000.0,216.4,0.48
3357,51060000.0,216.4,0.48
3358,55440000.0,216.4,0.48
3359,55440000.0,216.4,0.48
3360,55440000.0,216.4,0.48
3361,51060000.0,216.4,0.48
3362,51060000.0,216.4,0.48
3363,51060000.0,216.4,0.48
3364,51060000.0,216.4,0.48
3365,51060000.0,216.4,0.48
3366,51060000.0,216.4,0.48
3367,342000000.0,216.4,0.48
3368,342000000.0,216.4,0.48
3369,342000000.0,216.4,0.48
3370,48825000.0,216.4,0.48
3371,48825000.0,216.4,0.48
3372,48825000.0,216.4,0.48
3373,10872000.0,216.4,0.48
3374,10872000.0,216.4,0.48
3375,10872000.0,216.4,0.48
3376,13020000.0,216.4,0.48
3377,13020000.0,216.4,0.48
3378,13020000.0,216.4,0.48
3379,40770000.0,216.4,0.48
3380,40770000.0,216.4,0.48
3381,40770000.0,216.4,0.48
3382,48825000.0,216.4,0.48
3383,48825000.0,216.4,0.48
3384,8520000.0,216.4,0.48
3385,8520000.0,216.4,0.48
3386,8520000.0,216.4,0.48
3387,48825000.0,216.4,0.48
3388,48825000.0,216.4,0.48
3389,48825000.0,216.4,0.48
3390,342000000.0,216.4,0.48
3391,342000000.0,216.4,0.48
3392,27180.0,216.4,0.48
3393,27180.0,216.4,0.48
3394,27180.0,216.4,0.48
3395,32550.0,216.4,0.48
3396,32550.0,216.4,0.48
3397,32550.0,216.4,0.48
3398,28800.0,450.2,0.43
3399,28800.0,450.2,0.43
3400,28800.0,450.2,0.43
3401,5680.0,216.4,0.48
3402,5680.0,216.4,0.48
3403,5680.0,216.4,0.48
3404,34040.0,216.4,0.48
3405,34040.0,216.4,0.48
3406,34040.0,216.4,0.48
3407,34040.0,216.4,0.48
3408,34040.0,216.4,0.48
3409,34040.0,216.4,0.48
3410,34730.0,216.4,0.48
3411,34730.0,216.4,0.48
3412,34730.0,216.4,0.48
3413,27180.0,216.4,0.48
3414,27180.0,216.4,0.48
3415,27180.0,216.4,0.48
3416,22500.0,216.4,0.48
3417,10872000.0,216.4,0.48
3418,10872000.0,216.4,0.48
3419,10872000.0,216.4,0.48
3420,22500.0,216.4,0.48
3421,42900000.0,450.2,0.43
3422,42900000.0,450.2,0.43
3423,22500.0,216.4,0.48
3424,36340.0,216.4,0.48
3425,36340.0,216.4,0.48
3426,36340.0,216.4,0.48
3427,35190.0,216.4,0.48
3428,35190.0,216.4,0.48
3429,40320.0,216.4,0.48
3430,36340.0,216.4,0.48
3431,36340.0,216.4,0.48
3432,36340.0,216.4,0.48
3433,22500.0,216.4,0.48
3434,38610000.0,450.2,0.43
3435,38610000.0,450.2,0.43
3436,38610000.0,450.2,0.43
3437,22500.0,216.4,0.48
3438,36340.0,216.4,0.48
3439,36340.0,216.4,0.48
3440,36340.0,216.4,0.48
3441,36340.0,216.4,0.48
3442,40320.0,216.4,0.48
3443,40320.0,216.4,0.48
3444,40320.0,216.4,0.48
3445,35190.0,216.4,0.48
3446,35190.0,216.4,0.48
3447,35190.0,216.4,0.48
3448,36340.0,216.4,0.48
3449,36340.0,216.4,0.48
3450,27180.0,216.4,0.48
3451,27180.0,216.4,0.48
3452,27180.0,216.4,0.48
3453,21450.0,216.4,0.48
3454,21450.0,216.4,0.48
3455,21450.0,216.4,0.48
3456,28800.0,450.2,0.43
3457,36800.0,450.2,0.43
3458,36800.0,450.2,0.43
3459,38610000.0,450.2,0.43
3460,38610000.0,450.2,0.43
3461,38610000.0,450.2,0.43
3462,57270000.0,450.2,0.43
3463,57270000.0,450.2,0.43
3464,57270000.0,450.2,0.43
3465,38610000.0,450.2,0.43
3466,38610000.0,450.2,0.43
3467,38610000.0,450.2,0.43
3468,52785000.0,216.4,0.48
3469,52785000.0,216.4,0.48
3470,52785000.0,216.4,0.48
3471,55200000.0,216.4,0.48
3472,55200000.0,216.4,0.48
3473,40770000.0,216.4,0.48
3474,40770000.0,216.4,0.48
3475,14076000.0,216.4,0.48
3476,14076000.0,216.4,0.48
3477,57270000.0,450.2,0.43
3478,57270000.0,450.2,0.43
3479,57270000.0,450.2,0.43
3480,342000000.0,216.4,0.48
3481,342000000.0,216.4,0.48
3482,40770000.0,216.4,0.48
3483,38610000.0,450.2,0.43
3484,38610000.0,450.2,0.43
3485,38610000.0,450.2,0.43
3486,36340.0,216.4,0.48
3487,36340.0,216.4,0.48
3488,22500.0,216.4,0.48
3489,22500.0,216.4,0.48
3490,55200000.0,216.4,0.48
3491,55200000.0,216.4,0.48
3492,55200000.0,216.4,0.48
3493,60480000.0,216.4,0.48
3494,34040.0,216.4,0.48
3495,34040.0,216.4,0.48
3496,34040.0,216.4,0.48
3497,28800.0,450.2,0.43
3498,28800.0,450.2,0.43
3499,28800.0,450.2,0.43
3500,36800.0,450.2,0.43
3501,36800.0,450.2,0.43
3502,36800.0,450.2,0.43
3503,35190.0,216.4,0.48
3504,35190.0,216.4,0.48
3505,35190.0,216.4,0.48
3506,21450.0,216.4,0.48
3507,43200000.0,450.2,0.43
3508,43200000.0,450.2,0.43
3509,43200000.0,450.2,0.43
3510,51750000.0,450.2,0.43
3511,51750000.0,450.2,0.43
3512,51750000.0,450.2,0.43
3513,55200000.0,216.4,0.48
3514,60480000.0,216.4,0.48
3515,60480000.0,216.4,0.48
3516,60480000.0,216.4,0.48
3517,16128000.0,216.4,0.48
3518,16128000.0,216.4,0.48
3519,16128000.0,216.4,0.48
3520,55200000.0,216.4,0.48
3521,55200000.0,216.4,0.48
3522,55200000.0,216.4,0.48
3523,22500.0,216.4,0.48
3524,36340.0,216.4,0.48
3525,36340.0,216.4,0.48
3526,36340.0,216.4,0.48
3527,36800.0,450.2,0.43
3528,36800.0,450.2,0.43
3529,36800.0,450.2,0.43
3530,28800.0,450.2,0.43
3531,28800.0,450.2,0.43
3532,28800.0,450.2,0.43
3533,35190.0,216.4,0.48
3534,35190.0,216.4,0.48
3535,35190.0,216.4,0.48
3536,38400.0,450.2,0.43
3537,38400.0,450.2,0.43
3538,55200000.0,450.2,0.43
3539,55200000.0,450.2,0.43
3540,51060000.0,216.4,0.48
3541,51060000.0,216.4,0.48
3542,14720000.0,450.2,0.43
3543,14720000.0,450.2,0.43
3544,14720000.0,450.2,0.43
3545,14076000.0,216.4,0.48
3546,14076000.0,216.4,0.48
3547,14076000.0,216.4,0.48
3548,55200000.0,450.2,0.43
3549,55200000.0,450.2,0.43
3550,57270000.0,450.2,0.43
3551,57270000.0,450.2,0.43
3552,57270000.0,450.2,0.43
3553,55200000.0,450.2,0.43
3554,55200000.0,450.2,0.43
3555,28800.0,450.2,0.43
3556,28800.0,450.2,0.43
3557,28800.0,450.2,0.43
3558,34040.0,216.4,0.48
3559,34040.0,216.4,0.48
3560,34040.0,216.4,0.48
3561,32550.0,216.4,0.48
3562,32550.0,216.4,0.48
3563,32550.0,216.4,0.48
3564,228000.0,216.4,0.48
3565,228000.0,216.4,0.48
3566,228000.0,216.4,0.48
3567,32550.0,216.4,0.48
3568,32550.0,216.4,0.48
3569,33350.0,450.2,0.43
3570,33350.0,450.2,0.43
3571,33350.0,450.2,0.43
3572,34730.0,216.4,0.48
3573,34730.0,216.4,0.48
3574,34500.0,450.2,0.43
3575,34500.0,450.2,0.43
3576,34500.0,450.2,0.43
3577,42050.0,450.2,0.43
3578,42050.0,450.2,0.43
3579,42050.0,450.2,0.43
3580,32000.0,450.2,0.43
3581,32000.0,450.2,0.43
3582,32000.0,450.2,0.43
3583,34500.0,450.2,0.43
3584,34500.0,450.2,0.43
3585,40320.0,216.4,0.48
3586,40320.0,216.4,0.48
3587,40320.0,216.4,0.48
3588,51060000.0,216.4,0.48
3589,51060000.0,216.4,0.48
3590,51060000.0,216.4,0.48
3591,50025000.0,450.2,0.43
3592,50025000.0,450.2,0.43
3593,48825000.0,216.4,0.48
3594,48825000.0,216.4,0.48
3595,48825000.0,216.4,0.48
3596,51750000.0,450.2,0.43
3597,51750000.0,450.2,0.43
3598,51750000.0,450.2,0.43
3599,33750000.0,216.4,0.48
3600,33750000.0,216.4,0.48
3601,33750000.0,216.4,0.48
3602,55200000.0,450.2,0.43
3603,55200000.0,450.2,0.43
3604,55200000.0,450.2,0.43
3605,51750000.0,450.2,0.43
3606,51750000.0,450.2,0.43
3607,51750000.0,450.2,0.43
3608,8520000.0,216.4,0.48
3609,8520000.0,216.4,0.48
3610,8520000.0,216.4,0.48
3611,51060000.0,216.4,0.48
3612,51060000.0,216.4,0.48
3613,51060000.0,216.4,0.48
3614,51060000.0,216.4,0.48
3615,51060000.0,216.4,0.48
3616,51060000.0,216.4,0.48
3617,52095000.0,216.4,0.48
3618,52095000.0,216.4,0.48
3619,52095000.0,216.4,0.48
3620,40770000.0,216.4,0.48
3621,40770000.0,216.4,0.48
3622,40770000.0,216.4,0.48
3623,342000000.0,216.4,0.48
3624,342000000.0,216.4,0.48
3625,342000000.0,216.4,0.48
3626,48825000.0,216.4,0.48
3627,48825000.0,216.4,0.48
3628,48825000.0,216.4,0.48
3629,50025000.0,450.2,0.43
3630,50025000.0,450.2,0.43
3631,50025000.0,450.2,0.43
3632,51750000.0,450.2,0.43
3633,51750000.0,450.2,0.43
3634,51750000.0,450.2,0.43
3635,51750000.0,450.2,0.43
3636,51750000.0,450.2,0.43
3637,51750000.0,450.2,0.43
3638,51750000.0,450.2,0.43
3639,51750000.0,450.2,0.43
3640,51750000.0,450.2,0.43
3641,50025000.0,450.2,0.43
3642,50025000.0,450.2,0.43
3643,50025000.0,450.2,0.43
3644,60480000.0,216.4,0.48
3645,60480000.0,216.4,0.48
3646,43500000.0,450.2,0.43
3647,43500000.0,450.2,0.43
3648,43500000.0,450.2,0.43
3649,55440000.0,216.4,0.48
3650,55440000.0,216.4,0.48
3651,55440000.0,216.4,0.48
3652,40770000.0,216.4,0.48
3653,40770000.0,216.4,0.48
3654,40770000.0,216.4,0.48
3655,342000000.0,216.4,0.48
3656,342000000.0,216.4,0.48
3657,50025000.0,450.2,0.43
3658,50025000.0,450.2,0.43
3659,50025000.0,450.2,0.43
3660,19560000.0,216.4,0.48
3661,19560000.0,216.4,0.48
3662,51750000.0,450.2,0.43
3663,51750000.0,450.2,0.43
3664,52095000.0,216.4,0.48
3665,52095000.0,216.4,0.48
3666,51750000.0,450.2,0.43
3667,51750000.0,450.2,0.43
3668,51750000.0,450.2,0.43
3669,43500000.0,450.2,0.43
3670,43500000.0,450.2,0.43
3671,43500000.0,450.2,0.43
3672,22500.0,216.4,0.48
3673,13340000.0,450.2,0.43
3674,13340000.0,450.2,0.43
3675,13800000.0,450.2,0.43
3676,13800000.0,450.2,0.43
3677,13800000.0,450.2,0.43
3678,10872000.0,216.4,0.48
3679,10872000.0,216.4,0.48
3680,50025000.0,450.2,0.43
3681,50025000.0,450.2,0.43
3682,50025000.0,450.2,0.43
3683,12800.0,450.2,0.43
3684,12800.0,450.2,0.43
3685,12800.0,450.2,0.43
3686,27180.0,216.4,0.48
3687,27180.0,216.4,0.48
3688,27180.0,216.4,0.48
3689,33350.0,216.4,0.48
3690,33350.0,216.4,0.48
3691,33350.0,216.4,0.48
3692,25740.0,450.2,0.43
3693,25740.0,450.2,0.43
3694,25740.0,450.2,0.43
3695,28600.0,450.2,0.43
3696,28600.0,450.2,0.43
3697,28600.0,450.2,0.43
3698,35190.0,216.4,0.48
3699,35190.0,216.4,0.48
3700,35190.0,216.4,0.48
3701,36960.0,216.4,0.48
3702,36960.0,216.4,0.48
3703,36960.0,216.4,0.48
3704,36800.0,450.2,0.43
3705,36800.0,450.2,0.43
3706,36800.0,450.2,0.43
3707,22500.0,216.4,0.48
3708,14784000.0,216.4,0.48
3709,14784000.0,216.4,0.48
3710,14784000.0,216.4,0.48
3711,55440000.0,216.4,0.48
3712,55440000.0,216.4,0.48
3713,55440000.0,216.4,0.48
3714,55200000.0,450.2,0.43
3715,55200000.0,450.2,0.43
3716,55200000.0,450.2,0.43
3717,55200000.0,450.2,0.43
3718,34040.0,216.4,0.48
3719,34040.0,216.4,0.48
3720,22500.0,216.4,0.48
3721,22500.0,216.4,0.48
3722,60480000.0,216.4,0.48
3723,60480000.0,216.4,0.48
3724,5680.0,216.4,0.48
3725,5680.0,216.4,0.48
3726,5680.0,216.4,0.48
3727,35190.0,216.4,0.48
3728,35190.0,216.4,0.48
3729,35190.0,216.4,0.48
3730,34040.0,216.4,0.48
3731,34040.0,216.4,0.48
3732,34040.0,216.4,0.48
3733,34040.0,216.4,0.48
3734,34040.0,216.4,0.48
3735,34040.0,216.4,0.48
3736,40320.0,216.4,0.48
3737,40320.0,216.4,0.48
3738,40320.0,216.4,0.48
3739,51060000.0,216.4,0.48
3740,51060000.0,216.4,0.48
3741,51060000.0,216.4,0.48
3742,12800.0,450.2,0.43
3743,12800.0,450.2,0.43
3744,25740.0,450.2,0.43
3745,27180.0,216.4,0.48
3746,48000000.0,450.2,0.43
3747,48000000.0,450.2,0.43
3748,48000000.0,450.2,0.43
3749,40770000.0,216.4,0.48
3750,40770000.0,216.4,0.48
3751,40770000.0,216.4,0.48
3752,52095000.0,216.4,0.48
3753,52095000.0,216.4,0.48
3754,52095000.0,216.4,0.48
3755,52785000.0,216.4,0.48
3756,52785000.0,216.4,0.48
3757,52785000.0,216.4,0.48
3758,52785000.0,216.4,0.48
3759,52785000.0,216.4,0.48
3760,55200000.0,450.2,0.43
3761,55200000.0,450.2,0.43
3762,55200000.0,450.2,0.43
3763,54510000.0,450.2,0.43
3764,54510000.0,450.2,0.43
3765,54510000.0,450.2,0.43
3766,51060000.0,216.4,0.48
3767,51060000.0,216.4,0.48
3768,52095000.0,216.4,0.48
3769,52095000.0,216.4,0.48
3770,52095000.0,216.4,0.48
3771,52785000.0,216.4,0.48
3772,52785000.0,216.4,0.48
3773,52785000.0,216.4,0.48
3774,40770000.0,216.4,0.48
3775,40770000.0,216.4,0.48
3776,40770000.0,216.4,0.48
3777,35190.0,216.4,0.48
3778,35190.0,216.4,0.48
3779,36800.0,450.2,0.43
3780,36800.0,450.2,0.43
3781,36800.0,450.2,0.43
3782,32000.0,450.2,0.43
3783,32000.0,450.2,0.43
3784,32000.0,450.2,0.43
3785,36340.0,450.2,0.43
3786,36340.0,450.2,0.43
3787,36340.0,450.2,0.43
3788,34730.0,216.4,0.48
3789,34730.0,216.4,0.48
3790,34730.0,216.4,0.48
3791,21450.0,216.4,0.48
3792,21450.0,216.4,0.48
3793,21450.0,216.4,0.48
3794,48000000.0,450.2,0.43
3795,48000000.0,450.2,0.43
3796,48000000.0,450.2,0.43
3797,57600000.0,450.2,0.43
3798,57600000.0,450.2,0.43
3799,57600000.0,450.2,0.43
3800,52095000.0,216.4,0.48
3801,52095000.0,216.4,0.48
3802,13800000.0,450.2,0.43
3803,13800000.0,450.2,0.43
3804,13800000.0,450.2,0.43
3805,22500.0,216.4,0.48
3806,8250000.0,366.7,0.33
3807,8250000.0,366.7,0.33
3808,8250000.0,366.7,0.33
3809,52095000.0,216.4,0.48
3810,52095000.0,216.4,0.48
3811,52095000.0,216.4,0.48
3812,51060000.0,216.4,0.48
3813,51060000.0,216.4,0.48
3814,32175000.0,216.4,0.48
3815,32175000.0,216.4,0.48
3816,106560000.0,216.4,0.48
3817,106560000.0,216.4,0.48
3818,50025000.0,216.4,0.48
3819,50025000.0,216.4,0.48
3820,50025000.0,216.4,0.48
3821,8250000.0,366.7,0.33
3822,8250000.0,366.7,0.33
3823,8250000.0,366.7,0.33
3824,52095000.0,216.4,0.48
3825,52095000.0,216.4,0.48
3826,52785000.0,216.4,0.48
3827,52785000.0,216.4,0.48
3828,52785000.0,216.4,0.48
3829,106560000.0,216.4,0.48
3830,106560000.0,216.4,0.48
3831,40770000.0,216.4,0.48
3832,40770000.0,216.4,0.48
3833,40770000.0,216.4,0.48
3834,32175000.0,216.4,0.48
3835,32175000.0,216.4,0.48
3836,52785000.0,216.4,0.48
3837,52785000.0,216.4,0.48
3838,52785000.0,216.4,0.48
3839,51060000.0,216.4,0.48
3840,51060000.0,216.4,0.48
3841,51060000.0,216.4,0.48
3842,28275000.0,216.4,0.48
3843,28275000.0,216.4,0.48
3844,33750000.0,216.4,0.48
3845,33750000.0,216.4,0.48
3846,42900000.0,450.2,0.43
3847,42900000.0,450.2,0.43
3848,22500.0,216.4,0.48
3849,52095000.0,216.4,0.48
3850,52095000.0,216.4,0.48
3851,33350.0,216.4,0.48
3852,33350.0,216.4,0.48
3853,5500.0,366.7,0.33
3854,5500.0,366.7,0.33
3855,42900000.0,450.2,0.43
3856,42900000.0,450.2,0.43
3857,22500.0,216.4,0.48
3858,22500.0,216.4,0.48
3859,14720000.0,450.2,0.43
3860,14720000.0,450.2,0.43
3861,14720000.0,450.2,0.43
3862,12800000.0,450.2,0.43
3863,12800000.0,450.2,0.43
3864,12800000.0,450.2,0.43
3865,21320000.0,450.2,0.43
3866,21320000.0,450.2,0.43
3867,21320000.0,450.2,0.43
3868,15360000.0,450.2,0.43
3869,15360000.0,450.2,0.43
3870,22500.0,216.4,0.48
3871,14720000.0,450.2,0.43
3872,14720000.0,450.2,0.43
3873,14720000.0,450.2,0.43
3874,12800000.0,450.2,0.43
3875,12800000.0,450.2,0.43
3876,11520000.0,450.2,0.43
3877,11520000.0,450.2,0.43
3878,11520000.0,450.2,0.43
3879,15360000.0,450.2,0.43
3880,15360000.0,450.2,0.43
3881,2272000.0,216.4,0.48
3882,22500.0,216.4,0.48
3883,32000.0,450.2,0.43
3884,32000.0,450.2,0.43
3885,32000.0,450.2,0.43
3886,36800.0,450.2,0.43
3887,36800.0,450.2,0.43
3888,5680.0,216.4,0.48
3889,5680.0,216.4,0.48
3890,5680.0,216.4,0.48
3891,36800.0,450.2,0.43
3892,36800.0,450.2,0.43
3893,14720000.0,450.2,0.43
3894,36800.0,450.2,0.43
3895,36800.0,450.2,0.43
3896,36800.0,450.2,0.43
3897,11520000.0,450.2,0.43
3898,14720000.0,450.2,0.43
3899,14720000.0,450.2,0.43
3900,2272000.0,216.4,0.48
3901,2272000.0,216.4,0.48
3902,2272000.0,216.4,0.48
3903,22500.0,216.4,0.48
3904,14720000.0,450.2,0.43
3905,14720000.0,450.2,0.43
3906,14720000.0,450.2,0.43
3907,14720000.0,450.2,0.43
3908,14720000.0,450.2,0.43
3909,2272000.0,216.4,0.48
3910,2272000.0,216.4,0.48
3911,2272000.0,216.4,0.48
3912,11520000.0,450.2,0.43
3913,11520000.0,450.2,0.43
3914,11520000.0,450.2,0.43
3915,22500.0,216.4,0.48
3916,43200000.0,450.2,0.43
3917,43200000.0,450.2,0.43
3918,43200000.0,450.2,0.43
3919,35190.0,216.4,0.48
3920,35190.0,216.4,0.48
3921,35190.0,216.4,0.48
3922,12800.0,450.2,0.43
3923,12800.0,450.2,0.43
3924,12800.0,450.2,0.43
3925,37500.0,450.2,0.43
3926,37500.0,450.2,0.43
3927,37500.0,450.2,0.43
3928,14720000.0,450.2,0.43
3929,14720000.0,450.2,0.43
3930,14720000.0,450.2,0.43
3931,12800000.0,450.2,0.43
3932,12800000.0,450.2,0.43
3933,12800000.0,450.2,0.43
3934,16128000.0,216.4,0.48
3935,16128000.0,216.4,0.48
3936,16128000.0,216.4,0.48
3937,11520000.0,450.2,0.43
3938,11520000.0,450.2,0.43
3939,11520000.0,450.2,0.43
3940,15960000.0,216.4,0.48
3941,15960000.0,216.4,0.48
3942,14784000.0,216.4,0.48
3943,14784000.0,216.4,0.48
3944,14784000.0,216.4,0.48
3945,13892000.0,216.4,0.48
3946,13892000.0,216.4,0.48
3947,13892000.0,216.4,0.48
3948,10640000.0,450.2,0.43
3949,10640000.0,450.2,0.43
3950,10640000.0,450.2,0.43
3951,10440000.0,450.2,0.43
3952,10440000.0,450.2,0.43
3953,5120000.0,450.2,0.43
3954,5120000.0,450.2,0.43
3955,5120000.0,450.2,0.43
3956,13616000.0,216.4,0.48
3957,13616000.0,216.4,0.48
3958,13616000.0,216.4,0.48
3959,13020000.0,216.4,0.48
3960,13020000.0,216.4,0.48
3961,13020000.0,216.4,0.48
3962,13020000.0,216.4,0.48
3963,13020000.0,216.4,0.48
3964,11600000.0,450.2,0.43
3965,11600000.0,450.2,0.43
3966,11600000.0,450.2,0.43
3967,11600000.0,450.2,0.43
3968,11600000.0,450.2,0.43
3969,11600000.0,450.2,0.43
3970,13616000.0,216.4,0.48
3971,13616000.0,216.4,0.48
3972,13616000.0,216.4,0.48
3973,15272000.0,450.2,0.43
3974,15272000.0,450.2,0.43
3975,15272000.0,450.2,0.43
3976,10872000.0,216.4,0.48
3977,10872000.0,216.4,0.48
3978,10872000.0,216.4,0.48
3979,15360000.0,450.2,0.43
3980,13800000.0,450.2,0.43
3981,13800000.0,450.2,0.43
3982,13340000.0,216.4,0.48
3983,13340000.0,216.4,0.48
3984,14000000.0,450.2,0.43
3985,14000000.0,450.2,0.43
3986,14000000.0,450.2,0.43
3987,13800000.0,216.4,0.48
3988,13800000.0,216.4,0.48
3989,13800000.0,216.4,0.48
3990,10296000.0,450.2,0.43
3991,10296000.0,450.2,0.43
3992,10296000.0,450.2,0.43
3993,10800000.0,216.4,0.48
3994,10800000.0,216.4,0.48
3995,14720000.0,216.4,0.48
3996,14720000.0,216.4,0.48
3997,2272000.0,216.4,0.48
3998,2272000.0,216.4,0.48
3999,2272000.0,216.4,0.48
4000,13340000.0,450.2,0.43
4001,13340000.0,450.2,0.43
4002,13340000.0,450.2,0.43
4003,13920000.0,450.2,0.43
4004,13920000.0,450.2,0.43
4005,8268000.0,450.2,0.43
4006,8268000.0,450.2,0.43
4007,8580000.0,216.4,0.48
4008,8580000.0,216.4,0.48
4009,14076000.0,216.4,0.48
4010,14076000.0,216.4,0.48
4011,14076000.0,216.4,0.48
4012,50025000.0,216.4,0.48
4013,50025000.0,216.4,0.48
4014,50025000.0,216.4,0.48
4015,55200000.0,450.2,0.43
4016,55200000.0,450.2,0.43
4017,55200000.0,450.2,0.43
4018,52095000.0,216.4,0.48
4019,52095000.0,216.4,0.48
4020,52095000.0,216.4,0.48
4021,48000000.0,450.2,0.43
4022,48000000.0,450.2,0.43
4023,48000000.0,450.2,0.43
4024,55440000.0,216.4,0.48
4025,55440000.0,216.4,0.48
4026,55440000.0,216.4,0.48
4027,600000.0,366.7,0.33
4028,600000.0,366.7,0.33
4029,600000.0,366.7,0.33
4030,60480000.0,216.4,0.48
4031,60480000.0,216.4,0.48
4032,60480000.0,216.4,0.48
4033,32175000.0,216.4,0.48
4034,32175000.0,216.4,0.48
4035,54510000.0,450.2,0.43
4036,54510000.0,450.2,0.43
4037,52785000.0,216.4,0.48
4038,52785000.0,216.4,0.48
4039,40770000.0,216.4,0.48
4040,40770000.0,216.4,0.48
4041,40770000.0,216.4,0.48
4042,22500.0,216.4,0.48
4043,28800.0,450.2,0.43
4044,28800.0,450.2,0.43
4045,28800.0,450.2,0.43
4046,34730.0,216.4,0.48
4047,34730.0,216.4,0.48
4048,34730.0,216.4,0.48
4049,27180.0,216.4,0.48
4050,27180.0,216.4,0.48
4051,27180.0,216.4,0.48
4052,40320.0,216.4,0.48
4053,40320.0,216.4,0.48
4054,40320.0,216.4,0.48
4055,36800.0,450.2,0.43
4056,36800.0,450.2,0.43
4057,39900.0,216.4,0.48
4058,39900.0,216.4,0.48
4059,39900.0,216.4,0.48
4060,25740.0,450.2,0.43
4061,25740.0,450.2,0.43
4062,25740.0,450.2,0.43
4063,33350.0,216.4,0.48
4064,33350.0,216.4,0.48
4065,35000.0,450.2,0.43
4066,35000.0,450.2,0.43
4067,35000.0,450.2,0.43
4068,21450.0,216.4,0.48
4069,21450.0,216.4,0.48
4070,22260.0,450.2,0.43
4071,22260.0,450.2,0.43
4072,28600.0,450.2,0.43
4073,28600.0,450.2,0.43
4074,28600.0,450.2,0.43
4075,36960.0,216.4,0.48
4076,36960.0,216.4,0.48
4077,36960.0,216.4,0.48
4078,34500.0,450.2,0.43
4079,34500.0,450.2,0.43
4080,34500.0,450.2,0.43
4081,36800.0,216.4,0.48
4082,36800.0,216.4,0.48
4083,32550.0,216.4,0.48
4084,32550.0,216.4,0.48
4085,33120.0,450.2,0.43
4086,33120.0,450.2,0.43
4087,36800.0,216.4,0.48
4088,36800.0,216.4,0.48
4089,36800.0,216.4,0.48
4090,21450.0,216.4,0.48
4091,21450.0,216.4,0.48
4092,21450.0,216.4,0.48
4093,5680.0,216.4,0.48
4094,27000.0,216.4,0.48
4095,27000.0,216.4,0.48
4096,27000.0,216.4,0.48
4097,34800.0,450.2,0.43
4098,34800.0,450.2,0.43
4099,36340.0,450.2,0.43
4100,36340.0,450.2,0.43
4101,36340.0,450.2,0.43
4102,21450.0,216.4,0.48
4103,21450.0,216.4,0.48
4104,33600.0,216.4,0.48
4105,33600.0,216.4,0.48
4106,33600.0,216.4,0.48
4107,52095000.0,216.4,0.48
4108,52095000.0,216.4,0.48
4109,52095000.0,216.4,0.48
4110,60480000.0,216.4,0.48
4111,60480000.0,216.4,0.48
4112,60480000.0,216.4,0.48
4113,55200000.0,450.2,0.43
4114,55200000.0,450.2,0.43
4115,55200000.0,450.2,0.43
4116,52500000.0,450.2,0.43
4117,52500000.0,450.2,0.43
4118,52500000.0,450.2,0.43
4119,55200000.0,216.4,0.48
4120,55200000.0,216.4,0.48
4121,32175000.0,216.4,0.48
4122,32175000.0,216.4,0.48
4123,52200000.0,450.2,0.43
4124,52200000.0,450.2,0.43
4125,54510000.0,450.2,0.43
4126,54510000.0,450.2,0.43
4127,52785000.0,216.4,0.48
4128,52785000.0,216.4,0.48
4129,52785000.0,216.4,0.48
4130,36800.0,450.2,0.43
4131,36800.0,450.2,0.43
4132,36800.0,450.2,0.43
4133,32550.0,216.4,0.48
4134,32550.0,216.4,0.48
4135,27180.0,216.4,0.48
4136,27180.0,216.4,0.48
4137,27180.0,216.4,0.48
4138,35190.0,216.4,0.48
4139,35190.0,216.4,0.48
4140,35190.0,216.4,0.48
4141,14784000.0,216.4,0.48
4142,14784000.0,216.4,0.48
4143,14784000.0,216.4,0.48
4144,8580000.0,216.4,0.48
4145,8580000.0,216.4,0.48
4146,13616000.0,216.4,0.48
4147,13616000.0,216.4,0.48
4148,13616000.0,216.4,0.48
4149,13892000.0,216.4,0.48
4150,13892000.0,216.4,0.48
4151,13892000.0,216.4,0.48
4152,14720000.0,216.4,0.48
4153,14720000.0,216.4,0.48
4154,10872000.0,216.4,0.48
4155,10872000.0,216.4,0.48
4156,10296000.0,450.2,0.43
4157,10296000.0,450.2,0.43
4158,13020000.0,216.4,0.48
4159,13020000.0,216.4,0.48
4160,13020000.0,216.4,0.48
4161,8580000.0,216.4,0.48
4162,8580000.0,216.4,0.48
4163,8580000.0,216.4,0.48
4164,8904000.0,450.2,0.43
4165,8904000.0,450.2,0.43
4166,22500.0,216.4,0.48
4167,13892000.0,216.4,0.48
4168,13892000.0,216.4,0.48
4169,13800000.0,450.2,0.43
4170,13800000.0,450.2,0.43
4171,13800000.0,450.2,0.43
4172,60480000.0,216.4,0.48
4173,60480000.0,216.4,0.48
4174,60480000.0,216.4,0.48
4175,43200000.0,450.2,0.43
4176,43200000.0,450.2,0.43
4177,43200000.0,450.2,0.43
4178,55200000.0,450.2,0.43
4179,55200000.0,450.2,0.43
4180,55200000.0,450.2,0.43
4181,50025000.0,450.2,0.43
4182,50025000.0,450.2,0.43
4183,28800.0,450.2,0.43
4184,28800.0,450.2,0.43
4185,28800.0,450.2,0.43
4186,32550.0,216.4,0.48
4187,32550.0,216.4,0.48
4188,35190.0,216.4,0.48
4189,35190.0,216.4,0.48
4190,35190.0,216.4,0.48
4191,21450.0,216.4,0.48
4192,21450.0,216.4,0.48
4193,14720000.0,450.2,0.43
4194,14720000.0,450.2,0.43
4195,15360000.0,450.2,0.43
4196,15360000.0,450.2,0.43
4197,21320000.0,450.2,0.43
4198,21320000.0,450.2,0.43
4199,21320000.0,450.2,0.43
4200,14784000.0,216.4,0.48
4201,14784000.0,216.4,0.48
4202,14784000.0,216.4,0.48
4203,13800000.0,450.2,0.43
4204,13800000.0,450.2,0.43
4205,13800000.0,450.2,0.43
4206,11520000.0,450.2,0.43
4207,11520000.0,450.2,0.43
4208,28800.0,450.2,0.43
4209,28800.0,450.2,0.43
4210,28800.0,450.2,0.43
4211,32000.0,450.2,0.43
4212,32000.0,450.2,0.43
4213,32000.0,450.2,0.43
4214,35190.0,216.4,0.48
4215,35190.0,216.4,0.48
4216,35190.0,216.4,0.48
4217,37500.0,450.2,0.43
4218,37500.0,450.2,0.43
4219,12800.0,450.2,0.43
4220,12800.0,450.2,0.43
4221,12800.0,450.2,0.43
4222,22500.0,216.4,0.48
4223,14720000.0,450.2,0.43
4224,14720000.0,450.2,0.43
4225,14720000.0,450.2,0.43
4226,11520000.0,450.2,0.43
4227,11520000.0,450.2,0.43
4228,11520000.0,450.2,0.43
4229,14784000.0,216.4,0.48
4230,14784000.0,216.4,0.48
4231,13800000.0,450.2,0.43
4232,13800000.0,450.2,0.43
4233,13800000.0,450.2,0.43
4234,22500.0,216.4,0.48
4235,35190.0,216.4,0.48
4236,35190.0,216.4,0.48
4237,35190.0,216.4,0.48
4238,37500.0,450.2,0.43
4239,37500.0,450.2,0.43
4240,37500.0,450.2,0.43
4241,22500.0,216.4,0.48
4242,32175000.0,216.4,0.48
4243,32175000.0,216.4,0.48
4244,13340000.0,216.4,0.48
4245,32175000.0,216.4,0.48
4246,32175000.0,216.4,0.48
4247,32175000.0,216.4,0.48
4248,50025000.0,216.4,0.48
4249,50025000.0,216.4,0.48
4250,13340000.0,216.4,0.48
4251,13340000.0,216.4,0.48
4252,14720000.0,450.2,0.43
4253,14720000.0,450.2,0.43
4254,14720000.0,450.2,0.43
4255,15360000.0,450.2,0.43
4256,15360000.0,450.2,0.43
4257,14720000.0,216.4,0.48
4258,14720000.0,216.4,0.48
4259,14720000.0,450.2,0.43
4260,13800000.0,450.2,0.43
4261,13800000.0,450.2,0.43
4262,13800000.0,450.2,0.43
4263,13800000.0,450.2,0.43
4264,50025000.0,216.4,0.48
4265,50025000.0,216.4,0.48
4266,32175000.0,216.4,0.48
4267,32175000.0,216.4,0.48
4268,32175000.0,216.4,0.48
4269,22500.0,216.4,0.48
4270,5500.0,366.7,0.33
4271,5500.0,366.7,0.33
4272,5500.0,366.7,0.33
4273,11520000.0,450.2,0.43
4274,11520000.0,450.2,0.43
4275,11520000.0,450.2,0.43
4276,10440000.0,450.2,0.43
4277,43200000.0,450.2,0.43
4278,12800.0,450.2,0.43
4279,12800.0,450.2,0.43
4280,12800.0,450.2,0.43
4281,35650.0,450.2,0.43
4282,35650.0,450.2,0.43
4283,35650.0,450.2,0.43
4284,33750000.0,216.4,0.48
4285,33750000.0,216.4,0.48
4286,33750000.0,216.4,0.48
4287,22500.0,216.4,0.48
4288,22500.0,216.4,0.48
4289,11520000.0,450.2,0.43
4290,11520000.0,450.2,0.43
4291,11520000.0,450.2,0.43
4292,12800000.0,450.2,0.43
4293,12800000.0,450.2,0.43
4294,12800000.0,450.2,0.43
4295,33750000.0,216.4,0.48
4296,33750000.0,216.4,0.48
4297,33750000.0,216.4,0.48
4298,48000000.0,450.2,0.43
4299,48000000.0,450.2,0.43
4300,48000000.0,450.2,0.43
4301,22500.0,216.4,0.48
4302,36800.0,450.2,0.43
4303,36800.0,450.2,0.43
4304,15360000.0,450.2,0.43
4305,15360000.0,450.2,0.43
4306,14720000.0,450.2,0.43
4307,14720000.0,450.2,0.43
4308,14720000.0,450.2,0.43
4309,13800000.0,450.2,0.43
4310,13800000.0,450.2,0.43
4311,13800000.0,450.2,0.43
4312,21320000.0,450.2,0.43
4313,21320000.0,450.2,0.43
4314,21320000.0,450.2,0.43
4315,13800000.0,450.2,0.43
4316,13800000.0,450.2,0.43
4317,13800000.0,450.2,0.43
4318,8580000.0,216.4,0.48
4319,8580000.0,216.4,0.48
4320,8580000.0,216.4,0.48
4321,13340000.0,216.4,0.48
4322,13340000.0,216.4,0.48
4323,13340000.0,216.4,0.48
4324,160000.0,366.7,0.33
4325,160000.0,366.7,0.33
4326,160000.0,366.7,0.33
4327,10872000.0,216.4,0.48
4328,10872000.0,216.4,0.48
4329,10872000.0,216.4,0.48
4330,11520000.0,450.2,0.43
4331,11520000.0,450.2,0.43
4332,11520000.0,450.2,0.43
4333,14000000.0,450.2,0.43
4334,14000000.0,450.2,0.43
4335,14000000.0,450.2,0.43
4336,14076000.0,216.4,0.48
4337,14076000.0,216.4,0.48
4338,14076000.0,216.4,0.48
4339,2272000.0,216.4,0.48
4340,28800.0,450.2,0.43
4341,28800.0,450.2,0.43
4342,28800.0,450.2,0.43
4343,5500.0,366.7,0.33
4344,5500.0,366.7,0.33
4345,5500.0,366.7,0.33
4346,400.0,366.7,0.33
4347,400.0,366.7,0.33
4348,400.0,366.7,0.33
4349,27180.0,216.4,0.48
4350,27180.0,216.4,0.48
4351,27180.0,216.4,0.48
4352,35000.0,450.2,0.43
4353,35000.0,450.2,0.43
4354,32550.0,216.4,0.48
4355,32550.0,216.4,0.48
4356,32550.0,216.4,0.48
4357,32175000.0,216.4,0.48
4358,8520000.0,216.4,0.48
4359,8520000.0,216.4,0.48
4360,8520000.0,216.4,0.48
4361,91200000.0,216.4,0.48
4362,91200000.0,216.4,0.48
4363,91200000.0,216.4,0.48
4364,22500.0,216.4,0.48
4365,32175000.0,216.4,0.48
4366,32175000.0,216.4,0.48
4367,32175000.0,216.4,0.48
4368,53475000.0,450.2,0.43
4369,53475000.0,450.2,0.43
4370,53475000.0,450.2,0.43
4371,89175000.0,450.2,0.43
4372,89175000.0,450.2,0.43
4373,32175000.0,216.4,0.48
4374,32175000.0,216.4,0.48
4375,32175000.0,216.4,0.48
4376,89175000.0,450.2,0.43
4377,89175000.0,450.2,0.43
4378,53475000.0,450.2,0.43
4379,53475000.0,450.2,0.43
4380,55200000.0,450.2,0.43
4381,55200000.0,450.2,0.43
4382,55200000.0,450.2,0.43
4383,51750000.0,216.4,0.48
4384,51750000.0,216.4,0.48
4385,32175000.0,216.4,0.48
4386,32175000.0,216.4,0.48
4387,53475000.0,450.2,0.43
4388,53475000.0,450.2,0.43
4389,89175000.0,450.2,0.43
4390,89175000.0,450.2,0.43
4391,22500.0,216.4,0.48
4392,32175000.0,216.4,0.48
4393,32175000.0,216.4,0.48
4394,53475000.0,450.2,0.43
4395,53475000.0,450.2,0.43
4396,48000000.0,450.2,0.43
4397,48000000.0,450.2,0.43
4398,8580000.0,216.4,0.48
4399,8580000.0,216.4,0.48
4400,35000.0,450.2,0.43
4401,35000.0,450.2,0.43
4402,35000.0,450.2,0.43
4403,14720000.0,450.2,0.43
4404,14720000.0,450.2,0.43
4405,14720000.0,450.2,0.43
4406,15360000.0,450.2,0.43
4407,15360000.0,450.2,0.43
4408,13340000.0,450.2,0.43
4409,13340000.0,450.2,0.43
4410,13248000.0,450.2,0.43
4411,13248000.0,450.2,0.43
4412,13248000.0,450.2,0.43
4413,43200000.0,450.2,0.43
4414,43200000.0,450.2,0.43
4415,43200000.0,450.2,0.43
4416,11520000.0,450.2,0.43
4417,12800.0,450.2,0.43
4418,12800.0,450.2,0.43
4419,12800.0,450.2,0.43
4420,35650.0,450.2,0.43
4421,35650.0,450.2,0.43
4422,35650.0,450.2,0.43
4423,22500.0,216.4,0.48
4424,32175000.0,216.4,0.48
4425,32175000.0,216.4,0.48
4426,32175000.0,216.4,0.48
4427,32175000.0,216.4,0.48
4428,32175000.0,216.4,0.48
4429,32175000.0,216.4,0.48
4430,22500.0,216.4,0.48
4431,8580000.0,216.4,0.48
4432,8580000.0,216.4,0.48
4433,8580000.0,216.4,0.48
4434,22500.0,216.4,0.48
4435,37500.0,450.2,0.43
4436,32175000.0,216.4,0.48
4437,37500.0,450.2,0.43
4438,35650.0,450.2,0.43
4439,22500.0,216.4,0.48
4440,37500.0,450.2,0.43
4441,35650.0,450.2,0.43
4442,35650.0,450.2,0.43
4443,35650.0,450.2,0.43
4444,28800.0,450.2,0.43
4445,28800.0,450.2,0.43
4446,28800.0,450.2,0.43
4447,22500.0,216.4,0.48
4448,10440000.0,450.2,0.43
4449,10440000.0,450.2,0.43
4450,14720000.0,450.2,0.43
4451,14720000.0,450.2,0.43
4452,14720000.0,450.2,0.43
4453,14720000.0,450.2,0.43
4454,14720000.0,450.2,0.43
4455,22500.0,216.4,0.48
4456,8580000.0,216.4,0.48
4457,8580000.0,216.4,0.48
4458,8580000.0,216.4,0.48
4459,160000.0,366.7,0.33
4460,160000.0,366.7,0.33
4461,14000000.0,450.2,0.43
4462,14000000.0,450.2,0.43
4463,14000000.0,450.2,0.43
4464,8580000.0,216.4,0.48
4465,8580000.0,216.4,0.48
4466,8580000.0,216.4,0.48
4467,8580000.0,216.4,0.48
4468,8580000.0,216.4,0.48
4469,10296000.0,450.2,0.43
4470,10296000.0,450.2,0.43
4471,10296000.0,450.2,0.43
4472,16128000.0,216.4,0.48
4473,16128000.0,216.4,0.48
4474,32175000.0,216.4,0.48
4475,32175000.0,216.4,0.48
4476,53475000.0,450.2,0.43
4477,53475000.0,450.2,0.43
4478,32175000.0,216.4,0.48
4479,32175000.0,216.4,0.48
4480,32175000.0,216.4,0.48
4481,38610000.0,450.2,0.43
4482,38610000.0,450.2,0.43
4483,38610000.0,450.2,0.43
4484,53475000.0,450.2,0.43
4485,32175000.0,216.4,0.48
4486,32175000.0,216.4,0.48
4487,32175000.0,216.4,0.48
4488,53475000.0,450.2,0.43
4489,22500.0,216.4,0.48
4490,568000.0,216.4,0.48
4491,568000.0,216.4,0.48
4492,568000.0,216.4,0.48
4493,35000.0,450.2,0.43
4494,35000.0,450.2,0.43
4495,32175000.0,216.4,0.48
4496,32175000.0,216.4,0.48
4497,38610000.0,450.2,0.43
4498,160000.0,366.7,0.33
4499,160000.0,366.7,0.33
4500,22500.0,216.4,0.48
4501,22500.0,216.4,0.48
4502,28800.0,450.2,0.43
4503,11520000.0,450.2,0.43
4504,11520000.0,450.2,0.43
4505,12800.0,450.2,0.43
4506,12800.0,450.2,0.43
4507,12800.0,450.2,0.43
4508,28800.0,450.2,0.43
4509,28800.0,450.2,0.43
4510,28800.0,450.2,0.43
4511,34730.0,216.4,0.48
4512,34730.0,216.4,0.48
4513,34730.0,216.4,0.48
4514,22500.0,216.4,0.48
4515,12800.0,450.2,0.43
4516,28800.0,450.2,0.43
4517,28800.0,450.2,0.43
4518,28800.0,450.2,0.43
4519,35190.0,216.4,0.48
4520,35190.0,216.4,0.48
4521,11520000.0,450.2,0.43
4522,11520000.0,450.2,0.43
4523,11520000.0,450.2,0.43
4524,14076000.0,216.4,0.48
4525,14076000.0,216.4,0.48
4526,14076000.0,216.4,0.48
4527,22500.0,216.4,0.48
4528,22500.0,216.4,0.48
4529,28800.0,450.2,0.43
4530,28800.0,450.2,0.43
4531,28800.0,450.2,0.43
4532,34730.0,216.4,0.48
4533,34730.0,216.4,0.48
4534,34730.0,216.4,0.48
4535,36800.0,450.2,0.43
4536,36800.0,450.2,0.43
4537,36800.0,450.2,0.43
4538,14720000.0,450.2,0.43
4539,14720000.0,450.2,0.43
4540,14720000.0,450.2,0.43
4541,14720000.0,450.2,0.43
4542,14720000.0,450.2,0.43
4543,14720000.0,450.2,0.43
4544,14720000.0,450.2,0.43
4545,13340000.0,450.2,0.43
4546,13340000.0,450.2,0.43
4547,13340000.0,450.2,0.43
4548,13248000.0,450.2,0.43
4549,13248000.0,450.2,0.43
4550,8580000.0,216.4,0.48
4551,8580000.0,216.4,0.48
4552,12800000.0,450.2,0.43
4553,12800000.0,450.2,0.43
4554,12800000.0,450.2,0.43
4555,14260000.0,450.2,0.43
4556,14260000.0,450.2,0.43
4557,16128000.0,216.4,0.48
4558,16128000.0,216.4,0.48
4559,16128000.0,216.4,0.48
4560,55200000.0,450.2,0.43
4561,55200000.0,450.2,0.43
4562,55200000.0,450.2,0.43
4563,49680000.0,450.2,0.43
4564,49680000.0,450.2,0.43
4565,49680000.0,450.2,0.43
4566,51750000.0,216.4,0.48
4567,51750000.0,216.4,0.48
4568,79950000.0,450.2,0.43
4569,79950000.0,450.2,0.43
4570,48300000.0,216.4,0.48
4571,48300000.0,216.4,0.48
4572,48000000.0,450.2,0.43
4573,48000000.0,450.2,0.43
4574,48000000.0,450.2,0.43
4575,57600000.0,450.2,0.43
4576,57600000.0,450.2,0.43
4577,57600000.0,450.2,0.43
4578,53475000.0,450.2,0.43
4579,53475000.0,450.2,0.43
4580,32200.0,216.4,0.48
4581,32200.0,216.4,0.48
4582,32200.0,216.4,0.48
4583,22500.0,216.4,0.48
4584,14720000.0,450.2,0.43
4585,14720000.0,450.2,0.43
4586,28800.0,450.2,0.43
4587,28800.0,450.2,0.43
4588,28800.0,450.2,0.43
4589,34730.0,216.4,0.48
4590,34730.0,216.4,0.48
4591,34730.0,216.4,0.48
4592,36800.0,450.2,0.43
4593,36800.0,450.2,0.43
4594,36800.0,450.2,0.43
4595,35190.0,216.4,0.48
4596,35190.0,216.4,0.48
4597,5680.0,216.4,0.48
4598,5680.0,216.4,0.48
4599,5680.0,216.4,0.48
4600,27180.0,216.4,0.48
4601,27180.0,216.4,0.48
4602,14720000.0,450.2,0.43
4603,14720000.0,450.2,0.43
4604,14720000.0,450.2,0.43
4605,15000000.0,450.2,0.43
4606,15000000.0,450.2,0.43
4607,15000000.0,450.2,0.43
4608,10872000.0,216.4,0.48
4609,10872000.0,216.4,0.48
4610,10872000.0,216.4,0.48
4611,22500.0,216.4,0.48
4612,13892000.0,216.4,0.48
4613,13892000.0,216.4,0.48
4614,13892000.0,216.4,0.48
4615,52095000.0,216.4,0.48
4616,52095000.0,216.4,0.48
4617,52095000.0,216.4,0.48
4618,27180.0,216.4,0.48
4619,14720000.0,450.2,0.43
4620,14720000.0,450.2,0.43
4621,14720000.0,450.2,0.43
4622,11600000.0,450.2,0.43
4623,15000000.0,450.2,0.43
4624,15000000.0,450.2,0.43
4625,15360000.0,450.2,0.43
4626,15360000.0,450.2,0.43
4627,15360000.0,450.2,0.43
4628,14720000.0,450.2,0.43
4629,36800.0,450.2,0.43
4630,36800.0,450.2,0.43
4631,36800.0,450.2,0.43
4632,33350.0,216.4,0.48
4633,33350.0,216.4,0.48
4634,22500.0,216.4,0.48
4635,40770000.0,216.4,0.48
4636,36800.0,450.2,0.43
4637,36800.0,450.2,0.43
4638,33390000.0,450.2,0.43
4639,11600000.0,450.2,0.43
4640,15360000.0,450.2,0.43
4641,15360000.0,450.2,0.43
4642,34730.0,216.4,0.48
4643,39900.0,216.4,0.48
4644,39900.0,216.4,0.48
4645,21450.0,216.4,0.48
4646,21450.0,216.4,0.48
4647,22260.0,450.2,0.43
4648,22260.0,450.2,0.43
4649,22500.0,216.4,0.48
4650,8580000.0,216.4,0.48
4651,8580000.0,216.4,0.48
4652,39900.0,216.4,0.48
4653,39900.0,216.4,0.48
4654,39900.0,216.4,0.48
4655,36800.0,450.2,0.43
4656,36800.0,450.2,0.43
4657,22500.0,216.4,0.48
4658,16128000.0,216.4,0.48
4659,14076000.0,216.4,0.48
4660,14076000.0,216.4,0.48
4661,14076000.0,216.4,0.48
4662,2272000.0,216.4,0.48
4663,2272000.0,216.4,0.48
4664,2272000.0,216.4,0.48
4665,22500.0,216.4,0.48
4666,22500.0,216.4,0.48
4667,10296000.0,450.2,0.43
4668,10296000.0,450.2,0.43
4669,8580000.0,216.4,0.48
4670,8580000.0,216.4,0.48
4671,8580000.0,216.4,0.48
4672,8580000.0,216.4,0.48
4673,16128000.0,216.4,0.48
4674,16128000.0,216.4,0.48
4675,16128000.0,216.4,0.48
4676,11600000.0,450.2,0.43
4677,11600000.0,450.2,0.43
4678,60480000.0,216.4,0.48
4679,60480000.0,216.4,0.48
4680,22500.0,216.4,0.48
4681,14720000.0,450.2,0.43
4682,14720000.0,450.2,0.43
4683,12800000.0,450.2,0.43
4684,12800000.0,450.2,0.43
4685,12800000.0,450.2,0.43
4686,15360000.0,450.2,0.43
4687,15360000.0,450.2,0.43
4688,15360000.0,450.2,0.43
4689,11520000.0,450.2,0.43
4690,21320000.0,450.2,0.43
4691,21320000.0,450.2,0.43
4692,13340000.0,450.2,0.43
4693,13340000.0,450.2,0.43
4694,13616000.0,216.4,0.48
4695,13616000.0,216.4,0.48
4696,13616000.0,216.4,0.48
4697,14000000.0,450.2,0.43
4698,14000000.0,450.2,0.43
4699,14000000.0,450.2,0.43
4700,13340000.0,450.2,0.43
4701,13340000.0,450.2,0.43
4702,13340000.0,450.2,0.43
4703,33350.0,450.2,0.43
4704,33350.0,450.2,0.43
4705,33350.0,450.2,0.43
4706,57600000.0,450.2,0.43
4707,57600000.0,450.2,0.43
4708,55200000.0,450.2,0.43
4709,55200000.0,450.2,0.43
4710,35000.0,450.2,0.43
4711,35000.0,450.2,0.43
4712,35000.0,450.2,0.43
4713,36800.0,450.2,0.43
4714,36800.0,450.2,0.43
4715,36800.0,450.2,0.43
4716,32000.0,450.2,0.43
4717,32000.0,450.2,0.43
4718,32000.0,450.2,0.43
4719,13340000.0,450.2,0.43
4720,13340000.0,450.2,0.43
4721,13340000.0,450.2,0.43
4722,22500.0,216.4,0.48
4723,15000000.0,450.2,0.43
4724,15000000.0,450.2,0.43
4725,14720000.0,450.2,0.43
4726,13340000.0,216.4,0.48
4727,13340000.0,216.4,0.48
4728,13892000.0,216.4,0.48
4729,13892000.0,216.4,0.48
4730,36800.0,450.2,0.43
4731,36800.0,450.2,0.43
4732,36800.0,450.2,0.43
4733,5680.0,216.4,0.48
4734,5680.0,216.4,0.48
4735,33350.0,216.4,0.48
4736,33350.0,216.4,0.48
4737,22260.0,450.2,0.43
4738,22260.0,450.2,0.43
4739,22260.0,450.2,0.43
4740,22500.0,216.4,0.48
4741,13892000.0,216.4,0.48
4742,13892000.0,216.4,0.48
4743,52095000.0,216.4,0.48
4744,52095000.0,216.4,0.48
4745,40770000.0,216.4,0.48
4746,40770000.0,216.4,0.48
4747,40770000.0,216.4,0.48
4748,52500000.0,450.2,0.43
4749,52500000.0,450.2,0.43
4750,33390000.0,450.2,0.43
4751,33390000.0,450.2,0.43
4752,50025000.0,216.4,0.48
4753,50025000.0,216.4,0.48
4754,50025000.0,216.4,0.48
4755,27180.0,216.4,0.48
4756,27180.0,216.4,0.48
4757,27180.0,216.4,0.48
4758,33390000.0,450.2,0.43
4759,33390000.0,450.2,0.43
4760,52095000.0,216.4,0.48
4761,52095000.0,216.4,0.48
4762,52095000.0,216.4,0.48
4763,8520000.0,216.4,0.48
4764,8520000.0,216.4,0.48
4765,34730.0,216.4,0.48
4766,34730.0,216.4,0.48
4767,34730.0,216.4,0.48
4768,22500.0,216.4,0.48
4769,34730.0,216.4,0.48
4770,34730.0,216.4,0.48
4771,34730.0,216.4,0.48
4772,14076000.0,216.4,0.48
4773,2272000.0,216.4,0.48
4774,2272000.0,216.4,0.48
4775,2272000.0,216.4,0.48
4776,22500.0,216.4,0.48
4777,2272000.0,216.4,0.48
4778,2272000.0,216.4,0.48
4779,2272000.0,216.4,0.48
4780,8580000.0,216.4,0.48
4781,8580000.0,216.4,0.48
4782,22500.0,216.4,0.48
4783,35190.0,216.4,0.48
4784,35190.0,216.4,0.48
4785,35190.0,216.4,0.48
4786,32550.0,216.4,0.48
4787,32550.0,216.4,0.48
4788,32550.0,216.4,0.48
4789,35190.0,216.4,0.48
4790,35190.0,216.4,0.48
4791,35190.0,216.4,0.48
4792,34730.0,216.4,0.48
4793,34730.0,216.4,0.48
4794,34730.0,216.4,0.48
4795,5680.0,216.4,0.48
4796,5680.0,216.4,0.48
4797,2272000.0,216.4,0.48
4798,2272000.0,216.4,0.48
4799,2272000.0,216.4,0.48
4800,8520000.0,216.4,0.48
4801,8520000.0,216.4,0.48
4802,8520000.0,216.4,0.48
4803,2272000.0,216.4,0.48
4804,22500.0,216.4,0.48
4805,10296000.0,450.2,0.43
4806,10296000.0,450.2,0.43
4807,16128000.0,216.4,0.48
4808,16128000.0,216.4,0.48
4809,2272000.0,216.4,0.48
4810,2272000.0,216.4,0.48
4811,8580000.0,216.4,0.48
4812,8580000.0,216.4,0.48
4813,22500.0,216.4,0.48
4814,60480000.0,216.4,0.48
4815,60480000.0,216.4,0.48
4816,55200000.0,450.2,0.43
4817,55200000.0,450.2,0.43
4818,55200000.0,450.2,0.43
4819,14720000.0,450.2,0.43
4820,14720000.0,450.2,0.43
4821,14720000.0,450.2,0.43
4822,12800000.0,450.2,0.43
4823,12800000.0,450.2,0.43
4824,12800000.0,450.2,0.43
4825,13800000.0,450.2,0.43
4826,13800000.0,450.2,0.43
4827,12880000.0,216.4,0.48
4828,12880000.0,216.4,0.48
4829,12880000.0,216.4,0.48
4830,14000000.0,450.2,0.43
4831,14000000.0,450.2,0.43
4832,10872000.0,216.4,0.48
4833,10872000.0,216.4,0.48
4834,10872000.0,216.4,0.48
4835,11600000.0,450.2,0.43
4836,11600000.0,450.2,0.43
4837,16576000.0,450.2,0.43
4838,16576000.0,450.2,0.43
4839,13248000.0,450.2,0.43
4840,13248000.0,450.2,0.43
4841,13248000.0,450.2,0.43
4842,13616000.0,216.4,0.48
4843,13616000.0,216.4,0.48
4844,14720000.0,216.4,0.48
4845,14720000.0,216.4,0.48
4846,14720000.0,216.4,0.48
4847,14076000.0,216.4,0.48
4848,14076000.0,216.4,0.48
4849,14076000.0,216.4,0.48
4850,15360000.0,450.2,0.43
4851,15360000.0,450.2,0.43
4852,15360000.0,450.2,0.43
4853,48000000.0,450.2,0.43
4854,48000000.0,450.2,0.43
4855,48000000.0,450.2,0.43
4856,57600000.0,450.2,0.43
4857,57600000.0,450.2,0.43
4858,52095000.0,216.4,0.48
4859,52095000.0,216.4,0.48
4860,52095000.0,216.4,0.48
4861,48300000.0,216.4,0.48
4862,48300000.0,216.4,0.48
4863,48300000.0,216.4,0.48
4864,51750000.0,216.4,0.48
4865,51750000.0,216.4,0.48
4866,51750000.0,216.4,0.48
4867,22500.0,216.4,0.48
4868,32200.0,216.4,0.48
4869,32200.0,216.4,0.48
4870,32200.0,216.4,0.48
4871,32550.0,216.4,0.48
4872,32550.0,216.4,0.48
4873,32550.0,216.4,0.48
4874,38400.0,450.2,0.43
4875,38400.0,450.2,0.43
4876,12800000.0,450.2,0.43
4877,12800000.0,450.2,0.43
4878,12800000.0,450.2,0.43
4879,13800000.0,450.2,0.43
4880,13800000.0,450.2,0.43
4881,13340000.0,450.2,0.43
4882,13340000.0,450.2,0.43
4883,22500.0,216.4,0.48
4884,16128000.0,216.4,0.48
4885,16128000.0,216.4,0.48
4886,11600000.0,450.2,0.43
4887,11600000.0,450.2,0.43
4888,8580000.0,216.4,0.48
4889,8580000.0,216.4,0.48
4890,8580000.0,216.4,0.48
4891,10872000.0,216.4,0.48
4892,10872000.0,216.4,0.48
4893,10872000.0,216.4,0.48
4894,14720000.0,216.4,0.48
4895,14720000.0,216.4,0.48
4896,14720000.0,216.4,0.48
4897,10296000.0,450.2,0.43
4898,10296000.0,450.2,0.43
4899,14076000.0,216.4,0.48
4900,14076000.0,216.4,0.48
4901,14076000.0,216.4,0.48
4902,14260000.0,450.2,0.43
4903,14260000.0,450.2,0.43
4904,14720000.0,216.4,0.48
4905,14720000.0,216.4,0.48
4906,14720000.0,216.4,0.48
4907,13248000.0,450.2,0.43
4908,13248000.0,450.2,0.43
4909,13800000.0,216.4,0.48
4910,13800000.0,216.4,0.48
4911,13800000.0,216.4,0.48
4912,10800000.0,216.4,0.48
4913,10800000.0,216.4,0.48
4914,10800000.0,216.4,0.48
4915,15360000.0,450.2,0.43
4916,15360000.0,450.2,0.43
4917,15360000.0,450.2,0.43
4918,8580000.0,216.4,0.48
4919,8580000.0,216.4,0.48
4920,8580000.0,216.4,0.48
4921,12800000.0,450.2,0.43
4922,12800000.0,450.2,0.43
4923,12800000.0,450.2,0.43
4924,13340000.0,216.4,0.48
4925,13340000.0,216.4,0.48
4926,13616000.0,216.4,0.48
4927,13616000.0,216.4,0.48
4928,13616000.0,216.4,0.48
4929,10440000.0,450.2,0.43
4930,10440000.0,450.2,0.43
4931,10440000.0,450.2,0.43
4932,13616000.0,216.4,0.48
4933,13616000.0,216.4,0.48
4934,13616000.0,216.4,0.48
4935,22500.0,216.4,0.48
4936,32175000.0,216.4,0.48
4937,32175000.0,216.4,0.48
4938,52095000.0,216.4,0.48
4939,52095000.0,216.4,0.48
4940,52095000.0,216.4,0.48
4941,32175000.0,216.4,0.48
4942,32175000.0,216.4,0.48
4943,57600000.0,450.2,0.43
4944,57600000.0,450.2,0.43
4945,57600000.0,450.2,0.43
4946,32175000.0,216.4,0.48
4947,32175000.0,216.4,0.48
4948,55200000.0,450.2,0.43
4949,55200000.0,450.2,0.43
4950,8580000.0,216.4,0.48
4951,8580000.0,216.4,0.48
4952,32175000.0,216.4,0.48
4953,32175000.0,216.4,0.48
4954,57600000.0,450.2,0.43
4955,57600000.0,450.2,0.43
4956,57600000.0,450.2,0.43
4957,342000000.0,216.4,0.48
4958,342000000.0,216.4,0.48
4959,32550.0,216.4,0.48
4960,32550.0,216.4,0.48
4961,38400.0,450.2,0.43
4962,38400.0,450.2,0.43
4963,38400.0,450.2,0.43
4964,25740.0,450.2,0.43
4965,25740.0,450.2,0.43
4966,21450.0,216.4,0.48
4967,21450.0,216.4,0.48
4968,10640000.0,450.2,0.43
4969,10640000.0,450.2,0.43
4970,13340000.0,216.4,0.48
4971,13340000.0,216.4,0.48
4972,13920000.0,450.2,0.43
4973,13920000.0,450.2,0.43
4974,8268000.0,450.2,0.43
4975,8268000.0,450.2,0.43
4976,8268000.0,450.2,0.43
4977,22500.0,216.4,0.48
4978,32550.0,216.4,0.48
4979,32550.0,216.4,0.48
4980,36800.0,450.2,0.43
4981,22260.0,450.2,0.43
4982,22260.0,450.2,0.43
4983,22260.0,450.2,0.43
4984,34730.0,216.4,0.48
4985,34730.0,216.4,0.48
4986,38400.0,450.2,0.43
4987,38400.0,450.2,0.43
4988,38400.0,450.2,0.43
4989,36800.0,450.2,0.43
4990,36800.0,450.2,0.43
4991,32550.0,216.4,0.48
4992,32550.0,216.4,0.48
4993,31005000.0,450.2,0.43
4994,31005000.0,450.2,0.43
4995,31005000.0,450.2,0.43
4996,8904000.0,450.2,0.43
4997,8904000.0,450.2,0.43
4998,55200000.0,216.4,0.48
4999,55200000.0,216.4,0.48
5000,55200000.0,216.4,0.48
5001,13340000.0,450.2,0.43
5002,13340000.0,450.2,0.43
5003,13340000.0,450.2,0.43
5004,14000000.0,450.2,0.43
5005,14000000.0,450.2,0.43
5006,14720000.0,450.2,0.43
5007,14720000.0,450.2,0.43
5008,14720000.0,450.2,0.43
5009,12800000.0,450.2,0.43
5010,12800000.0,450.2,0.43
5011,12800000.0,450.2,0.43
5012,15360000.0,450.2,0.43
5013,15360000.0,450.2,0.43
5014,15360000.0,450.2,0.43
5015,13248000.0,450.2,0.43
5016,13248000.0,450.2,0.43
5017,13340000.0,450.2,0.43
5018,13340000.0,450.2,0.43
5019,13340000.0,450.2,0.43
5020,14000000.0,450.2,0.43
5021,14000000.0,450.2,0.43
5022,35000.0,450.2,0.43
5023,32000.0,450.2,0.43
5024,32000.0,450.2,0.43
5025,32000.0,450.2,0.43
5026,36800.0,450.2,0.43
5027,36800.0,450.2,0.43
5028,22500.0,216.4,0.48
5029,50025000.0,450.2,0.43
5030,50025000.0,450.2,0.43
5031,50025000.0,450.2,0.43
5032,36800.0,450.2,0.43
5033,36800.0,450.2,0.43
5034,22500.0,216.4,0.48
5035,33390000.0,450.2,0.43
5036,33390000.0,450.2,0.43
5037,33390000.0,450.2,0.43
5038,55200000.0,216.4,0.48
5039,36800.0,450.2,0.43
5040,36800.0,450.2,0.43
5041,33390000.0,450.2,0.43
5042,33390000.0,450.2,0.43
5043,33390000.0,450.2,0.43
5044,31005000.0,450.2,0.43
5045,31005000.0,450.2,0.43
5046,31005000.0,450.2,0.43
5047,52095000.0,216.4,0.48
5048,52095000.0,216.4,0.48
5049,52095000.0,216.4,0.48
5050,22260.0,450.2,0.43
5051,22260.0,450.2,0.43
5052,20670.0,450.2,0.43
5053,20670.0,450.2,0.43
5054,20670.0,450.2,0.43
5055,38400.0,450.2,0.43
5056,38400.0,450.2,0.43
5057,38400.0,450.2,0.43
5058,21450.0,216.4,0.48
5059,21450.0,216.4,0.48
5060,21450.0,216.4,0.48
5061,21450.0,216.4,0.48
5062,21450.0,216.4,0.48
5063,8268000.0,450.2,0.43
5064,8268000.0,450.2,0.43
5065,5680.0,216.4,0.48
5066,5680.0,216.4,0.48
5067,21450.0,216.4,0.48
5068,21450.0,216.4,0.48
5069,22500.0,216.4,0.48
5070,5680.0,216.4,0.48
5071,5680.0,216.4,0.48
5072,13892000.0,216.4,0.48
5073,8580000.0,216.4,0.48
5074,8580000.0,216.4,0.48
5075,13800000.0,216.4,0.48
5076,13800000.0,216.4,0.48
5077,8580000.0,216.4,0.48
5078,8580000.0,216.4,0.48
5079,13616000.0,216.4,0.48
5080,12800000.0,450.2,0.43
5081,12800000.0,450.2,0.43
5082,32175000.0,216.4,0.48
5083,32175000.0,216.4,0.48
5084,22500.0,216.4,0.48
5085,5680.0,216.4,0.48
5086,5680.0,216.4,0.48
5087,22500.0,216.4,0.48
5088,13892000.0,216.4,0.48
5089,13892000.0,216.4,0.48
5090,22500.0,216.4,0.48
5091,13248000.0,450.2,0.43
5092,14000000.0,450.2,0.43
5093,14000000.0,450.2,0.43
5094,10640000.0,450.2,0.43
5095,10640000.0,450.2,0.43
5096,10640000.0,450.2,0.43
5097,2272000.0,216.4,0.48
5098,2272000.0,216.4,0.48
5099,2272000.0,216.4,0.48
5100,13020000.0,216.4,0.48
5101,13020000.0,216.4,0.48
5102,22500.0,216.4,0.48
5103,50025000.0,450.2,0.43
5104,50025000.0,450.2,0.43
5105,50025000.0,450.2,0.43
5106,32550.0,216.4,0.48
5107,32550.0,216.4,0.48
5108,38400.0,450.2,0.43
5109,38400.0,450.2,0.43
5110,22500.0,216.4,0.48
5111,14720000.0,450.2,0.43
5112,14720000.0,450.2,0.43
5113,14720000.0,450.2,0.43
5114,12800000.0,450.2,0.43
5115,12800000.0,450.2,0.43
5116,12800000.0,450.2,0.43
5117,13340000.0,450.2,0.43
5118,13340000.0,450.2,0.43
5119,13340000.0,450.2,0.43
5120,13340000.0,450.2,0.43
5121,13340000.0,450.2,0.43
5122,13340000.0,450.2,0.43
5123,14000000.0,450.2,0.43
5124,13616000.0,216.4,0.48
5125,13616000.0,216.4,0.48
5126,13616000.0,216.4,0.48
5127,21320000.0,450.2,0.43
5128,21320000.0,450.2,0.43
5129,21320000.0,450.2,0.43
5130,13340000.0,216.4,0.48
5131,13340000.0,216.4,0.48
5132,10640000.0,450.2,0.43
5133,10640000.0,450.2,0.43
5134,13616000.0,216.4,0.48
5135,13616000.0,216.4,0.48
5136,13616000.0,216.4,0.48
5137,14000000.0,450.2,0.43
5138,14000000.0,450.2,0.43
5139,14000000.0,450.2,0.43
5140,10440000.0,450.2,0.43
5141,10440000.0,450.2,0.43
5142,10440000.0,450.2,0.43
5143,14720000.0,450.2,0.43
5144,14720000.0,450.2,0.43
5145,13616000.0,216.4,0.48
5146,13616000.0,216.4,0.48
5147,13616000.0,216.4,0.48
5148,15360000.0,450.2,0.43
5149,15360000.0,450.2,0.43
5150,15360000.0,450.2,0.43
5151,23780000.0,450.2,0.43
5152,23780000.0,450.2,0.43
5153,11600000.0,450.2,0.43
5154,11600000.0,450.2,0.43
5155,11600000.0,450.2,0.43
5156,14260000.0,450.2,0.43
5157,14260000.0,450.2,0.43
5158,50025000.0,450.2,0.43
5159,50025000.0,450.2,0.43
5160,39150000.0,450.2,0.43
5161,39150000.0,450.2,0.43
5162,39150000.0,450.2,0.43
5163,22500.0,216.4,0.48
5164,22500.0,216.4,0.48
5165,13892000.0,216.4,0.48
5166,13892000.0,216.4,0.48
5167,13892000.0,216.4,0.48
5168,8580000.0,216.4,0.48
5169,8580000.0,216.4,0.48
5170,13340000.0,216.4,0.48
5171,13340000.0,216.4,0.48
5172,13800000.0,216.4,0.48
5173,13800000.0,216.4,0.48
5174,52095000.0,216.4,0.48
5175,52095000.0,216.4,0.48
5176,40770000.0,216.4,0.48
5177,40770000.0,216.4,0.48
5178,40770000.0,216.4,0.48
5179,50025000.0,216.4,0.48
5180,50025000.0,216.4,0.48
5181,34730.0,216.4,0.48
5182,13616000.0,216.4,0.48
5183,13616000.0,216.4,0.48
5184,8580000.0,216.4,0.48
5185,8580000.0,216.4,0.48
5186,13340000.0,216.4,0.48
5187,13340000.0,216.4,0.48
5188,10640000.0,450.2,0.43
5189,10640000.0,450.2,0.43
5190,12800000.0,450.2,0.43
5191,12800000.0,450.2,0.43
5192,12800000.0,450.2,0.43
5193,14300000.0,216.4,0.48
5194,14300000.0,216.4,0.48
5195,14300000.0,216.4,0.48
5196,14300000.0,216.4,0.48
5197,14300000.0,216.4,0.48
5198,8520000.0,216.4,0.48
5199,8520000.0,216.4,0.48
5200,8520000.0,216.4,0.48
5201,33350.0,216.4,0.48
5202,33350.0,216.4,0.48
5203,33350.0,216.4,0.48
5204,34730.0,216.4,0.48
5205,34730.0,216.4,0.48
5206,34730.0,216.4,0.48
5207,13892000.0,216.4,0.48
5208,13892000.0,216.4,0.48
5209,22500.0,216.4,0.48
5210,32175000.0,216.4,0.48
5211,32175000.0,216.4,0.48
5212,8580000.0,216.4,0.48
5213,8580000.0,216.4,0.48
5214,12800000.0,450.2,0.43
5215,12800000.0,450.2,0.43
5216,12800000.0,450.2,0.43
5217,10296000.0,450.2,0.43
5218,10296000.0,450.2,0.43
5219,8580000.0,216.4,0.48
5220,8580000.0,216.4,0.48
5221,13616000.0,216.4,0.48
5222,13616000.0,216.4,0.48
5223,13616000.0,216.4,0.48
5224,14720000.0,450.2,0.43
5225,14720000.0,450.2,0.43
5226,14720000.0,450.2,0.43
5227,13892000.0,216.4,0.48
5228,13892000.0,216.4,0.48
5229,71040.0,216.4,0.48
5230,71040.0,216.4,0.48
5231,71040.0,216.4,0.48
5232,32175000.0,216.4,0.48
5233,32175000.0,216.4,0.48
5234,32175000.0,216.4,0.48
5235,51750000.0,216.4,0.48
5236,51750000.0,216.4,0.48
5237,51750000.0,216.4,0.48
5238,38610000.0,450.2,0.43
5239,38610000.0,450.2,0.43
5240,32175000.0,216.4,0.48
5241,32175000.0,216.4,0.48
5242,32175000.0,216.4,0.48
5243,32175000.0,216.4,0.48
5244,38610000.0,450.2,0.43
5245,38610000.0,450.2,0.43
5246,13800000.0,216.4,0.48
5247,13800000.0,216.4,0.48
5248,13800000.0,216.4,0.48
5249,13892000.0,216.4,0.48
5250,22500.0,216.4,0.48
5251,22260.0,450.2,0.43
5252,22260.0,450.2,0.43
5253,22260.0,450.2,0.43
5254,40320.0,216.4,0.48
5255,40320.0,216.4,0.48
5256,40320.0,216.4,0.48
5257,21450.0,216.4,0.48
5258,21450.0,216.4,0.48
5259,21450.0,216.4,0.48
5260,21450.0,216.4,0.48
5261,21450.0,216.4,0.48
5262,21450.0,216.4,0.48
5263,52095000.0,216.4,0.48
5264,52095000.0,216.4,0.48
5265,52095000.0,216.4,0.48
5266,33390000.0,450.2,0.43
5267,33390000.0,450.2,0.43
5268,33390000.0,450.2,0.43
5269,52095000.0,216.4,0.48
5270,52095000.0,216.4,0.48
5271,52095000.0,216.4,0.48
5272,34730.0,216.4,0.48
5273,34730.0,216.4,0.48
5274,34730.0,216.4,0.48
5275,5680.0,216.4,0.48
5276,22500.0,216.4,0.48
5277,38400.0,450.2,0.43
5278,38400.0,450.2,0.43
5279,32550.0,216.4,0.48
5280,32550.0,216.4,0.48
5281,32550.0,216.4,0.48
5282,32550.0,216.4,0.48
5283,32550.0,216.4,0.48
5284,33600.0,216.4,0.48
5285,33600.0,216.4,0.48
5286,33600.0,216.4,0.48
5287,32000.0,450.2,0.43
5288,32000.0,450.2,0.43
5289,32000.0,450.2,0.43
5290,13020000.0,216.4,0.48
5291,13020000.0,216.4,0.48
5292,13020000.0,216.4,0.48
5293,2272000.0,216.4,0.48
5294,2272000.0,216.4,0.48
5295,2272000.0,216.4,0.48
5296,13340000.0,216.4,0.48
5297,13340000.0,216.4,0.48
5298,13340000.0,216.4,0.48
5299,15360000.0,450.2,0.43
5300,15360000.0,450.2,0.43
5301,15360000.0,450.2,0.43
5302,11600000.0,450.2,0.43
5303,11600000.0,450.2,0.43
5304,11600000.0,450.2,0.43
5305,13616000.0,216.4,0.48
5306,13616000.0,216.4,0.48
5307,13616000.0,216.4,0.48
5308,14000000.0,450.2,0.43
5309,14000000.0,450.2,0.43
5310,14000000.0,450.2,0.43
5311,12800000.0,450.2,0.43
5312,12800000.0,450.2,0.43
5313,12800000.0,450.2,0.43
5314,13616000.0,216.4,0.48
5315,13616000.0,216.4,0.48
5316,13616000.0,216.4,0.48
5317,10440000.0,450.2,0.43
5318,10440000.0,450.2,0.43
5319,10440000.0,450.2,0.43
5320,13340000.0,450.2,0.43
5321,13340000.0,450.2,0.43
5322,13340000.0,450.2,0.43
5323,13020000.0,216.4,0.48
5324,13020000.0,216.4,0.48
5325,13020000.0,216.4,0.48
5326,14720000.0,450.2,0.43
5327,14720000.0,450.2,0.43
5328,14720000.0,450.2,0.43
5329,22500.0,216.4,0.48
5330,10640000.0,450.2,0.43
5331,22500.0,216.4,0.48
5332,22500.0,216.4,0.48
5333,13616000.0,216.4,0.48
5334,12800000.0,450.2,0.43
5335,12800000.0,450.2,0.43
5336,12800000.0,450.2,0.43
5337,13616000.0,216.4,0.48
5338,13616000.0,216.4,0.48
5339,13616000.0,216.4,0.48
5340,14720000.0,450.2,0.43
5341,14720000.0,450.2,0.43
5342,14720000.0,450.2,0.43
5343,14000000.0,450.2,0.43
5344,14000000.0,450.2,0.43
5345,14000000.0,450.2,0.43
5346,13340000.0,450.2,0.43
5347,10440000.0,450.2,0.43
5348,10440000.0,450.2,0.43
5349,11600000.0,450.2,0.43
5350,11600000.0,450.2,0.43
5351,11520000.0,450.2,0.43
5352,11520000.0,450.2,0.43
5353,11520000.0,450.2,0.43
5354,15360000.0,450.2,0.43
5355,15360000.0,450.2,0.43
5356,15360000.0,450.2,0.43
5357,32000.0,450.2,0.43
5358,32000.0,450.2,0.43
5359,32000.0,450.2,0.43
5360,32550.0,216.4,0.48
5361,32550.0,216.4,0.48
5362,32550.0,216.4,0.48
5363,28800.0,450.2,0.43
5364,28800.0,450.2,0.43
5365,28800.0,450.2,0.43
5366,32550.0,216.4,0.48
5367,32550.0,216.4,0.48
5368,32550.0,216.4,0.48
5369,40320.0,216.4,0.48
5370,40320.0,216.4,0.48
5371,40320.0,216.4,0.48
5372,34730.0,216.4,0.48
5373,34730.0,216.4,0.48
5374,21450.0,216.4,0.48
5375,21450.0,216.4,0.48
5376,21450.0,216.4,0.48
5377,21450.0,216.4,0.48
5378,21450.0,216.4,0.48
5379,21450.0,216.4,0.48
5380,27180.0,216.4,0.48
5381,27180.0,216.4,0.48
5382,27180.0,216.4,0.48
5383,34040.0,216.4,0.48
5384,34040.0,216.4,0.48
5385,34040.0,216.4,0.48
5386,36800.0,450.2,0.43
5387,36800.0,450.2,0.43
5388,36800.0,450.2,0.43
5389,33600.0,216.4,0.48
5390,33600.0,216.4,0.48
5391,34500.0,450.2,0.43
5392,34500.0,450.2,0.43
5393,34500.0,450.2,0.43
5394,34500.0,450.2,0.43
5395,34500.0,450.2,0.43
5396,34500.0,450.2,0.43
5397,32200.0,216.4,0.48
5398,32200.0,216.4,0.48
5399,22500.0,216.4,0.48
5400,13892000.0,216.4,0.48
5401,13892000.0,216.4,0.48
5402,13892000.0,216.4,0.48
5403,13892000.0,216.4,0.48
5404,13892000.0,216.4,0.48
5405,12800000.0,450.2,0.43
5406,12800000.0,450.2,0.43
5407,14300000.0,216.4,0.48
5408,14300000.0,216.4,0.48
5409,14300000.0,216.4,0.48
5410,14300000.0,216.4,0.48
5411,14300000.0,216.4,0.48
5412,10872000.0,216.4,0.48
5413,10872000.0,216.4,0.48
5414,10872000.0,216.4,0.48
5415,8904000.0,450.2,0.43
5416,8904000.0,450.2,0.43
5417,8904000.0,450.2,0.43
5418,12880000.0,216.4,0.48
5419,12880000.0,216.4,0.48
5420,12880000.0,216.4,0.48
5421,13800000.0,450.2,0.43
5422,13800000.0,450.2,0.43
5423,14720000.0,216.4,0.48
5424,14720000.0,216.4,0.48
5425,27180.0,216.4,0.48
5426,27180.0,216.4,0.48
5427,27180.0,216.4,0.48
5428,13020000.0,216.4,0.48
5429,13020000.0,216.4,0.48
5430,13020000.0,216.4,0.48
5431,13800000.0,450.2,0.43
5432,13800000.0,450.2,0.43
5433,13800000.0,450.2,0.43
5434,51750000.0,450.2,0.43
5435,51750000.0,450.2,0.43
5436,51750000.0,450.2,0.43
5437,21450.0,216.4,0.48
5438,21450.0,216.4,0.48
5439,27000.0,216.4,0.48
5440,27000.0,216.4,0.48
5441,22500.0,216.4,0.48
5442,22500.0,216.4,0.48
5443,5680.0,216.4,0.48
5444,22500.0,216.4,0.48
5445,25740.0,450.2,0.43
5446,25740.0,450.2,0.43
5447,38400.0,450.2,0.43
5448,38400.0,450.2,0.43
5449,21450.0,216.4,0.48
5450,21450.0,216.4,0.48
5451,26600.0,450.2,0.43
5452,26600.0,450.2,0.43
5453,34500.0,216.4,0.48
5454,34500.0,216.4,0.48
5455,33350.0,216.4,0.48
5456,33350.0,216.4,0.48
5457,33350.0,216.4,0.48
5458,228000.0,216.4,0.48
5459,228000.0,216.4,0.48
5460,228000.0,216.4,0.48
5461,32000.0,450.2,0.43
5462,32000.0,450.2,0.43
5463,32000.0,450.2,0.43
5464,32550.0,216.4,0.48
5465,32550.0,216.4,0.48
5466,32550.0,216.4,0.48
5467,12800.0,450.2,0.43
5468,12800.0,450.2,0.43
5469,12800.0,450.2,0.43
5470,29000.0,450.2,0.43
5471,29000.0,450.2,0.43
5472,29000.0,450.2,0.43
5473,21450.0,216.4,0.48
5474,21450.0,216.4,0.48
5475,40320.0,216.4,0.48
5476,40320.0,216.4,0.48
5477,32550.0,216.4,0.48
5478,32550.0,216.4,0.48
5479,32550.0,216.4,0.48
5480,36800.0,216.4,0.48
5481,36800.0,216.4,0.48
5482,22260.0,450.2,0.43
5483,22260.0,450.2,0.43
5484,39900.0,216.4,0.48
5485,39900.0,216.4,0.48
5486,39900.0,216.4,0.48
5487,13616000.0,216.4,0.48
5488,8580000.0,216.4,0.48
5489,8580000.0,216.4,0.48
5490,10640000.0,450.2,0.43
5491,10640000.0,450.2,0.43
5492,10640000.0,450.2,0.43
5493,13616000.0,216.4,0.48
5494,15360000.0,450.2,0.43
5495,15360000.0,450.2,0.43
5496,15360000.0,450.2,0.43
5497,13020000.0,216.4,0.48
5498,13020000.0,216.4,0.48
5499,13020000.0,216.4,0.48
5500,14720000.0,450.2,0.43
5501,14720000.0,450.2,0.43
5502,14720000.0,450.2,0.43
5503,16128000.0,216.4,0.48
5504,16128000.0,216.4,0.48
5505,16128000.0,216.4,0.48
5506,13892000.0,216.4,0.48
5507,13892000.0,216.4,0.48
5508,13892000.0,216.4,0.48
5509,11520000.0,450.2,0.43
5510,11520000.0,450.2,0.43
5511,11520000.0,450.2,0.43
5512,12800000.0,450.2,0.43
5513,12800000.0,450.2,0.43
5514,12800000.0,450.2,0.43
5515,14720000.0,216.4,0.48
5516,14720000.0,216.4,0.48
5517,14720000.0,216.4,0.48
5518,11440000.0,450.2,0.43
5519,11440000.0,450.2,0.43
5520,11440000.0,450.2,0.43
5521,8268000.0,450.2,0.43
5522,8268000.0,450.2,0.43
5523,13340000.0,216.4,0.48
5524,13340000.0,216.4,0.48
5525,13800000.0,450.2,0.43
5526,13800000.0,450.2,0.43
5527,14784000.0,216.4,0.48
5528,14784000.0,216.4,0.48
5529,23780000.0,450.2,0.43
5530,23780000.0,450.2,0.43
5531,14260000.0,450.2,0.43
5532,14260000.0,450.2,0.43
5533,10440000.0,450.2,0.43
5534,10440000.0,450.2,0.43
5535,342000000.0,216.4,0.48
5536,342000000.0,216.4,0.48
5537,57600000.0,450.2,0.43
5538,57600000.0,450.2,0.43
5539,57600000.0,450.2,0.43
5540,32175000.0,216.4,0.48
5541,32175000.0,216.4,0.48
5542,32175000.0,216.4,0.48
5543,32175000.0,216.4,0.48
5544,32175000.0,216.4,0.48
5545,38610000.0,450.2,0.43
5546,38610000.0,450.2,0.43
5547,42900000.0,450.2,0.43
5548,60480000.0,216.4,0.48
5549,60480000.0,216.4,0.48
5550,59850000.0,216.4,0.48
5551,59850000.0,216.4,0.48
5552,8580000.0,216.4,0.48
5553,8580000.0,216.4,0.48
5554,13340000.0,216.4,0.48
5555,13340000.0,216.4,0.48
5556,13340000.0,216.4,0.48
5557,16128000.0,216.4,0.48
5558,16128000.0,216.4,0.48
5559,38610000.0,450.2,0.43
5560,38610000.0,450.2,0.43
5561,60480000.0,216.4,0.48
5562,60480000.0,216.4,0.48
5563,60480000.0,216.4,0.48
5564,40770000.0,216.4,0.48
5565,40770000.0,216.4,0.48
5566,40770000.0,216.4,0.48
5567,48000000.0,450.2,0.43
5568,48000000.0,450.2,0.43
5569,48000000.0,450.2,0.43
5570,57600000.0,450.2,0.43
5571,57600000.0,450.2,0.43
5572,57600000.0,450.2,0.43
5573,55200000.0,450.2,0.43
5574,55200000.0,450.2,0.43
5575,55200000.0,450.2,0.43
5576,22500.0,216.4,0.48
5577,32550.0,216.4,0.48
5578,32550.0,216.4,0.48
5579,28600.0,450.2,0.43
5580,28600.0,450.2,0.43
5581,36800.0,216.4,0.48
5582,36800.0,216.4,0.48
5583,43500000.0,450.2,0.43
5584,43500000.0,450.2,0.43
5585,43500000.0,450.2,0.43
5586,55440000.0,216.4,0.48
5587,55440000.0,216.4,0.48
5588,22500.0,216.4,0.48
5589,27000.0,216.4,0.48
5590,27000.0,216.4,0.48
5591,28600.0,450.2,0.43
5592,28600.0,450.2,0.43
5593,21450.0,216.4,0.48
5594,21450.0,216.4,0.48
5595,22260.0,450.2,0.43
5596,22260.0,450.2,0.43
5597,13616000.0,216.4,0.48
5598,13616000.0,216.4,0.48
5599,13616000.0,216.4,0.48
5600,8904000.0,450.2,0.43
5601,8904000.0,450.2,0.43
5602,51060000.0,216.4,0.48
5603,51060000.0,216.4,0.48
5604,8520000.0,216.4,0.48
5605,8520000.0,216.4,0.48
5606,22500.0,216.4,0.48
5607,12800000.0,450.2,0.43
5608,12800000.0,450.2,0.43
5609,12800000.0,450.2,0.43
5610,13892000.0,216.4,0.48
5611,13892000.0,216.4,0.48
5612,13892000.0,216.4,0.48
5613,14300000.0,216.4,0.48
5614,14300000.0,216.4,0.48
5615,14300000.0,216.4,0.48
5616,12880000.0,216.4,0.48
5617,12880000.0,216.4,0.48
5618,16128000.0,216.4,0.48
5619,16128000.0,216.4,0.48
5620,16128000.0,216.4,0.48
5621,14720000.0,450.2,0.43
5622,14720000.0,450.2,0.43
5623,14720000.0,450.2,0.43
5624,13800000.0,450.2,0.43
5625,13800000.0,450.2,0.43
5626,14720000.0,216.4,0.48
5627,14720000.0,216.4,0.48
5628,14720000.0,216.4,0.48
5629,11600000.0,450.2,0.43
5630,11600000.0,450.2,0.43
5631,2272000.0,216.4,0.48
5632,2272000.0,216.4,0.48
5633,2272000.0,216.4,0.48
5634,10872000.0,216.4,0.48
5635,10872000.0,216.4,0.48
5636,10872000.0,216.4,0.48
5637,14720000.0,216.4,0.48
5638,14720000.0,216.4,0.48
5639,14720000.0,216.4,0.48
5640,8268000.0,450.2,0.43
5641,8268000.0,450.2,0.43
5642,38610000.0,450.2,0.43
5643,38610000.0,450.2,0.43
5644,40770000.0,216.4,0.48
5645,40770000.0,216.4,0.48
5646,22500.0,216.4,0.48
5647,42900000.0,450.2,0.43
5648,42900000.0,450.2,0.43
5649,34730.0,216.4,0.48
5650,34730.0,216.4,0.48
5651,36800.0,450.2,0.43
5652,36800.0,450.2,0.43
5653,34500.0,450.2,0.43
5654,34500.0,450.2,0.43
5655,27180.0,216.4,0.48
5656,27180.0,216.4,0.48
5657,27180.0,216.4,0.48
5658,40320.0,216.4,0.48
5659,40320.0,216.4,0.48
5660,36800.0,216.4,0.48
5661,36800.0,216.4,0.48
5662,36800.0,216.4,0.48
5663,22260.0,450.2,0.43
5664,22260.0,450.2,0.43
5665,22260.0,450.2,0.43
5666,39900.0,216.4,0.48
5667,36800.0,216.4,0.48
5668,36800.0,216.4,0.48
5669,22500.0,216.4,0.48
5670,22500.0,216.4,0.48
5671,13020000.0,216.4,0.48
5672,13020000.0,216.4,0.48
5673,13020000.0,216.4,0.48
5674,13800000.0,450.2,0.43
5675,13800000.0,450.2,0.43
5676,13800000.0,450.2,0.43
5677,13616000.0,216.4,0.48
5678,13616000.0,216.4,0.48
5679,13616000.0,216.4,0.48
5680,10872000.0,216.4,0.48
5681,10872000.0,216.4,0.48
5682,12800000.0,450.2,0.43
5683,12800000.0,450.2,0.43
5684,12800000.0,450.2,0.43
5685,33600.0,216.4,0.48
5686,33600.0,216.4,0.48
5687,33600.0,216.4,0.48
5688,34500.0,450.2,0.43
5689,34500.0,450.2,0.43
5690,12800.0,450.2,0.43
5691,12800.0,450.2,0.43
5692,12800.0,450.2,0.43
5693,36800.0,450.2,0.43
5694,36800.0,450.2,0.43
5695,36800.0,450.2,0.43
5696,228000.0,216.4,0.48
5697,228000.0,216.4,0.48
5698,35190.0,216.4,0.48
5699,35190.0,216.4,0.48
5700,35190.0,216.4,0.48
5701,51060000.0,216.4,0.48
5702,51060000.0,216.4,0.48
5703,51060000.0,216.4,0.48
5704,8904000.0,450.2,0.43
5705,8904000.0,450.2,0.43
5706,22260.0,450.2,0.43
5707,22260.0,450.2,0.43
5708,5680.0,216.4,0.48
5709,5680.0,216.4,0.48
5710,5680.0,216.4,0.48
5711,228000.0,216.4,0.48
5712,228000.0,216.4,0.48
5713,228000.0,216.4,0.48
5714,12800.0,450.2,0.43
5715,12800.0,450.2,0.43
5716,12800.0,450.2,0.43
5717,35190.0,216.4,0.48
5718,35190.0,216.4,0.48
5719,35190.0,216.4,0.48
5720,34040.0,216.4,0.48
5721,34040.0,216.4,0.48
5722,34040.0,216.4,0.48
5723,22500.0,216.4,0.48
5724,22500.0,216.4,0.48
5725,22500.0,216.4,0.48
5726,36340.0,450.2,0.43
5727,36340.0,450.2,0.43
5728,36340.0,450.2,0.43
5729,28800.0,450.2,0.43
5730,28800.0,450.2,0.43
5731,28800.0,450.2,0.43
5732,36800.0,450.2,0.43
5733,36800.0,450.2,0.43
5734,36800.0,450.2,0.43
5735,8520000.0,216.4,0.48
5736,8520000.0,216.4,0.48
5737,22500.0,216.4,0.48
5738,14720000.0,216.4,0.48
5739,14720000.0,216.4,0.48
5740,12800000.0,450.2,0.43
5741,12800000.0,450.2,0.43
5742,12800000.0,450.2,0.43
5743,14720000.0,450.2,0.43
5744,14720000.0,450.2,0.43
5745,14720000.0,450.2,0.43
5746,5120000.0,450.2,0.43
5747,5120000.0,450.2,0.43
5748,5120000.0,450.2,0.43
5749,15360000.0,450.2,0.43
5750,13800000.0,450.2,0.43
5751,13800000.0,450.2,0.43
5752,19200000.0,450.2,0.43
5753,19200000.0,450.2,0.43
5754,19200000.0,450.2,0.43
5755,52095000.0,216.4,0.48
5756,52095000.0,216.4,0.48
5757,22500.0,216.4,0.48
5758,51060000.0,216.4,0.48
5759,51060000.0,216.4,0.48
5760,8520000.0,216.4,0.48
5761,52785000.0,216.4,0.48
5762,52785000.0,216.4,0.48
5763,52785000.0,216.4,0.48
5764,40770000.0,216.4,0.48
5765,22500.0,216.4,0.48
5766,8904000.0,450.2,0.43
5767,8904000.0,450.2,0.43
5768,35190.0,216.4,0.48
5769,36340.0,450.2,0.43
5770,35190.0,216.4,0.48
5771,22500.0,216.4,0.48
5772,35190.0,216.4,0.48
5773,35190.0,216.4,0.48
5774,35190.0,216.4,0.48
5775,21450.0,216.4,0.48
5776,21450.0,216.4,0.48
5777,21450.0,216.4,0.48
5778,36800.0,216.4,0.48
5779,36800.0,216.4,0.48
5780,36800.0,216.4,0.48
5781,12800.0,450.2,0.43
5782,12800.0,450.2,0.43
5783,12800.0,450.2,0.43
5784,36340.0,450.2,0.43
5785,36340.0,450.2,0.43
5786,36340.0,450.2,0.43
5787,36800.0,450.2,0.43
5788,36800.0,450.2,0.43
5789,36800.0,450.2,0.43
5790,228000.0,216.4,0.48
5791,228000.0,216.4,0.48
5792,228000.0,216.4,0.48
5793,14076000.0,216.4,0.48
5794,14076000.0,216.4,0.48
5795,13340000.0,450.2,0.43
5796,13340000.0,450.2,0.43
5797,55200000.0,216.4,0.48
5798,55200000.0,216.4,0.48
5799,55200000.0,216.4,0.48
5800,43500000.0,450.2,0.43
5801,43500000.0,450.2,0.43
5802,19200000.0,450.2,0.43
5803,19200000.0,450.2,0.43
5804,19200000.0,450.2,0.43
5805,22500.0,216.4,0.48
5806,36340.0,450.2,0.43
5807,36340.0,450.2,0.43
5808,36340.0,450.2,0.43
5809,36340.0,450.2,0.43
5810,36340.0,450.2,0.43
5811,36340.0,450.2,0.43
5812,36800.0,450.2,0.43
5813,36800.0,450.2,0.43
5814,36800.0,450.2,0.43
5815,34500.0,450.2,0.43
5816,34500.0,450.2,0.43
5817,34500.0,450.2,0.43
5818,21450.0,216.4,0.48
5819,21450.0,216.4,0.48
5820,21450.0,216.4,0.48
5821,36960.0,216.4,0.48
5822,36960.0,216.4,0.48
5823,36960.0,216.4,0.48
5824,35190.0,216.4,0.48
5825,12800000.0,450.2,0.43
5826,12800000.0,450.2,0.43
5827,12800000.0,450.2,0.43
5828,13800000.0,450.2,0.43
5829,13800000.0,450.2,0.43
5830,13800000.0,450.2,0.43
5831,14720000.0,450.2,0.43
5832,14720000.0,450.2,0.43
5833,14720000.0,450.2,0.43
5834,14784000.0,216.4,0.48
5835,14784000.0,216.4,0.48
5836,14076000.0,216.4,0.48
5837,14076000.0,216.4,0.48
5838,14076000.0,216.4,0.48
5839,8268000.0,450.2,0.43
5840,8268000.0,450.2,0.43
5841,13892000.0,216.4,0.48
5842,13892000.0,216.4,0.48
5843,13892000.0,216.4,0.48
5844,14720000.0,450.2,0.43
5845,14720000.0,450.2,0.43
5846,14720000.0,450.2,0.43
5847,16128000.0,216.4,0.48
5848,16128000.0,216.4,0.48
5849,16128000.0,216.4,0.48
5850,11600000.0,450.2,0.43
5851,11600000.0,450.2,0.43
5852,11600000.0,450.2,0.43
5853,10440000.0,450.2,0.43
5854,10440000.0,450.2,0.43
5855,10440000.0,450.2,0.43
5856,11200000.0,450.2,0.43
5857,11200000.0,450.2,0.43
5858,11200000.0,450.2,0.43
5859,13340000.0,450.2,0.43
5860,13340000.0,450.2,0.43
5861,13340000.0,450.2,0.43
5862,13020000.0,216.4,0.48
5863,13020000.0,216.4,0.48
5864,13020000.0,216.4,0.48
5865,11520000.0,450.2,0.43
5866,11520000.0,450.2,0.43
5867,11520000.0,450.2,0.43
5868,10640000.0,450.2,0.43
5869,10640000.0,450.2,0.43
5870,10640000.0,450.2,0.43
5871,13616000.0,216.4,0.48
5872,13616000.0,216.4,0.48
5873,14260000.0,450.2,0.43
5874,14260000.0,450.2,0.43
5875,14260000.0,450.2,0.43
5876,13800000.0,216.4,0.48
5877,13800000.0,216.4,0.48
5878,2272000.0,216.4,0.48
5879,2272000.0,216.4,0.48
5880,15360000.0,450.2,0.43
5881,15360000.0,450.2,0.43
5882,7200000.0,366.7,0.33
5883,7200000.0,366.7,0.33
5884,13800000.0,450.2,0.43
5885,13800000.0,450.2,0.43
5886,14000000.0,450.2,0.43
5887,14000000.0,450.2,0.43
5888,14720000.0,216.4,0.48
5889,14720000.0,216.4,0.48
5890,14720000.0,216.4,0.48
5891,10000000.0,216.4,0.48
5892,10000000.0,216.4,0.48
5893,8580000.0,216.4,0.48
5894,8580000.0,216.4,0.48
5895,13616000.0,216.4,0.48
5896,13616000.0,216.4,0.48
5897,13616000.0,216.4,0.48
5898,10800000.0,216.4,0.48
5899,10800000.0,216.4,0.48
5900,15960000.0,216.4,0.48
5901,15960000.0,216.4,0.48
5902,35190.0,216.4,0.48
5903,35190.0,216.4,0.48
5904,33350.0,450.2,0.43
5905,29000.0,450.2,0.43
5906,29000.0,450.2,0.43
5907,29000.0,450.2,0.43
5908,26600.0,450.2,0.43
5909,26600.0,450.2,0.43
5910,48825000.0,216.4,0.48
5911,48825000.0,216.4,0.48
5912,48825000.0,216.4,0.48
5913,39900000.0,450.2,0.43
5914,39900000.0,450.2,0.43
5915,39900000.0,450.2,0.43
5916,43500000.0,450.2,0.43
5917,43500000.0,450.2,0.43
5918,43500000.0,450.2,0.43
5919,55200000.0,450.2,0.43
5920,55200000.0,450.2,0.43
5921,27000000.0,366.7,0.33
5922,27000000.0,366.7,0.33
5923,59850000.0,216.4,0.48
5924,59850000.0,216.4,0.48
5925,22500.0,216.4,0.48
5926,27000000.0,366.7,0.33
5927,27000000.0,366.7,0.33
5928,27000000.0,366.7,0.33
5929,22500.0,216.4,0.48
5930,14720000.0,450.2,0.43
5931,14720000.0,450.2,0.43
5932,14720000.0,450.2,0.43
5933,11600000.0,450.2,0.43
5934,11600000.0,450.2,0.43
5935,11600000.0,450.2,0.43
5936,12800000.0,450.2,0.43
5937,12800000.0,450.2,0.43
5938,12800000.0,450.2,0.43
5939,10440000.0,450.2,0.43
5940,10440000.0,450.2,0.43
5941,10440000.0,450.2,0.43
5942,14260000.0,450.2,0.43
5943,14260000.0,450.2,0.43
5944,14260000.0,450.2,0.43
5945,23780000.0,450.2,0.43
5946,23780000.0,450.2,0.43
5947,23780000.0,450.2,0.43
5948,14000000.0,450.2,0.43
5949,14000000.0,450.2,0.43
5950,14000000.0,450.2,0.43
5951,7200000.0,366.7,0.33
5952,7200000.0,366.7,0.33
5953,21320000.0,450.2,0.43
5954,21320000.0,450.2,0.43
5955,2272000.0,216.4,0.48
5956,2272000.0,216.4,0.48
5957,10640000.0,450.2,0.43
5958,10640000.0,450.2,0.43
5959,13800000.0,450.2,0.43
5960,13800000.0,450.2,0.43
5961,28416000.0,216.4,0.48
5962,28416000.0,216.4,0.48
5963,13800000.0,450.2,0.43
5964,13800000.0,450.2,0.43
5965,13800000.0,450.2,0.43
5966,15960000.0,216.4,0.48
5967,15960000.0,216.4,0.48
5968,15360000.0,450.2,0.43
5969,15360000.0,450.2,0.43
5970,7540000.0,216.4,0.48
5971,7540000.0,216.4,0.48
5972,43500000.0,450.2,0.43
5973,43500000.0,450.2,0.43
5974,43500000.0,450.2,0.43
5975,53475000.0,450.2,0.43
5976,53475000.0,450.2,0.43
5977,55200000.0,450.2,0.43
5978,55200000.0,450.2,0.43
5979,27000000.0,366.7,0.33
5980,27000000.0,366.7,0.33
5981,52500000.0,450.2,0.43
5982,52500000.0,450.2,0.43
5983,89175000.0,450.2,0.43
5984,89175000.0,450.2,0.43
5985,89175000.0,450.2,0.43
5986,600000.0,366.7,0.33
5987,600000.0,366.7,0.33
5988,22500.0,216.4,0.48
5989,27000000.0,366.7,0.33
5990,27000000.0,366.7,0.33
5991,27000000.0,366.7,0.33
5992,27000000.0,366.7,0.33
5993,51060000.0,216.4,0.48
5994,51060000.0,216.4,0.48
5995,51060000.0,216.4,0.48
5996,55200000.0,450.2,0.43
5997,55200000.0,450.2,0.43
5998,57600000.0,450.2,0.43
5999,57600000.0,450.2,0.43
6000,43500000.0,450.2,0.43
6001,43500000.0,450.2,0.43
6002,43500000.0,450.2,0.43
6003,52500000.0,450.2,0.43
6004,52500000.0,450.2,0.43
6005,22500.0,216.4,0.48
6006,11600000.0,450.2,0.43
6007,11600000.0,450.2,0.43
6008,10440000.0,450.2,0.43
6009,10440000.0,450.2,0.43
6010,11600000.0,450.2,0.43
6011,11600000.0,450.2,0.43
6012,11600000.0,450.2,0.43
6013,11200000.0,450.2,0.43
6014,11200000.0,450.2,0.43
6015,11200000.0,450.2,0.43
6016,10440000.0,450.2,0.43
6017,10440000.0,450.2,0.43
6018,10440000.0,450.2,0.43
6019,14260000.0,450.2,0.43
6020,14260000.0,450.2,0.43
6021,14260000.0,450.2,0.43
6022,7540000.0,450.2,0.43
6023,7540000.0,450.2,0.43
6024,7540000.0,450.2,0.43
6025,14000000.0,450.2,0.43
6026,14000000.0,450.2,0.43
6027,43500000.0,450.2,0.43
6028,43500000.0,450.2,0.43
6029,39150000.0,450.2,0.43
6030,39150000.0,450.2,0.43
6031,39150000.0,450.2,0.43
6032,43500000.0,450.2,0.43
6033,43500000.0,450.2,0.43
6034,43500000.0,450.2,0.43
6035,43500000.0,450.2,0.43
6036,10440000.0,450.2,0.43
6037,10440000.0,450.2,0.43
6038,10440000.0,450.2,0.43
6039,11600000.0,450.2,0.43
6040,11600000.0,450.2,0.43
6041,11600000.0,450.2,0.43
6042,13340000.0,450.2,0.43
6043,13340000.0,450.2,0.43
6044,13340000.0,450.2,0.43
6045,10440000.0,450.2,0.43
6046,10440000.0,450.2,0.43
6047,10440000.0,450.2,0.43
6048,7540000.0,450.2,0.43
6049,7540000.0,450.2,0.43
6050,7540000.0,450.2,0.43
6051,14260000.0,450.2,0.43
6052,14260000.0,450.2,0.43
6053,14260000.0,450.2,0.43
6054,11600000.0,450.2,0.43
6055,11600000.0,450.2,0.43
6056,11600000.0,450.2,0.43
6057,14000000.0,450.2,0.43
6058,14000000.0,450.2,0.43
6059,21320000.0,450.2,0.43
6060,21320000.0,450.2,0.43
6061,43500000.0,450.2,0.43
6062,43500000.0,450.2,0.43
6063,39150000.0,450.2,0.43
6064,39150000.0,450.2,0.43
6065,41310000.0,450.2,0.43
6066,41310000.0,450.2,0.43
6067,41310000.0,450.2,0.43
6068,43500000.0,450.2,0.43
6069,43500000.0,450.2,0.43
6070,43500000.0,450.2,0.43
6071,15960000.0,216.4,0.48
6072,13616000.0,216.4,0.48
6073,13616000.0,216.4,0.48
6074,13616000.0,216.4,0.48
6075,2272000.0,216.4,0.48
6076,2272000.0,216.4,0.48
6077,16128000.0,216.4,0.48
6078,16128000.0,216.4,0.48
6079,13800000.0,216.4,0.48
6080,13800000.0,216.4,0.48
6081,13800000.0,216.4,0.48
6082,11600000.0,450.2,0.43
6083,11600000.0,450.2,0.43
6084,11600000.0,450.2,0.43
6085,14720000.0,450.2,0.43
6086,14720000.0,450.2,0.43
6087,15360000.0,450.2,0.43
6088,15360000.0,450.2,0.43
6089,14000000.0,450.2,0.43
6090,14000000.0,450.2,0.43
6091,10000000.0,216.4,0.48
6092,10000000.0,216.4,0.48
6093,8580000.0,216.4,0.48
6094,8580000.0,216.4,0.48
6095,8580000.0,216.4,0.48
6096,8580000.0,216.4,0.48
6097,10800000.0,216.4,0.48
6098,10800000.0,216.4,0.48
6099,10800000.0,216.4,0.48
6100,13892000.0,216.4,0.48
6101,13892000.0,216.4,0.48
6102,14800000.0,450.2,0.43
6103,14800000.0,450.2,0.43
6104,48825000.0,216.4,0.48
6105,25000.0,216.4,0.48
6106,25000.0,216.4,0.48
6107,22500.0,216.4,0.48
6108,14784000.0,216.4,0.48
6109,14784000.0,216.4,0.48
6110,14784000.0,216.4,0.48
6111,14720000.0,216.4,0.48
6112,14720000.0,216.4,0.48
6113,11600000.0,450.2,0.43
6114,11600000.0,450.2,0.43
6115,11600000.0,450.2,0.43
6116,10440000.0,450.2,0.43
6117,10440000.0,450.2,0.43
6118,10440000.0,450.2,0.43
6119,14720000.0,216.4,0.48
6120,14720000.0,216.4,0.48
6121,14720000.0,216.4,0.48
6122,13020000.0,216.4,0.48
6123,13020000.0,216.4,0.48
6124,13020000.0,216.4,0.48
6125,13892000.0,216.4,0.48
6126,8268000.0,450.2,0.43
6127,8268000.0,450.2,0.43
6128,8268000.0,450.2,0.43
6129,14720000.0,450.2,0.43
6130,14720000.0,450.2,0.43
6131,14720000.0,450.2,0.43
6132,13920000.0,450.2,0.43
6133,8580000.0,216.4,0.48
6134,8580000.0,216.4,0.48
6135,20670.0,450.2,0.43
6136,20670.0,450.2,0.43
6137,20670.0,450.2,0.43
6138,36960.0,216.4,0.48
6139,36960.0,216.4,0.48
6140,36960.0,216.4,0.48
6141,22260.0,450.2,0.43
6142,22260.0,450.2,0.43
6143,22260.0,450.2,0.43
6144,21350.0,450.2,0.43
6145,21350.0,450.2,0.43
6146,21350.0,450.2,0.43
6147,21450.0,216.4,0.48
6148,21450.0,216.4,0.48
6149,21450.0,216.4,0.48
6150,34500.0,450.2,0.43
6151,34500.0,450.2,0.43
6152,34500.0,450.2,0.43
6153,12800.0,450.2,0.43
6154,12800.0,450.2,0.43
6155,12800.0,450.2,0.43
6156,27000.0,216.4,0.48
6157,21450.0,216.4,0.48
6158,21450.0,216.4,0.48
6159,21450.0,216.4,0.48
6160,21450.0,216.4,0.48
6161,21450.0,216.4,0.48
6162,21450.0,216.4,0.48
6163,36800.0,216.4,0.48
6164,36800.0,216.4,0.48
6165,36800.0,216.4,0.48
6166,22260.0,450.2,0.43
6167,22260.0,450.2,0.43
6168,22260.0,450.2,0.43
6169,20670.0,450.2,0.43
6170,20670.0,450.2,0.43
6171,20670.0,450.2,0.43
6172,36960.0,216.4,0.48
6173,36960.0,216.4,0.48
6174,36960.0,216.4,0.48
6175,33390000.0,450.2,0.43
6176,33390000.0,450.2,0.43
6177,31005000.0,450.2,0.43
6178,31005000.0,450.2,0.43
6179,31005000.0,450.2,0.43
6180,8268000.0,450.2,0.43
6181,8268000.0,450.2,0.43
6182,8268000.0,450.2,0.43
6183,22260.0,450.2,0.43
6184,22500.0,216.4,0.48
6185,52095000.0,216.4,0.48
6186,52095000.0,216.4,0.48
6187,52095000.0,216.4,0.48
6188,31005000.0,450.2,0.43
6189,31005000.0,450.2,0.43
6190,22500.0,216.4,0.48
6191,22260.0,450.2,0.43
6192,22260.0,450.2,0.43
6193,8580.0,450.2,0.43
6194,8580.0,450.2,0.43
6195,33390000.0,450.2,0.43
6196,33390000.0,450.2,0.43
6197,22260.0,450.2,0.43
6198,22260.0,450.2,0.43
6199,8580.0,450.2,0.43
6200,8580.0,450.2,0.43
6201,28000.0,450.2,0.43
6202,28000.0,450.2,0.43
6203,34800.0,450.2,0.43
6204,34800.0,450.2,0.43
6205,22500.0,216.4,0.48
6206,11200000.0,450.2,0.43
6207,10872000.0,216.4,0.48
6208,10872000.0,216.4,0.48
6209,10872000.0,216.4,0.48
6210,16128000.0,216.4,0.48
6211,16128000.0,216.4,0.48
6212,15000000.0,450.2,0.43
6213,15000000.0,450.2,0.43
6214,12880000.0,216.4,0.48
6215,12880000.0,216.4,0.48
6216,12880000.0,216.4,0.48
6217,10296000.0,450.2,0.43
6218,10296000.0,450.2,0.43
6219,10296000.0,450.2,0.43
6220,13892000.0,216.4,0.48
6221,13892000.0,216.4,0.48
6222,13892000.0,216.4,0.48
6223,14720000.0,216.4,0.48
6224,14720000.0,216.4,0.48
6225,14720000.0,216.4,0.48
6226,11600000.0,450.2,0.43
6227,11600000.0,450.2,0.43
6228,11600000.0,450.2,0.43
6229,8580000.0,216.4,0.48
6230,8580000.0,216.4,0.48
6231,8580000.0,216.4,0.48
6232,2272000.0,216.4,0.48
6233,2272000.0,216.4,0.48
6234,91200000.0,216.4,0.48
6235,91200000.0,216.4,0.48
6236,91200000.0,216.4,0.48
6237,160000.0,366.7,0.33
6238,160000.0,366.7,0.33
6239,160000.0,366.7,0.33
6240,12800000.0,450.2,0.43
6241,12800000.0,450.2,0.43
6242,12800000.0,450.2,0.43
6243,14720000.0,450.2,0.43
6244,14720000.0,450.2,0.43
6245,14720000.0,450.2,0.43
6246,14720000.0,450.2,0.43
6247,14720000.0,450.2,0.43
6248,14720000.0,450.2,0.43
6249,22500.0,216.4,0.48
6250,36800.0,216.4,0.48
6251,36800.0,216.4,0.48
6252,36800.0,216.4,0.48
6253,35190.0,216.4,0.48
6254,35190.0,216.4,0.48
6255,35190.0,216.4,0.48
6256,12800.0,450.2,0.43
6257,12800.0,450.2,0.43
6258,12800.0,450.2,0.43
6259,34500.0,216.4,0.48
6260,34500.0,216.4,0.48
6261,34500.0,216.4,0.48
6262,34730.0,216.4,0.48
6263,34730.0,216.4,0.48
6264,34730.0,216.4,0.48
6265,36800.0,216.4,0.48
6266,36800.0,216.4,0.48
6267,36800.0,216.4,0.48
6268,21450.0,216.4,0.48
6269,21450.0,216.4,0.48
6270,21450.0,216.4,0.48
6271,32000.0,450.2,0.43
6272,32000.0,450.2,0.43
6273,32000.0,450.2,0.43
6274,38400.0,450.2,0.43
6275,38400.0,450.2,0.43
6276,38400.0,450.2,0.43
6277,36800.0,450.2,0.43
6278,36800.0,450.2,0.43
6279,36800.0,450.2,0.43
6280,52095000.0,216.4,0.48
6281,52095000.0,216.4,0.48
6282,52095000.0,216.4,0.48
6283,55440000.0,216.4,0.48
6284,55440000.0,216.4,0.48
6285,55440000.0,216.4,0.48
6286,19200000.0,450.2,0.43
6287,19200000.0,450.2,0.43
6288,19200000.0,450.2,0.43
6289,55200000.0,450.2,0.43
6290,55200000.0,450.2,0.43
6291,48000000.0,450.2,0.43
6292,48000000.0,450.2,0.43
6293,48000000.0,450.2,0.43
6294,22500.0,216.4,0.48
6295,48000000.0,450.2,0.43
6296,48000000.0,450.2,0.43
6297,48000000.0,450.2,0.43
6298,40770000.0,216.4,0.48
6299,40770000.0,216.4,0.48
6300,40770000.0,216.4,0.48
6301,55200000.0,216.4,0.48
6302,55200000.0,216.4,0.48
6303,55200000.0,216.4,0.48
6304,12800000.0,450.2,0.43
6305,12800000.0,450.2,0.43
6306,12800000.0,450.2,0.43
6307,14720000.0,450.2,0.43
6308,14720000.0,450.2,0.43
6309,14720000.0,450.2,0.43
6310,33390000.0,450.2,0.43
6311,33390000.0,450.2,0.43
6312,22260.0,450.2,0.43
6313,22260.0,450.2,0.43
6314,8580.0,450.2,0.43
6315,8580.0,450.2,0.43
6316,8580.0,450.2,0.43
6317,22260.0,450.2,0.43
6318,22260.0,450.2,0.43
6319,8580.0,450.2,0.43
6320,8580.0,450.2,0.43
6321,34800.0,450.2,0.43
6322,34800.0,450.2,0.43
6323,27000.0,216.4,0.48
6324,27000.0,216.4,0.48
6325,21450.0,216.4,0.48
6326,21450.0,216.4,0.48
6327,21450.0,216.4,0.48
6328,21450.0,216.4,0.48
6329,21450.0,216.4,0.48
6330,21450.0,216.4,0.48
6331,21450.0,216.4,0.48
6332,21450.0,216.4,0.48
6333,21450.0,216.4,0.48
6334,11200000.0,450.2,0.43
6335,13920000.0,450.2,0.43
6336,13920000.0,450.2,0.43
6337,10296000.0,450.2,0.43
6338,10296000.0,450.2,0.43
6339,31005000.0,450.2,0.43
6340,22500.0,216.4,0.48
6341,25740.0,450.2,0.43
6342,11600000.0,450.2,0.43
6343,11600000.0,450.2,0.43
6344,11600000.0,450.2,0.43
6345,8580000.0,216.4,0.48
6346,8580000.0,216.4,0.48
6347,14800000.0,450.2,0.43
6348,14800000.0,450.2,0.43
6349,13892000.0,216.4,0.48
6350,13892000.0,216.4,0.48
6351,36512000.0,216.4,0.48
6352,36512000.0,216.4,0.48
6353,22500.0,216.4,0.48
6354,10800000.0,216.4,0.48
6355,10800000.0,216.4,0.48
6356,36512000.0,216.4,0.48
6357,36512000.0,216.4,0.48
6358,11600000.0,450.2,0.43
6359,11600000.0,450.2,0.43
6360,14000000.0,450.2,0.43
6361,14000000.0,450.2,0.43
6362,8580000.0,216.4,0.48
6363,8580000.0,216.4,0.48
6364,3432000.0,450.2,0.43
6365,3432000.0,450.2,0.43
6366,3432000.0,450.2,0.43
6367,160000.0,366.7,0.33
6368,160000.0,366.7,0.33
6369,160000.0,366.7,0.33
6370,17760000.0,450.2,0.43
6371,17760000.0,450.2,0.43
6372,17760000.0,450.2,0.43
6373,15960000.0,216.4,0.48
6374,15960000.0,216.4,0.48
6375,22500.0,216.4,0.48
6376,35000.0,450.2,0.43
6377,35000.0,450.2,0.43
6378,10800000.0,216.4,0.48
6379,10800000.0,216.4,0.48
6380,10640000.0,450.2,0.43
6381,10640000.0,450.2,0.43
6382,14000000.0,450.2,0.43
6383,14000000.0,450.2,0.43
6384,7540000.0,216.4,0.48
6385,7540000.0,216.4,0.48
6386,22500.0,216.4,0.48
6387,21450.0,216.4,0.48
6388,21450.0,216.4,0.48
6389,21450.0,216.4,0.48
6390,8580000.0,216.4,0.48
6391,8580000.0,216.4,0.48
6392,14720000.0,450.2,0.43
6393,2272000.0,216.4,0.48
6394,2272000.0,216.4,0.48
6395,2272000.0,216.4,0.48
6396,52095000.0,216.4,0.48
6397,52095000.0,216.4,0.48
6398,52095000.0,216.4,0.48
6399,22500.0,216.4,0.48
6400,3432000.0,450.2,0.43
6401,3432000.0,450.2,0.43
6402,3432000.0,450.2,0.43
6403,11600000.0,450.2,0.43
6404,11600000.0,450.2,0.43
6405,15960000.0,216.4,0.48
6406,15960000.0,216.4,0.48
6407,160000.0,366.7,0.33
6408,160000.0,366.7,0.33
6409,160000.0,366.7,0.33
6410,17760000.0,450.2,0.43
6411,17760000.0,450.2,0.43
6412,17760000.0,450.2,0.43
6413,14000000.0,450.2,0.43
6414,14000000.0,450.2,0.43
6415,14000000.0,450.2,0.43
6416,14076000.0,216.4,0.48
6417,14076000.0,216.4,0.48
6418,7540000.0,216.4,0.48
6419,7540000.0,216.4,0.48
6420,15360000.0,450.2,0.43
6421,15360000.0,450.2,0.43
6422,14800000.0,450.2,0.43
6423,14800000.0,450.2,0.43
6424,14800000.0,450.2,0.43
6425,13920000.0,450.2,0.43
6426,13920000.0,450.2,0.43
6427,13616000.0,216.4,0.48
6428,13616000.0,216.4,0.48
6429,13616000.0,216.4,0.48
6430,13800000.0,216.4,0.48
6431,13800000.0,216.4,0.48
6432,28416000.0,216.4,0.48
6433,28416000.0,216.4,0.48
6434,2272000.0,216.4,0.48
6435,2272000.0,216.4,0.48
6436,10640000.0,450.2,0.43
6437,10440000.0,450.2,0.43
6438,10440000.0,450.2,0.43
6439,10440000.0,450.2,0.43
6440,14720000.0,216.4,0.48
6441,14720000.0,216.4,0.48
6442,14720000.0,216.4,0.48
6443,8580.0,450.2,0.43
6444,8580.0,450.2,0.43
6445,8580.0,450.2,0.43
6446,35000.0,450.2,0.43
6447,35000.0,450.2,0.43
6448,34040.0,216.4,0.48
6449,34040.0,216.4,0.48
6450,22500.0,216.4,0.48
6451,14720000.0,450.2,0.43
6452,14720000.0,450.2,0.43
6453,14720000.0,450.2,0.43
6454,14720000.0,216.4,0.48
6455,14720000.0,216.4,0.48
6456,13800000.0,450.2,0.43
6457,13800000.0,450.2,0.43
6458,2272000.0,216.4,0.48
6459,2272000.0,216.4,0.48
6460,14720000.0,450.2,0.43
6461,14720000.0,450.2,0.43
6462,14720000.0,450.2,0.43
6463,8580000.0,216.4,0.48
6464,8580000.0,216.4,0.48
6465,8580000.0,216.4,0.48
6466,12800000.0,450.2,0.43
6467,12800000.0,450.2,0.43
6468,12800000.0,450.2,0.43
6469,21320000.0,450.2,0.43
6470,21320000.0,450.2,0.43
6471,21320000.0,450.2,0.43
6472,34500.0,450.2,0.43
6473,34500.0,450.2,0.43
6474,21450.0,216.4,0.48
6475,21450.0,216.4,0.48
6476,21450.0,216.4,0.48
6477,36800.0,450.2,0.43
6478,36800.0,450.2,0.43
6479,36800.0,450.2,0.43
6480,36800.0,450.2,0.43
6481,36800.0,450.2,0.43
6482,36800.0,450.2,0.43
6483,27180.0,216.4,0.48
6484,27180.0,216.4,0.48
6485,21450.0,216.4,0.48
6486,21450.0,216.4,0.48
6487,21450.0,216.4,0.48
6488,35190.0,216.4,0.48
6489,35190.0,216.4,0.48
6490,35190.0,216.4,0.48
6491,32000.0,450.2,0.43
6492,35750.0,216.4,0.48
6493,22500.0,216.4,0.48
6494,14720000.0,450.2,0.43
6495,14720000.0,450.2,0.43
6496,10872000.0,216.4,0.48
6497,10872000.0,216.4,0.48
6498,32175000.0,216.4,0.48
6499,32175000.0,216.4,0.48
6500,32175000.0,216.4,0.48
6501,32175000.0,216.4,0.48
6502,32175000.0,216.4,0.48
6503,48000000.0,450.2,0.43
6504,48000000.0,450.2,0.43
6505,48000000.0,450.2,0.43
6506,32175000.0,216.4,0.48
6507,32175000.0,216.4,0.48
6508,36512000.0,216.4,0.48
6509,36512000.0,216.4,0.48
6510,36512000.0,216.4,0.48
6511,3432000.0,450.2,0.43
6512,3432000.0,450.2,0.43
6513,8580000.0,216.4,0.48
6514,8580000.0,216.4,0.48
6515,13892000.0,216.4,0.48
6516,13892000.0,216.4,0.48
6517,14000000.0,450.2,0.43
6518,14000000.0,450.2,0.43
6519,10656000.0,450.2,0.43
6520,10656000.0,450.2,0.43
6521,8580.0,450.2,0.43
6522,8580.0,450.2,0.43
6523,8580.0,450.2,0.43
6524,27000.0,216.4,0.48
6525,27000.0,216.4,0.48
6526,21450.0,216.4,0.48
6527,21450.0,216.4,0.48
6528,34040.0,216.4,0.48
6529,34040.0,216.4,0.48
6530,34040.0,216.4,0.48
6531,26600.0,450.2,0.43
6532,26600.0,450.2,0.43
6533,22500.0,216.4,0.48
6534,22500.0,216.4,0.48
6535,38400.0,450.2,0.43
6536,21450.0,216.4,0.48
6537,21450.0,216.4,0.48
6538,21450.0,216.4,0.48
6539,21450.0,216.4,0.48
6540,21450.0,216.4,0.48
6541,36800.0,450.2,0.43
6542,36800.0,450.2,0.43
6543,36800.0,450.2,0.43
6544,14720000.0,450.2,0.43
6545,14720000.0,450.2,0.43
6546,14720000.0,450.2,0.43
6547,14720000.0,450.2,0.43
6548,14720000.0,450.2,0.43
6549,12800000.0,450.2,0.43
6550,12800000.0,450.2,0.43
6551,12800000.0,450.2,0.43
6552,32175000.0,216.4,0.48
6553,32175000.0,216.4,0.48
6554,32175000.0,216.4,0.48
6555,22260.0,450.2,0.43
6556,22260.0,450.2,0.43
6557,22260.0,450.2,0.43
6558,27180.0,216.4,0.48
6559,27180.0,216.4,0.48
6560,27180.0,216.4,0.48
6561,5680.0,216.4,0.48
6562,5680.0,216.4,0.48
6563,34730.0,216.4,0.48
6564,34730.0,216.4,0.48
6565,34730.0,216.4,0.48
6566,21450.0,216.4,0.48
6567,21450.0,216.4,0.48
6568,22260.0,450.2,0.43
6569,22260.0,450.2,0.43
6570,34730.0,216.4,0.48
6571,34730.0,216.4,0.48
6572,34730.0,216.4,0.48
6573,14720000.0,216.4,0.48
6574,14720000.0,216.4,0.48
6575,12880000.0,216.4,0.48
6576,12880000.0,216.4,0.48
6577,8904000.0,450.2,0.43
6578,8904000.0,450.2,0.43
6579,8904000.0,450.2,0.43
6580,15000000.0,450.2,0.43
6581,15000000.0,450.2,0.43
6582,10296000.0,450.2,0.43
6583,10296000.0,450.2,0.43
6584,13892000.0,216.4,0.48
6585,13892000.0,216.4,0.48
6586,8580000.0,216.4,0.48
6587,8580000.0,216.4,0.48
6588,10800000.0,216.4,0.48
6589,10800000.0,216.4,0.48
6590,10800000.0,216.4,0.48
6591,8580000.0,216.4,0.48
6592,8580000.0,216.4,0.48
6593,8580000.0,216.4,0.48
6594,11440000.0,450.2,0.43
6595,11440000.0,450.2,0.43
6596,11440000.0,450.2,0.43
6597,22500.0,216.4,0.48
6598,10872000.0,216.4,0.48
6599,10872000.0,216.4,0.48
6600,13892000.0,216.4,0.48
6601,13892000.0,216.4,0.48
6602,13892000.0,216.4,0.48
6603,8904000.0,450.2,0.43
6604,8904000.0,450.2,0.43
6605,33390000.0,450.2,0.43
6606,33390000.0,450.2,0.43
6607,8904000.0,450.2,0.43
6608,8904000.0,450.2,0.43
6609,21450.0,216.4,0.48
6610,21450.0,216.4,0.48
6611,21450.0,216.4,0.48
6612,22260.0,450.2,0.43
6613,26600.0,450.2,0.43
6614,26600.0,450.2,0.43
6615,27180.0,216.4,0.48
6616,27180.0,216.4,0.48
6617,27180.0,216.4,0.48
6618,34730.0,216.4,0.48
6619,34730.0,216.4,0.48
6620,8580000.0,216.4,0.48
6621,8580000.0,216.4,0.48
6622,8580000.0,216.4,0.48
6623,14000000.0,450.2,0.43
6624,14000000.0,450.2,0.43
6625,14000000.0,450.2,0.43
6626,13920000.0,450.2,0.43
6627,13920000.0,450.2,0.43
6628,2272000.0,216.4,0.48
6629,2272000.0,216.4,0.48
6630,8580000.0,216.4,0.48
6631,8580000.0,216.4,0.48
6632,8580000.0,216.4,0.48
6633,10656000.0,450.2,0.43
6634,10656000.0,450.2,0.43
6635,10656000.0,450.2,0.43
6636,3432000.0,450.2,0.43
6637,3432000.0,450.2,0.43
6638,13892000.0,216.4,0.48
6639,13892000.0,216.4,0.48
6640,13892000.0,216.4,0.48
6641,13800000.0,450.2,0.43
6642,13800000.0,450.2,0.43
6643,13800000.0,450.2,0.43
6644,14720000.0,216.4,0.48
6645,14720000.0,216.4,0.48
6646,14720000.0,216.4,0.48
6647,5216000.0,216.4,0.48
6648,5216000.0,216.4,0.48
6649,5216000.0,216.4,0.48
6650,16576000.0,450.2,0.43
6651,16576000.0,450.2,0.43
6652,14720000.0,216.4,0.48
6653,14720000.0,216.4,0.48
6654,14720000.0,216.4,0.48
6655,10640000.0,450.2,0.43
6656,10640000.0,450.2,0.43
6657,10640000.0,450.2,0.43
6658,10800000.0,216.4,0.48
6659,10800000.0,216.4,0.48
6660,10800000.0,216.4,0.48
6661,10440000.0,450.2,0.43
6662,10440000.0,450.2,0.43
6663,13800000.0,450.2,0.43
6664,13800000.0,450.2,0.43
6665,13800000.0,450.2,0.43
6666,15360000.0,450.2,0.43
6667,15360000.0,450.2,0.43
6668,15360000.0,450.2,0.43
6669,12880000.0,216.4,0.48
6670,12880000.0,216.4,0.48
6671,12880000.0,216.4,0.48
6672,10000000.0,216.4,0.48
6673,10000000.0,216.4,0.48
6674,14076000.0,216.4,0.48
6675,14076000.0,216.4,0.48
6676,14076000.0,216.4,0.48
6677,11440000.0,450.2,0.43
6678,11440000.0,450.2,0.43
6679,11440000.0,450.2,0.43
6680,11520000.0,450.2,0.43
6681,11520000.0,450.2,0.43
6682,11520000.0,450.2,0.43
6683,10296000.0,450.2,0.43
6684,10296000.0,450.2,0.43
6685,13800000.0,450.2,0.43
6686,13800000.0,450.2,0.43
6687,13800000.0,450.2,0.43
6688,13616000.0,216.4,0.48
6689,13616000.0,216.4,0.48
6690,13616000.0,216.4,0.48
6691,14800000.0,450.2,0.43
6692,14800000.0,450.2,0.43
6693,14800000.0,450.2,0.43
6694,13340000.0,450.2,0.43
6695,13340000.0,450.2,0.43
6696,34730.0,216.4,0.48
6697,34730.0,216.4,0.48
6698,34730.0,216.4,0.48
6699,27000.0,216.4,0.48
6700,21450.0,216.4,0.48
6701,21450.0,216.4,0.48
6702,21450.0,216.4,0.48
6703,48825000.0,216.4,0.48
6704,48825000.0,216.4,0.48
6705,52095000.0,216.4,0.48
6706,52095000.0,216.4,0.48
6707,52095000.0,216.4,0.48
6708,34800.0,450.2,0.43
6709,34800.0,450.2,0.43
6710,10872000.0,216.4,0.48
6711,10872000.0,216.4,0.48
6712,10872000.0,216.4,0.48
6713,13892000.0,216.4,0.48
6714,13892000.0,216.4,0.48
6715,22500.0,216.4,0.48
6716,14720000.0,450.2,0.43
6717,14720000.0,450.2,0.43
6718,14720000.0,450.2,0.43
6719,22500.0,216.4,0.48
6720,34500.0,450.2,0.43
6721,34500.0,450.2,0.43
6722,12800.0,450.2,0.43
6723,12800.0,450.2,0.43
6724,12800.0,450.2,0.43
6725,36960.0,216.4,0.48
6726,36960.0,216.4,0.48
6727,36960.0,216.4,0.48
6728,27180.0,216.4,0.48
6729,27180.0,216.4,0.48
6730,27180.0,216.4,0.48
6731,21450.0,216.4,0.48
6732,21450.0,216.4,0.48
6733,21450.0,216.4,0.48
6734,36800.0,216.4,0.48
6735,13800000.0,450.2,0.43
6736,13800000.0,450.2,0.43
6737,8580000.0,216.4,0.48
6738,8580000.0,216.4,0.48
6739,10872000.0,216.4,0.48
6740,10872000.0,216.4,0.48
6741,10872000.0,216.4,0.48
6742,22500.0,216.4,0.48
6743,40770000.0,216.4,0.48
6744,40770000.0,216.4,0.48
6745,40770000.0,216.4,0.48
6746,22500.0,216.4,0.48
6747,22500.0,216.4,0.48
6748,89175000.0,450.2,0.43
6749,89175000.0,450.2,0.43
6750,600000.0,366.7,0.33
6751,600000.0,366.7,0.33
6752,43500000.0,450.2,0.43
6753,43500000.0,450.2,0.43
6754,22500.0,216.4,0.48
6755,7540000.0,216.4,0.48
6756,15960000.0,216.4,0.48
6757,15960000.0,216.4,0.48
6758,15960000.0,216.4,0.48
6759,15360000.0,450.2,0.43
6760,15360000.0,450.2,0.43
6761,7540000.0,450.2,0.43
6762,7540000.0,450.2,0.43
6763,7540000.0,450.2,0.43
6764,13800000.0,216.4,0.48
6765,13800000.0,216.4,0.48
6766,13800000.0,216.4,0.48
6767,16820000.0,450.2,0.43
6768,16820000.0,450.2,0.43
6769,28416000.0,216.4,0.48
6770,28416000.0,216.4,0.48
6771,36512000.0,216.4,0.48
6772,36512000.0,216.4,0.48
6773,14000000.0,450.2,0.43
6774,14000000.0,450.2,0.43
6775,14000000.0,450.2,0.43
6776,11600000.0,450.2,0.43
6777,11600000.0,450.2,0.43
6778,13616000.0,216.4,0.48
6779,13616000.0,216.4,0.48
6780,10640000.0,450.2,0.43
6781,43500000.0,450.2,0.43
6782,43500000.0,450.2,0.43
6783,43500000.0,450.2,0.43
6784,35650.0,450.2,0.43
6785,32550.0,216.4,0.48
6786,32550.0,216.4,0.48
6787,32550.0,216.4,0.48
6788,12880000.0,216.4,0.48
6789,12880000.0,216.4,0.48
6790,10296000.0,450.2,0.43
6791,10296000.0,450.2,0.43
6792,10296000.0,450.2,0.43
6793,14720000.0,450.2,0.43
6794,14720000.0,450.2,0.43
6795,14720000.0,450.2,0.43
6796,22500.0,216.4,0.48
6797,32200.0,216.4,0.48
6798,32200.0,216.4,0.48
6799,34500.0,450.2,0.43
6800,34500.0,450.2,0.43
6801,34500.0,450.2,0.43
6802,25740.0,450.2,0.43
6803,25740.0,450.2,0.43
6804,32175000.0,216.4,0.48
6805,32175000.0,216.4,0.48
6806,34040.0,216.4,0.48
6807,26600.0,450.2,0.43
6808,26600.0,450.2,0.43
6809,26600.0,450.2,0.43
6810,13616000.0,216.4,0.48
6811,2272000.0,216.4,0.48
6812,2272000.0,216.4,0.48
6813,2272000.0,216.4,0.48
6814,10656000.0,450.2,0.43
6815,10656000.0,450.2,0.43
6816,14720000.0,216.4,0.48
6817,22500.0,216.4,0.48
6818,36960.0,216.4,0.48
6819,36960.0,216.4,0.48
6820,36960.0,216.4,0.48
6821,21450.0,216.4,0.48
6822,21450.0,216.4,0.48
6823,12800.0,450.2,0.43
6824,12800.0,450.2,0.43
6825,12800.0,450.2,0.43
6826,21450.0,216.4,0.48
6827,21450.0,216.4,0.48
6828,21450.0,216.4,0.48
6829,22500.0,216.4,0.48
6830,22500.0,216.4,0.48
6831,32200.0,216.4,0.48
6832,32200.0,216.4,0.48
6833,34500.0,450.2,0.43
6834,34500.0,450.2,0.43
6835,34500.0,450.2,0.43
6836,27180.0,216.4,0.48
6837,27180.0,216.4,0.48
6838,27180.0,216.4,0.48
6839,8580.0,450.2,0.43
6840,21450.0,216.4,0.48
6841,21450.0,216.4,0.48
6842,50025000.0,216.4,0.48
6843,50025000.0,216.4,0.48
6844,32175000.0,216.4,0.48
6845,32175000.0,216.4,0.48
6846,40770000.0,216.4,0.48
6847,40770000.0,216.4,0.48
6848,40770000.0,216.4,0.48
6849,8904000.0,450.2,0.43
6850,8904000.0,450.2,0.43
6851,12800.0,450.2,0.43
6852,22500.0,216.4,0.48
6853,22500.0,216.4,0.48
6854,36512000.0,216.4,0.48
6855,36512000.0,216.4,0.48
6856,13800000.0,216.4,0.48
6857,13800000.0,216.4,0.48
6858,13616000.0,216.4,0.48
6859,13616000.0,216.4,0.48
6860,11600000.0,450.2,0.43
6861,11600000.0,450.2,0.43
6862,10640000.0,450.2,0.43
6863,10640000.0,450.2,0.43
6864,14260000.0,450.2,0.43
6865,14260000.0,450.2,0.43
6866,13340000.0,216.4,0.48
6867,13340000.0,216.4,0.48
6868,14000000.0,450.2,0.43
6869,14000000.0,450.2,0.43
6870,10440000.0,450.2,0.43
6871,10440000.0,450.2,0.43
6872,10440000.0,450.2,0.43
6873,22500.0,216.4,0.48
6874,22500.0,216.4,0.48
6875,21450.0,216.4,0.48
6876,21450.0,216.4,0.48
6877,21450.0,216.4,0.48
6878,8580.0,450.2,0.43
6879,8580.0,450.2,0.43
6880,8580.0,450.2,0.43
6881,21450.0,216.4,0.48
6882,21450.0,216.4,0.48
6883,21450.0,216.4,0.48
6884,21450.0,216.4,0.48
6885,21450.0,216.4,0.48
6886,21450.0,216.4,0.48
6887,21450.0,216.4,0.48
6888,21450.0,216.4,0.48
6889,12800.0,450.2,0.43
6890,12800.0,450.2,0.43
6891,36800.0,216.4,0.48
6892,36800.0,216.4,0.48
6893,36800.0,216.4,0.48
6894,21450.0,216.4,0.48
6895,21450.0,216.4,0.48
6896,21450.0,216.4,0.48
6897,27180.0,216.4,0.48
6898,27180.0,216.4,0.48
6899,27180.0,216.4,0.48
6900,35190.0,216.4,0.48
6901,35190.0,216.4,0.48
6902,35190.0,216.4,0.48
6903,5680.0,216.4,0.48
6904,5680.0,216.4,0.48
6905,5680.0,216.4,0.48
6906,22500.0,216.4,0.48
6907,21450.0,216.4,0.48
6908,21450.0,216.4,0.48
6909,21450.0,216.4,0.48
6910,21450.0,216.4,0.48
6911,21450.0,216.4,0.48
6912,8580000.0,216.4,0.48
6913,8580000.0,216.4,0.48
6914,8580000.0,216.4,0.48
6915,22500.0,216.4,0.48
6916,35190.0,216.4,0.48
6917,35190.0,216.4,0.48
6918,35190.0,216.4,0.48
6919,21450.0,216.4,0.48
6920,21450.0,216.4,0.48
6921,36800.0,450.2,0.43
6922,12800000.0,450.2,0.43
6923,12800000.0,450.2,0.43
6924,12800000.0,450.2,0.43
6925,32175000.0,216.4,0.48
6926,32175000.0,216.4,0.48
6927,32175000.0,216.4,0.48
6928,21450.0,216.4,0.48
6929,32175000.0,216.4,0.48
6930,32175000.0,216.4,0.48
6931,32175000.0,216.4,0.48
6932,14076000.0,216.4,0.48
6933,14076000.0,216.4,0.48
6934,14076000.0,216.4,0.48
6935,21450.0,216.4,0.48
6936,36800.0,450.2,0.43
6937,36800.0,450.2,0.43
6938,36800.0,450.2,0.43
6939,32000.0,450.2,0.43
6940,32000.0,450.2,0.43
6941,32000.0,450.2,0.43
6942,5680.0,216.4,0.48
6943,5680.0,216.4,0.48
6944,5680.0,216.4,0.48
6945,35000.0,450.2,0.43
6946,35000.0,450.2,0.43
6947,35000.0,450.2,0.43
6948,36800.0,216.4,0.48
6949,36800.0,216.4,0.48
6950,28800.0,450.2,0.43
6951,28800.0,450.2,0.43
6952,28800.0,450.2,0.43
6953,12800000.0,450.2,0.43
6954,12800000.0,450.2,0.43
6955,12800000.0,450.2,0.43
6956,14720000.0,450.2,0.43
6957,14720000.0,450.2,0.43
6958,14720000.0,450.2,0.43
6959,10296000.0,450.2,0.43
6960,10296000.0,450.2,0.43
6961,10296000.0,450.2,0.43
6962,14784000.0,216.4,0.48
6963,14784000.0,216.4,0.48
6964,14784000.0,216.4,0.48
6965,11520000.0,450.2,0.43
6966,11520000.0,450.2,0.43
6967,11520000.0,450.2,0.43
6968,13340000.0,216.4,0.48
6969,13340000.0,216.4,0.48
6970,13440000.0,216.4,0.48
6971,13440000.0,216.4,0.48
6972,13440000.0,216.4,0.48
6973,13800000.0,450.2,0.43
6974,13800000.0,450.2,0.43
6975,13800000.0,450.2,0.43
6976,15360000.0,450.2,0.43
6977,15360000.0,450.2,0.43
6978,14720000.0,216.4,0.48
6979,14720000.0,216.4,0.48
6980,12880000.0,216.4,0.48
6981,12880000.0,216.4,0.48
6982,22500.0,216.4,0.48
6983,32175000.0,216.4,0.48
6984,32175000.0,216.4,0.48
6985,52785000.0,216.4,0.48
6986,52785000.0,216.4,0.48
6987,52785000.0,216.4,0.48
6988,43200000.0,450.2,0.43
6989,43200000.0,450.2,0.43
6990,43200000.0,450.2,0.43
6991,14076000.0,216.4,0.48
6992,14076000.0,216.4,0.48
6993,14076000.0,216.4,0.48
6994,13892000.0,216.4,0.48
6995,25740.0,450.2,0.43
6996,25740.0,450.2,0.43
6997,25740.0,450.2,0.43
6998,59850000.0,216.4,0.48
6999,59850000.0,216.4,0.48
7000,59850000.0,216.4,0.48
7001,8904000.0,450.2,0.43
7002,8904000.0,450.2,0.43
7003,50025000.0,216.4,0.48
7004,50025000.0,216.4,0.48
7005,40770000.0,216.4,0.48
7006,40770000.0,216.4,0.48
7007,40770000.0,216.4,0.48
7008,33390000.0,450.2,0.43
7009,33390000.0,450.2,0.43
7010,33390000.0,450.2,0.43
7011,32175000.0,216.4,0.48
7012,32175000.0,216.4,0.48
7013,32175000.0,216.4,0.48
7014,8520000.0,216.4,0.48
7015,8520000.0,216.4,0.48
7016,32175000.0,216.4,0.48
7017,32175000.0,216.4,0.48
7018,32175000.0,216.4,0.48
7019,32175000.0,216.4,0.48
7020,22260.0,450.2,0.43
7021,22260.0,450.2,0.43
7022,8904000.0,450.2,0.43
7023,8904000.0,450.2,0.43
7024,8580000.0,216.4,0.48
7025,8580000.0,216.4,0.48
7026,22500.0,216.4,0.48
7027,38610000.0,450.2,0.43
7028,38610000.0,450.2,0.43
7029,50025000.0,216.4,0.48
7030,50025000.0,216.4,0.48
7031,8520000.0,216.4,0.48
7032,12870000.0,450.2,0.43
7033,12870000.0,450.2,0.43
7034,21450.0,216.4,0.48
7035,21450.0,216.4,0.48
7036,21450.0,216.4,0.48
7037,21450.0,216.4,0.48
7038,21450.0,216.4,0.48
7039,21450.0,216.4,0.48
7040,36800.0,216.4,0.48
7041,36800.0,216.4,0.48
7042,36800.0,216.4,0.48
7043,8580.0,450.2,0.43
7044,8580.0,450.2,0.43
7045,8580.0,450.2,0.43
7046,5680.0,216.4,0.48
7047,5680.0,216.4,0.48
7048,5680.0,216.4,0.48
7049,35190.0,216.4,0.48
7050,35190.0,216.4,0.48
7051,22500.0,216.4,0.48
7052,40770000.0,216.4,0.48
7053,40770000.0,216.4,0.48
7054,21450.0,216.4,0.48
7055,21450.0,216.4,0.48
7056,27180.0,216.4,0.48
7057,27180.0,216.4,0.48
7058,27180.0,216.4,0.48
7059,34730.0,216.4,0.48
7060,34730.0,216.4,0.48
7061,34730.0,216.4,0.48
7062,25740.0,450.2,0.43
7063,25740.0,450.2,0.43
7064,25740.0,450.2,0.43
7065,36800.0,216.4,0.48
7066,36800.0,216.4,0.48
7067,36800.0,216.4,0.48
7068,21450.0,216.4,0.48
7069,21450.0,216.4,0.48
7070,21450.0,216.4,0.48
7071,5680.0,216.4,0.48
7072,5680.0,216.4,0.48
7073,5680.0,216.4,0.48
7074,36800.0,216.4,0.48
7075,36800.0,216.4,0.48
7076,36800.0,216.4,0.48
7077,37500.0,450.2,0.43
7078,37500.0,450.2,0.43
7079,37500.0,450.2,0.43
7080,32000.0,450.2,0.43
7081,32000.0,450.2,0.43
7082,21450.0,216.4,0.48
7083,21450.0,216.4,0.48
7084,21450.0,216.4,0.48
7085,36800.0,216.4,0.48
7086,36800.0,216.4,0.48
7087,36800.0,216.4,0.48
7088,32175000.0,216.4,0.48
7089,32175000.0,216.4,0.48
7090,32175000.0,216.4,0.48
7091,32175000.0,216.4,0.48
7092,32175000.0,216.4,0.48
7093,52785000.0,216.4,0.48
7094,52785000.0,216.4,0.48
7095,22500.0,216.4,0.48
7096,8580000.0,216.4,0.48
7097,8580000.0,216.4,0.48
7098,8580000.0,216.4,0.48
7099,14784000.0,216.4,0.48
7100,14784000.0,216.4,0.48
7101,14784000.0,216.4,0.48
7102,14720000.0,216.4,0.48
7103,14720000.0,216.4,0.48
7104,14720000.0,216.4,0.48
7105,13340000.0,216.4,0.48
7106,13340000.0,216.4,0.48
7107,13340000.0,216.4,0.48
7108,12800000.0,450.2,0.43
7109,12800000.0,450.2,0.43
7110,13892000.0,216.4,0.48
7111,13892000.0,216.4,0.48
7112,13892000.0,216.4,0.48
7113,21450.0,216.4,0.48
7114,22500.0,216.4,0.48
7115,21450.0,216.4,0.48
7116,21450.0,216.4,0.48
7117,21450.0,216.4,0.48
7118,21450.0,216.4,0.48
7119,22500.0,216.4,0.48
7120,22500.0,216.4,0.48
7121,22500.0,216.4,0.48
7122,22500.0,216.4,0.48
7123,21450.0,216.4,0.48
7124,21450.0,216.4,0.48
7125,8520000.0,216.4,0.48
7126,8520000.0,216.4,0.48
7127,8520000.0,216.4,0.48
7128,32175000.0,216.4,0.48
7129,32175000.0,216.4,0.48
7130,32175000.0,216.4,0.48
7131,32175000.0,216.4,0.48
7132,5680.0,216.4,0.48
7133,5680.0,216.4,0.48
7134,8904000.0,450.2,0.43
7135,8904000.0,450.2,0.43
7136,8580000.0,216.4,0.48
7137,8580000.0,216.4,0.48
7138,8580000.0,216.4,0.48
7139,22260.0,450.2,0.43
7140,22260.0,450.2,0.43
7141,33390000.0,450.2,0.43
7142,33390000.0,450.2,0.43
7143,33390000.0,450.2,0.43
7144,22500.0,216.4,0.48
7145,25740.0,450.2,0.43
7146,25740.0,450.2,0.43
7147,5680.0,216.4,0.48
7148,5680.0,216.4,0.48
7149,5680.0,216.4,0.48
7150,21450.0,216.4,0.48
7151,21450.0,216.4,0.48
7152,40770000.0,216.4,0.48
7153,40770000.0,216.4,0.48
7154,40770000.0,216.4,0.48
7155,52785000.0,216.4,0.48
7156,8520000.0,216.4,0.48
7157,22500.0,216.4,0.48
7158,5680.0,216.4,0.48
7159,5680.0,216.4,0.48
7160,22500.0,216.4,0.48
7161,32175000.0,216.4,0.48
7162,32175000.0,216.4,0.48
7163,21450.0,216.4,0.48
7164,21450.0,216.4,0.48
7165,21450.0,216.4,0.48
7166,40770000.0,216.4,0.48
7167,40770000.0,216.4,0.48
7168,40770000.0,216.4,0.48
7169,52785000.0,216.4,0.48
7170,52785000.0,216.4,0.48
7171,52785000.0,216.4,0.48
7172,21450.0,216.4,0.48
7173,21450.0,216.4,0.48
7174,21450.0,216.4,0.48
7175,22500.0,216.4,0.48
7176,22500.0,216.4,0.48
7177,21450.0,216.4,0.48
7178,21450.0,216.4,0.48
7179,21450.0,216.4,0.48
7180,21450.0,216.4,0.48
7181,22500.0,216.4,0.48
7182,14720000.0,216.4,0.48
7183,14720000.0,216.4,0.48
7184,14720000.0,216.4,0.48
7185,29000.0,450.2,0.43
7186,29000.0,450.2,0.43
7187,29000.0,450.2,0.43
7188,22500.0,216.4,0.48
7189,52785000.0,216.4,0.48
7190,52785000.0,216.4,0.48
7191,52785000.0,216.4,0.48
7192,8520000.0,216.4,0.48
7193,8520000.0,216.4,0.48
7194,8520000.0,216.4,0.48
7195,22500.0,216.4,0.48
7196,8580000.0,216.4,0.48
7197,8580000.0,216.4,0.48
7198,8580000.0,216.4,0.48
7199,14720000.0,216.4,0.48
7200,14720000.0,216.4,0.48
7201,14720000.0,216.4,0.48
7202,14260000.0,450.2,0.43
7203,14260000.0,450.2,0.43
7204,14720000.0,450.2,0.43
7205,14720000.0,450.2,0.43
7206,10872000.0,216.4,0.48
7207,10872000.0,216.4,0.48
7208,10872000.0,216.4,0.48
7209,15000000.0,450.2,0.43
7210,15000000.0,450.2,0.43
7211,15360000.0,450.2,0.43
7212,15360000.0,450.2,0.43
7213,8580000.0,216.4,0.48
7214,8580000.0,216.4,0.48
7215,8580000.0,216.4,0.48
7216,29000.0,450.2,0.43
7217,29000.0,450.2,0.43
7218,21450.0,216.4,0.48
7219,21450.0,216.4,0.48
7220,21450.0,216.4,0.48
7221,8904000.0,450.2,0.43
7222,8904000.0,450.2,0.43
7223,14800000.0,450.2,0.43
7224,14800000.0,450.2,0.43
7225,14800000.0,450.2,0.43
7226,13616000.0,216.4,0.48
7227,13616000.0,216.4,0.48
7228,16128000.0,216.4,0.48
7229,16128000.0,216.4,0.48
7230,16128000.0,216.4,0.48
7231,13800000.0,450.2,0.43
7232,13800000.0,450.2,0.43
7233,13800000.0,450.2,0.43
7234,13020000.0,216.4,0.48
7235,13020000.0,216.4,0.48
7236,22500.0,216.4,0.48
7237,3432000.0,450.2,0.43
7238,3432000.0,450.2,0.43
7239,3432000.0,450.2,0.43
7240,25740.0,450.2,0.43
7241,25740.0,450.2,0.43
7242,48825000.0,216.4,0.48
7243,48825000.0,216.4,0.48
7244,48825000.0,216.4,0.48
7245,38610000.0,450.2,0.43
7246,38610000.0,450.2,0.43
7247,38610000.0,450.2,0.43
7248,5680.0,216.4,0.48
7249,5680.0,216.4,0.48
7250,5680.0,216.4,0.48
7251,21450.0,216.4,0.48
7252,21450.0,216.4,0.48
7253,36800.0,216.4,0.48
7254,36800.0,216.4,0.48
7255,36800.0,216.4,0.48
7256,36800.0,216.4,0.48
7257,36800.0,216.4,0.48
7258,36800.0,216.4,0.48
7259,37500.0,450.2,0.43
7260,32000.0,450.2,0.43
7261,32000.0,450.2,0.43
7262,32000.0,450.2,0.43
7263,29000.0,450.2,0.43
7264,29000.0,450.2,0.43
7265,36800.0,216.4,0.48
7266,36800.0,216.4,0.48
7267,22500.0,216.4,0.48
7268,12800000.0,450.2,0.43
7269,12800000.0,450.2,0.43
7270,12800000.0,450.2,0.43
7271,14260000.0,450.2,0.43
7272,14260000.0,450.2,0.43
7273,14260000.0,450.2,0.43
7274,14720000.0,450.2,0.43
7275,14720000.0,450.2,0.43
7276,14720000.0,450.2,0.43
7277,15360000.0,450.2,0.43
7278,15360000.0,450.2,0.43
7279,15360000.0,450.2,0.43
7280,15360000.0,450.2,0.43
7281,52785000.0,216.4,0.48
7282,22500.0,216.4,0.48
7283,22500.0,216.4,0.48
7284,22500.0,216.4,0.48
7285,8520000.0,216.4,0.48
7286,8520000.0,216.4,0.48
7287,8520000.0,216.4,0.48
7288,12880000.0,216.4,0.48
7289,12880000.0,216.4,0.48
7290,12880000.0,216.4,0.48
7291,13800000.0,450.2,0.43
7292,13800000.0,450.2,0.43
7293,13800000.0,450.2,0.43
7294,14720000.0,450.2,0.43
7295,14720000.0,450.2,0.43
7296,14720000.0,450.2,0.43
7297,13800000.0,450.2,0.43
7298,13800000.0,450.2,0.43
7299,13800000.0,450.2,0.43
7300,12800000.0,450.2,0.43
7301,12800000.0,450.2,0.43
7302,12800000.0,450.2,0.43
7303,14720000.0,216.4,0.48
7304,14720000.0,216.4,0.48
7305,14000000.0,450.2,0.43
7306,14000000.0,450.2,0.43
7307,14000000.0,450.2,0.43
7308,23780000.0,450.2,0.43
7309,23780000.0,450.2,0.43
7310,23780000.0,450.2,0.43
7311,14720000.0,450.2,0.43
7312,14720000.0,450.2,0.43
7313,15360000.0,450.2,0.43
7314,15360000.0,450.2,0.43
7315,43200000.0,450.2,0.43
7316,43200000.0,450.2,0.43
7317,43200000.0,450.2,0.43
7318,22500.0,216.4,0.48
7319,50025000.0,216.4,0.48
7320,50025000.0,216.4,0.48
7321,32175000.0,216.4,0.48
7322,32175000.0,216.4,0.48
7323,32175000.0,216.4,0.48
7324,32175000.0,216.4,0.48
7325,12870000.0,450.2,0.43
7326,12870000.0,450.2,0.43
7327,8520000.0,216.4,0.48
7328,8520000.0,216.4,0.48
7329,50025000.0,216.4,0.48
7330,50025000.0,216.4,0.48
7331,32175000.0,216.4,0.48
7332,32175000.0,216.4,0.48
7333,12870000.0,450.2,0.43
7334,12870000.0,450.2,0.43
7335,8580.0,450.2,0.43
7336,8580.0,450.2,0.43
7337,8580.0,450.2,0.43
7338,8580.0,450.2,0.43
7339,8580.0,450.2,0.43
7340,32175000.0,216.4,0.48
7341,32175000.0,216.4,0.48
7342,32175000.0,216.4,0.48
7343,13800000.0,450.2,0.43
7344,13800000.0,450.2,0.43
7345,13800000.0,450.2,0.43
7346,13800000.0,450.2,0.43
7347,13800000.0,450.2,0.43
7348,13800000.0,450.2,0.43
7349,14720000.0,216.4,0.48
7350,14720000.0,216.4,0.48
7351,14720000.0,216.4,0.48
7352,23780000.0,450.2,0.43
7353,23780000.0,450.2,0.43
7354,23780000.0,450.2,0.43
7355,11520000.0,450.2,0.43
7356,11520000.0,450.2,0.43
7357,11520000.0,450.2,0.43
7358,13800000.0,450.2,0.43
7359,13800000.0,450.2,0.43
7360,15360000.0,450.2,0.43
7361,15360000.0,450.2,0.43
7362,15360000.0,450.2,0.43
7363,5216000.0,216.4,0.48
7364,5216000.0,216.4,0.48
7365,5216000.0,216.4,0.48
7366,14000000.0,450.2,0.43
7367,14000000.0,450.2,0.43
7368,14000000.0,450.2,0.43
7369,11200000.0,450.2,0.43
7370,11200000.0,450.2,0.43
7371,11200000.0,450.2,0.43
7372,18360000.0,450.2,0.43
7373,18360000.0,450.2,0.43
7374,8580000.0,216.4,0.48
7375,16128000.0,216.4,0.48
7376,16128000.0,216.4,0.48
7377,16128000.0,216.4,0.48
7378,22500.0,216.4,0.48
7379,60480000.0,216.4,0.48
7380,60480000.0,216.4,0.48
7381,60480000.0,216.4,0.48
7382,13800000.0,450.2,0.43
7383,13800000.0,450.2,0.43
7384,13340000.0,450.2,0.43
7385,13340000.0,450.2,0.43
7386,16128000.0,216.4,0.48
7387,16128000.0,216.4,0.48
7388,16128000.0,216.4,0.48
7389,13800000.0,450.2,0.43
7390,13800000.0,450.2,0.43
7391,13800000.0,450.2,0.43
7392,13020000.0,216.4,0.48
7393,13020000.0,216.4,0.48
7394,10640000.0,450.2,0.43
7395,10640000.0,450.2,0.43
7396,10640000.0,450.2,0.43
7397,13340000.0,216.4,0.48
7398,13340000.0,216.4,0.48
7399,8580000.0,216.4,0.48
7400,8580000.0,216.4,0.48
7401,8580000.0,216.4,0.48
7402,13892000.0,216.4,0.48
7403,13892000.0,216.4,0.48
7404,18360000.0,450.2,0.43
7405,18360000.0,450.2,0.43
7406,18360000.0,450.2,0.43
7407,13800000.0,216.4,0.48
7408,13800000.0,216.4,0.48
7409,13800000.0,216.4,0.48
7410,14000000.0,450.2,0.43
7411,14000000.0,450.2,0.43
7412,13616000.0,216.4,0.48
7413,13616000.0,216.4,0.48
7414,14720000.0,450.2,0.43
7415,14720000.0,450.2,0.43
7416,14720000.0,450.2,0.43
7417,14720000.0,216.4,0.48
7418,14720000.0,216.4,0.48
7419,14000000.0,450.2,0.43
7420,14000000.0,450.2,0.43
7421,13340000.0,450.2,0.43
7422,13340000.0,450.2,0.43
7423,36512000.0,216.4,0.48
7424,36512000.0,216.4,0.48
7425,13920000.0,450.2,0.43
7426,13920000.0,450.2,0.43
7427,13920000.0,450.2,0.43
7428,28416000.0,216.4,0.48
7429,11520000.0,450.2,0.43
7430,11520000.0,450.2,0.43
7431,15360000.0,450.2,0.43
7432,15360000.0,450.2,0.43
7433,14720000.0,450.2,0.43
7434,14720000.0,450.2,0.43
7435,13020000.0,216.4,0.48
7436,13020000.0,216.4,0.48
7437,12870000.0,450.2,0.43
7438,12870000.0,450.2,0.43
7439,12870000.0,450.2,0.43
7440,51750000.0,450.2,0.43
7441,51750000.0,450.2,0.43
7442,51750000.0,216.4,0.48
7443,51750000.0,216.4,0.48
7444,51750000.0,216.4,0.48
7445,40500000.0,216.4,0.48
7446,40500000.0,216.4,0.48
7447,52500000.0,450.2,0.43
7448,52500000.0,450.2,0.43
7449,52500000.0,450.2,0.43
7450,32175000.0,216.4,0.48
7451,32175000.0,216.4,0.48
7452,32175000.0,216.4,0.48
7453,55200000.0,450.2,0.43
7454,55200000.0,450.2,0.43
7455,38610000.0,450.2,0.43
7456,38610000.0,450.2,0.43
7457,38610000.0,450.2,0.43
7458,55200000.0,216.4,0.48
7459,55200000.0,216.4,0.48
7460,52500000.0,450.2,0.43
7461,52500000.0,450.2,0.43
7462,53475000.0,450.2,0.43
7463,53475000.0,450.2,0.43
7464,32175000.0,216.4,0.48
7465,32175000.0,216.4,0.48
7466,22500.0,216.4,0.48
7467,12870000.0,450.2,0.43
7468,12870000.0,450.2,0.43
7469,12870000.0,450.2,0.43
7470,48825000.0,216.4,0.48
7471,48825000.0,216.4,0.48
7472,48825000.0,216.4,0.48
7473,38610000.0,450.2,0.43
7474,38610000.0,450.2,0.43
7475,38610000.0,450.2,0.43
7476,32175000.0,216.4,0.48
7477,32175000.0,216.4,0.48
7478,32175000.0,216.4,0.48
7479,51750000.0,216.4,0.48
7480,51750000.0,216.4,0.48
7481,51750000.0,216.4,0.48
7482,55200000.0,216.4,0.48
7483,55200000.0,216.4,0.48
7484,55200000.0,216.4,0.48
7485,8520000.0,216.4,0.48
7486,8520000.0,216.4,0.48
7487,53475000.0,450.2,0.43
7488,53475000.0,450.2,0.43
7489,55200000.0,450.2,0.43
7490,55200000.0,450.2,0.43
7491,59850000.0,216.4,0.48
7492,59850000.0,216.4,0.48
7493,55200000.0,450.2,0.43
7494,50025000.0,216.4,0.48
7495,50025000.0,216.4,0.48
7496,32175000.0,216.4,0.48
7497,32175000.0,216.4,0.48
7498,8580.0,450.2,0.43
7499,8580.0,450.2,0.43
7500,32175000.0,216.4,0.48
7501,32175000.0,216.4,0.48
7502,32175000.0,216.4,0.48
7503,32175000.0,216.4,0.48
7504,32175000.0,216.4,0.48
7505,51750000.0,216.4,0.48
7506,51750000.0,216.4,0.48
7507,600000.0,366.7,0.33
7508,600000.0,366.7,0.33
7509,8580.0,450.2,0.43
7510,8580.0,450.2,0.43
7511,21450.0,216.4,0.48
7512,21450.0,216.4,0.48
7513,22500.0,216.4,0.48
7514,8580.0,450.2,0.43
7515,8580.0,450.2,0.43
7516,8580.0,450.2,0.43
7517,36800.0,216.4,0.48
7518,36800.0,216.4,0.48
7519,36800.0,216.4,0.48
7520,34500.0,450.2,0.43
7521,34500.0,450.2,0.43
7522,34500.0,450.2,0.43
7523,27000.0,216.4,0.48
7524,27000.0,216.4,0.48
7525,36800.0,216.4,0.48
7526,36800.0,216.4,0.48
7527,34500.0,450.2,0.43
7528,34500.0,450.2,0.43
7529,34500.0,450.2,0.43
7530,34800.0,450.2,0.43
7531,34800.0,450.2,0.43
7532,33350.0,216.4,0.48
7533,33350.0,216.4,0.48
7534,21450.0,216.4,0.48
7535,21450.0,216.4,0.48
7536,26600.0,450.2,0.43
7537,26600.0,450.2,0.43
7538,50025000.0,450.2,0.43
7539,50025000.0,450.2,0.43
7540,12800000.0,450.2,0.43
7541,12800000.0,450.2,0.43
7542,12800000.0,450.2,0.43
7543,14720000.0,450.2,0.43
7544,14720000.0,450.2,0.43
7545,14720000.0,450.2,0.43
7546,15360000.0,450.2,0.43
7547,15360000.0,450.2,0.43
7548,15000000.0,450.2,0.43
7549,15000000.0,450.2,0.43
7550,10872000.0,216.4,0.48
7551,10872000.0,216.4,0.48
7552,10872000.0,216.4,0.48
7553,8580000.0,216.4,0.48
7554,8580000.0,216.4,0.48
7555,8580000.0,216.4,0.48
7556,12800000.0,450.2,0.43
7557,12800000.0,450.2,0.43
7558,21450.0,216.4,0.48
7559,21450.0,216.4,0.48
7560,21450.0,216.4,0.48
7561,36800.0,450.2,0.43
7562,36800.0,450.2,0.43
7563,38400.0,450.2,0.43
7564,40500000.0,216.4,0.48
7565,13800000.0,450.2,0.43
7566,13800000.0,450.2,0.43
7567,13800000.0,450.2,0.43
7568,23780000.0,450.2,0.43
7569,23780000.0,450.2,0.43
7570,12800000.0,450.2,0.43
7571,12800000.0,450.2,0.43
7572,12800000.0,450.2,0.43
7573,14000000.0,450.2,0.43
7574,14000000.0,450.2,0.43
7575,14000000.0,450.2,0.43
7576,14720000.0,450.2,0.43
7577,14720000.0,450.2,0.43
7578,14720000.0,450.2,0.43
7579,15360000.0,450.2,0.43
7580,15360000.0,450.2,0.43
7581,15360000.0,450.2,0.43
7582,11520000.0,450.2,0.43
7583,11520000.0,450.2,0.43
7584,2272000.0,216.4,0.48
7585,2272000.0,216.4,0.48
7586,2272000.0,216.4,0.48
7587,14784000.0,216.4,0.48
7588,14784000.0,216.4,0.48
7589,14784000.0,216.4,0.48
7590,13340000.0,450.2,0.43
7591,13340000.0,450.2,0.43
7592,15360000.0,450.2,0.43
7593,15360000.0,450.2,0.43
7594,15360000.0,450.2,0.43
7595,13800000.0,450.2,0.43
7596,13800000.0,450.2,0.43
7597,13800000.0,450.2,0.43
7598,17760000.0,450.2,0.43
7599,17760000.0,450.2,0.43
7600,60480000.0,216.4,0.48
7601,15360000.0,450.2,0.43
7602,15360000.0,450.2,0.43
7603,14720000.0,450.2,0.43
7604,14720000.0,450.2,0.43
7605,14720000.0,450.2,0.43
7606,14720000.0,450.2,0.43
7607,13340000.0,450.2,0.43
7608,13340000.0,450.2,0.43
7609,12800000.0,450.2,0.43
7610,12800000.0,450.2,0.43
7611,36800.0,450.2,0.43
7612,36800.0,450.2,0.43
7613,38400.0,450.2,0.43
7614,38400.0,450.2,0.43
7615,32175000.0,216.4,0.48
7616,32175000.0,216.4,0.48
7617,32175000.0,216.4,0.48
7618,22500.0,216.4,0.48
7619,21450.0,216.4,0.48
7620,21450.0,216.4,0.48
7621,22500.0,216.4,0.48
7622,22500.0,216.4,0.48
7623,22500.0,216.4,0.48
7624,36800.0,450.2,0.43
7625,36800.0,450.2,0.43
7626,36800.0,450.2,0.43
7627,34500.0,450.2,0.43
7628,34500.0,450.2,0.43
7629,34500.0,450.2,0.43
7630,36800.0,216.4,0.48
7631,36800.0,216.4,0.48
7632,36800.0,216.4,0.48
7633,36800.0,216.4,0.48
7634,28800.0,450.2,0.43
7635,28800.0,450.2,0.43
7636,28800.0,450.2,0.43
7637,32000.0,450.2,0.43
7638,32000.0,450.2,0.43
7639,32000.0,450.2,0.43
7640,14720000.0,216.4,0.48
7641,14720000.0,216.4,0.48
7642,14720000.0,450.2,0.43
7643,14720000.0,450.2,0.43
7644,14720000.0,450.2,0.43
7645,12800000.0,450.2,0.43
7646,12800000.0,450.2,0.43
7647,12800000.0,450.2,0.43
7648,11520000.0,450.2,0.43
7649,11520000.0,450.2,0.43
7650,11520000.0,450.2,0.43
7651,55200000.0,450.2,0.43
7652,55200000.0,450.2,0.43
7653,55200000.0,450.2,0.43
7654,32175000.0,216.4,0.48
7655,32175000.0,216.4,0.48
7656,8520000.0,216.4,0.48
7657,8520000.0,216.4,0.48
7658,8520000.0,216.4,0.48
7659,32175000.0,216.4,0.48
7660,32175000.0,216.4,0.48
7661,32175000.0,216.4,0.48
7662,43200000.0,450.2,0.43
7663,43200000.0,450.2,0.43
7664,43200000.0,450.2,0.43
7665,55200000.0,450.2,0.43
7666,55200000.0,450.2,0.43
7667,14720000.0,450.2,0.43
7668,14720000.0,450.2,0.43
7669,14720000.0,450.2,0.43
7670,36800.0,450.2,0.43
7671,36800.0,450.2,0.43
7672,36800.0,450.2,0.43
7673,22500.0,216.4,0.48
7674,15360000.0,450.2,0.43
7675,15360000.0,450.2,0.43
7676,15360000.0,450.2,0.43
7677,12800000.0,450.2,0.43
7678,12800000.0,450.2,0.43
7679,12800000.0,450.2,0.43
7680,13248000.0,450.2,0.43
7681,13248000.0,450.2,0.43
7682,13248000.0,450.2,0.43
7683,14720000.0,450.2,0.43
7684,14720000.0,450.2,0.43
7685,14720000.0,450.2,0.43
7686,36800.0,450.2,0.43
7687,38400.0,450.2,0.43
7688,38400.0,450.2,0.43
7689,21450.0,216.4,0.48
7690,21450.0,216.4,0.48
7691,21450.0,216.4,0.48
7692,22500.0,216.4,0.48
7693,15360000.0,450.2,0.43
7694,15360000.0,450.2,0.43
7695,15360000.0,450.2,0.43
7696,13248000.0,450.2,0.43
7697,13248000.0,450.2,0.43
7698,14720000.0,450.2,0.43
7699,14720000.0,450.2,0.43
7700,14720000.0,450.2,0.43
7701,12800000.0,450.2,0.43
7702,12800000.0,450.2,0.43
7703,12800000.0,450.2,0.43
7704,16576000.0,450.2,0.43
7705,16576000.0,450.2,0.43
7706,14720000.0,450.2,0.43
7707,14720000.0,450.2,0.43
7708,14720000.0,450.2,0.43
7709,22500.0,216.4,0.48
7710,21450.0,216.4,0.48
7711,21450.0,216.4,0.48
7712,21450.0,216.4,0.48
7713,36800.0,450.2,0.43
7714,36800.0,450.2,0.43
7715,38400.0,450.2,0.43
7716,38400.0,450.2,0.43
7717,38400.0,450.2,0.43
7718,8580000.0,216.4,0.48
7719,12800000.0,450.2,0.43
7720,12800000.0,450.2,0.43
7721,12800000.0,450.2,0.43
7722,14720000.0,450.2,0.43
7723,14720000.0,450.2,0.43
7724,14720000.0,450.2,0.43
7725,13248000.0,450.2,0.43
7726,13248000.0,450.2,0.43
7727,13248000.0,450.2,0.43
7728,40500000.0,216.4,0.48
7729,40500000.0,216.4,0.48
7730,15360000.0,450.2,0.43
7731,15360000.0,450.2,0.43
7732,15360000.0,450.2,0.43
7733,11520000.0,450.2,0.43
7734,11520000.0,450.2,0.43
7735,11520000.0,450.2,0.43
7736,14720000.0,450.2,0.43
7737,14720000.0,450.2,0.43
7738,14720000.0,450.2,0.43
7739,12800000.0,450.2,0.43
7740,12800000.0,450.2,0.43
7741,14000000.0,450.2,0.43
7742,14000000.0,450.2,0.43
7743,21450.0,216.4,0.48
7744,21450.0,216.4,0.48
7745,21450.0,216.4,0.48
7746,22500.0,216.4,0.48
7747,22500.0,216.4,0.48
7748,22500.0,216.4,0.48
7749,36800.0,450.2,0.43
7750,36800.0,450.2,0.43
7751,36800.0,450.2,0.43
7752,14720000.0,450.2,0.43
7753,14720000.0,450.2,0.43
7754,14720000.0,450.2,0.43
7755,12800000.0,450.2,0.43
7756,12800000.0,450.2,0.43
7757,13248000.0,450.2,0.43
7758,13248000.0,450.2,0.43
7759,13248000.0,450.2,0.43
7760,15360000.0,450.2,0.43
7761,15360000.0,450.2,0.43
7762,15360000.0,450.2,0.43
7763,14720000.0,216.4,0.48
7764,14720000.0,216.4,0.48
7765,14720000.0,216.4,0.48
7766,22500.0,216.4,0.48
7767,14000000.0,450.2,0.43
7768,14000000.0,450.2,0.43
7769,12800000.0,450.2,0.43
7770,12800000.0,450.2,0.43
7771,22500.0,216.4,0.48
7772,22500.0,216.4,0.48
7773,22500.0,216.4,0.48
7774,14000000.0,450.2,0.43
7775,14000000.0,450.2,0.43
7776,11520000.0,450.2,0.43
7777,11520000.0,450.2,0.43
7778,12800000.0,450.2,0.43
7779,12800000.0,450.2,0.43
7780,12800000.0,450.2,0.43
7781,13340000.0,450.2,0.43
7782,13340000.0,450.2,0.43
7783,15360000.0,450.2,0.43
7784,15360000.0,450.2,0.43
7785,14720000.0,450.2,0.43
7786,14720000.0,450.2,0.43
7787,12880000.0,216.4,0.48
7788,12880000.0,216.4,0.48
7789,17760000.0,450.2,0.43
7790,17760000.0,450.2,0.43
7791,13800000.0,450.2,0.43
7792,13800000.0,450.2,0.43
7793,13800000.0,450.2,0.43
7794,17760000.0,450.2,0.43
7795,17760000.0,450.2,0.43
7796,13800000.0,450.2,0.43
7797,13800000.0,450.2,0.43
7798,13800000.0,450.2,0.43
7799,14720000.0,450.2,0.43
7800,14720000.0,450.2,0.43
7801,14720000.0,450.2,0.43
7802,12880000.0,216.4,0.48
7803,12880000.0,216.4,0.48
7804,10640000.0,450.2,0.43
7805,10640000.0,450.2,0.43
7806,13340000.0,216.4,0.48
7807,13340000.0,216.4,0.48
7808,13020000.0,216.4,0.48
7809,13020000.0,216.4,0.48
7810,14720000.0,216.4,0.48
7811,14720000.0,216.4,0.48
7812,14720000.0,216.4,0.48
7813,14000000.0,450.2,0.43
7814,14000000.0,450.2,0.43
7815,16128000.0,216.4,0.48
7816,16128000.0,216.4,0.48
7817,16128000.0,216.4,0.48
7818,13800000.0,216.4,0.48
7819,13800000.0,216.4,0.48
7820,10872000.0,216.4,0.48
7821,10872000.0,216.4,0.48
7822,10872000.0,216.4,0.48
7823,22500.0,216.4,0.48
7824,15360000.0,450.2,0.43
7825,15360000.0,450.2,0.43
7826,15360000.0,450.2,0.43
7827,11520000.0,450.2,0.43
7828,11520000.0,450.2,0.43
7829,11520000.0,450.2,0.43
7830,12800000.0,450.2,0.43
7831,12800000.0,450.2,0.43
7832,12800000.0,450.2,0.43
7833,14720000.0,450.2,0.43
7834,14720000.0,450.2,0.43
7835,14720000.0,450.2,0.43
7836,12880000.0,216.4,0.48
7837,12880000.0,216.4,0.48
7838,14000000.0,450.2,0.43
7839,14000000.0,450.2,0.43
7840,14000000.0,450.2,0.43
7841,10640000.0,450.2,0.43
7842,10640000.0,450.2,0.43
7843,13020000.0,216.4,0.48
7844,13020000.0,216.4,0.48
7845,14000000.0,450.2,0.43
7846,14000000.0,450.2,0.43
7847,14000000.0,450.2,0.43
7848,22500.0,216.4,0.48
7849,13800000.0,450.2,0.43
7850,13800000.0,450.2,0.43
7851,13800000.0,450.2,0.43
7852,13616000.0,216.4,0.48
7853,13616000.0,216.4,0.48
7854,13616000.0,216.4,0.48
7855,13800000.0,216.4,0.48
7856,13800000.0,216.4,0.48
7857,14720000.0,450.2,0.43
7858,14720000.0,450.2,0.43
7859,14720000.0,450.2,0.43
7860,14720000.0,450.2,0.43
7861,14720000.0,450.2,0.43
7862,14000000.0,450.2,0.43
7863,14000000.0,450.2,0.43
7864,13340000.0,450.2,0.43
7865,13340000.0,450.2,0.43
7866,13340000.0,450.2,0.43
7867,10872000.0,216.4,0.48
7868,10872000.0,216.4,0.48
7869,28416000.0,216.4,0.48
7870,28416000.0,216.4,0.48
7871,55200000.0,450.2,0.43
7872,55200000.0,450.2,0.43
7873,52500000.0,450.2,0.43
7874,52500000.0,450.2,0.43
7875,51750000.0,216.4,0.48
7876,51750000.0,216.4,0.48
7877,32175000.0,216.4,0.48
7878,32175000.0,216.4,0.48
7879,32175000.0,216.4,0.48
7880,53475000.0,450.2,0.43
7881,53475000.0,450.2,0.43
7882,89175000.0,450.2,0.43
7883,89175000.0,450.2,0.43
7884,50025000.0,450.2,0.43
7885,50025000.0,450.2,0.43
7886,32175000.0,216.4,0.48
7887,32175000.0,216.4,0.48
7888,32175000.0,216.4,0.48
7889,53475000.0,450.2,0.43
7890,53475000.0,450.2,0.43
7891,22500.0,216.4,0.48
7892,51750000.0,216.4,0.48
7893,51750000.0,216.4,0.48
7894,51750000.0,216.4,0.48
7895,53475000.0,450.2,0.43
7896,53475000.0,450.2,0.43
7897,32175000.0,216.4,0.48
7898,32175000.0,216.4,0.48
7899,32175000.0,216.4,0.48
7900,600000.0,366.7,0.33
7901,600000.0,366.7,0.33
7902,89175000.0,450.2,0.43
7903,89175000.0,450.2,0.43
7904,51750000.0,450.2,0.43
7905,51750000.0,450.2,0.43
7906,600000.0,366.7,0.33
7907,600000.0,366.7,0.33
7908,600000.0,366.7,0.33
7909,15360000.0,450.2,0.43
7910,15360000.0,450.2,0.43
7911,15360000.0,450.2,0.43
7912,13248000.0,450.2,0.43
7913,13248000.0,450.2,0.43
7914,12880000.0,216.4,0.48
7915,12880000.0,216.4,0.48
7916,14720000.0,450.2,0.43
7917,14720000.0,450.2,0.43
7918,14720000.0,450.2,0.43
7919,14260000.0,450.2,0.43
7920,14260000.0,450.2,0.43
7921,14720000.0,450.2,0.43
7922,14720000.0,450.2,0.43
7923,14720000.0,450.2,0.43
7924,12800000.0,450.2,0.43
7925,12800000.0,450.2,0.43
7926,12800000.0,450.2,0.43
7927,17760000.0,450.2,0.43
7928,17760000.0,450.2,0.43
7929,22500.0,216.4,0.48
7930,26100.0,450.2,0.43
7931,26100.0,450.2,0.43
7932,26100.0,450.2,0.43
7933,29000.0,450.2,0.43
7934,29000.0,450.2,0.43
7935,29000.0,450.2,0.43
7936,33350.0,450.2,0.43
7937,33350.0,450.2,0.43
7938,33350.0,450.2,0.43
7939,27900.0,450.2,0.43
7940,27900.0,450.2,0.43
7941,33350.0,450.2,0.43
7942,33350.0,450.2,0.43
7943,11520000.0,227.8,0.38
7944,11520000.0,227.8,0.38
7945,11520000.0,227.8,0.38
7946,11600000.0,450.2,0.43
7947,11600000.0,450.2,0.43
7948,11600000.0,450.2,0.43
7949,14260000.0,450.2,0.43
7950,14260000.0,450.2,0.43
7951,14260000.0,450.2,0.43
7952,10440000.0,450.2,0.43
7953,10440000.0,450.2,0.43
7954,10440000.0,450.2,0.43
7955,11160000.0,450.2,0.43
7956,11160000.0,450.2,0.43
7957,13248000.0,450.2,0.43
7958,13248000.0,450.2,0.43
7959,13248000.0,450.2,0.43
7960,14720000.0,450.2,0.43
7961,14720000.0,450.2,0.43
7962,14720000.0,450.2,0.43
7963,13340000.0,450.2,0.43
7964,13340000.0,450.2,0.43
7965,13340000.0,450.2,0.43
7966,11600000.0,450.2,0.43
7967,11600000.0,450.2,0.43
7968,11600000.0,450.2,0.43
7969,15360000.0,450.2,0.43
7970,15360000.0,450.2,0.43
7971,15360000.0,450.2,0.43
7972,12800000.0,450.2,0.43
7973,12800000.0,450.2,0.43
7974,12800000.0,450.2,0.43
7975,14720000.0,450.2,0.43
7976,14720000.0,450.2,0.43
7977,14720000.0,450.2,0.43
7978,16576000.0,450.2,0.43
7979,16576000.0,450.2,0.43
7980,16576000.0,450.2,0.43
7981,15960000.0,216.4,0.48
7982,15960000.0,216.4,0.48
7983,14000000.0,450.2,0.43
7984,14000000.0,450.2,0.43
7985,2272000.0,216.4,0.48
7986,2272000.0,216.4,0.48
7987,2272000.0,216.4,0.48
7988,13340000.0,216.4,0.48
7989,13340000.0,216.4,0.48
7990,11600000.0,450.2,0.43
7991,11600000.0,450.2,0.43
7992,11600000.0,450.2,0.43
7993,13800000.0,450.2,0.43
7994,13800000.0,450.2,0.43
7995,13800000.0,450.2,0.43
7996,14784000.0,216.4,0.48
7997,14784000.0,216.4,0.48
7998,11520000.0,227.8,0.38
7999,11520000.0,227.8,0.38
8000,13020000.0,216.4,0.48
8001,13020000.0,216.4,0.48
8002,13020000.0,216.4,0.48
8003,15680000.0,216.4,0.48
8004,15680000.0,216.4,0.48
8005,10440000.0,450.2,0.43
8006,10440000.0,450.2,0.43
8007,10440000.0,450.2,0.43
8008,15680000.0,216.4,0.48
8009,15680000.0,216.4,0.48
8010,15680000.0,216.4,0.48
8011,11160000.0,450.2,0.43
8012,11160000.0,450.2,0.43
8013,10440000.0,450.2,0.43
8014,2790000.0,450.2,0.43
8015,2790000.0,450.2,0.43
8016,43500000.0,450.2,0.43
8017,43500000.0,450.2,0.43
8018,43500000.0,450.2,0.43
8019,55500000.0,450.2,0.43
8020,55500000.0,450.2,0.43
8021,41850000.0,450.2,0.43
8022,41850000.0,450.2,0.43
8023,22500.0,216.4,0.48
8024,14720000.0,450.2,0.43
8025,14720000.0,450.2,0.43
8026,14720000.0,450.2,0.43
8027,12800000.0,450.2,0.43
8028,12800000.0,450.2,0.43
8029,12800000.0,450.2,0.43
8030,15360000.0,450.2,0.43
8031,15360000.0,450.2,0.43
8032,13800000.0,450.2,0.43
8033,13800000.0,450.2,0.43
8034,13800000.0,450.2,0.43
8035,17760000.0,450.2,0.43
8036,17760000.0,450.2,0.43
8037,17760000.0,450.2,0.43
8038,14000000.0,450.2,0.43
8039,14000000.0,450.2,0.43
8040,14784000.0,216.4,0.48
8041,22500.0,216.4,0.48
8042,14720000.0,450.2,0.43
8043,14720000.0,450.2,0.43
8044,14720000.0,450.2,0.43
8045,14720000.0,450.2,0.43
8046,14720000.0,450.2,0.43
8047,14720000.0,450.2,0.43
8048,12800000.0,450.2,0.43
8049,12800000.0,450.2,0.43
8050,11520000.0,450.2,0.43
8051,11520000.0,450.2,0.43
8052,17760000.0,450.2,0.43
8053,14000000.0,450.2,0.43
8054,14000000.0,450.2,0.43
8055,13020000.0,216.4,0.48
8056,13020000.0,216.4,0.48
8057,14784000.0,216.4,0.48
8058,14784000.0,216.4,0.48
8059,11520000.0,450.2,0.43
8060,11520000.0,450.2,0.43
8061,14720000.0,450.2,0.43
8062,14720000.0,450.2,0.43
8063,14720000.0,450.2,0.43
8064,14720000.0,450.2,0.43
8065,13020000.0,216.4,0.48
8066,13020000.0,216.4,0.48
8067,13020000.0,216.4,0.48
8068,15360000.0,450.2,0.43
8069,15360000.0,450.2,0.43
8070,15360000.0,450.2,0.43
8071,12800000.0,450.2,0.43
8072,12800000.0,450.2,0.43
8073,12800000.0,450.2,0.43
8074,14000000.0,450.2,0.43
8075,14000000.0,450.2,0.43
8076,14000000.0,450.2,0.43
8077,14000000.0,450.2,0.43
8078,14000000.0,450.2,0.43
8079,28416000.0,216.4,0.48
8080,28416000.0,216.4,0.48
8081,14784000.0,216.4,0.48
8082,14784000.0,216.4,0.48
8083,14784000.0,216.4,0.48
8084,13920000.0,450.2,0.43
8085,13920000.0,450.2,0.43
8086,13920000.0,450.2,0.43
8087,13800000.0,450.2,0.43
8088,13800000.0,450.2,0.43
8089,12880000.0,216.4,0.48
8090,12880000.0,216.4,0.48
8091,12880000.0,216.4,0.48
8092,22500.0,216.4,0.48
8093,34040.0,216.4,0.48
8094,48000000.0,450.2,0.43
8095,48000000.0,450.2,0.43
8096,55200000.0,450.2,0.43
8097,17760000.0,450.2,0.43
8098,14000000.0,450.2,0.43
8099,14000000.0,450.2,0.43
8100,14784000.0,216.4,0.48
8101,14784000.0,216.4,0.48
8102,14784000.0,216.4,0.48
8103,13800000.0,450.2,0.43
8104,13800000.0,450.2,0.43
8105,10872000.0,216.4,0.48
8106,10872000.0,216.4,0.48
8107,10872000.0,216.4,0.48
8108,22500.0,216.4,0.48
8109,52500000.0,450.2,0.43
8110,52500000.0,450.2,0.43
8111,53475000.0,450.2,0.43
8112,10872000.0,216.4,0.48
8113,10872000.0,216.4,0.48
8114,10872000.0,216.4,0.48
8115,22500.0,216.4,0.48
8116,52500000.0,450.2,0.43
8117,52500000.0,450.2,0.43
8118,53475000.0,450.2,0.43
8119,53475000.0,450.2,0.43
8120,32175000.0,216.4,0.48
8121,32175000.0,216.4,0.48
8122,22500.0,216.4,0.48
8123,53475000.0,450.2,0.43
8124,53475000.0,450.2,0.43
8125,57600000.0,450.2,0.43
8126,89175000.0,450.2,0.43
8127,89175000.0,450.2,0.43
8128,22500.0,216.4,0.48
8129,34040.0,216.4,0.48
8130,34040.0,216.4,0.48
8131,14000000.0,450.2,0.43
8132,14000000.0,450.2,0.43
8133,22500.0,216.4,0.48
8134,600000.0,366.7,0.33
8135,600000.0,366.7,0.33
8136,53475000.0,450.2,0.43
8137,53475000.0,450.2,0.43
8138,53475000.0,450.2,0.43
8139,22500.0,216.4,0.48
8140,32175000.0,216.4,0.48
8141,32175000.0,216.4,0.48
8142,22500.0,216.4,0.48
8143,53475000.0,450.2,0.43
8144,34040.0,216.4,0.48
8145,34040.0,216.4,0.48
8146,22500.0,216.4,0.48
8147,14000000.0,450.2,0.43
8148,11520000.0,450.2,0.43
8149,11520000.0,450.2,0.43
8150,11520000.0,450.2,0.43
8151,23780000.0,450.2,0.43
8152,23780000.0,450.2,0.43
8153,23780000.0,450.2,0.43
8154,22500.0,216.4,0.48
8155,600000.0,366.7,0.33
8156,600000.0,366.7,0.33
8157,53475000.0,450.2,0.43
8158,53475000.0,450.2,0.43
8159,53475000.0,450.2,0.43
8160,53475000.0,450.2,0.43
8161,89175000.0,450.2,0.43
8162,89175000.0,450.2,0.43
8163,55200000.0,450.2,0.43
8164,55200000.0,450.2,0.43
8165,11520000.0,450.2,0.43
8166,11520000.0,450.2,0.43
8167,11520000.0,450.2,0.43
8168,23780000.0,450.2,0.43
8169,23780000.0,450.2,0.43
8170,14784000.0,216.4,0.48
8171,14784000.0,216.4,0.48
8172,14784000.0,216.4,0.48
8173,12880000.0,216.4,0.48
8174,12880000.0,216.4,0.48
8175,12800000.0,450.2,0.43
8176,12800000.0,450.2,0.43
8177,12800000.0,450.2,0.43
8178,13340000.0,450.2,0.43
8179,13340000.0,450.2,0.43
8180,13340000.0,450.2,0.43
8181,14720000.0,450.2,0.43
8182,14720000.0,450.2,0.43
8183,14720000.0,450.2,0.43
8184,15360000.0,450.2,0.43
8185,15360000.0,450.2,0.43
8186,15360000.0,450.2,0.43
8187,57600000.0,450.2,0.43
8188,57600000.0,450.2,0.43
8189,53475000.0,450.2,0.43
8190,53475000.0,450.2,0.43
8191,89175000.0,450.2,0.43
8192,89175000.0,450.2,0.43
8193,89175000.0,450.2,0.43
8194,50025000.0,450.2,0.43
8195,50025000.0,450.2,0.43
8196,50025000.0,450.2,0.43
8197,51750000.0,450.2,0.43
8198,51750000.0,450.2,0.43
8199,32000.0,450.2,0.43
8200,32000.0,450.2,0.43
8201,32000.0,450.2,0.43
8202,36800.0,450.2,0.43
8203,36800.0,450.2,0.43
8204,36800.0,450.2,0.43
8205,35000.0,450.2,0.43
8206,35000.0,450.2,0.43
8207,12880000.0,216.4,0.48
8208,12880000.0,216.4,0.48
8209,12880000.0,216.4,0.48
8210,12800000.0,450.2,0.43
8211,12800000.0,450.2,0.43
8212,12800000.0,450.2,0.43
8213,15360000.0,450.2,0.43
8214,15360000.0,450.2,0.43
8215,14720000.0,450.2,0.43
8216,14720000.0,450.2,0.43
8217,14720000.0,450.2,0.43
8218,11520000.0,450.2,0.43
8219,11520000.0,450.2,0.43
8220,11520000.0,450.2,0.43
8221,14000000.0,450.2,0.43
8222,14000000.0,450.2,0.43
8223,14000000.0,450.2,0.43
8224,13020000.0,216.4,0.48
8225,13020000.0,216.4,0.48
8226,13020000.0,216.4,0.48
8227,13616000.0,216.4,0.48
8228,13616000.0,216.4,0.48
8229,13616000.0,216.4,0.48
8230,14784000.0,216.4,0.48
8231,14784000.0,216.4,0.48
8232,14784000.0,216.4,0.48
8233,13616000.0,216.4,0.48
8234,13616000.0,216.4,0.48
8235,13616000.0,216.4,0.48
8236,91200000.0,216.4,0.48
8237,91200000.0,216.4,0.48
8238,13616000.0,216.4,0.48
8239,13616000.0,216.4,0.48
8240,14720000.0,216.4,0.48
8241,14720000.0,216.4,0.48
8242,14720000.0,216.4,0.48
8243,15960000.0,216.4,0.48
8244,15960000.0,216.4,0.48
8245,15960000.0,216.4,0.48
8246,17760000.0,450.2,0.43
8247,17760000.0,450.2,0.43
8248,17760000.0,450.2,0.43
8249,13340000.0,450.2,0.43
8250,13340000.0,450.2,0.43
8251,13340000.0,450.2,0.43
8252,11600000.0,450.2,0.43
8253,11600000.0,450.2,0.43
8254,11600000.0,450.2,0.43
8255,14720000.0,450.2,0.43
8256,14720000.0,450.2,0.43
8257,14720000.0,450.2,0.43
8258,10872000.0,216.4,0.48
8259,10872000.0,216.4,0.48
8260,10872000.0,216.4,0.48
8261,13340000.0,450.2,0.43
8262,22500.0,216.4,0.48
8263,55200000.0,450.2,0.43
8264,55200000.0,450.2,0.43
8265,55200000.0,450.2,0.43
8266,52500000.0,450.2,0.43
8267,52500000.0,450.2,0.43
8268,52500000.0,450.2,0.43
8269,48000000.0,450.2,0.43
8270,48000000.0,450.2,0.43
8271,50025000.0,450.2,0.43
8272,50025000.0,450.2,0.43
8273,50025000.0,450.2,0.43
8274,33350.0,450.2,0.43
8275,33350.0,450.2,0.43
8276,22500.0,216.4,0.48
8277,15360000.0,450.2,0.43
8278,15360000.0,450.2,0.43
8279,15360000.0,450.2,0.43
8280,12800000.0,450.2,0.43
8281,12800000.0,450.2,0.43
8282,12800000.0,450.2,0.43
8283,13020000.0,216.4,0.48
8284,13020000.0,216.4,0.48
8285,13248000.0,450.2,0.43
8286,13248000.0,450.2,0.43
8287,13248000.0,450.2,0.43
8288,14720000.0,450.2,0.43
8289,14720000.0,450.2,0.43
8290,14720000.0,450.2,0.43
8291,14720000.0,450.2,0.43
8292,14720000.0,450.2,0.43
8293,14720000.0,450.2,0.43
8294,11600000.0,450.2,0.43
8295,11600000.0,450.2,0.43
8296,11600000.0,450.2,0.43
8297,10440000.0,450.2,0.43
8298,10440000.0,450.2,0.43
8299,10440000.0,450.2,0.43
8300,11520000.0,450.2,0.43
8301,11520000.0,450.2,0.43
8302,10440000.0,450.2,0.43
8303,10440000.0,450.2,0.43
8304,21320000.0,450.2,0.43
8305,21320000.0,450.2,0.43
8306,21320000.0,450.2,0.43
8307,13800000.0,450.2,0.43
8308,13800000.0,450.2,0.43
8309,13800000.0,450.2,0.43
8310,11600000.0,450.2,0.43
8311,11600000.0,450.2,0.43
8312,11600000.0,450.2,0.43
8313,11600000.0,450.2,0.43
8314,11600000.0,450.2,0.43
8315,10640000.0,450.2,0.43
8316,10640000.0,450.2,0.43
8317,10640000.0,450.2,0.43
8318,11600000.0,450.2,0.43
8319,34500.0,450.2,0.43
8320,34500.0,450.2,0.43
8321,34500.0,450.2,0.43
8322,29000.0,450.2,0.43
8323,29000.0,450.2,0.43
8324,29000.0,450.2,0.43
8325,43500000.0,450.2,0.43
8326,43500000.0,450.2,0.43
8327,43500000.0,450.2,0.43
8328,14720000.0,450.2,0.43
8329,14720000.0,450.2,0.43
8330,14720000.0,450.2,0.43
8331,14720000.0,450.2,0.43
8332,14720000.0,450.2,0.43
8333,14720000.0,450.2,0.43
8334,15360000.0,450.2,0.43
8335,15360000.0,450.2,0.43
8336,15360000.0,450.2,0.43
8337,12800000.0,450.2,0.43
8338,12800000.0,450.2,0.43
8339,12800000.0,450.2,0.43
8340,14000000.0,450.2,0.43
8341,14000000.0,450.2,0.43
8342,14000000.0,450.2,0.43
8343,11520000.0,450.2,0.43
8344,11520000.0,450.2,0.43
8345,15960000.0,216.4,0.48
8346,15960000.0,216.4,0.48
8347,15960000.0,216.4,0.48
8348,11600000.0,450.2,0.43
8349,11600000.0,450.2,0.43
8350,11600000.0,450.2,0.43
8351,11600000.0,450.2,0.43
8352,11600000.0,450.2,0.43
8353,11600000.0,450.2,0.43
8354,22500.0,216.4,0.48
8355,43500000.0,450.2,0.43
8356,43500000.0,450.2,0.43
8357,43500000.0,450.2,0.43
8358,11600000.0,450.2,0.43
8359,11600000.0,450.2,0.43
8360,11600000.0,450.2,0.43
8361,12800000.0,450.2,0.43
8362,12800000.0,450.2,0.43
8363,12800000.0,450.2,0.43
8364,14000000.0,450.2,0.43
8365,14000000.0,450.2,0.43
8366,14000000.0,450.2,0.43
8367,13340000.0,450.2,0.43
8368,13340000.0,450.2,0.43
8369,13340000.0,450.2,0.43
8370,10872000.0,216.4,0.48
8371,10872000.0,216.4,0.48
8372,10872000.0,216.4,0.48
8373,15360000.0,450.2,0.43
8374,15360000.0,450.2,0.43
8375,15360000.0,450.2,0.43
8376,11520000.0,450.2,0.43
8377,11520000.0,450.2,0.43
8378,11520000.0,450.2,0.43
8379,29000.0,450.2,0.43
8380,29000.0,450.2,0.43
8381,37000.0,450.2,0.43
8382,37000.0,450.2,0.43
8383,37000.0,450.2,0.43
8384,11600000.0,450.2,0.43
8385,11600000.0,450.2,0.43
8386,15360000.0,450.2,0.43
8387,15360000.0,450.2,0.43
8388,15360000.0,450.2,0.43
8389,12800000.0,450.2,0.43
8390,12800000.0,450.2,0.43
8391,12800000.0,450.2,0.43
8392,13248000.0,450.2,0.43
8393,13248000.0,450.2,0.43
8394,29000.0,450.2,0.43
8395,29000.0,450.2,0.43
8396,29000.0,450.2,0.43
8397,34500.0,450.2,0.43
8398,34500.0,450.2,0.43
8399,32000.0,450.2,0.43
8400,32000.0,450.2,0.43
8401,32000.0,450.2,0.43
8402,37000.0,450.2,0.43
8403,37000.0,450.2,0.43
8404,37000.0,450.2,0.43
8405,29000.0,450.2,0.43
8406,29000.0,450.2,0.43
8407,13800000.0,450.2,0.43
8408,13800000.0,450.2,0.43
8409,11600000.0,450.2,0.43
8410,11600000.0,450.2,0.43
8411,11600000.0,450.2,0.43
8412,10640000.0,450.2,0.43
8413,10640000.0,450.2,0.43
8414,10640000.0,450.2,0.43
8415,11600000.0,450.2,0.43
8416,11600000.0,450.2,0.43
8417,11600000.0,450.2,0.43
8418,11600000.0,450.2,0.43
8419,11600000.0,450.2,0.43
8420,14260000.0,450.2,0.43
8421,14260000.0,450.2,0.43
8422,14260000.0,450.2,0.43
8423,2272000.0,216.4,0.48
8424,2272000.0,216.4,0.48
8425,2272000.0,216.4,0.48
8426,11600000.0,450.2,0.43
8427,11600000.0,450.2,0.43
8428,11600000.0,450.2,0.43
8429,15360000.0,450.2,0.43
8430,15360000.0,450.2,0.43
8431,12880000.0,216.4,0.48
8432,12880000.0,216.4,0.48
8433,12880000.0,216.4,0.48
8434,12800000.0,450.2,0.43
8435,12800000.0,450.2,0.43
8436,12800000.0,450.2,0.43
8437,10440000.0,450.2,0.43
8438,10440000.0,450.2,0.43
8439,10440000.0,450.2,0.43
8440,13340000.0,450.2,0.43
8441,13340000.0,450.2,0.43
8442,13340000.0,450.2,0.43
8443,14000000.0,450.2,0.43
8444,14000000.0,450.2,0.43
8445,14000000.0,450.2,0.43
8446,13248000.0,450.2,0.43
8447,13248000.0,450.2,0.43
8448,13248000.0,450.2,0.43
8449,11160000.0,450.2,0.43
8450,11160000.0,450.2,0.43
8451,11160000.0,450.2,0.43
8452,14800000.0,450.2,0.43
8453,14800000.0,450.2,0.43
8454,43500000.0,450.2,0.43
8455,43500000.0,450.2,0.43
8456,22500.0,216.4,0.48
8457,13616000.0,216.4,0.48
8458,13616000.0,216.4,0.48
8459,13616000.0,216.4,0.48
8460,14000000.0,450.2,0.43
8461,14000000.0,450.2,0.43
8462,14000000.0,450.2,0.43
8463,10872000.0,216.4,0.48
8464,10872000.0,216.4,0.48
8465,13340000.0,450.2,0.43
8466,11520000.0,450.2,0.43
8467,11520000.0,450.2,0.43
8468,13340000.0,450.2,0.43
8469,13340000.0,450.2,0.43
8470,13340000.0,450.2,0.43
8471,15360000.0,450.2,0.43
8472,15360000.0,450.2,0.43
8473,15360000.0,450.2,0.43
8474,12800000.0,450.2,0.43
8475,12800000.0,450.2,0.43
8476,12800000.0,450.2,0.43
8477,43200000.0,450.2,0.43
8478,43200000.0,450.2,0.43
8479,43200000.0,450.2,0.43
8480,36800.0,450.2,0.43
8481,11520000.0,450.2,0.43
8482,11520000.0,450.2,0.43
8483,11520000.0,450.2,0.43
8484,15360000.0,450.2,0.43
8485,15360000.0,450.2,0.43
8486,12800000.0,450.2,0.43
8487,12800000.0,450.2,0.43
8488,12800000.0,450.2,0.43
8489,5120000.0,450.2,0.43
8490,5120000.0,450.2,0.43
8491,43200000.0,450.2,0.43
8492,32000.0,450.2,0.43
8493,32000.0,450.2,0.43
8494,5120000.0,450.2,0.43
8495,5120000.0,450.2,0.43
8496,5120000.0,450.2,0.43
8497,13340000.0,450.2,0.43
8498,13340000.0,450.2,0.43
8499,13340000.0,450.2,0.43
8500,14000000.0,450.2,0.43
8501,14000000.0,450.2,0.43
8502,14000000.0,450.2,0.43
8503,15360000.0,450.2,0.43
8504,15360000.0,450.2,0.43
8505,15360000.0,450.2,0.43
8506,12800000.0,450.2,0.43
8507,12800000.0,450.2,0.43
8508,12800000.0,450.2,0.43
8509,32000.0,450.2,0.43
8510,32000.0,450.2,0.43
8511,32000.0,450.2,0.43
8512,32000.0,450.2,0.43
8513,32000.0,450.2,0.43
8514,32000.0,450.2,0.43
8515,12800000.0,450.2,0.43
8516,12800000.0,450.2,0.43
8517,12800000.0,450.2,0.43
8518,15360000.0,450.2,0.43
8519,15360000.0,450.2,0.43
8520,15360000.0,450.2,0.43
8521,12800000.0,450.2,0.43
8522,12800000.0,450.2,0.43
8523,12800000.0,450.2,0.43
8524,13248000.0,450.2,0.43
8525,13248000.0,450.2,0.43
8526,13248000.0,450.2,0.43
8527,14000000.0,450.2,0.43
8528,14000000.0,450.2,0.43
8529,14000000.0,450.2,0.43
8530,13340000.0,450.2,0.43
8531,13340000.0,450.2,0.43
8532,13340000.0,450.2,0.43
8533,12800000.0,450.2,0.43
8534,12800000.0,450.2,0.43
8535,12800000.0,450.2,0.43
8536,5120000.0,450.2,0.43
8537,5120000.0,450.2,0.43
8538,5120000.0,450.2,0.43
8539,15360000.0,450.2,0.43
8540,15360000.0,450.2,0.43
8541,15360000.0,450.2,0.43
8542,13248000.0,450.2,0.43
8543,13248000.0,450.2,0.43
8544,13248000.0,450.2,0.43
8545,12880000.0,216.4,0.48
8546,12880000.0,216.4,0.48
8547,14720000.0,450.2,0.43
8548,14720000.0,450.2,0.43
8549,14720000.0,450.2,0.43
8550,13340000.0,450.2,0.43
8551,13340000.0,450.2,0.43
8552,13340000.0,450.2,0.43
8553,32000.0,450.2,0.43
8554,32000.0,450.2,0.43
8555,32000.0,450.2,0.43
8556,36800.0,450.2,0.43
8557,36800.0,450.2,0.43
8558,33350.0,450.2,0.43
8559,33350.0,450.2,0.43
8560,33350.0,450.2,0.43
8561,22500.0,216.4,0.48
8562,11600000.0,450.2,0.43
8563,11600000.0,450.2,0.43
8564,11600000.0,450.2,0.43
8565,16560000.0,450.2,0.43
8566,16560000.0,450.2,0.43
8567,11160000.0,450.2,0.43
8568,11160000.0,450.2,0.43
8569,11160000.0,450.2,0.43
8570,10440000.0,450.2,0.43
8571,10440000.0,450.2,0.43
8572,10440000.0,450.2,0.43
8573,13340000.0,450.2,0.43
8574,13340000.0,450.2,0.43
8575,13340000.0,450.2,0.43
8576,11160000.0,450.2,0.43
8577,11160000.0,450.2,0.43
8578,11160000.0,450.2,0.43
8579,26496000.0,450.2,0.43
8580,26496000.0,450.2,0.43
8581,26496000.0,450.2,0.43
8582,11520000.0,227.8,0.38
8583,11520000.0,227.8,0.38
8584,11520000.0,227.8,0.38
8585,27900.0,450.2,0.43
8586,27900.0,450.2,0.43
8587,27900.0,450.2,0.43
8588,33350.0,450.2,0.43
8589,33350.0,450.2,0.43
8590,22500.0,216.4,0.48
8591,43500000.0,450.2,0.43
8592,43500000.0,450.2,0.43
8593,12800000.0,450.2,0.43
8594,12800000.0,450.2,0.43
8595,12800000.0,450.2,0.43
8596,13248000.0,450.2,0.43
8597,12880000.0,216.4,0.48
8598,12880000.0,216.4,0.48
8599,12880000.0,216.4,0.48
8600,15360000.0,450.2,0.43
8601,15360000.0,450.2,0.43
8602,15360000.0,450.2,0.43
8603,14000000.0,450.2,0.43
8604,14000000.0,450.2,0.43
8605,10640000.0,450.2,0.43
8606,10640000.0,450.2,0.43
8607,10640000.0,450.2,0.43
8608,16576000.0,450.2,0.43
8609,16576000.0,450.2,0.43
8610,13340000.0,450.2,0.43
8611,13340000.0,450.2,0.43
8612,13340000.0,450.2,0.43
8613,22500.0,216.4,0.48
8614,15360000.0,450.2,0.43
8615,15360000.0,450.2,0.43
8616,15360000.0,450.2,0.43
8617,13248000.0,450.2,0.43
8618,12800000.0,450.2,0.43
8619,12800000.0,450.2,0.43
8620,12800000.0,450.2,0.43
8621,12880000.0,216.4,0.48
8622,12880000.0,216.4,0.48
8623,11600000.0,450.2,0.43
8624,11600000.0,450.2,0.43
8625,11600000.0,450.2,0.43
8626,13340000.0,450.2,0.43
8627,13340000.0,450.2,0.43
8628,14800000.0,450.2,0.43
8629,14800000.0,450.2,0.43
8630,14800000.0,450.2,0.43
8631,10440000.0,450.2,0.43
8632,10440000.0,450.2,0.43
8633,10440000.0,450.2,0.43
8634,11600000.0,450.2,0.43
8635,11600000.0,450.2,0.43
8636,11600000.0,450.2,0.43
8637,11520000.0,450.2,0.43
8638,11520000.0,450.2,0.43
8639,11520000.0,450.2,0.43
8640,14260000.0,450.2,0.43
8641,14260000.0,450.2,0.43
8642,14260000.0,450.2,0.43
8643,13800000.0,450.2,0.43
8644,13800000.0,450.2,0.43
8645,13800000.0,450.2,0.43
8646,14720000.0,450.2,0.43
8647,14720000.0,450.2,0.43
8648,13800000.0,450.2,0.43
8649,13800000.0,450.2,0.43
8650,29000.0,450.2,0.43
8651,29000.0,450.2,0.43
8652,29000.0,450.2,0.43
8653,22500.0,216.4,0.48
8654,11160000.0,450.2,0.43
8655,11160000.0,450.2,0.43
8656,11160000.0,450.2,0.43
8657,13340000.0,450.2,0.43
8658,13340000.0,450.2,0.43
8659,10440000.0,450.2,0.43
8660,10440000.0,450.2,0.43
8661,10440000.0,450.2,0.43
8662,14260000.0,450.2,0.43
8663,14260000.0,450.2,0.43
8664,14260000.0,450.2,0.43
8665,11600000.0,450.2,0.43
8666,11600000.0,450.2,0.43
8667,11600000.0,450.2,0.43
8668,11160000.0,450.2,0.43
8669,11160000.0,450.2,0.43
8670,11160000.0,450.2,0.43
8671,10440000.0,450.2,0.43
8672,10440000.0,450.2,0.43
8673,10440000.0,450.2,0.43
8674,11160000.0,450.2,0.43
8675,11160000.0,450.2,0.43
8676,11160000.0,450.2,0.43
8677,11600000.0,450.2,0.43
8678,11600000.0,450.2,0.43
8679,11600000.0,450.2,0.43
8680,11600000.0,450.2,0.43
8681,15360000.0,450.2,0.43
8682,15360000.0,450.2,0.43
8683,14260000.0,450.2,0.43
8684,14260000.0,450.2,0.43
8685,13800000.0,450.2,0.43
8686,13340000.0,450.2,0.43
8687,13340000.0,450.2,0.43
8688,29000.0,450.2,0.43
8689,29000.0,450.2,0.43
8690,22500.0,216.4,0.48
8691,14000000.0,450.2,0.43
8692,14000000.0,450.2,0.43
8693,13340000.0,450.2,0.43
8694,13340000.0,450.2,0.43
8695,13340000.0,450.2,0.43
8696,13340000.0,450.2,0.43
8697,13340000.0,450.2,0.43
8698,13340000.0,450.2,0.43
8699,10640000.0,450.2,0.43
8700,10640000.0,450.2,0.43
8701,10640000.0,450.2,0.43
8702,12800000.0,450.2,0.43
8703,12800000.0,450.2,0.43
8704,12800000.0,450.2,0.43
8705,15360000.0,450.2,0.43
8706,15360000.0,450.2,0.43
8707,15360000.0,450.2,0.43
8708,23780000.0,450.2,0.43
8709,23780000.0,450.2,0.43
8710,10440000.0,450.2,0.43
8711,10440000.0,450.2,0.43
8712,10440000.0,450.2,0.43
8713,13616000.0,216.4,0.48
8714,13616000.0,216.4,0.48
8715,14720000.0,450.2,0.43
8716,14720000.0,450.2,0.43
8717,14720000.0,450.2,0.43
8718,11600000.0,450.2,0.43
8719,11600000.0,450.2,0.43
8720,38400.0,450.2,0.43
8721,38400.0,450.2,0.43
8722,38400.0,450.2,0.43
8723,13800000.0,450.2,0.43
8724,13800000.0,450.2,0.43
8725,13800000.0,450.2,0.43
8726,12800000.0,450.2,0.43
8727,12800000.0,450.2,0.43
8728,12800000.0,450.2,0.43
8729,14720000.0,450.2,0.43
8730,14720000.0,450.2,0.43
8731,14720000.0,450.2,0.43
8732,15360000.0,450.2,0.43
8733,15360000.0,450.2,0.43
8734,15360000.0,450.2,0.43
8735,10640000.0,450.2,0.43
8736,13800000.0,450.2,0.43
8737,13800000.0,450.2,0.43
8738,13340000.0,450.2,0.43
8739,13340000.0,450.2,0.43
8740,13340000.0,450.2,0.43
8741,16576000.0,450.2,0.43
8742,16576000.0,450.2,0.43
8743,23780000.0,450.2,0.43
8744,23780000.0,450.2,0.43
8745,62160000.0,450.2,0.43
8746,62160000.0,450.2,0.43
8747,62160000.0,450.2,0.43
8748,23780000.0,450.2,0.43
8749,23780000.0,450.2,0.43
8750,16576000.0,450.2,0.43
8751,16576000.0,450.2,0.43
8752,14720000.0,450.2,0.43
8753,14720000.0,450.2,0.43
8754,15360000.0,450.2,0.43
8755,15360000.0,450.2,0.43
8756,15360000.0,450.2,0.43
8757,12800000.0,450.2,0.43
8758,12800000.0,450.2,0.43
8759,12800000.0,450.2,0.43
8760,14800000.0,216.4,0.48
8761,14800000.0,216.4,0.48
8762,14800000.0,216.4,0.48
8763,14800000.0,216.4,0.48
8764,14800000.0,216.4,0.48
8765,12800000.0,216.4,0.48
8766,12800000.0,216.4,0.48
8767,12800000.0,216.4,0.48
8768,14784000.0,216.4,0.48
8769,14784000.0,216.4,0.48
8770,14784000.0,216.4,0.48
8771,16128000.0,216.4,0.48
8772,16128000.0,216.4,0.48
8773,16128000.0,216.4,0.48
8774,15800000.0,450.2,0.43
8775,15800000.0,450.2,0.43
8776,15800000.0,450.2,0.43
8777,13440000.0,216.4,0.48
8778,13440000.0,216.4,0.48
8779,13440000.0,216.4,0.48
8780,12800000.0,216.4,0.48
8781,12800000.0,216.4,0.48
8782,13156000.0,216.4,0.48
8783,13156000.0,216.4,0.48
8784,13156000.0,216.4,0.48
8785,12800000.0,216.4,0.48
8786,12800000.0,216.4,0.48
8787,12800000.0,216.4,0.48
8788,17360000.0,216.4,0.48
8789,17360000.0,216.4,0.48
8790,17360000.0,216.4,0.48
8791,17360000.0,216.4,0.48
8792,17360000.0,216.4,0.48
8793,17360000.0,216.4,0.48
8794,10440000.0,450.2,0.43
8795,10440000.0,450.2,0.43
8796,10440000.0,450.2,0.43
8797,10440000.0,450.2,0.43
8798,10440000.0,450.2,0.43
8799,14800000.0,216.4,0.48
8800,14800000.0,216.4,0.48
8801,14800000.0,216.4,0.48
8802,12800000.0,216.4,0.48
8803,12800000.0,216.4,0.48
8804,12800000.0,216.4,0.48
8805,12800000.0,450.2,0.43
8806,12800000.0,450.2,0.43
8807,13892000.0,216.4,0.48
8808,13892000.0,216.4,0.48
8809,13892000.0,216.4,0.48
8810,14784000.0,216.4,0.48
8811,14784000.0,216.4,0.48
8812,14784000.0,216.4,0.48
8813,13440000.0,216.4,0.48
8814,13440000.0,216.4,0.48
8815,13440000.0,216.4,0.48
8816,12800000.0,450.2,0.43
8817,12800000.0,450.2,0.43
8818,12800000.0,450.2,0.43
8819,14076000.0,216.4,0.48
8820,14076000.0,216.4,0.48
8821,13616000.0,216.4,0.48
8822,13616000.0,216.4,0.48
8823,13616000.0,216.4,0.48
8824,18360000.0,450.2,0.43
8825,18360000.0,450.2,0.43
8826,18360000.0,450.2,0.43
8827,15272000.0,450.2,0.43
8828,15272000.0,450.2,0.43
8829,10000000.0,216.4,0.48
8830,10000000.0,216.4,0.48
8831,10000000.0,216.4,0.48
8832,13616000.0,216.4,0.48
8833,13616000.0,216.4,0.48
8834,13616000.0,216.4,0.48
8835,11600000.0,450.2,0.43
8836,11600000.0,450.2,0.43
8837,11600000.0,450.2,0.43
8838,15960000.0,216.4,0.48
8839,15960000.0,216.4,0.48
8840,15960000.0,216.4,0.48
8841,13616000.0,216.4,0.48
8842,13616000.0,216.4,0.48
8843,13616000.0,216.4,0.48
8844,37000.0,216.4,0.48
8845,37000.0,216.4,0.48
8846,37000.0,216.4,0.48
8847,32890.0,216.4,0.48
8848,32890.0,216.4,0.48
8849,32890.0,216.4,0.48
8850,12000.0,216.4,0.48
8851,12000.0,216.4,0.48
8852,12000.0,216.4,0.48
8853,32000.0,216.4,0.48
8854,32000.0,216.4,0.48
8855,36960.0,216.4,0.48
8856,36960.0,216.4,0.48
8857,36960.0,216.4,0.48
8858,43400.0,216.4,0.48
8859,43400.0,216.4,0.48
8860,43400.0,216.4,0.48
8861,40320.0,216.4,0.48
8862,40320.0,216.4,0.48
8863,40320.0,216.4,0.48
8864,43400.0,216.4,0.48
8865,43400.0,216.4,0.48
8866,43400.0,216.4,0.48
8867,14000.0,216.4,0.48
8868,14000.0,216.4,0.48
8869,14000.0,216.4,0.48
8870,33120.0,450.2,0.43
8871,33120.0,450.2,0.43
8872,33120.0,450.2,0.43
8873,26100.0,450.2,0.43
8874,26100.0,450.2,0.43
8875,26100.0,450.2,0.43
8876,36800.0,216.4,0.48
8877,36800.0,216.4,0.48
8878,36800.0,216.4,0.48
8879,26100.0,450.2,0.43
8880,26100.0,450.2,0.43
8881,26100.0,450.2,0.43
8882,35190.0,216.4,0.48
8883,35190.0,216.4,0.48
8884,35190.0,216.4,0.48
8885,32000.0,450.2,0.43
8886,32000.0,450.2,0.43
8887,32000.0,450.2,0.43
8888,38180.0,450.2,0.43
8889,38180.0,450.2,0.43
8890,36800.0,216.4,0.48
8891,36800.0,216.4,0.48
8892,36800.0,216.4,0.48
8893,5680.0,216.4,0.48
8894,5680.0,216.4,0.48
8895,5680.0,216.4,0.48
8896,36340.0,450.2,0.43
8897,36340.0,450.2,0.43
8898,36340.0,450.2,0.43
8899,36800.0,450.2,0.43
8900,36800.0,450.2,0.43
8901,36800.0,450.2,0.43
8902,40320.0,216.4,0.48
8903,40320.0,216.4,0.48
8904,40320.0,216.4,0.48
8905,29000.0,450.2,0.43
8906,29000.0,450.2,0.43
8907,32000.0,450.2,0.43
8908,32000.0,450.2,0.43
8909,22500.0,216.4,0.48
8910,21000000.0,216.4,0.48
8911,21000000.0,216.4,0.48
8912,21000000.0,216.4,0.48
8913,65100000.0,216.4,0.48
8914,65100000.0,216.4,0.48
8915,65100000.0,216.4,0.48
8916,22500.0,216.4,0.48
8917,22500.0,216.4,0.48
8918,22500.0,216.4,0.48
8919,22500.0,216.4,0.48
8920,14784000.0,216.4,0.48
8921,14784000.0,216.4,0.48
8922,14784000.0,216.4,0.48
8923,5760000.0,450.2,0.43
8924,5760000.0,450.2,0.43
8925,8580000.0,216.4,0.48
8926,8580000.0,216.4,0.48
8927,14784000.0,216.4,0.48
8928,14784000.0,216.4,0.48
8929,8580000.0,216.4,0.48
8930,8580000.0,216.4,0.48
8931,3432000.0,450.2,0.43
8932,3432000.0,450.2,0.43
8933,3432000.0,450.2,0.43
8934,10800000.0,216.4,0.48
8935,10800000.0,216.4,0.48
8936,13920000.0,450.2,0.43
8937,13920000.0,450.2,0.43
8938,13892000.0,216.4,0.48
8939,13892000.0,216.4,0.48
8940,13892000.0,216.4,0.48
8941,11600000.0,450.2,0.43
8942,11600000.0,450.2,0.43
8943,14260000.0,450.2,0.43
8944,14260000.0,450.2,0.43
8945,8580000.0,216.4,0.48
8946,8580000.0,216.4,0.48
8947,13340000.0,450.2,0.43
8948,13340000.0,450.2,0.43
8949,13800000.0,216.4,0.48
8950,13800000.0,216.4,0.48
8951,14720000.0,450.2,0.43
8952,14720000.0,450.2,0.43
8953,14720000.0,450.2,0.43
8954,12800000.0,450.2,0.43
8955,12800000.0,450.2,0.43
8956,12800000.0,450.2,0.43
8957,11600000.0,450.2,0.43
8958,11600000.0,450.2,0.43
8959,22500.0,216.4,0.48
8960,36960.0,216.4,0.48
8961,36960.0,216.4,0.48
8962,34730.0,216.4,0.48
8963,34730.0,216.4,0.48
8964,34730.0,216.4,0.48
8965,5680.0,216.4,0.48
8966,5680.0,216.4,0.48
8967,5680.0,216.4,0.48
8968,36800.0,216.4,0.48
8969,36800.0,216.4,0.48
8970,36800.0,216.4,0.48
8971,36800.0,450.2,0.43
8972,36800.0,450.2,0.43
8973,29000.0,450.2,0.43
8974,29000.0,450.2,0.43
8975,14784000.0,216.4,0.48
8976,14784000.0,216.4,0.48
8977,14400.0,450.2,0.43
8978,14400.0,450.2,0.43
8979,34040.0,216.4,0.48
8980,34040.0,216.4,0.48
8981,34040.0,216.4,0.48
8982,21600000.0,450.2,0.43
8983,40770000.0,216.4,0.48
8984,40770000.0,216.4,0.48
8985,40770000.0,216.4,0.48
8986,5760000.0,450.2,0.43
8987,5760000.0,450.2,0.43
8988,10800000.0,216.4,0.48
8989,10800000.0,216.4,0.48
8990,13920000.0,450.2,0.43
8991,22500.0,216.4,0.48
8992,13892000.0,216.4,0.48
8993,13892000.0,216.4,0.48
8994,14076000.0,216.4,0.48
8995,14076000.0,216.4,0.48
8996,14076000.0,216.4,0.48
8997,11600000.0,450.2,0.43
8998,11600000.0,450.2,0.43
8999,11600000.0,450.2,0.43
9000,11600000.0,450.2,0.43
9001,11600000.0,450.2,0.43
9002,13616000.0,216.4,0.48
9003,13616000.0,216.4,0.48
9004,13616000.0,216.4,0.48
9005,12800000.0,450.2,0.43
9006,12800000.0,450.2,0.43
9007,12800000.0,450.2,0.43
9008,14720000.0,450.2,0.43
9009,14720000.0,450.2,0.43
9010,13616000.0,216.4,0.48
9011,13616000.0,216.4,0.48
9012,13616000.0,216.4,0.48
9013,14720000.0,216.4,0.48
9014,14720000.0,216.4,0.48
9015,14720000.0,216.4,0.48
9016,11600000.0,450.2,0.43
9017,11600000.0,450.2,0.43
9018,11600000.0,450.2,0.43
9019,14784000.0,216.4,0.48
9020,14784000.0,216.4,0.48
9021,14784000.0,216.4,0.48
9022,13440000.0,216.4,0.48
9023,13440000.0,216.4,0.48
9024,13440000.0,216.4,0.48
9025,14720000.0,216.4,0.48
9026,14720000.0,216.4,0.48
9027,14720000.0,216.4,0.48
9028,16128000.0,216.4,0.48
9029,16128000.0,216.4,0.48
9030,16128000.0,216.4,0.48
9031,2272000.0,216.4,0.48
9032,2272000.0,216.4,0.48
9033,2272000.0,216.4,0.48
9034,10440000.0,450.2,0.43
9035,10440000.0,450.2,0.43
9036,10440000.0,450.2,0.43
9037,13616000.0,216.4,0.48
9038,13616000.0,216.4,0.48
9039,15360000.0,450.2,0.43
9040,15360000.0,450.2,0.43
9041,14720000.0,216.4,0.48
9042,14720000.0,216.4,0.48
9043,35190.0,216.4,0.48
9044,35190.0,216.4,0.48
9045,35190.0,216.4,0.48
9046,32000.0,450.2,0.43
9047,32000.0,450.2,0.43
9048,32000.0,450.2,0.43
9049,5680.0,216.4,0.48
9050,5680.0,216.4,0.48
9051,5680.0,216.4,0.48
9052,29000.0,450.2,0.43
9053,29000.0,450.2,0.43
9054,36800.0,216.4,0.48
9055,36800.0,216.4,0.48
9056,36800.0,216.4,0.48
9057,36960.0,216.4,0.48
9058,36960.0,216.4,0.48
9059,36960.0,216.4,0.48
9060,29000.0,450.2,0.43
9061,29000.0,450.2,0.43
9062,29000.0,450.2,0.43
9063,33600.0,216.4,0.48
9064,33600.0,216.4,0.48
9065,33600.0,216.4,0.48
9066,40320.0,216.4,0.48
9067,40320.0,216.4,0.48
9068,40320.0,216.4,0.48
9069,36800.0,216.4,0.48
9070,36800.0,216.4,0.48
9071,36800.0,216.4,0.48
9072,36800.0,450.2,0.43
9073,36800.0,450.2,0.43
9074,38640.0,450.2,0.43
9075,38640.0,450.2,0.43
9076,38640.0,450.2,0.43
9077,41440.0,450.2,0.43
9078,41440.0,450.2,0.43
9079,41440.0,450.2,0.43
9080,35650.0,450.2,0.43
9081,35650.0,450.2,0.43
9082,35650.0,450.2,0.43
9083,22500.0,216.4,0.48
9084,14784000.0,216.4,0.48
9085,14784000.0,216.4,0.48
9086,14784000.0,216.4,0.48
9087,15456000.0,450.2,0.43
9088,15456000.0,450.2,0.43
9089,48000000.0,450.2,0.43
9090,48000000.0,450.2,0.43
9091,48000000.0,450.2,0.43
9092,32000.0,450.2,0.43
9093,32000.0,450.2,0.43
9094,32000.0,450.2,0.43
9095,28800.0,450.2,0.43
9096,28800.0,450.2,0.43
9097,28800.0,450.2,0.43
9098,29000.0,450.2,0.43
9099,29000.0,450.2,0.43
9100,29000.0,450.2,0.43
9101,36800.0,216.4,0.48
9102,5680.0,216.4,0.48
9103,5680.0,216.4,0.48
9104,5680.0,216.4,0.48
9105,34040.0,216.4,0.48
9106,34040.0,216.4,0.48
9107,34040.0,216.4,0.48
9108,36960.0,216.4,0.48
9109,36960.0,216.4,0.48
9110,36960.0,216.4,0.48
9111,12800000.0,450.2,0.43
9112,12800000.0,450.2,0.43
9113,12800000.0,450.2,0.43
9114,11600000.0,450.2,0.43
9115,11600000.0,450.2,0.43
9116,11600000.0,450.2,0.43
9117,11600000.0,450.2,0.43
9118,11600000.0,450.2,0.43
9119,14784000.0,216.4,0.48
9120,14784000.0,216.4,0.48
9121,22500.0,216.4,0.48
9122,10800000.0,216.4,0.48
9123,10800000.0,216.4,0.48
9124,8580000.0,216.4,0.48
9125,13920000.0,450.2,0.43
9126,13920000.0,450.2,0.43
9127,3432000.0,450.2,0.43
9128,3432000.0,450.2,0.43
9129,11600000.0,450.2,0.43
9130,11600000.0,450.2,0.43
9131,2272000.0,216.4,0.48
9132,2272000.0,216.4,0.48
9133,22500.0,216.4,0.48
9134,38180.0,450.2,0.43
9135,38180.0,450.2,0.43
9136,38180.0,450.2,0.43
9137,32000.0,450.2,0.43
9138,32000.0,450.2,0.43
9139,32000.0,450.2,0.43
9140,36340.0,450.2,0.43
9141,36340.0,450.2,0.43
9142,36340.0,450.2,0.43
9143,5680.0,216.4,0.48
9144,5680.0,216.4,0.48
9145,5680.0,216.4,0.48
9146,36800.0,216.4,0.48
9147,36800.0,216.4,0.48
9148,36800.0,216.4,0.48
9149,34040.0,216.4,0.48
9150,34040.0,216.4,0.48
9151,34040.0,216.4,0.48
9152,29000.0,450.2,0.43
9153,29000.0,450.2,0.43
9154,29000.0,450.2,0.43
9155,36960.0,216.4,0.48
9156,36960.0,216.4,0.48
9157,34730.0,216.4,0.48
9158,34730.0,216.4,0.48
9159,12800000.0,450.2,0.43
9160,12800000.0,450.2,0.43
9161,12800000.0,450.2,0.43
9162,11600000.0,450.2,0.43
9163,11600000.0,450.2,0.43
9164,14076000.0,216.4,0.48
9165,14076000.0,216.4,0.48
9166,14076000.0,216.4,0.48
9167,14720000.0,450.2,0.43
9168,14720000.0,450.2,0.43
9169,14720000.0,450.2,0.43
9170,13616000.0,216.4,0.48
9171,13616000.0,216.4,0.48
9172,13616000.0,216.4,0.48
9173,2272000.0,216.4,0.48
9174,2272000.0,216.4,0.48
9175,2272000.0,216.4,0.48
9176,13616000.0,216.4,0.48
9177,13616000.0,216.4,0.48
9178,22500.0,216.4,0.48
9179,55440000.0,216.4,0.48
9180,55440000.0,216.4,0.48
9181,55440000.0,216.4,0.48
9182,22500.0,216.4,0.48
9183,22500.0,216.4,0.48
9184,33350.0,216.4,0.48
9185,33350.0,216.4,0.48
9186,25740.0,450.2,0.43
9187,25740.0,450.2,0.43
9188,34800.0,450.2,0.43
9189,34800.0,450.2,0.43
9190,11600000.0,450.2,0.43
9191,11600000.0,450.2,0.43
9192,14260000.0,450.2,0.43
9193,14260000.0,450.2,0.43
9194,10800000.0,216.4,0.48
9195,10800000.0,216.4,0.48
9196,13920000.0,450.2,0.43
9197,13920000.0,450.2,0.43
9198,13892000.0,216.4,0.48
9199,13892000.0,216.4,0.48
9200,13892000.0,216.4,0.48
9201,10872000.0,216.4,0.48
9202,10872000.0,216.4,0.48
9203,10872000.0,216.4,0.48
9204,29000.0,450.2,0.43
9205,29000.0,450.2,0.43
9206,34730.0,216.4,0.48
9207,34730.0,216.4,0.48
9208,34730.0,216.4,0.48
9209,13040.0,216.4,0.48
9210,13040.0,216.4,0.48
9211,22500.0,216.4,0.48
9212,13892000.0,216.4,0.48
9213,13892000.0,216.4,0.48
9214,25740.0,450.2,0.43
9215,25740.0,450.2,0.43
9216,21450.0,216.4,0.48
9217,21450.0,216.4,0.48
9218,8580.0,450.2,0.43
9219,8580.0,450.2,0.43
9220,27000.0,216.4,0.48
9221,27000.0,216.4,0.48
9222,36340.0,450.2,0.43
9223,36340.0,450.2,0.43
9224,34800.0,450.2,0.43
9225,34800.0,450.2,0.43
9226,34800.0,450.2,0.43
9227,36800.0,216.4,0.48
9228,36800.0,216.4,0.48
9229,36800.0,216.4,0.48
9230,36960.0,216.4,0.48
9231,36960.0,216.4,0.48
9232,36960.0,216.4,0.48
9233,21450.0,216.4,0.48
9234,21450.0,216.4,0.48
9235,21450.0,216.4,0.48
9236,38180.0,450.2,0.43
9237,38180.0,450.2,0.43
9238,38180.0,450.2,0.43
9239,27180.0,216.4,0.48
9240,27180.0,216.4,0.48
9241,27180.0,216.4,0.48
9242,32000.0,450.2,0.43
9243,32000.0,450.2,0.43
9244,34730.0,216.4,0.48
9245,34730.0,216.4,0.48
9246,34730.0,216.4,0.48
9247,38180.0,450.2,0.43
9248,38180.0,450.2,0.43
9249,21450.0,216.4,0.48
9250,21450.0,216.4,0.48
9251,37500.0,450.2,0.43
9252,37500.0,450.2,0.43
9253,37500.0,450.2,0.43
9254,5680.0,216.4,0.48
9255,5680.0,216.4,0.48
9256,5680.0,216.4,0.48
9257,39900.0,216.4,0.48
9258,39900.0,216.4,0.48
9259,22500.0,216.4,0.48
9260,8580000.0,216.4,0.48
9261,8580000.0,216.4,0.48
9262,8580000.0,216.4,0.48
9263,13892000.0,216.4,0.48
9264,13892000.0,216.4,0.48
9265,8904000.0,450.2,0.43
9266,8904000.0,450.2,0.43
9267,8904000.0,450.2,0.43
9268,12800000.0,450.2,0.43
9269,12800000.0,450.2,0.43
9270,12800000.0,450.2,0.43
9271,14720000.0,216.4,0.48
9272,14720000.0,216.4,0.48
9273,14720000.0,450.2,0.43
9274,14720000.0,450.2,0.43
9275,14720000.0,450.2,0.43
9276,22500.0,216.4,0.48
9277,13920000.0,450.2,0.43
9278,13920000.0,450.2,0.43
9279,2272000.0,216.4,0.48
9280,22500.0,216.4,0.48
9281,13440000.0,216.4,0.48
9282,13440000.0,216.4,0.48
9283,13440000.0,216.4,0.48
9284,22500.0,216.4,0.48
9285,14784000.0,216.4,0.48
9286,14784000.0,216.4,0.48
9287,14784000.0,216.4,0.48
9288,40320.0,216.4,0.48
9289,40320.0,216.4,0.48
9290,2272000.0,216.4,0.48
9291,2272000.0,216.4,0.48
9292,13920000.0,450.2,0.43
9293,13920000.0,450.2,0.43
9294,10800000.0,216.4,0.48
9295,10800000.0,216.4,0.48
9296,13892000.0,216.4,0.48
9297,13892000.0,216.4,0.48
9298,10872000.0,216.4,0.48
9299,10872000.0,216.4,0.48
9300,10872000.0,216.4,0.48
9301,11600000.0,450.2,0.43
9302,11600000.0,450.2,0.43
9303,22500.0,216.4,0.48
9304,13040.0,216.4,0.48
9305,13040.0,216.4,0.48
9306,13040.0,216.4,0.48
9307,34730.0,216.4,0.48
9308,34730.0,216.4,0.48
9309,27180.0,216.4,0.48
9310,27180.0,216.4,0.48
9311,27180.0,216.4,0.48
9312,34800.0,450.2,0.43
9313,13892000.0,216.4,0.48
9314,13892000.0,216.4,0.48
9315,13892000.0,216.4,0.48
9316,12870000.0,450.2,0.43
9317,12870000.0,450.2,0.43
9318,12870000.0,450.2,0.43
9319,52095000.0,216.4,0.48
9320,5500.0,366.7,0.33
9321,5500.0,366.7,0.33
9322,2272000.0,216.4,0.48
9323,2272000.0,216.4,0.48
9324,22500.0,216.4,0.48
9325,22500.0,216.4,0.48
9326,22500.0,216.4,0.48
9327,8580.0,450.2,0.43
9328,8580.0,450.2,0.43
9329,27000.0,216.4,0.48
9330,27000.0,216.4,0.48
9331,34730.0,216.4,0.48
9332,34730.0,216.4,0.48
9333,22500.0,216.4,0.48
9334,13892000.0,216.4,0.48
9335,13892000.0,216.4,0.48
9336,13892000.0,216.4,0.48
9337,10872000.0,216.4,0.48
9338,10872000.0,216.4,0.48
9339,10872000.0,216.4,0.48
9340,13040.0,216.4,0.48
9341,13040.0,216.4,0.48
9342,13040.0,216.4,0.48
9343,22500.0,216.4,0.48
9344,21450.0,216.4,0.48
9345,21450.0,216.4,0.48
9346,34730.0,216.4,0.48
9347,22500.0,216.4,0.48
9348,13920000.0,450.2,0.43
9349,13920000.0,450.2,0.43
9350,22500.0,216.4,0.48
9351,34800.0,450.2,0.43
9352,34800.0,450.2,0.43
9353,34800.0,450.2,0.43
9354,21450.0,216.4,0.48
9355,21450.0,216.4,0.48
9356,27180.0,216.4,0.48
9357,27180.0,216.4,0.48
9358,27180.0,216.4,0.48
9359,34730.0,216.4,0.48
9360,34730.0,216.4,0.48
9361,34730.0,216.4,0.48
9362,5680.0,216.4,0.48
9363,5680.0,216.4,0.48
9364,5680.0,216.4,0.48
9365,25740.0,450.2,0.43
9366,25740.0,450.2,0.43
9367,28800.0,450.2,0.43
9368,28800.0,450.2,0.43
9369,28800.0,450.2,0.43
9370,33350.0,216.4,0.48
9371,33350.0,216.4,0.48
9372,33350.0,216.4,0.48
9373,35190.0,216.4,0.48
9374,35190.0,216.4,0.48
9375,36960.0,216.4,0.48
9376,36960.0,216.4,0.48
9377,27180.0,216.4,0.48
9378,27180.0,216.4,0.48
9379,5500.0,366.7,0.33
9380,5500.0,366.7,0.33
9381,5500.0,366.7,0.33
9382,13892000.0,216.4,0.48
9383,13892000.0,216.4,0.48
9384,14784000.0,216.4,0.48
9385,14784000.0,216.4,0.48
9386,11520000.0,450.2,0.43
9387,11520000.0,450.2,0.43
9388,11520000.0,450.2,0.43
9389,14076000.0,216.4,0.48
9390,14076000.0,216.4,0.48
9391,22500.0,216.4,0.48
9392,36960.0,216.4,0.48
9393,36960.0,216.4,0.48
9394,36960.0,216.4,0.48
9395,36800.0,216.4,0.48
9396,36800.0,216.4,0.48
9397,36800.0,216.4,0.48
9398,38180.0,450.2,0.43
9399,38180.0,450.2,0.43
9400,26600.0,450.2,0.43
9401,26600.0,450.2,0.43
9402,26600.0,450.2,0.43
9403,14720000.0,450.2,0.43
9404,14720000.0,450.2,0.43
9405,13616000.0,216.4,0.48
9406,13616000.0,216.4,0.48
9407,14720000.0,450.2,0.43
9408,14720000.0,450.2,0.43
9409,14720000.0,450.2,0.43
9410,13616000.0,216.4,0.48
9411,13616000.0,216.4,0.48
9412,13616000.0,216.4,0.48
9413,14784000.0,216.4,0.48
9414,14784000.0,216.4,0.48
9415,14784000.0,216.4,0.48
9416,10640000.0,450.2,0.43
9417,10640000.0,450.2,0.43
9418,10872000.0,216.4,0.48
9419,10872000.0,216.4,0.48
9420,10872000.0,216.4,0.48
9421,12800000.0,450.2,0.43
9422,12800000.0,450.2,0.43
9423,12800000.0,450.2,0.43
9424,10440000.0,450.2,0.43
9425,10440000.0,450.2,0.43
9426,13020000.0,216.4,0.48
9427,13020000.0,216.4,0.48
9428,13020000.0,216.4,0.48
9429,15456000.0,450.2,0.43
9430,15456000.0,450.2,0.43
9431,15456000.0,450.2,0.43
9432,22500.0,216.4,0.48
9433,8580.0,450.2,0.43
9434,8580.0,450.2,0.43
9435,34800.0,450.2,0.43
9436,21450.0,216.4,0.48
9437,21450.0,216.4,0.48
9438,21450.0,216.4,0.48
9439,21450.0,216.4,0.48
9440,21450.0,216.4,0.48
9441,5680.0,216.4,0.48
9442,5680.0,216.4,0.48
9443,34730.0,216.4,0.48
9444,34730.0,216.4,0.48
9445,25740.0,450.2,0.43
9446,25740.0,450.2,0.43
9447,14720000.0,450.2,0.43
9448,2272000.0,216.4,0.48
9449,2272000.0,216.4,0.48
9450,2272000.0,216.4,0.48
9451,32000.0,450.2,0.43
9452,32000.0,450.2,0.43
9453,32000.0,450.2,0.43
9454,36960.0,216.4,0.48
9455,36960.0,216.4,0.48
9456,36960.0,216.4,0.48
9457,14784000.0,216.4,0.48
9458,14784000.0,216.4,0.48
9459,14784000.0,216.4,0.48
9460,37500.0,450.2,0.43
9461,37500.0,450.2,0.43
9462,5680.0,216.4,0.48
9463,5680.0,216.4,0.48
9464,5680.0,216.4,0.48
9465,32000.0,450.2,0.43
9466,32000.0,450.2,0.43
9467,32000.0,450.2,0.43
9468,36960.0,216.4,0.48
9469,36960.0,216.4,0.48
9470,36960.0,216.4,0.48
9471,22500.0,216.4,0.48
9472,13616000.0,216.4,0.48
9473,13616000.0,216.4,0.48
9474,2272000.0,216.4,0.48
9475,2272000.0,216.4,0.48
9476,14784000.0,216.4,0.48
9477,14784000.0,216.4,0.48
9478,14784000.0,216.4,0.48
9479,16128000.0,216.4,0.48
9480,36960.0,216.4,0.48
9481,36960.0,216.4,0.48
9482,36960.0,216.4,0.48
9483,13616000.0,216.4,0.48
9484,13616000.0,216.4,0.48
9485,10640000.0,450.2,0.43
9486,10640000.0,450.2,0.43
9487,10640000.0,450.2,0.43
9488,12800000.0,450.2,0.43
9489,12800000.0,450.2,0.43
9490,14784000.0,216.4,0.48
9491,14784000.0,216.4,0.48
9492,14784000.0,216.4,0.48
9493,16128000.0,216.4,0.48
9494,16128000.0,216.4,0.48
9495,16128000.0,216.4,0.48
9496,26600.0,450.2,0.43
9497,26600.0,450.2,0.43
9498,26600.0,450.2,0.43
9499,13800000.0,450.2,0.43
9500,13800000.0,450.2,0.43
9501,13800000.0,450.2,0.43
9502,7540000.0,450.2,0.43
9503,7540000.0,450.2,0.43
9504,7540000.0,450.2,0.43
9505,14720000.0,216.4,0.48
9506,14720000.0,216.4,0.48
9507,14720000.0,450.2,0.43
9508,14720000.0,450.2,0.43
9509,14720000.0,450.2,0.43
9510,15000000.0,450.2,0.43
9511,15000000.0,450.2,0.43
9512,15960000.0,216.4,0.48
9513,15960000.0,216.4,0.48
9514,11440000.0,450.2,0.43
9515,11440000.0,450.2,0.43
9516,11440000.0,450.2,0.43
9517,14784000.0,216.4,0.48
9518,14784000.0,216.4,0.48
9519,14784000.0,216.4,0.48
9520,13800000.0,450.2,0.43
9521,13800000.0,450.2,0.43
9522,13800000.0,450.2,0.43
9523,13340000.0,450.2,0.43
9524,13340000.0,450.2,0.43
9525,11600000.0,450.2,0.43
9526,11600000.0,450.2,0.43
9527,11600000.0,450.2,0.43
9528,7540000.0,450.2,0.43
9529,7540000.0,450.2,0.43
9530,14000000.0,450.2,0.43
9531,14000000.0,450.2,0.43
9532,14000000.0,450.2,0.43
9533,10440000.0,450.2,0.43
9534,2272000.0,216.4,0.48
9535,2272000.0,216.4,0.48
9536,2272000.0,216.4,0.48
9537,11520000.0,450.2,0.43
9538,11520000.0,450.2,0.43
9539,11520000.0,450.2,0.43
9540,10872000.0,216.4,0.48
9541,10872000.0,216.4,0.48
9542,22500.0,216.4,0.48
9543,35190.0,216.4,0.48
9544,35190.0,216.4,0.48
9545,35190.0,216.4,0.48
9546,36800.0,216.4,0.48
9547,36800.0,216.4,0.48
9548,21450.0,216.4,0.48
9549,21450.0,216.4,0.48
9550,21450.0,216.4,0.48
9551,38180.0,450.2,0.43
9552,38180.0,450.2,0.43
9553,34800.0,450.2,0.43
9554,34800.0,450.2,0.43
9555,34800.0,450.2,0.43
9556,21450.0,216.4,0.48
9557,21450.0,216.4,0.48
9558,21450.0,216.4,0.48
9559,37500.0,450.2,0.43
9560,37500.0,450.2,0.43
9561,39900.0,216.4,0.48
9562,39900.0,216.4,0.48
9563,36960.0,216.4,0.48
9564,36960.0,216.4,0.48
9565,36800.0,216.4,0.48
9566,36800.0,216.4,0.48
9567,36800.0,216.4,0.48
9568,5680.0,216.4,0.48
9569,5680.0,216.4,0.48
9570,5680.0,216.4,0.48
9571,21450.0,216.4,0.48
9572,21450.0,216.4,0.48
9573,21450.0,216.4,0.48
9574,21450.0,216.4,0.48
9575,21450.0,216.4,0.48
9576,21450.0,216.4,0.48
9577,21450.0,216.4,0.48
9578,21450.0,216.4,0.48
9579,22500.0,216.4,0.48
9580,21450.0,216.4,0.48
9581,21450.0,216.4,0.48
9582,21450.0,216.4,0.48
9583,21450.0,216.4,0.48
9584,21450.0,216.4,0.48
9585,8580.0,450.2,0.43
9586,8580.0,450.2,0.43
9587,8580.0,450.2,0.43
9588,33350.0,216.4,0.48
9589,33350.0,216.4,0.48
9590,33350.0,216.4,0.48
9591,34040.0,216.4,0.48
9592,34040.0,216.4,0.48
9593,34040.0,216.4,0.48
9594,21450.0,216.4,0.48
9595,21450.0,216.4,0.48
9596,21450.0,216.4,0.48
9597,25740.0,450.2,0.43
9598,25740.0,450.2,0.43
9599,25740.0,450.2,0.43
9600,22500.0,216.4,0.48
9601,32175000.0,216.4,0.48
9602,32175000.0,216.4,0.48
9603,8580000.0,216.4,0.48
9604,8580000.0,216.4,0.48
9605,21450.0,216.4,0.48
9606,21450.0,216.4,0.48
9607,22500.0,216.4,0.48
9608,10440000.0,450.2,0.43
9609,10440000.0,450.2,0.43
9610,12800000.0,450.2,0.43
9611,12800000.0,450.2,0.43
9612,12800000.0,450.2,0.43
9613,15360000.0,450.2,0.43
9614,15360000.0,450.2,0.43
9615,15360000.0,450.2,0.43
9616,10872000.0,216.4,0.48
9617,10872000.0,216.4,0.48
9618,10872000.0,216.4,0.48
9619,14720000.0,450.2,0.43
9620,14720000.0,450.2,0.43
9621,14720000.0,450.2,0.43
9622,13920000.0,450.2,0.43
9623,13920000.0,450.2,0.43
9624,13920000.0,450.2,0.43
9625,13020000.0,216.4,0.48
9626,35650.0,450.2,0.43
9627,35650.0,450.2,0.43
9628,35650.0,450.2,0.43
9629,42050.0,450.2,0.43
9630,42050.0,450.2,0.43
9631,32000.0,450.2,0.43
9632,36960.0,216.4,0.48
9633,36960.0,216.4,0.48
9634,36960.0,216.4,0.48
9635,14784000.0,216.4,0.48
9636,16128000.0,216.4,0.48
9637,16128000.0,216.4,0.48
9638,16128000.0,216.4,0.48
9639,22500.0,216.4,0.48
9640,16128000.0,216.4,0.48
9641,16128000.0,216.4,0.48
9642,16128000.0,216.4,0.48
9643,12800000.0,450.2,0.43
9644,12800000.0,450.2,0.43
9645,12800000.0,450.2,0.43
9646,14784000.0,216.4,0.48
9647,14784000.0,216.4,0.48
9648,15272000.0,450.2,0.43
9649,36960.0,216.4,0.48
9650,36960.0,216.4,0.48
9651,36960.0,216.4,0.48
9652,39900.0,216.4,0.48
9653,39900.0,216.4,0.48
9654,21450.0,216.4,0.48
9655,21450.0,216.4,0.48
9656,21450.0,216.4,0.48
9657,5680.0,216.4,0.48
9658,21450.0,216.4,0.48
9659,21450.0,216.4,0.48
9660,22500.0,216.4,0.48
9661,5500.0,366.7,0.33
9662,5500.0,366.7,0.33
9663,5500.0,366.7,0.33
9664,28800.0,450.2,0.43
9665,28800.0,450.2,0.43
9666,28800.0,450.2,0.43
9667,34040.0,216.4,0.48
9668,34040.0,216.4,0.48
9669,34040.0,216.4,0.48
9670,35190.0,216.4,0.48
9671,35190.0,216.4,0.48
9672,36960.0,216.4,0.48
9673,36960.0,216.4,0.48
9674,36960.0,216.4,0.48
9675,33350.0,216.4,0.48
9676,33350.0,216.4,0.48
9677,36800.0,216.4,0.48
9678,36800.0,216.4,0.48
9679,36800.0,216.4,0.48
9680,34040.0,216.4,0.48
9681,34040.0,216.4,0.48
9682,34040.0,216.4,0.48
9683,21450.0,216.4,0.48
9684,21450.0,216.4,0.48
9685,8580.0,450.2,0.43
9686,8580.0,450.2,0.43
9687,8580.0,450.2,0.43
9688,39900.0,216.4,0.48
9689,39900.0,216.4,0.48
9690,39900.0,216.4,0.48
9691,8580.0,450.2,0.43
9692,8580.0,450.2,0.43
9693,11520000.0,450.2,0.43
9694,11520000.0,450.2,0.43
9695,11520000.0,450.2,0.43
9696,14076000.0,216.4,0.48
9697,14076000.0,216.4,0.48
9698,14076000.0,216.4,0.48
9699,14720000.0,216.4,0.48
9700,14720000.0,216.4,0.48
9701,14720000.0,216.4,0.48
9702,14784000.0,216.4,0.48
9703,14784000.0,216.4,0.48
9704,14784000.0,216.4,0.48
9705,14000000.0,450.2,0.43
9706,14000000.0,450.2,0.43
9707,14720000.0,216.4,0.48
9708,14720000.0,216.4,0.48
9709,14720000.0,216.4,0.48
9710,12880000.0,216.4,0.48
9711,12880000.0,216.4,0.48
9712,12880000.0,216.4,0.48
9713,2272000.0,216.4,0.48
9714,2272000.0,216.4,0.48
9715,2272000.0,216.4,0.48
9716,15960000.0,216.4,0.48
9717,15960000.0,216.4,0.48
9718,3432000.0,450.2,0.43
9719,3432000.0,450.2,0.43
9720,3432000.0,450.2,0.43
9721,13892000.0,216.4,0.48
9722,13892000.0,216.4,0.48
9723,13892000.0,216.4,0.48
9724,10872000.0,216.4,0.48
9725,10872000.0,216.4,0.48
9726,10872000.0,216.4,0.48
9727,14784000.0,216.4,0.48
9728,14784000.0,216.4,0.48
9729,22500.0,216.4,0.48
9730,26600.0,450.2,0.43
9731,26600.0,450.2,0.43
9732,26600.0,450.2,0.43
9733,32000.0,450.2,0.43
9734,32000.0,450.2,0.43
9735,10640000.0,450.2,0.43
9736,10640000.0,450.2,0.43
9737,10640000.0,450.2,0.43
9738,10872000.0,216.4,0.48
9739,12800000.0,450.2,0.43
9740,12800000.0,450.2,0.43
9741,12800000.0,450.2,0.43
9742,14720000.0,450.2,0.43
9743,14720000.0,450.2,0.43
9744,14720000.0,450.2,0.43
9745,14784000.0,216.4,0.48
9746,14784000.0,216.4,0.48
9747,14784000.0,216.4,0.48
9748,10440000.0,450.2,0.43
9749,10440000.0,450.2,0.43
9750,10440000.0,450.2,0.43
9751,16128000.0,216.4,0.48
9752,16128000.0,216.4,0.48
9753,16128000.0,216.4,0.48
9754,27180.0,216.4,0.48
9755,27180.0,216.4,0.48
9756,27180.0,216.4,0.48
9757,34730.0,216.4,0.48
9758,34730.0,216.4,0.48
9759,34730.0,216.4,0.48
9760,5680.0,216.4,0.48
9761,5680.0,216.4,0.48
9762,5680.0,216.4,0.48
9763,5500.0,366.7,0.33
9764,13892000.0,216.4,0.48
9765,13892000.0,216.4,0.48
9766,14076000.0,216.4,0.48
9767,14076000.0,216.4,0.48
9768,14076000.0,216.4,0.48
9769,13920000.0,450.2,0.43
9770,13920000.0,450.2,0.43
9771,13920000.0,450.2,0.43
9772,10296000.0,450.2,0.43
9773,10296000.0,450.2,0.43
9774,16128000.0,216.4,0.48
9775,16128000.0,216.4,0.48
9776,22500.0,216.4,0.48
9777,22500.0,216.4,0.48
9778,13892000.0,216.4,0.48
9779,13892000.0,216.4,0.48
9780,13920000.0,450.2,0.43
9781,13920000.0,450.2,0.43
9782,14720000.0,450.2,0.43
9783,14720000.0,450.2,0.43
9784,14720000.0,450.2,0.43
9785,13892000.0,216.4,0.48
9786,13892000.0,216.4,0.48
9787,13892000.0,216.4,0.48
9788,14784000.0,216.4,0.48
9789,14784000.0,216.4,0.48
9790,14784000.0,216.4,0.48
9791,14000000.0,450.2,0.43
9792,14000000.0,450.2,0.43
9793,10872000.0,216.4,0.48
9794,10872000.0,216.4,0.48
9795,55440000.0,216.4,0.48
9796,55440000.0,216.4,0.48
9797,22500.0,216.4,0.48
9798,21450.0,216.4,0.48
9799,21450.0,216.4,0.48
9800,21450.0,216.4,0.48
9801,5680.0,216.4,0.48
9802,5680.0,216.4,0.48
9803,5680.0,216.4,0.48
9804,21450.0,216.4,0.48
9805,21450.0,216.4,0.48
9806,21450.0,216.4,0.48
9807,22500.0,216.4,0.48
9808,2272000.0,216.4,0.48
9809,2272000.0,216.4,0.48
9810,2272000.0,216.4,0.48
9811,13892000.0,216.4,0.48
9812,13892000.0,216.4,0.48
9813,13892000.0,216.4,0.48
9814,14784000.0,216.4,0.48
9815,14784000.0,216.4,0.48
9816,14784000.0,216.4,0.48
9817,16128000.0,216.4,0.48
9818,16128000.0,216.4,0.48
9819,16128000.0,216.4,0.48
9820,8580000.0,216.4,0.48
9821,8580000.0,216.4,0.48
9822,8580000.0,216.4,0.48
9823,36512000.0,216.4,0.48
9824,36512000.0,216.4,0.48
9825,36512000.0,216.4,0.48
9826,10296000.0,450.2,0.43
9827,10296000.0,450.2,0.43
9828,10640000.0,450.2,0.43
9829,10640000.0,450.2,0.43
9830,10640000.0,450.2,0.43
9831,13616000.0,216.4,0.48
9832,13616000.0,216.4,0.48
9833,13616000.0,216.4,0.48
9834,13616000.0,216.4,0.48
9835,11600000.0,450.2,0.43
9836,11600000.0,450.2,0.43
9837,14720000.0,450.2,0.43
9838,14720000.0,450.2,0.43
9839,14720000.0,450.2,0.43
9840,13800000.0,450.2,0.43
9841,13800000.0,450.2,0.43
9842,13800000.0,450.2,0.43
9843,22500.0,216.4,0.48
9844,40320.0,216.4,0.48
9845,40320.0,216.4,0.48
9846,40320.0,216.4,0.48
9847,36960.0,216.4,0.48
9848,36960.0,216.4,0.48
9849,36960.0,216.4,0.48
9850,39900.0,216.4,0.48
9851,39900.0,216.4,0.48
9852,39900.0,216.4,0.48
9853,34730.0,216.4,0.48
9854,34730.0,216.4,0.48
9855,34730.0,216.4,0.48
9856,55440000.0,216.4,0.48
9857,55440000.0,216.4,0.48
9858,55440000.0,216.4,0.48
9859,52095000.0,216.4,0.48
9860,52095000.0,216.4,0.48
9861,52095000.0,216.4,0.48
9862,21450.0,216.4,0.48
9863,21450.0,216.4,0.48
9864,21450.0,216.4,0.48
9865,5680.0,216.4,0.48
9866,5680.0,216.4,0.48
9867,5680.0,216.4,0.48
9868,22500.0,216.4,0.48
9869,16128000.0,216.4,0.48
9870,16128000.0,216.4,0.48
9871,12800000.0,450.2,0.43
9872,12800000.0,450.2,0.43
9873,14784000.0,216.4,0.48
9874,14784000.0,216.4,0.48
9875,14784000.0,216.4,0.48
9876,15272000.0,450.2,0.43
9877,15272000.0,450.2,0.43
9878,15272000.0,450.2,0.43
9879,14720000.0,450.2,0.43
9880,14720000.0,450.2,0.43
9881,13616000.0,216.4,0.48
9882,13616000.0,216.4,0.48
9883,13616000.0,216.4,0.48
9884,36960.0,216.4,0.48
9885,36960.0,216.4,0.48
9886,36960.0,216.4,0.48
9887,21450.0,216.4,0.48
9888,21450.0,216.4,0.48
9889,21450.0,216.4,0.48
9890,40320.0,216.4,0.48
9891,40320.0,216.4,0.48
9892,40320.0,216.4,0.48
9893,5680.0,216.4,0.48
9894,5680.0,216.4,0.48
9895,5680.0,216.4,0.48
9896,32000.0,450.2,0.43
9897,22500.0,216.4,0.48
9898,55440000.0,216.4,0.48
9899,55440000.0,216.4,0.48
9900,55440000.0,216.4,0.48
9901,36960.0,216.4,0.48
9902,36960.0,216.4,0.48
9903,36960.0,216.4,0.48
9904,13800000.0,450.2,0.43
9905,13800000.0,450.2,0.43
9906,13800000.0,450.2,0.43
9907,7540000.0,450.2,0.43
9908,7540000.0,450.2,0.43
9909,7540000.0,450.2,0.43
9910,14720000.0,450.2,0.43
9911,14720000.0,450.2,0.43
9912,14720000.0,450.2,0.43
9913,11600000.0,450.2,0.43
9914,11600000.0,450.2,0.43
9915,10440000.0,450.2,0.43
9916,10440000.0,450.2,0.43
9917,10440000.0,450.2,0.43
9918,7540000.0,450.2,0.43
9919,7540000.0,450.2,0.43
9920,7540000.0,450.2,0.43
9921,14000000.0,450.2,0.43
9922,14000000.0,450.2,0.43
9923,14000000.0,450.2,0.43
9924,2272000.0,216.4,0.48
9925,11520000.0,450.2,0.43
9926,11520000.0,450.2,0.43
9927,22500.0,216.4,0.48
9928,2200000.0,366.7,0.33
9929,2200000.0,366.7,0.33
9930,2200000.0,366.7,0.33
9931,14000000.0,450.2,0.43
9932,14000000.0,450.2,0.43
9933,13800000.0,450.2,0.43
9934,13800000.0,450.2,0.43
9935,13800000.0,450.2,0.43
9936,2272000.0,216.4,0.48
9937,2272000.0,216.4,0.48
9938,2272000.0,216.4,0.48
9939,14000000.0,450.2,0.43
9940,11520000.0,450.2,0.43
9941,22500.0,216.4,0.48
9942,13800000.0,450.2,0.43
9943,13800000.0,450.2,0.43
9944,14000000.0,450.2,0.43
9945,14000000.0,450.2,0.43
9946,2272000.0,216.4,0.48
9947,2272000.0,216.4,0.48
9948,2272000.0,216.4,0.48
9949,11520000.0,450.2,0.43
9950,11520000.0,450.2,0.43
9951,11520000.0,450.2,0.43
9952,14720000.0,450.2,0.43
9953,14720000.0,450.2,0.43
9954,14720000.0,450.2,0.43
9955,22500.0,216.4,0.48
9956,34500.0,450.2,0.43
9957,34500.0,450.2,0.43
9958,34500.0,450.2,0.43
9959,22500.0,216.4,0.48
9960,13920000.0,450.2,0.43
9961,13920000.0,450.2,0.43
9962,13920000.0,450.2,0.43
9963,14000000.0,450.2,0.43
9964,14000000.0,450.2,0.43
9965,14000000.0,450.2,0.43
9966,2200000.0,366.7,0.33
9967,2200000.0,366.7,0.33
9968,2200000.0,366.7,0.33
9969,14720000.0,216.4,0.48
9970,14720000.0,216.4,0.48
9971,14720000.0,216.4,0.48
9972,13892000.0,216.4,0.48
9973,13892000.0,216.4,0.48
9974,13892000.0,216.4,0.48
9975,16128000.0,216.4,0.48
9976,16128000.0,216.4,0.48
9977,16128000.0,216.4,0.48
9978,11200000.0,450.2,0.43
9979,11200000.0,450.2,0.43
9980,10640000.0,450.2,0.43
9981,10640000.0,450.2,0.43
9982,10640000.0,450.2,0.43
9983,13800000.0,216.4,0.48
9984,13800000.0,216.4,0.48
9985,11440000.0,450.2,0.43
9986,11440000.0,450.2,0.43
9987,2272000.0,216.4,0.48
9988,2272000.0,216.4,0.48
9989,2272000.0,216.4,0.48
9990,3432000.0,450.2,0.43
9991,15000000.0,450.2,0.43
9992,14784000.0,216.4,0.48
9993,14784000.0,216.4,0.48
9994,14784000.0,216.4,0.48
9995,14720000.0,450.2,0.43
9996,14720000.0,450.2,0.43
9997,14720000.0,450.2,0.43
9998,13340000.0,450.2,0.43
9999,13340000.0,450.2,0.43
10000,13340000.0,450.2,0.43
10001,13800000.0,450.2,0.43
10002,14076000.0,216.4,0.48
10003,14076000.0,216.4,0.48
10004,14076000.0,216.4,0.48
10005,5680.0,216.4,0.48
10006,8580.0,450.2,0.43
10007,8580.0,450.2,0.43
10008,8580.0,450.2,0.43
10009,34730.0,216.4,0.48
10010,34730.0,216.4,0.48
10011,28600.0,450.2,0.43
10012,28600.0,450.2,0.43
10013,28600.0,450.2,0.43
10014,8580.0,450.2,0.43
10015,8580.0,450.2,0.43
10016,8580.0,450.2,0.43
10017,37500.0,450.2,0.43
10018,37500.0,450.2,0.43
10019,38400.0,450.2,0.43
10020,38400.0,450.2,0.43
10021,40320.0,216.4,0.48
10022,40320.0,216.4,0.48
10023,35190.0,216.4,0.48
10024,35190.0,216.4,0.48
10025,33350.0,450.2,0.43
10026,33350.0,450.2,0.43
10027,33350.0,450.2,0.43
10028,22500.0,216.4,0.48
10029,13920000.0,450.2,0.43
10030,13920000.0,450.2,0.43
10031,13920000.0,450.2,0.43
10032,13892000.0,216.4,0.48
10033,13892000.0,216.4,0.48
10034,38610000.0,450.2,0.43
10035,38610000.0,450.2,0.43
10036,39900000.0,450.2,0.43
10037,39900000.0,450.2,0.43
10038,55440000.0,216.4,0.48
10039,55440000.0,216.4,0.48
10040,55440000.0,216.4,0.48
10041,550000.0,366.7,0.33
10042,550000.0,366.7,0.33
10043,550000.0,366.7,0.33
10044,3473000.0,216.4,0.48
10045,3473000.0,216.4,0.48
10046,3473000.0,216.4,0.48
10047,10872000.0,216.4,0.48
10048,10872000.0,216.4,0.48
10049,10872000.0,216.4,0.48
10050,14000000.0,450.2,0.43
10051,14000000.0,450.2,0.43
10052,10872000.0,216.4,0.48
10053,10872000.0,216.4,0.48
10054,32000.0,450.2,0.43
10055,32000.0,450.2,0.43
10056,32000.0,450.2,0.43
10057,34040.0,216.4,0.48
10058,34040.0,216.4,0.48
10059,34040.0,216.4,0.48
10060,27000.0,216.4,0.48
10061,27000.0,216.4,0.48
10062,38180.0,450.2,0.43
10063,38180.0,450.2,0.43
10064,38180.0,450.2,0.43
10065,20670.0,450.2,0.43
10066,20670.0,450.2,0.43
10067,20670.0,450.2,0.43
10068,34800.0,450.2,0.43
10069,34800.0,450.2,0.43
10070,34800.0,450.2,0.43
10071,21450.0,216.4,0.48
10072,21450.0,216.4,0.48
10073,21450.0,216.4,0.48
10074,38400.0,450.2,0.43
10075,38400.0,450.2,0.43
10076,38400.0,450.2,0.43
10077,22260.0,450.2,0.43
10078,22260.0,450.2,0.43
10079,22260.0,450.2,0.43
10080,34730.0,216.4,0.48
10081,34730.0,216.4,0.48
10082,13616000.0,216.4,0.48
10083,13616000.0,216.4,0.48
10084,13616000.0,216.4,0.48
10085,16128000.0,216.4,0.48
10086,16128000.0,216.4,0.48
10087,14720000.0,450.2,0.43
10088,14720000.0,450.2,0.43
10089,12800000.0,450.2,0.43
10090,12800000.0,450.2,0.43
10091,12800000.0,450.2,0.43
10092,13020000.0,216.4,0.48
10093,13020000.0,216.4,0.48
10094,8904000.0,450.2,0.43
10095,8904000.0,450.2,0.43
10096,8904000.0,450.2,0.43
10097,8580000.0,216.4,0.48
10098,8580000.0,216.4,0.48
10099,8580000.0,216.4,0.48
10100,16576000.0,450.2,0.43
10101,16576000.0,450.2,0.43
10102,8580000.0,216.4,0.48
10103,8580000.0,216.4,0.48
10104,11200000.0,450.2,0.43
10105,11200000.0,450.2,0.43
10106,15272000.0,450.2,0.43
10107,15272000.0,450.2,0.43
10108,8268000.0,450.2,0.43
10109,13892000.0,216.4,0.48
10110,13892000.0,216.4,0.48
10111,22500.0,216.4,0.48
10112,32175000.0,216.4,0.48
10113,32175000.0,216.4,0.48
10114,11600000.0,450.2,0.43
10115,11600000.0,450.2,0.43
10116,11600000.0,450.2,0.43
10117,10440000.0,450.2,0.43
10118,10440000.0,450.2,0.43
10119,10440000.0,450.2,0.43
10120,14000000.0,450.2,0.43
10121,11600000.0,450.2,0.43
10122,11600000.0,450.2,0.43
10123,11600000.0,450.2,0.43
10124,11520000.0,450.2,0.43
10125,11520000.0,450.2,0.43
10126,11520000.0,450.2,0.43
10127,12800000.0,450.2,0.43
10128,12800000.0,450.2,0.43
10129,14720000.0,450.2,0.43
10130,14720000.0,450.2,0.43
10131,22500.0,216.4,0.48
10132,34500.0,450.2,0.43
10133,34500.0,450.2,0.43
10134,29000.0,450.2,0.43
10135,13616000.0,216.4,0.48
10136,13616000.0,216.4,0.48
10137,13616000.0,216.4,0.48
10138,8580000.0,216.4,0.48
10139,8580000.0,216.4,0.48
10140,14720000.0,450.2,0.43
10141,14720000.0,450.2,0.43
10142,13020000.0,216.4,0.48
10143,13020000.0,216.4,0.48
10144,8580000.0,216.4,0.48
10145,8580000.0,216.4,0.48
10146,8904000.0,450.2,0.43
10147,8904000.0,450.2,0.43
10148,21450.0,216.4,0.48
10149,21450.0,216.4,0.48
10150,21450.0,216.4,0.48
10151,36960.0,216.4,0.48
10152,36960.0,216.4,0.48
10153,36960.0,216.4,0.48
10154,27000.0,216.4,0.48
10155,27000.0,216.4,0.48
10156,27000.0,216.4,0.48
10157,34040.0,216.4,0.48
10158,34040.0,216.4,0.48
10159,34040.0,216.4,0.48
10160,21450.0,216.4,0.48
10161,21450.0,216.4,0.48
10162,21450.0,216.4,0.48
10163,21450.0,216.4,0.48
10164,21450.0,216.4,0.48
10165,21450.0,216.4,0.48
10166,34800.0,450.2,0.43
10167,34800.0,450.2,0.43
10168,34800.0,450.2,0.43
10169,28000.0,450.2,0.43
10170,28000.0,450.2,0.43
10171,8580.0,450.2,0.43
10172,8580.0,450.2,0.43
10173,8580.0,450.2,0.43
10174,8580.0,450.2,0.43
10175,25740.0,450.2,0.43
10176,25740.0,450.2,0.43
10177,25740.0,450.2,0.43
10178,22260.0,450.2,0.43
10179,22260.0,450.2,0.43
10180,36960.0,216.4,0.48
10181,22500.0,216.4,0.48
10182,22500.0,216.4,0.48
10183,21450.0,216.4,0.48
10184,21450.0,216.4,0.48
10185,28000.0,450.2,0.43
10186,28000.0,450.2,0.43
10187,11200000.0,450.2,0.43
10188,11200000.0,450.2,0.43
10189,32175000.0,216.4,0.48
10190,32175000.0,216.4,0.48
10191,14720000.0,216.4,0.48
10192,14720000.0,216.4,0.48
10193,12880000.0,216.4,0.48
10194,12880000.0,216.4,0.48
10195,13892000.0,216.4,0.48
10196,13892000.0,216.4,0.48
10197,13892000.0,216.4,0.48
10198,10872000.0,216.4,0.48
10199,10872000.0,216.4,0.48
10200,10872000.0,216.4,0.48
10201,3432000.0,450.2,0.43
10202,3432000.0,450.2,0.43
10203,3432000.0,450.2,0.43
10204,2272000.0,216.4,0.48
10205,2272000.0,216.4,0.48
10206,15000000.0,450.2,0.43
10207,15000000.0,450.2,0.43
10208,2200000.0,366.7,0.33
10209,2200000.0,366.7,0.33
10210,2200000.0,366.7,0.33
10211,14784000.0,216.4,0.48
10212,14784000.0,216.4,0.48
10213,14784000.0,216.4,0.48
10214,8580000.0,216.4,0.48
10215,8580000.0,216.4,0.48
10216,8580000.0,216.4,0.48
10217,13340000.0,216.4,0.48
10218,13340000.0,216.4,0.48
10219,13340000.0,216.4,0.48
10220,3432000.0,450.2,0.43
10221,3432000.0,450.2,0.43
10222,3432000.0,450.2,0.43
10223,8580000.0,216.4,0.48
10224,8580000.0,216.4,0.48
10225,13616000.0,216.4,0.48
10226,13616000.0,216.4,0.48
10227,13616000.0,216.4,0.48
10228,13616000.0,216.4,0.48
10229,13616000.0,216.4,0.48
10230,13616000.0,216.4,0.48
10231,13340000.0,450.2,0.43
10232,13340000.0,450.2,0.43
10233,14720000.0,216.4,0.48
10234,14720000.0,216.4,0.48
10235,14720000.0,216.4,0.48
10236,39900.0,216.4,0.48
10237,39900.0,216.4,0.48
10238,8580.0,450.2,0.43
10239,8580.0,450.2,0.43
10240,8580.0,450.2,0.43
10241,8580.0,450.2,0.43
10242,8580.0,450.2,0.43
10243,5500.0,366.7,0.33
10244,5500.0,366.7,0.33
10245,5500.0,366.7,0.33
10246,5680.0,216.4,0.48
10247,5680.0,216.4,0.48
10248,5680.0,216.4,0.48
10249,37500.0,450.2,0.43
10250,37500.0,450.2,0.43
10251,40320.0,216.4,0.48
10252,40320.0,216.4,0.48
10253,40320.0,216.4,0.48
10254,34800.0,450.2,0.43
10255,34800.0,450.2,0.43
10256,34800.0,450.2,0.43
10257,41440.0,450.2,0.43
10258,41440.0,450.2,0.43
10259,33350.0,216.4,0.48
10260,33350.0,216.4,0.48
10261,33350.0,216.4,0.48
10262,33350.0,450.2,0.43
10263,33350.0,450.2,0.43
10264,33350.0,450.2,0.43
10265,33350.0,450.2,0.43
10266,33350.0,450.2,0.43
10267,3473000.0,216.4,0.48
10268,3473000.0,216.4,0.48
10269,3473000.0,216.4,0.48
10270,550000.0,366.7,0.33
10271,550000.0,366.7,0.33
10272,550000.0,366.7,0.33
10273,22500.0,216.4,0.48
10274,5680.0,216.4,0.48
10275,5680.0,216.4,0.48
10276,5680.0,216.4,0.48
10277,41440.0,450.2,0.43
10278,41440.0,450.2,0.43
10279,8520000.0,216.4,0.48
10280,8520000.0,216.4,0.48
10281,8520000.0,216.4,0.48
10282,12870000.0,450.2,0.43
10283,12870000.0,450.2,0.43
10284,12870000.0,450.2,0.43
10285,22500.0,216.4,0.48
10286,10872000.0,216.4,0.48
10287,14000000.0,450.2,0.43
10288,22500.0,216.4,0.48
10289,11520000.0,450.2,0.43
10290,11520000.0,450.2,0.43
10291,14720000.0,450.2,0.43
10292,14720000.0,450.2,0.43
10293,14720000.0,450.2,0.43
10294,14000000.0,450.2,0.43
10295,14000000.0,450.2,0.43
10296,14000000.0,450.2,0.43
10297,14000000.0,450.2,0.43
10298,14000000.0,450.2,0.43
10299,13616000.0,216.4,0.48
10300,13616000.0,216.4,0.48
10301,12800000.0,450.2,0.43
10302,12800000.0,450.2,0.43
10303,12800000.0,450.2,0.43
10304,13616000.0,216.4,0.48
10305,13616000.0,216.4,0.48
10306,13616000.0,216.4,0.48
10307,13616000.0,216.4,0.48
10308,13616000.0,216.4,0.48
10309,13616000.0,216.4,0.48
10310,16128000.0,216.4,0.48
10311,16128000.0,216.4,0.48
10312,16128000.0,216.4,0.48
10313,2272000.0,216.4,0.48
10314,2272000.0,216.4,0.48
10315,2272000.0,216.4,0.48
10316,11600000.0,450.2,0.43
10317,11600000.0,450.2,0.43
10318,11600000.0,450.2,0.43
10319,13892000.0,216.4,0.48
10320,13892000.0,216.4,0.48
10321,13892000.0,216.4,0.48
10322,14720000.0,216.4,0.48
10323,14720000.0,216.4,0.48
10324,11520000.0,450.2,0.43
10325,11520000.0,450.2,0.43
10326,11520000.0,450.2,0.43
10327,13800000.0,450.2,0.43
10328,13800000.0,450.2,0.43
10329,13800000.0,450.2,0.43
10330,14720000.0,450.2,0.43
10331,14720000.0,450.2,0.43
10332,14720000.0,450.2,0.43
10333,14784000.0,216.4,0.48
10334,14784000.0,216.4,0.48
10335,14784000.0,216.4,0.48
10336,11600000.0,450.2,0.43
10337,11600000.0,450.2,0.43
10338,22500.0,216.4,0.48
10339,12800.0,450.2,0.43
10340,32000.0,450.2,0.43
10341,32000.0,450.2,0.43
10342,21450.0,216.4,0.48
10343,21450.0,216.4,0.48
10344,21450.0,216.4,0.48
10345,5680.0,216.4,0.48
10346,5680.0,216.4,0.48
10347,5680.0,216.4,0.48
10348,22500.0,216.4,0.48
10349,32175000.0,216.4,0.48
10350,32175000.0,216.4,0.48
10351,21450.0,216.4,0.48
10352,21450.0,216.4,0.48
10353,21450.0,216.4,0.48
10354,22500.0,216.4,0.48
10355,21450.0,216.4,0.48
10356,21450.0,216.4,0.48
10357,21450.0,216.4,0.48
10358,41440.0,450.2,0.43
10359,41440.0,450.2,0.43
10360,41440.0,450.2,0.43
10361,21450.0,216.4,0.48
10362,21450.0,216.4,0.48
10363,22500.0,216.4,0.48
10364,14000000.0,450.2,0.43
10365,14000000.0,450.2,0.43
10366,14000000.0,450.2,0.43
10367,14720000.0,450.2,0.43
10368,2272000.0,216.4,0.48
10369,2272000.0,216.4,0.48
10370,2272000.0,216.4,0.48
10371,12800000.0,450.2,0.43
10372,12800000.0,450.2,0.43
10373,10440000.0,450.2,0.43
10374,10440000.0,450.2,0.43
10375,10440000.0,450.2,0.43
10376,14784000.0,216.4,0.48
10377,14784000.0,216.4,0.48
10378,14784000.0,216.4,0.48
10379,14720000.0,216.4,0.48
10380,14720000.0,216.4,0.48
10381,14720000.0,216.4,0.48
10382,11600000.0,450.2,0.43
10383,11600000.0,450.2,0.43
10384,16128000.0,216.4,0.48
10385,16128000.0,216.4,0.48
10386,16128000.0,216.4,0.48
10387,12800.0,450.2,0.43
10388,12800.0,450.2,0.43
10389,12800.0,450.2,0.43
10390,32000.0,450.2,0.43
10391,32000.0,450.2,0.43
10392,32000.0,450.2,0.43
10393,36960.0,216.4,0.48
10394,36960.0,216.4,0.48
10395,36960.0,216.4,0.48
10396,22500.0,216.4,0.48
10397,14720000.0,450.2,0.43
10398,14720000.0,450.2,0.43
10399,14720000.0,450.2,0.43
10400,2272000.0,216.4,0.48
10401,2272000.0,216.4,0.48
10402,2272000.0,216.4,0.48
10403,34500.0,450.2,0.43
10404,34500.0,450.2,0.43
10405,34500.0,450.2,0.43
10406,22500.0,216.4,0.48
10407,21450.0,216.4,0.48
10408,21450.0,216.4,0.48
10409,21450.0,216.4,0.48
10410,11200000.0,450.2,0.43
10411,22500.0,216.4,0.48
10412,34500.0,450.2,0.43
10413,34500.0,450.2,0.43
10414,29000.0,450.2,0.43
10415,29000.0,450.2,0.43
10416,26100.0,450.2,0.43
10417,26100.0,450.2,0.43
10418,14720000.0,450.2,0.43
10419,14720000.0,450.2,0.43
10420,14720000.0,450.2,0.43
10421,11600000.0,450.2,0.43
10422,11600000.0,450.2,0.43
10423,11600000.0,450.2,0.43
10424,12800000.0,450.2,0.43
10425,12800000.0,450.2,0.43
10426,12800000.0,450.2,0.43
10427,2272000.0,216.4,0.48
10428,10440000.0,450.2,0.43
10429,10440000.0,450.2,0.43
10430,13616000.0,216.4,0.48
10431,13616000.0,216.4,0.48
10432,14260000.0,450.2,0.43
10433,14260000.0,450.2,0.43
10434,17760000.0,450.2,0.43
10435,17760000.0,450.2,0.43
10436,17760000.0,450.2,0.43
10437,10440000.0,450.2,0.43
10438,10440000.0,450.2,0.43
10439,10440000.0,450.2,0.43
10440,11600000.0,450.2,0.43
10441,11600000.0,450.2,0.43
10442,11600000.0,450.2,0.43
10443,14784000.0,216.4,0.48
10444,14784000.0,216.4,0.48
10445,14784000.0,216.4,0.48
10446,7540000.0,450.2,0.43
10447,7540000.0,450.2,0.43
10448,7540000.0,450.2,0.43
10449,16128000.0,216.4,0.48
10450,16128000.0,216.4,0.48
10451,43500000.0,450.2,0.43
10452,43500000.0,450.2,0.43
10453,43500000.0,450.2,0.43
10454,22500.0,216.4,0.48
10455,21450.0,216.4,0.48
10456,22500.0,216.4,0.48
10457,8580.0,450.2,0.43
10458,8580.0,450.2,0.43
10459,5680.0,216.4,0.48
10460,5680.0,216.4,0.48
10461,5680.0,216.4,0.48
10462,22500.0,216.4,0.48
10463,22500.0,216.4,0.48
10464,8580.0,450.2,0.43
10465,8580.0,450.2,0.43
10466,8580.0,450.2,0.43
10467,33350.0,216.4,0.48
10468,33350.0,216.4,0.48
10469,33350.0,216.4,0.48
10470,8580.0,450.2,0.43
10471,8580.0,450.2,0.43
10472,8580.0,450.2,0.43
10473,8580.0,450.2,0.43
10474,34800.0,450.2,0.43
10475,34800.0,450.2,0.43
10476,21450.0,216.4,0.48
10477,21450.0,216.4,0.48
10478,37500.0,450.2,0.43
10479,37500.0,450.2,0.43
10480,26600.0,450.2,0.43
10481,26600.0,450.2,0.43
10482,38400.0,450.2,0.43
10483,22500.0,216.4,0.48
10484,13340000.0,216.4,0.48
10485,13340000.0,216.4,0.48
10486,15000000.0,450.2,0.43
10487,15000000.0,450.2,0.43
10488,8580000.0,216.4,0.48
10489,8580000.0,216.4,0.48
10490,3432000.0,450.2,0.43
10491,3432000.0,450.2,0.43
10492,3432000.0,450.2,0.43
10493,10872000.0,216.4,0.48
10494,10872000.0,216.4,0.48
10495,10872000.0,216.4,0.48
10496,3432000.0,450.2,0.43
10497,3432000.0,450.2,0.43
10498,13892000.0,216.4,0.48
10499,13892000.0,216.4,0.48
10500,8580000.0,216.4,0.48
10501,8580000.0,216.4,0.48
10502,41440.0,450.2,0.43
10503,41440.0,450.2,0.43
10504,33350.0,216.4,0.48
10505,33350.0,216.4,0.48
10506,21450.0,216.4,0.48
10507,21450.0,216.4,0.48
10508,12870000.0,450.2,0.43
10509,12870000.0,450.2,0.43
10510,22500.0,216.4,0.48
10511,33350.0,450.2,0.43
10512,33350.0,450.2,0.43
10513,8580.0,450.2,0.43
10514,8580.0,450.2,0.43
10515,8580.0,450.2,0.43
10516,33350.0,450.2,0.43
10517,33350.0,450.2,0.43
10518,33350.0,450.2,0.43
10519,13616000.0,216.4,0.48
10520,14720000.0,450.2,0.43
10521,14720000.0,450.2,0.43
10522,14720000.0,450.2,0.43
10523,13340000.0,450.2,0.43
10524,13340000.0,450.2,0.43
10525,13340000.0,450.2,0.43
10526,14720000.0,216.4,0.48
10527,14720000.0,216.4,0.48
10528,12800000.0,450.2,0.43
10529,12800000.0,450.2,0.43
10530,12800000.0,450.2,0.43
10531,14720000.0,450.2,0.43
10532,14720000.0,450.2,0.43
10533,14720000.0,450.2,0.43
10534,13892000.0,216.4,0.48
10535,13892000.0,216.4,0.48
10536,13892000.0,216.4,0.48
10537,14720000.0,216.4,0.48
10538,14720000.0,216.4,0.48
10539,10872000.0,216.4,0.48
10540,10872000.0,216.4,0.48
10541,13020000.0,216.4,0.48
10542,13020000.0,216.4,0.48
10543,15960000.0,216.4,0.48
10544,15960000.0,216.4,0.48
10545,13616000.0,216.4,0.48
10546,13616000.0,216.4,0.48
10547,2272000.0,216.4,0.48
10548,48825000.0,216.4,0.48
10549,48825000.0,216.4,0.48
10550,13892000.0,216.4,0.48
10551,13892000.0,216.4,0.48
10552,3432000.0,450.2,0.43
10553,3432000.0,450.2,0.43
10554,3432000.0,450.2,0.43
10555,14720000.0,216.4,0.48
10556,14720000.0,216.4,0.48
10557,10872000.0,216.4,0.48
10558,10872000.0,216.4,0.48
10559,10872000.0,216.4,0.48
10560,2272000.0,216.4,0.48
10561,2272000.0,216.4,0.48
10562,2272000.0,216.4,0.48
10563,13340000.0,216.4,0.48
10564,13340000.0,216.4,0.48
10565,13340000.0,216.4,0.48
10566,16128000.0,216.4,0.48
10567,16128000.0,216.4,0.48
10568,16128000.0,216.4,0.48
10569,8580000.0,216.4,0.48
10570,8580000.0,216.4,0.48
10571,8580000.0,216.4,0.48
10572,11600000.0,450.2,0.43
10573,11600000.0,450.2,0.43
10574,12870000.0,450.2,0.43
10575,12870000.0,450.2,0.43
10576,21450.0,216.4,0.48
10577,21450.0,216.4,0.48
10578,27180.0,216.4,0.48
10579,27180.0,216.4,0.48
10580,22500.0,216.4,0.48
10581,14720000.0,216.4,0.48
10582,14720000.0,216.4,0.48
10583,14720000.0,216.4,0.48
10584,14720000.0,216.4,0.48
10585,10872000.0,216.4,0.48
10586,10872000.0,216.4,0.48
10587,8580000.0,216.4,0.48
10588,8580000.0,216.4,0.48
10589,8580000.0,216.4,0.48
10590,8580000.0,216.4,0.48
10591,8580000.0,216.4,0.48
10592,10800000.0,216.4,0.48
10593,10800000.0,216.4,0.48
10594,22500.0,216.4,0.48
10595,34800.0,450.2,0.43
10596,34800.0,450.2,0.43
10597,8580.0,450.2,0.43
10598,8580.0,450.2,0.43
10599,8580.0,450.2,0.43
10600,27000.0,216.4,0.48
10601,27000.0,216.4,0.48
10602,22500.0,216.4,0.48
10603,22500.0,216.4,0.48
10604,34730.0,216.4,0.48
10605,34730.0,216.4,0.48
10606,22260.0,450.2,0.43
10607,22260.0,450.2,0.43
10608,22260.0,450.2,0.43
10609,21450.0,216.4,0.48
10610,21450.0,216.4,0.48
10611,20670.0,450.2,0.43
10612,20670.0,450.2,0.43
10613,20670.0,450.2,0.43
10614,34800.0,450.2,0.43
10615,34800.0,450.2,0.43
10616,27000.0,216.4,0.48
10617,27000.0,216.4,0.48
10618,36340.0,216.4,0.48
10619,21450.0,216.4,0.48
10620,21450.0,216.4,0.48
10621,36800.0,450.2,0.43
10622,36800.0,450.2,0.43
10623,13892000.0,216.4,0.48
10624,13892000.0,216.4,0.48
10625,8904000.0,450.2,0.43
10626,13800000.0,216.4,0.48
10627,13800000.0,216.4,0.48
10628,15000000.0,450.2,0.43
10629,15000000.0,450.2,0.43
10630,8580000.0,216.4,0.48
10631,8580000.0,216.4,0.48
10632,8580000.0,216.4,0.48
10633,5216000.0,216.4,0.48
10634,5216000.0,216.4,0.48
10635,22260.0,450.2,0.43
10636,22260.0,450.2,0.43
10637,32175000.0,216.4,0.48
10638,32175000.0,216.4,0.48
10639,22260.0,450.2,0.43
10640,22260.0,450.2,0.43
10641,22500.0,216.4,0.48
10642,21450.0,216.4,0.48
10643,21450.0,216.4,0.48
10644,26600.0,450.2,0.43
10645,26600.0,450.2,0.43
10646,26600.0,450.2,0.43
10647,37500.0,450.2,0.43
10648,38400.0,450.2,0.43
10649,38400.0,450.2,0.43
10650,8580.0,450.2,0.43
10651,8580.0,450.2,0.43
10652,8580000.0,216.4,0.48
10653,8580000.0,216.4,0.48
10654,13800000.0,216.4,0.48
10655,13800000.0,216.4,0.48
10656,13800000.0,216.4,0.48
10657,21450.0,216.4,0.48
10658,21450.0,216.4,0.48
10659,21450.0,216.4,0.48
10660,8580.0,450.2,0.43
10661,8580.0,450.2,0.43
10662,37500.0,450.2,0.43
10663,37500.0,450.2,0.43
10664,26600.0,450.2,0.43
10665,26600.0,450.2,0.43
10666,22500.0,216.4,0.48
10667,22500.0,216.4,0.48
10668,34800.0,450.2,0.43
10669,34800.0,450.2,0.43
10670,27000.0,216.4,0.48
10671,27000.0,216.4,0.48
10672,8580.0,450.2,0.43
10673,8580.0,450.2,0.43
10674,8580.0,450.2,0.43
10675,34040.0,216.4,0.48
10676,34040.0,216.4,0.48
10677,21450.0,216.4,0.48
10678,21450.0,216.4,0.48
10679,10800000.0,216.4,0.48
10680,10800000.0,216.4,0.48
10681,8580000.0,216.4,0.48
10682,8580000.0,216.4,0.48
10683,8580000.0,216.4,0.48
10684,13892000.0,216.4,0.48
10685,13892000.0,216.4,0.48
10686,8580000.0,216.4,0.48
10687,8580000.0,216.4,0.48
10688,8580000.0,216.4,0.48
10689,11600000.0,450.2,0.43
10690,11600000.0,450.2,0.43
10691,11600000.0,450.2,0.43
10692,36512000.0,216.4,0.48
10693,36512000.0,216.4,0.48
10694,36512000.0,216.4,0.48
10695,3432000.0,450.2,0.43
10696,3432000.0,450.2,0.43
10697,13800000.0,216.4,0.48
10698,13800000.0,216.4,0.48
10699,34730.0,216.4,0.48
10700,34730.0,216.4,0.48
10701,37500000.0,216.4,0.48
10702,37500000.0,216.4,0.48
10703,13800000.0,216.4,0.48
10704,13800000.0,216.4,0.48
10705,13800000.0,216.4,0.48
10706,3432000.0,450.2,0.43
10707,3432000.0,450.2,0.43
10708,8580.0,450.2,0.43
10709,8580.0,450.2,0.43
10710,21450.0,216.4,0.48
10711,21450.0,216.4,0.48
10712,22500.0,216.4,0.48
10713,13800000.0,216.4,0.48
10714,13800000.0,216.4,0.48
10715,13800000.0,216.4,0.48
10716,13800000.0,216.4,0.48
10717,13800000.0,216.4,0.48
10718,3432000.0,450.2,0.43
10719,3432000.0,450.2,0.43
10720,21450.0,216.4,0.48
10721,21450.0,216.4,0.48
10722,21450.0,216.4,0.48
10723,21450.0,216.4,0.48
10724,21450.0,216.4,0.48
10725,21450.0,216.4,0.48
10726,36800.0,450.2,0.43
10727,36800.0,450.2,0.43
10728,37500.0,450.2,0.43
10729,37500.0,450.2,0.43
10730,39900.0,216.4,0.48
10731,39900.0,216.4,0.48
10732,21450.0,216.4,0.48
10733,21450.0,216.4,0.48
10734,27180.0,216.4,0.48
10735,27180.0,216.4,0.48
10736,27180.0,216.4,0.48
10737,22260.0,450.2,0.43
10738,22260.0,450.2,0.43
10739,22260.0,450.2,0.43
10740,3432000.0,450.2,0.43
10741,3432000.0,450.2,0.43
10742,13800000.0,216.4,0.48
10743,13800000.0,216.4,0.48
10744,8580000.0,216.4,0.48
10745,8580000.0,216.4,0.48
10746,13340000.0,450.2,0.43
10747,13340000.0,450.2,0.43
10748,13340000.0,450.2,0.43
10749,15000000.0,450.2,0.43
10750,15000000.0,450.2,0.43
10751,11600000.0,450.2,0.43
10752,11600000.0,450.2,0.43
10753,15960000.0,216.4,0.48
10754,15960000.0,216.4,0.48
10755,13892000.0,216.4,0.48
10756,13892000.0,216.4,0.48
10757,13892000.0,216.4,0.48
10758,8580000.0,216.4,0.48
10759,8580000.0,216.4,0.48
10760,36512000.0,216.4,0.48
10761,36512000.0,216.4,0.48
10762,11200000.0,450.2,0.43
10763,11200000.0,450.2,0.43
10764,5216000.0,216.4,0.48
10765,5216000.0,216.4,0.48
10766,5216000.0,216.4,0.48
10767,15360000.0,450.2,0.43
10768,15360000.0,450.2,0.43
10769,8580000.0,216.4,0.48
10770,8580000.0,216.4,0.48
10771,14720000.0,216.4,0.48
10772,14720000.0,216.4,0.48
10773,12880000.0,216.4,0.48
10774,12880000.0,216.4,0.48
10775,32175000.0,216.4,0.48
10776,32175000.0,216.4,0.48
10777,12870000.0,450.2,0.43
10778,12870000.0,450.2,0.43
10779,52095000.0,216.4,0.48
10780,52095000.0,216.4,0.48
10781,22500.0,216.4,0.48
10782,32175000.0,216.4,0.48
10783,32175000.0,216.4,0.48
10784,36512000.0,216.4,0.48
10785,36512000.0,216.4,0.48
10786,8580000.0,216.4,0.48
10787,8580000.0,216.4,0.48
10788,22260.0,450.2,0.43
10789,22260.0,450.2,0.43
10790,22260.0,450.2,0.43
10791,22260.0,450.2,0.43
10792,22500.0,216.4,0.48
10793,8904000.0,450.2,0.43
10794,8904000.0,450.2,0.43
10795,10296000.0,450.2,0.43
10796,10296000.0,450.2,0.43
10797,13892000.0,216.4,0.48
10798,13892000.0,216.4,0.48
10799,13892000.0,216.4,0.48
10800,22500.0,216.4,0.48
10801,10872000.0,216.4,0.48
10802,10872000.0,216.4,0.48
10803,10872000.0,216.4,0.48
10804,5216000.0,216.4,0.48
10805,5216000.0,216.4,0.48
10806,13892000.0,216.4,0.48
10807,13892000.0,216.4,0.48
10808,13892000.0,216.4,0.48
10809,12880000.0,216.4,0.48
10810,12880000.0,216.4,0.48
10811,16128000.0,216.4,0.48
10812,16128000.0,216.4,0.48
10813,16128000.0,216.4,0.48
10814,10872000.0,216.4,0.48
10815,10872000.0,216.4,0.48
10816,10872000.0,216.4,0.48
10817,15000000.0,450.2,0.43
10818,15000000.0,450.2,0.43
10819,8904000.0,450.2,0.43
10820,8904000.0,450.2,0.43
10821,22500.0,216.4,0.48
10822,5680.0,216.4,0.48
10823,5680.0,216.4,0.48
10824,32200.0,216.4,0.48
10825,33390000.0,450.2,0.43
10826,8904000.0,450.2,0.43
10827,8904000.0,450.2,0.43
10828,7900.0,216.4,0.48
10829,7900.0,216.4,0.48
10830,7900.0,216.4,0.48
10831,32000.0,216.4,0.48
10832,32000.0,216.4,0.48
10833,32000.0,216.4,0.48
10834,32890.0,216.4,0.48
10835,32890.0,216.4,0.48
10836,32890.0,216.4,0.48
10837,43400.0,216.4,0.48
10838,43400.0,216.4,0.48
10839,43400.0,216.4,0.48
10840,32000.0,216.4,0.48
10841,32000.0,216.4,0.48
10842,32000.0,216.4,0.48
10843,36960.0,216.4,0.48
10844,36960.0,216.4,0.48
10845,36960.0,216.4,0.48
10846,7900.0,216.4,0.48
10847,7900.0,216.4,0.48
10848,7900.0,216.4,0.48
10849,300.0,450.2,0.43
10850,300.0,450.2,0.43
10851,300.0,450.2,0.43
10852,32000.0,216.4,0.48
10853,32000.0,216.4,0.48
10854,32000.0,216.4,0.48
10855,22260.0,450.2,0.43
10856,22260.0,450.2,0.43
10857,22260.0,450.2,0.43
10858,15900.0,450.2,0.43
10859,15900.0,450.2,0.43
10860,15900.0,450.2,0.43
10861,32000.0,450.2,0.43
10862,32000.0,450.2,0.43
10863,12000.0,216.4,0.48
10864,12000.0,216.4,0.48
10865,12000.0,216.4,0.48
10866,32890.0,216.4,0.48
10867,32890.0,216.4,0.48
10868,32890.0,216.4,0.48
10869,32000.0,216.4,0.48
10870,32000.0,216.4,0.48
10871,32000.0,216.4,0.48
10872,37000.0,216.4,0.48
10873,37000.0,216.4,0.48
10874,37000.0,216.4,0.48
10875,22500.0,216.4,0.48
10876,22500.0,216.4,0.48
10877,22500.0,216.4,0.48
10878,40320.0,216.4,0.48
10879,40320.0,216.4,0.48
10880,40320.0,216.4,0.48
10881,39900.0,216.4,0.48
10882,39900.0,216.4,0.48
10883,39900.0,216.4,0.48
10884,39900.0,216.4,0.48
10885,39900.0,216.4,0.48
10886,39900.0,216.4,0.48
10887,36800.0,450.2,0.43
10888,36800.0,450.2,0.43
10889,36800.0,450.2,0.43
10890,33350.0,216.4,0.48
10891,33350.0,216.4,0.48
10892,33350.0,216.4,0.48
10893,32000.0,216.4,0.48
10894,32000.0,216.4,0.48
10895,32000.0,216.4,0.48
10896,8580.0,450.2,0.43
10897,8580.0,450.2,0.43
10898,8580.0,450.2,0.43
10899,8580.0,450.2,0.43
10900,8580.0,450.2,0.43
10901,8580.0,450.2,0.43
10902,14400.0,450.2,0.43
10903,14400.0,450.2,0.43
10904,14400.0,450.2,0.43
10905,5680.0,216.4,0.48
10906,5680.0,216.4,0.48
10907,5680.0,216.4,0.48
10908,31600.0,216.4,0.48
10909,31600.0,216.4,0.48
10910,31600.0,216.4,0.48
10911,71400.0,216.4,0.48
10912,71400.0,216.4,0.48
10913,7900.0,216.4,0.48
10914,7900.0,216.4,0.48
10915,7900.0,216.4,0.48
10916,28000.0,450.2,0.43
10917,28000.0,450.2,0.43
10918,28000.0,450.2,0.43
10919,46200.0,450.2,0.43
10920,46200.0,450.2,0.43
10921,28750.0,450.2,0.43
10922,28750.0,450.2,0.43
10923,21450.0,216.4,0.48
10924,21450.0,216.4,0.48
10925,32890.0,216.4,0.48
10926,32890.0,216.4,0.48
10927,32890.0,216.4,0.48
10928,22260.0,450.2,0.43
10929,22260.0,450.2,0.43
10930,22260.0,450.2,0.43
10931,7900.0,216.4,0.48
10932,7900.0,216.4,0.48
10933,7900.0,216.4,0.48
10934,37000.0,216.4,0.48
10935,37000.0,216.4,0.48
10936,37000.0,216.4,0.48
10937,7900.0,216.4,0.48
10938,7900.0,216.4,0.48
10939,7900.0,216.4,0.48
10940,22500.0,216.4,0.48
10941,22500.0,216.4,0.48
10942,22500.0,216.4,0.48
10943,7900.0,216.4,0.48
10944,7900.0,216.4,0.48
10945,48000000.0,216.4,0.48
10946,48000000.0,216.4,0.48
10947,48000000.0,216.4,0.48
10948,23850000.0,450.2,0.43
10949,23850000.0,450.2,0.43
10950,23850000.0,450.2,0.43
10951,48000000.0,216.4,0.48
10952,48000000.0,216.4,0.48
10953,48000000.0,216.4,0.48
10954,33390000.0,450.2,0.43
10955,33390000.0,450.2,0.43
10956,107100000.0,216.4,0.48
10957,107100000.0,216.4,0.48
10958,11850000.0,216.4,0.48
10959,47400000.0,216.4,0.48
10960,47400000.0,216.4,0.48
10961,43125000.0,450.2,0.43
10962,43125000.0,450.2,0.43
10963,14784000.0,216.4,0.48
10964,14784000.0,216.4,0.48
10965,14784000.0,216.4,0.48
10966,13156000.0,216.4,0.48
10967,13156000.0,216.4,0.48
10968,12800000.0,216.4,0.48
10969,12800000.0,216.4,0.48
10970,12800000.0,216.4,0.48
10971,17360000.0,216.4,0.48
10972,17360000.0,216.4,0.48
10973,17360000.0,216.4,0.48
10974,12800000.0,216.4,0.48
10975,12800000.0,216.4,0.48
10976,12800000.0,216.4,0.48
10977,12800000.0,216.4,0.48
10978,12800000.0,216.4,0.48
10979,14720000.0,450.2,0.43
10980,14720000.0,450.2,0.43
10981,14720000.0,450.2,0.43
10982,16128000.0,216.4,0.48
10983,16128000.0,216.4,0.48
10984,16128000.0,216.4,0.48
10985,12800000.0,216.4,0.48
10986,12800000.0,216.4,0.48
10987,12800000.0,216.4,0.48
10988,12800000.0,216.4,0.48
10989,12800000.0,216.4,0.48
10990,12800000.0,216.4,0.48
10991,17360000.0,216.4,0.48
10992,17360000.0,216.4,0.48
10993,17360000.0,216.4,0.48
10994,12640000.0,216.4,0.48
10995,12640000.0,216.4,0.48
10996,8904000.0,450.2,0.43
10997,8904000.0,450.2,0.43
10998,8904000.0,450.2,0.43
10999,11500000.0,450.2,0.43
11000,11500000.0,450.2,0.43
11001,3920000.0,450.2,0.43
11002,8580000.0,216.4,0.48
11003,8580000.0,216.4,0.48
11004,2272000.0,216.4,0.48
11005,2272000.0,216.4,0.48
11006,32890.0,216.4,0.48
11007,32890.0,216.4,0.48
11008,32890.0,216.4,0.48
11009,22260.0,450.2,0.43
11010,22260.0,450.2,0.43
11011,22260.0,450.2,0.43
11012,32000.0,216.4,0.48
11013,32000.0,216.4,0.48
11014,32000.0,216.4,0.48
11015,71400.0,216.4,0.48
11016,71400.0,216.4,0.48
11017,15900.0,450.2,0.43
11018,15900.0,450.2,0.43
11019,15900.0,450.2,0.43
11020,31600.0,216.4,0.48
11021,31600.0,216.4,0.48
11022,14400.0,450.2,0.43
11023,14400.0,450.2,0.43
11024,7900.0,216.4,0.48
11025,7900.0,216.4,0.48
11026,46200.0,450.2,0.43
11027,46200.0,450.2,0.43
11028,33350.0,216.4,0.48
11029,33350.0,216.4,0.48
11030,22500.0,216.4,0.48
11031,3160000.0,216.4,0.48
11032,3160000.0,216.4,0.48
11033,3160000.0,216.4,0.48
11034,28560000.0,216.4,0.48
11035,28560000.0,216.4,0.48
11036,8904000.0,450.2,0.43
11037,8904000.0,450.2,0.43
11038,3160000.0,216.4,0.48
11039,3160000.0,216.4,0.48
11040,11850000.0,216.4,0.48
11041,11850000.0,216.4,0.48
11042,11850000.0,216.4,0.48
11043,23850000.0,450.2,0.43
11044,23850000.0,450.2,0.43
11045,23850000.0,450.2,0.43
11046,60750000.0,450.2,0.43
11047,300.0,450.2,0.43
11048,300.0,450.2,0.43
11049,300.0,450.2,0.43
11050,71400.0,216.4,0.48
11051,71400.0,216.4,0.48
11052,22500.0,216.4,0.48
11053,17360000.0,216.4,0.48
11054,17360000.0,216.4,0.48
11055,17360000.0,216.4,0.48
11056,15960000.0,216.4,0.48
11057,15960000.0,216.4,0.48
11058,12640000.0,216.4,0.48
11059,12640000.0,216.4,0.48
11060,33350.0,216.4,0.48
11061,33350.0,216.4,0.48
11062,33350.0,216.4,0.48
11063,32000.0,216.4,0.48
11064,32000.0,216.4,0.48
11065,32000.0,216.4,0.48
11066,24450.0,216.4,0.48
11067,24450.0,216.4,0.48
11068,300.0,450.2,0.43
11069,300.0,450.2,0.43
11070,300.0,450.2,0.43
11071,12000.0,216.4,0.48
11072,43400.0,216.4,0.48
11073,43400.0,216.4,0.48
11074,43400.0,216.4,0.48
11075,43400.0,216.4,0.48
11076,43400.0,216.4,0.48
11077,43400.0,216.4,0.48
11078,32000.0,216.4,0.48
11079,32000.0,216.4,0.48
11080,32000.0,216.4,0.48
11081,32000.0,216.4,0.48
11082,32000.0,216.4,0.48
11083,36800.0,450.2,0.43
11084,36800.0,450.2,0.43
11085,36800.0,450.2,0.43
11086,43400.0,216.4,0.48
11087,43400.0,216.4,0.48
11088,43400.0,216.4,0.48
11089,32000.0,216.4,0.48
11090,32000.0,216.4,0.48
11091,32000.0,216.4,0.48
11092,5680.0,216.4,0.48
11093,5680.0,216.4,0.48
11094,5680.0,216.4,0.48
11095,32890.0,216.4,0.48
11096,32890.0,216.4,0.48
11097,32890.0,216.4,0.48
11098,32000.0,216.4,0.48
11099,32000.0,216.4,0.48
11100,32000.0,216.4,0.48
11101,12800000.0,216.4,0.48
11102,12800000.0,216.4,0.48
11103,12800000.0,216.4,0.48
11104,12800000.0,216.4,0.48
11105,12800000.0,216.4,0.48
11106,12800000.0,216.4,0.48
11107,12800000.0,216.4,0.48
11108,12800000.0,216.4,0.48
11109,12800000.0,216.4,0.48
11110,14720000.0,450.2,0.43
11111,14720000.0,450.2,0.43
11112,17360000.0,216.4,0.48
11113,17360000.0,216.4,0.48
11114,17360000.0,216.4,0.48
11115,17360000.0,216.4,0.48
11116,17360000.0,216.4,0.48
11117,17360000.0,216.4,0.48
11118,15960000.0,216.4,0.48
11119,15960000.0,216.4,0.48
11120,22500.0,216.4,0.48
11121,48000000.0,216.4,0.48
11122,48000000.0,216.4,0.48
11123,48000000.0,216.4,0.48
11124,450000.0,450.2,0.43
11125,450000.0,450.2,0.43
11126,450000.0,450.2,0.43
11127,65100000.0,216.4,0.48
11128,65100000.0,216.4,0.48
11129,65100000.0,216.4,0.48
11130,43400.0,216.4,0.48
11131,43400.0,216.4,0.48
11132,43400.0,216.4,0.48
11133,43400.0,216.4,0.48
11134,43400.0,216.4,0.48
11135,43400.0,216.4,0.48
11136,43400.0,216.4,0.48
11137,43400.0,216.4,0.48
11138,43400.0,216.4,0.48
11139,40320.0,216.4,0.48
11140,40320.0,216.4,0.48
11141,40320.0,216.4,0.48
11142,32000.0,216.4,0.48
11143,32000.0,216.4,0.48
11144,32000.0,216.4,0.48
11145,32000.0,216.4,0.48
11146,32000.0,216.4,0.48
11147,32000.0,216.4,0.48
11148,15900.0,450.2,0.43
11149,15900.0,450.2,0.43
11150,32000.0,216.4,0.48
11151,32000.0,216.4,0.48
11152,32000.0,216.4,0.48
11153,40500.0,450.2,0.43
11154,40500.0,450.2,0.43
11155,40500.0,450.2,0.43
11156,300.0,450.2,0.43
11157,300.0,450.2,0.43
11158,28000.0,450.2,0.43
11159,48000000.0,216.4,0.48
11160,48000000.0,216.4,0.48
11161,48000000.0,216.4,0.48
11162,33390000.0,450.2,0.43
11163,33390000.0,450.2,0.43
11164,48000000.0,216.4,0.48
11165,48000000.0,216.4,0.48
11166,48000000.0,216.4,0.48
11167,450000.0,450.2,0.43
11168,450000.0,450.2,0.43
11169,450000.0,450.2,0.43
11170,12800000.0,216.4,0.48
11171,12800000.0,216.4,0.48
11172,11200000.0,450.2,0.43
11173,17360000.0,216.4,0.48
11174,17360000.0,216.4,0.48
11175,17360000.0,216.4,0.48
11176,14720000.0,450.2,0.43
11177,14720000.0,450.2,0.43
11178,14720000.0,450.2,0.43
11179,11520000.0,450.2,0.43
11180,11520000.0,450.2,0.43
11181,11520000.0,450.2,0.43
11182,23850000.0,450.2,0.43
11183,23850000.0,450.2,0.43
11184,23850000.0,450.2,0.43
11185,48000000.0,216.4,0.48
11186,48000000.0,216.4,0.48
11187,48000000.0,216.4,0.48
11188,48000000.0,216.4,0.48
11189,48000000.0,216.4,0.48
11190,48000000.0,216.4,0.48
11191,60750000.0,450.2,0.43
11192,60750000.0,450.2,0.43
11193,60750000.0,450.2,0.43
11194,42000000.0,450.2,0.43
11195,42000000.0,450.2,0.43
11196,42000000.0,450.2,0.43
11197,22500.0,216.4,0.48
11198,22260.0,450.2,0.43
11199,22260.0,450.2,0.43
11200,22260.0,450.2,0.43
11201,15900.0,450.2,0.43
11202,15900.0,450.2,0.43
11203,15900.0,450.2,0.43
11204,22500.0,216.4,0.48
11205,22500.0,216.4,0.48
11206,22500.0,216.4,0.48
11207,40320.0,216.4,0.48
11208,40320.0,216.4,0.48
11209,40500.0,450.2,0.43
11210,40500.0,450.2,0.43
11211,300.0,450.2,0.43
11212,300.0,450.2,0.43
11213,300.0,450.2,0.43
11214,31600.0,216.4,0.48
11215,31600.0,216.4,0.48
11216,31600.0,216.4,0.48
11217,7900.0,216.4,0.48
11218,7900.0,216.4,0.48
11219,32890.0,216.4,0.48
11220,32890.0,216.4,0.48
11221,28000.0,450.2,0.43
11222,28000.0,450.2,0.43
11223,28000.0,450.2,0.43
11224,5680.0,216.4,0.48
11225,5680.0,216.4,0.48
11226,32000.0,216.4,0.48
11227,32000.0,216.4,0.48
11228,15340.0,450.2,0.43
11229,15340.0,450.2,0.43
11230,15340.0,450.2,0.43
11231,33390000.0,450.2,0.43
11232,33390000.0,450.2,0.43
11233,33390000.0,450.2,0.43
11234,32175000.0,216.4,0.48
11235,32175000.0,216.4,0.48
11236,22500.0,216.4,0.48
11237,42000000.0,450.2,0.43
11238,22500.0,216.4,0.48
11239,300.0,450.2,0.43
11240,300.0,450.2,0.43
11241,32890.0,216.4,0.48
11242,32890.0,216.4,0.48
11243,32890.0,216.4,0.48
11244,5680.0,216.4,0.48
11245,5680.0,216.4,0.48
11246,5680.0,216.4,0.48
11247,28000.0,450.2,0.43
11248,28000.0,450.2,0.43
11249,28000.0,450.2,0.43
11250,15900.0,450.2,0.43
11251,15900.0,450.2,0.43
11252,33350.0,216.4,0.48
11253,33350.0,216.4,0.48
11254,33350.0,216.4,0.48
11255,15340.0,450.2,0.43
11256,15340.0,450.2,0.43
11257,5500.0,366.7,0.33
11258,5500.0,366.7,0.33
11259,5500.0,366.7,0.33
11260,42000000.0,450.2,0.43
11261,42000000.0,450.2,0.43
11262,42000000.0,450.2,0.43
11263,22500.0,216.4,0.48
11264,11200000.0,450.2,0.43
11265,11200000.0,450.2,0.43
11266,17360000.0,216.4,0.48
11267,17360000.0,216.4,0.48
11268,14720000.0,450.2,0.43
11269,14720000.0,450.2,0.43
11270,14720000.0,450.2,0.43
11271,12640000.0,216.4,0.48
11272,12640000.0,216.4,0.48
11273,12640000.0,216.4,0.48
11274,21280000.0,450.2,0.43
11275,21280000.0,450.2,0.43
11276,9780000.0,216.4,0.48
11277,9780000.0,216.4,0.48
11278,13340000.0,216.4,0.48
11279,13340000.0,216.4,0.48
11280,22500.0,216.4,0.48
11281,32175000.0,216.4,0.48
11282,32175000.0,216.4,0.48
11283,5680.0,216.4,0.48
11284,5680.0,216.4,0.48
11285,5680.0,216.4,0.48
11286,43400.0,216.4,0.48
11287,43400.0,216.4,0.48
11288,43400.0,216.4,0.48
11289,32000.0,216.4,0.48
11290,32000.0,216.4,0.48
11291,32000.0,216.4,0.48
11292,65100000.0,216.4,0.48
11293,8520000.0,216.4,0.48
11294,8520000.0,216.4,0.48
11295,43400.0,216.4,0.48
11296,43400.0,216.4,0.48
11297,43400.0,216.4,0.48
11298,32000.0,216.4,0.48
11299,32000.0,216.4,0.48
11300,32000.0,216.4,0.48
11301,32000.0,216.4,0.48
11302,32000.0,216.4,0.48
11303,32000.0,216.4,0.48
11304,32000.0,216.4,0.48
11305,32000.0,216.4,0.48
11306,32000.0,216.4,0.48
11307,43400.0,216.4,0.48
11308,43400.0,216.4,0.48
11309,43400.0,216.4,0.48
11310,43400.0,216.4,0.48
11311,43400.0,216.4,0.48
11312,36800.0,450.2,0.43
11313,36800.0,450.2,0.43
11314,36800.0,450.2,0.43
11315,32000.0,216.4,0.48
11316,32000.0,216.4,0.48
11317,32000.0,216.4,0.48
11318,5680.0,216.4,0.48
11319,5680.0,216.4,0.48
11320,5680.0,216.4,0.48
11321,32890.0,216.4,0.48
11322,32890.0,216.4,0.48
11323,32890.0,216.4,0.48
11324,32890.0,216.4,0.48
11325,32890.0,216.4,0.48
11326,40320.0,216.4,0.48
11327,40320.0,216.4,0.48
11328,40320.0,216.4,0.48
11329,26100.0,450.2,0.43
11330,26100.0,450.2,0.43
11331,26100.0,450.2,0.43
11332,8750.0,450.2,0.43
11333,8750.0,450.2,0.43
11334,8750.0,450.2,0.43
11335,5500.0,366.7,0.33
11336,5500.0,366.7,0.33
11337,25740.0,450.2,0.43
11338,25740.0,450.2,0.43
11339,32000.0,450.2,0.43
11340,31600.0,216.4,0.48
11341,36960.0,216.4,0.48
11342,11520000.0,450.2,0.43
11343,11520000.0,450.2,0.43
11344,14720000.0,450.2,0.43
11345,14720000.0,450.2,0.43
11346,14720000.0,450.2,0.43
11347,17360000.0,216.4,0.48
11348,17360000.0,216.4,0.48
11349,17360000.0,216.4,0.48
11350,12640000.0,216.4,0.48
11351,12640000.0,216.4,0.48
11352,17360000.0,216.4,0.48
11353,17360000.0,216.4,0.48
11354,17360000.0,216.4,0.48
11355,12800000.0,216.4,0.48
11356,12800000.0,216.4,0.48
11357,12800000.0,216.4,0.48
11358,21280000.0,450.2,0.43
11359,21280000.0,450.2,0.43
11360,9780000.0,216.4,0.48
11361,9780000.0,216.4,0.48
11362,13156000.0,216.4,0.48
11363,13156000.0,216.4,0.48
11364,13156000.0,216.4,0.48
11365,8904000.0,450.2,0.43
11366,8904000.0,450.2,0.43
11367,16128000.0,216.4,0.48
11368,16128000.0,216.4,0.48
11369,16128000.0,216.4,0.48
11370,10296000.0,450.2,0.43
11371,10296000.0,450.2,0.43
11372,14784000.0,216.4,0.48
11373,14784000.0,216.4,0.48
11374,14784000.0,216.4,0.48
11375,10440000.0,450.2,0.43
11376,22500.0,216.4,0.48
11377,26100.0,450.2,0.43
11378,16200000.0,450.2,0.43
11379,16200000.0,450.2,0.43
11380,22260.0,450.2,0.43
11381,22260.0,450.2,0.43
11382,22260.0,450.2,0.43
11383,71400.0,216.4,0.48
11384,71400.0,216.4,0.48
11385,15900.0,450.2,0.43
11386,15900.0,450.2,0.43
11387,15900.0,450.2,0.43
11388,31600.0,216.4,0.48
11389,31600.0,216.4,0.48
11390,9800.0,450.2,0.43
11391,22260.0,450.2,0.43
11392,22260.0,450.2,0.43
11393,71400.0,216.4,0.48
11394,71400.0,216.4,0.48
11395,12640000.0,216.4,0.48
11396,12640000.0,216.4,0.48
11397,11500000.0,450.2,0.43
11398,11500000.0,450.2,0.43
11399,11500000.0,450.2,0.43
11400,3920000.0,450.2,0.43
11401,2272000.0,216.4,0.48
11402,2272000.0,216.4,0.48
11403,5680.0,216.4,0.48
11404,5680.0,216.4,0.48
11405,5680.0,216.4,0.48
11406,36800.0,450.2,0.43
11407,36800.0,450.2,0.43
11408,36800.0,450.2,0.43
11409,26100.0,450.2,0.43
11410,26100.0,450.2,0.43
11411,8750.0,450.2,0.43
11412,8750.0,450.2,0.43
11413,32000.0,450.2,0.43
11414,32000.0,450.2,0.43
11415,32000.0,450.2,0.43
11416,32000.0,216.4,0.48
11417,32000.0,216.4,0.48
11418,36960.0,216.4,0.48
11419,36960.0,216.4,0.48
11420,36960.0,216.4,0.48
11421,32890.0,216.4,0.48
11422,32890.0,216.4,0.48
11423,40320.0,216.4,0.48
11424,40320.0,216.4,0.48
11425,40320.0,216.4,0.48
11426,41440.0,450.2,0.43
11427,41440.0,450.2,0.43
11428,38400.0,450.2,0.43
11429,38400.0,450.2,0.43
11430,32000.0,216.4,0.48
11431,32000.0,216.4,0.48
11432,32000.0,216.4,0.48
11433,12000.0,216.4,0.48
11434,12000.0,216.4,0.48
11435,12000.0,216.4,0.48
11436,7900.0,216.4,0.48
11437,7900.0,216.4,0.48
11438,7900.0,216.4,0.48
11439,32890.0,216.4,0.48
11440,32890.0,216.4,0.48
11441,32890.0,216.4,0.48
11442,32000.0,216.4,0.48
11443,32000.0,216.4,0.48
11444,32000.0,216.4,0.48
11445,300.0,450.2,0.43
11446,300.0,450.2,0.43
11447,300.0,450.2,0.43
11448,43400.0,216.4,0.48
11449,43400.0,216.4,0.48
11450,43400.0,216.4,0.48
11451,43400.0,216.4,0.48
11452,43400.0,216.4,0.48
11453,43400.0,216.4,0.48
11454,26100.0,450.2,0.43
11455,26100.0,450.2,0.43
11456,26100.0,450.2,0.43
11457,14720000.0,450.2,0.43
11458,14720000.0,450.2,0.43
11459,8904000.0,450.2,0.43
11460,8904000.0,450.2,0.43
11461,14784000.0,216.4,0.48
11462,14784000.0,216.4,0.48
11463,14784000.0,216.4,0.48
11464,10440000.0,450.2,0.43
11465,10440000.0,450.2,0.43
11466,10440000.0,450.2,0.43
11467,13156000.0,216.4,0.48
11468,13156000.0,216.4,0.48
11469,13156000.0,216.4,0.48
11470,12800000.0,216.4,0.48
11471,12800000.0,216.4,0.48
11472,12800000.0,216.4,0.48
11473,16128000.0,216.4,0.48
11474,16128000.0,216.4,0.48
11475,16128000.0,216.4,0.48
11476,17360000.0,216.4,0.48
11477,17360000.0,216.4,0.48
11478,17360000.0,216.4,0.48
11479,39760000.0,450.2,0.43
11480,39760000.0,450.2,0.43
11481,12800000.0,450.2,0.43
11482,12800000.0,450.2,0.43
11483,12800000.0,450.2,0.43
11484,12800000.0,216.4,0.48
11485,12800000.0,216.4,0.48
11486,12800000.0,216.4,0.48
11487,10440000.0,450.2,0.43
11488,10440000.0,450.2,0.43
11489,10440000.0,450.2,0.43
11490,11440000.0,450.2,0.43
11491,11440000.0,450.2,0.43
11492,16200000.0,450.2,0.43
11493,16200000.0,450.2,0.43
11494,12640000.0,216.4,0.48
11495,12640000.0,216.4,0.48
11496,6136000.0,450.2,0.43
11497,6136000.0,450.2,0.43
11498,15360000.0,450.2,0.43
11499,4800000.0,216.4,0.48
11500,4800000.0,216.4,0.48
11501,4800000.0,216.4,0.48
11502,20880000.0,216.4,0.48
11503,20880000.0,216.4,0.48
11504,12800000.0,216.4,0.48
11505,12800000.0,216.4,0.48
11506,12800000.0,216.4,0.48
11507,17360000.0,216.4,0.48
11508,17360000.0,216.4,0.48
11509,17360000.0,216.4,0.48
11510,14800000.0,216.4,0.48
11511,12800000.0,216.4,0.48
11512,16200000.0,450.2,0.43
11513,16200000.0,450.2,0.43
11514,22500.0,216.4,0.48
11515,60480000.0,216.4,0.48
11516,60480000.0,216.4,0.48
11517,60480000.0,216.4,0.48
11518,48000000.0,216.4,0.48
11519,48000000.0,216.4,0.48
11520,48000000.0,216.4,0.48
11521,32000.0,450.2,0.43
11522,32000.0,450.2,0.43
11523,32000.0,450.2,0.43
11524,7900.0,216.4,0.48
11525,32890.0,216.4,0.48
11526,32890.0,216.4,0.48
11527,15340.0,450.2,0.43
11528,15340.0,450.2,0.43
11529,22260.0,450.2,0.43
11530,22260.0,450.2,0.43
11531,31600.0,216.4,0.48
11532,31600.0,216.4,0.48
11533,31600.0,216.4,0.48
11534,22500.0,216.4,0.48
11535,31600.0,216.4,0.48
11536,31600.0,216.4,0.48
11537,32890.0,216.4,0.48
11538,32890.0,216.4,0.48
11539,22260.0,450.2,0.43
11540,22260.0,450.2,0.43
11541,28000.0,450.2,0.43
11542,28000.0,450.2,0.43
11543,33350.0,216.4,0.48
11544,33350.0,216.4,0.48
11545,33350.0,216.4,0.48
11546,22500.0,216.4,0.48
11547,12640000.0,216.4,0.48
11548,12640000.0,216.4,0.48
11549,8904000.0,450.2,0.43
11550,8904000.0,450.2,0.43
11551,11200000.0,450.2,0.43
11552,11200000.0,450.2,0.43
11553,20880000.0,216.4,0.48
11554,20880000.0,216.4,0.48
11555,13340000.0,216.4,0.48
11556,11440000.0,450.2,0.43
11557,11440000.0,450.2,0.43
11558,22260.0,450.2,0.43
11559,22260.0,450.2,0.43
11560,22260.0,450.2,0.43
11561,33350.0,216.4,0.48
11562,33350.0,216.4,0.48
11563,33350.0,216.4,0.48
11564,15900.0,450.2,0.43
11565,15900.0,450.2,0.43
11566,15900.0,450.2,0.43
11567,14400.0,450.2,0.43
11568,14400.0,450.2,0.43
11569,14400.0,450.2,0.43
11570,5680.0,216.4,0.48
11571,5680.0,216.4,0.48
11572,5680.0,216.4,0.48
11573,22500.0,216.4,0.48
11574,8904000.0,450.2,0.43
11575,8904000.0,450.2,0.43
11576,13340000.0,216.4,0.48
11577,13340000.0,216.4,0.48
11578,5760000.0,450.2,0.43
11579,5760000.0,450.2,0.43
11580,2272000.0,216.4,0.48
11581,2272000.0,216.4,0.48
11582,36800.0,450.2,0.43
11583,36800.0,450.2,0.43
11584,38400.0,450.2,0.43
11585,38400.0,450.2,0.43
11586,14720000.0,450.2,0.43
11587,14720000.0,450.2,0.43
11588,15360000.0,450.2,0.43
11589,15360000.0,450.2,0.43
11590,15360000.0,450.2,0.43
11591,16200000.0,450.2,0.43
11592,16200000.0,450.2,0.43
11593,11440000.0,450.2,0.43
11594,11440000.0,450.2,0.43
11595,22500.0,216.4,0.48
11596,22260.0,450.2,0.43
11597,22260.0,450.2,0.43
11598,32890.0,216.4,0.48
11599,8580000.0,216.4,0.48
11600,8904000.0,450.2,0.43
11601,8904000.0,450.2,0.43
11602,2272000.0,216.4,0.48
11603,3920000.0,450.2,0.43
11604,15360000.0,450.2,0.43
11605,15360000.0,450.2,0.43
11606,14720000.0,450.2,0.43
11607,14720000.0,450.2,0.43
11608,60480000.0,216.4,0.48
11609,22500.0,216.4,0.48
11610,12640000.0,216.4,0.48
11611,12640000.0,216.4,0.48
11612,16200000.0,450.2,0.43
11613,16200000.0,450.2,0.43
11614,20880000.0,216.4,0.48
11615,20880000.0,216.4,0.48
11616,11440000.0,450.2,0.43
11617,11440000.0,450.2,0.43
11618,11200000.0,450.2,0.43
11619,11200000.0,450.2,0.43
11620,39760000.0,450.2,0.43
11621,39760000.0,450.2,0.43
11622,12800000.0,216.4,0.48
11623,22500.0,216.4,0.48
11624,31600.0,216.4,0.48
11625,31600.0,216.4,0.48
11626,5680.0,216.4,0.48
11627,5680.0,216.4,0.48
11628,8904000.0,450.2,0.43
11629,8904000.0,450.2,0.43
11630,2272000.0,216.4,0.48
11631,3920000.0,450.2,0.43
11632,8580000.0,216.4,0.48
11633,8580000.0,216.4,0.48
11634,11500000.0,450.2,0.43
11635,22260.0,450.2,0.43
11636,22260.0,450.2,0.43
11637,21450.0,216.4,0.48
11638,21450.0,216.4,0.48
11639,13340000.0,216.4,0.48
11640,13340000.0,216.4,0.48
11641,2272000.0,216.4,0.48
11642,2272000.0,216.4,0.48
11643,5760000.0,450.2,0.43
11644,5760000.0,450.2,0.43
11645,12640000.0,216.4,0.48
11646,12640000.0,216.4,0.48
11647,12800000.0,216.4,0.48
11648,12800000.0,216.4,0.48
11649,11500000.0,450.2,0.43
11650,11500000.0,450.2,0.43
11651,22500.0,216.4,0.48
11652,5680.0,216.4,0.48
11653,41440.0,216.4,0.48
11654,41440.0,216.4,0.48
11655,14400.0,450.2,0.43
11656,14400.0,450.2,0.43
11657,22500.0,216.4,0.48
11658,22500.0,216.4,0.48
11659,22260.0,450.2,0.43
11660,22260.0,450.2,0.43
11661,32890.0,216.4,0.48
11662,32890.0,216.4,0.48
11663,21450.0,216.4,0.48
11664,21450.0,216.4,0.48
11665,15900.0,450.2,0.43
11666,15900.0,450.2,0.43
11667,28750.0,450.2,0.43
11668,28750.0,450.2,0.43
11669,8904000.0,450.2,0.43
11670,8904000.0,450.2,0.43
11671,8580000.0,216.4,0.48
11672,8580000.0,216.4,0.48
11673,11500000.0,450.2,0.43
11674,3920000.0,450.2,0.43
11675,2272000.0,216.4,0.48
11676,8520000.0,216.4,0.48
11677,22260.0,450.2,0.43
11678,22260.0,450.2,0.43
11679,22260.0,450.2,0.43
11680,15900.0,450.2,0.43
11681,15900.0,450.2,0.43
11682,15900.0,450.2,0.43
11683,21450.0,216.4,0.48
11684,21450.0,216.4,0.48
11685,28750.0,450.2,0.43
11686,28750.0,450.2,0.43
11687,2272000.0,216.4,0.48
11688,2272000.0,216.4,0.48
11689,3920000.0,450.2,0.43
11690,22260.0,450.2,0.43
11691,22260.0,450.2,0.43
11692,2272000.0,216.4,0.48
11693,2272000.0,216.4,0.48
11694,3920000.0,450.2,0.43
11695,22260.0,450.2,0.43
11696,22260.0,450.2,0.43
11697,22260.0,450.2,0.43
11698,21450.0,216.4,0.48
11699,21450.0,216.4,0.48
11700,21450.0,216.4,0.48
11701,28000.0,450.2,0.43
11702,28000.0,450.2,0.43
11703,14400.0,450.2,0.43
11704,14400.0,450.2,0.43
11705,42000000.0,450.2,0.43
11706,42000000.0,450.2,0.43
11707,2272000.0,216.4,0.48
11708,2272000.0,216.4,0.48
11709,11200000.0,450.2,0.43
11710,11200000.0,450.2,0.43
11711,5760000.0,450.2,0.43
11712,5760000.0,450.2,0.43
11713,22260.0,450.2,0.43
11714,22260.0,450.2,0.43
11715,15900.0,450.2,0.43
11716,15900.0,450.2,0.43
11717,14400.0,450.2,0.43
11718,14400.0,450.2,0.43
11719,14400.0,450.2,0.43
11720,5680.0,216.4,0.48
11721,22500.0,216.4,0.48
11722,22500.0,216.4,0.48
11723,8904000.0,450.2,0.43
11724,8904000.0,450.2,0.43
11725,11500000.0,450.2,0.43
11726,11500000.0,450.2,0.43
11727,2272000.0,216.4,0.48
11728,2272000.0,216.4,0.48
11729,11500000.0,450.2,0.43
11730,11500000.0,450.2,0.43
11731,21450.0,216.4,0.48
11732,22500.0,216.4,0.48
11733,11440000.0,450.2,0.43
11734,11200000.0,450.2,0.43
11735,11200000.0,450.2,0.43
11736,12800000.0,450.2,0.43
11737,12800000.0,450.2,0.43
11738,12800000.0,450.2,0.43
11739,14720000.0,450.2,0.43
11740,14720000.0,450.2,0.43
11741,14720000.0,450.2,0.43
11742,39760000.0,450.2,0.43
11743,39760000.0,450.2,0.43
11744,12800000.0,216.4,0.48
11745,12800000.0,216.4,0.48
11746,12800000.0,216.4,0.48
11747,9780000.0,216.4,0.48
11748,9780000.0,216.4,0.48
11749,15960000.0,216.4,0.48
11750,17360000.0,216.4,0.48
11751,17360000.0,216.4,0.48
11752,17360000.0,216.4,0.48
11753,32000.0,450.2,0.43
11754,32000.0,450.2,0.43
11755,36960.0,216.4,0.48
11756,36960.0,216.4,0.48
11757,36960.0,216.4,0.48
11758,43400.0,216.4,0.48
11759,43400.0,216.4,0.48
11760,11440000.0,450.2,0.43
11761,11440000.0,450.2,0.43
11762,22500.0,216.4,0.48
11763,3920000.0,450.2,0.43
11764,3920000.0,450.2,0.43
11765,22500.0,216.4,0.48
11766,11200000.0,450.2,0.43
11767,11200000.0,450.2,0.43
11768,3920000.0,450.2,0.43
11769,11500000.0,450.2,0.43
11770,8520000.0,216.4,0.48
11771,22260.0,450.2,0.43
11772,22260.0,450.2,0.43
11773,21450.0,216.4,0.48
11774,21450.0,216.4,0.48
11775,28750.0,450.2,0.43
11776,28750.0,450.2,0.43
11777,2272000.0,216.4,0.48
11778,2272000.0,216.4,0.48
11779,3920000.0,450.2,0.43
11780,11500000.0,450.2,0.43
11781,11500000.0,450.2,0.43
11782,43125000.0,450.2,0.43
11783,43125000.0,450.2,0.43
11784,3920000.0,450.2,0.43
11785,2272000.0,216.4,0.48
11786,3920000.0,450.2,0.43
11787,22500.0,216.4,0.48
11788,11200000.0,450.2,0.43
11789,11200000.0,450.2,0.43
11790,12800000.0,216.4,0.48
11791,12800000.0,216.4,0.48
11792,14720000.0,450.2,0.43
11793,14720000.0,450.2,0.43
11794,10440000.0,450.2,0.43
11795,10440000.0,450.2,0.43
11796,10440000.0,450.2,0.43
11797,39760000.0,450.2,0.43
11798,12800000.0,216.4,0.48
11799,12800000.0,216.4,0.48
11800,12800000.0,216.4,0.48
11801,9780000.0,216.4,0.48
11802,9780000.0,216.4,0.48
11803,15960000.0,216.4,0.48
11804,15960000.0,216.4,0.48
11805,15960000.0,216.4,0.48
11806,10440000.0,450.2,0.43
11807,10440000.0,450.2,0.43
11808,10440000.0,450.2,0.43
11809,14784000.0,216.4,0.48
11810,14784000.0,216.4,0.48
11811,14784000.0,216.4,0.48
11812,17360000.0,216.4,0.48
11813,17360000.0,216.4,0.48
11814,17360000.0,216.4,0.48
11815,17360000.0,216.4,0.48
11816,17360000.0,216.4,0.48
11817,17360000.0,216.4,0.48
11818,12640000.0,216.4,0.48
11819,12640000.0,216.4,0.48
11820,21280000.0,450.2,0.43
11821,21280000.0,450.2,0.43
11822,21280000.0,450.2,0.43
11823,13156000.0,216.4,0.48
11824,13156000.0,216.4,0.48
11825,13156000.0,216.4,0.48
11826,20880000.0,216.4,0.48
11827,12800000.0,216.4,0.48
11828,12800000.0,216.4,0.48
11829,120000.0,450.2,0.43
11830,120000.0,450.2,0.43
11831,120000.0,450.2,0.43
11832,13156000.0,216.4,0.48
11833,13156000.0,216.4,0.48
11834,13156000.0,216.4,0.48
11835,14800000.0,216.4,0.48
11836,14800000.0,216.4,0.48
11837,14800000.0,216.4,0.48
11838,14800000.0,216.4,0.48
11839,14800000.0,216.4,0.48
11840,14800000.0,216.4,0.48
11841,13340000.0,216.4,0.48
11842,13340000.0,216.4,0.48
11843,13440000.0,216.4,0.48
11844,13440000.0,216.4,0.48
11845,13440000.0,216.4,0.48
11846,12800000.0,216.4,0.48
11847,12800000.0,216.4,0.48
11848,12800000.0,216.4,0.48
11849,12800000.0,216.4,0.48
11850,12800000.0,216.4,0.48
11851,22500.0,216.4,0.48
11852,41440.0,216.4,0.48
11853,41440.0,216.4,0.48
11854,5680.0,216.4,0.48
11855,5680.0,216.4,0.48
11856,32890.0,216.4,0.48
11857,32890.0,216.4,0.48
11858,32890.0,216.4,0.48
11859,31600.0,216.4,0.48
11860,31600.0,216.4,0.48
11861,14400.0,450.2,0.43
11862,14400.0,450.2,0.43
11863,36960.0,216.4,0.48
11864,36960.0,216.4,0.48
11865,36960.0,216.4,0.48
11866,26100.0,450.2,0.43
11867,26100.0,450.2,0.43
11868,26100.0,450.2,0.43
11869,37000.0,216.4,0.48
11870,37000.0,216.4,0.48
11871,37000.0,216.4,0.48
11872,32890.0,216.4,0.48
11873,32890.0,216.4,0.48
11874,32890.0,216.4,0.48
11875,28800.0,450.2,0.43
11876,28800.0,450.2,0.43
11877,28800.0,450.2,0.43
11878,37000.0,216.4,0.48
11879,37000.0,216.4,0.48
11880,37000.0,216.4,0.48
11881,37000.0,216.4,0.48
11882,37000.0,216.4,0.48
11883,37000.0,216.4,0.48
11884,37000.0,216.4,0.48
11885,37000.0,216.4,0.48
11886,37000.0,216.4,0.48
11887,32000.0,216.4,0.48
11888,32000.0,216.4,0.48
11889,32000.0,216.4,0.48
11890,32890.0,216.4,0.48
11891,32890.0,216.4,0.48
11892,32890.0,216.4,0.48
11893,450000.0,450.2,0.43
11894,450000.0,450.2,0.43
11895,450000.0,450.2,0.43
11896,3920000.0,450.2,0.43
11897,3920000.0,450.2,0.43
11898,2272000.0,216.4,0.48
11899,21450.0,216.4,0.48
11900,22500.0,216.4,0.48
11901,42000000.0,450.2,0.43
11902,11500000.0,450.2,0.43
11903,11500000.0,450.2,0.43
11904,22500.0,216.4,0.48
11905,22500.0,216.4,0.48
11906,11500000.0,450.2,0.43
11907,11500000.0,450.2,0.43
11908,2272000.0,216.4,0.48
11909,2272000.0,216.4,0.48
11910,12640000.0,216.4,0.48
11911,12640000.0,216.4,0.48
11912,5760000.0,450.2,0.43
11913,5760000.0,450.2,0.43
11914,11500000.0,450.2,0.43
11915,11500000.0,450.2,0.43
11916,11200000.0,450.2,0.43
11917,11200000.0,450.2,0.43
11918,22500.0,216.4,0.48
11919,11200000.0,450.2,0.43
11920,11200000.0,450.2,0.43
11921,8580000.0,216.4,0.48
11922,8580000.0,216.4,0.48
11923,42000000.0,450.2,0.43
11924,22500.0,216.4,0.48
11925,3920000.0,450.2,0.43
11926,2272000.0,216.4,0.48
11927,3920000.0,450.2,0.43
11928,2272000.0,216.4,0.48
11929,8580000.0,216.4,0.48
11930,8580000.0,216.4,0.48
11931,11500000.0,450.2,0.43
11932,3920000.0,450.2,0.43
11933,3920000.0,450.2,0.43
11934,11200000.0,450.2,0.43
11935,11200000.0,450.2,0.43
11936,5760000.0,450.2,0.43
11937,5760000.0,450.2,0.43
11938,13340000.0,216.4,0.48
11939,42000000.0,450.2,0.43
11940,22500.0,216.4,0.48
11941,11200000.0,450.2,0.43
11942,11200000.0,450.2,0.43
11943,3920000.0,450.2,0.43
11944,2272000.0,216.4,0.48
11945,2272000.0,216.4,0.48
11946,3920000.0,450.2,0.43
11947,21280000.0,450.2,0.43
11948,21280000.0,450.2,0.43
11949,20880000.0,216.4,0.48
11950,20880000.0,216.4,0.48
11951,12800000.0,216.4,0.48
11952,12800000.0,216.4,0.48
11953,12800000.0,216.4,0.48
11954,12800000.0,216.4,0.48
11955,12800000.0,216.4,0.48
11956,12800000.0,216.4,0.48
11957,12640000.0,216.4,0.48
11958,12640000.0,216.4,0.48
11959,12640000.0,216.4,0.48
11960,5760000.0,450.2,0.43
11961,5760000.0,450.2,0.43
11962,12800000.0,216.4,0.48
11963,12800000.0,216.4,0.48
11964,12800000.0,216.4,0.48
11965,14784000.0,216.4,0.48
11966,14784000.0,216.4,0.48
11967,15960000.0,216.4,0.48
11968,15960000.0,216.4,0.48
11969,15960000.0,216.4,0.48
11970,14720000.0,450.2,0.43
11971,14720000.0,450.2,0.43
11972,14720000.0,450.2,0.43
11973,12800000.0,450.2,0.43
11974,12800000.0,450.2,0.43
11975,12800000.0,450.2,0.43
11976,13340000.0,216.4,0.48
11977,13340000.0,216.4,0.48
11978,13340000.0,216.4,0.48
11979,13440000.0,216.4,0.48
11980,13440000.0,216.4,0.48
11981,13156000.0,216.4,0.48
11982,13156000.0,216.4,0.48
11983,14800000.0,216.4,0.48
11984,14800000.0,216.4,0.48
11985,14800000.0,216.4,0.48
11986,12800000.0,216.4,0.48
11987,12800000.0,216.4,0.48
11988,12800000.0,216.4,0.48
11989,11200000.0,450.2,0.43
11990,11200000.0,450.2,0.43
11991,15120000.0,450.2,0.43
11992,15120000.0,450.2,0.43
11993,15120000.0,450.2,0.43
11994,12800000.0,216.4,0.48
11995,12800000.0,216.4,0.48
11996,12800000.0,216.4,0.48
11997,2272000.0,216.4,0.48
11998,17360000.0,216.4,0.48
11999,17360000.0,216.4,0.48
12000,17360000.0,216.4,0.48
12001,10440000.0,450.2,0.43
12002,10440000.0,450.2,0.43
12003,10440000.0,450.2,0.43
12004,2200000.0,366.7,0.33
12005,2200000.0,366.7,0.33
12006,2200000.0,366.7,0.33
12007,1680000.0,450.2,0.43
12008,1680000.0,450.2,0.43
12009,1680000.0,450.2,0.43
12010,3920000.0,450.2,0.43
12011,3920000.0,450.2,0.43
12012,5600000.0,216.4,0.48
12013,5600000.0,216.4,0.48
12014,5600000.0,216.4,0.48
12015,8580000.0,216.4,0.48
12016,8580000.0,216.4,0.48
12017,14800000.0,216.4,0.48
12018,14800000.0,216.4,0.48
12019,22500.0,216.4,0.48
12020,32890.0,216.4,0.48
12021,32890.0,216.4,0.48
12022,37000.0,216.4,0.48
12023,37000.0,216.4,0.48
12024,28800.0,450.2,0.43
12025,28800.0,450.2,0.43
12026,37800.0,450.2,0.43
12027,37800.0,450.2,0.43
12028,37800.0,450.2,0.43
12029,37000.0,216.4,0.48
12030,37000.0,216.4,0.48
12031,37000.0,216.4,0.48
12032,32000.0,216.4,0.48
12033,32000.0,216.4,0.48
12034,32000.0,216.4,0.48
12035,43400.0,216.4,0.48
12036,43400.0,216.4,0.48
12037,40320.0,216.4,0.48
12038,40320.0,216.4,0.48
12039,40320.0,216.4,0.48
12040,36960.0,216.4,0.48
12041,36960.0,216.4,0.48
12042,36960.0,216.4,0.48
12043,32000.0,216.4,0.48
12044,32000.0,216.4,0.48
12045,32000.0,216.4,0.48
12046,32000.0,216.4,0.48
12047,32000.0,216.4,0.48
12048,32000.0,216.4,0.48
12049,32890.0,216.4,0.48
12050,32890.0,216.4,0.48
12051,32890.0,216.4,0.48
12052,52200.0,216.4,0.48
12053,52200.0,216.4,0.48
12054,43400.0,216.4,0.48
12055,43400.0,216.4,0.48
12056,43400.0,216.4,0.48
12057,11200000.0,450.2,0.43
12058,11200000.0,450.2,0.43
12059,32000.0,216.4,0.48
12060,32000.0,216.4,0.48
12061,32000.0,216.4,0.48
12062,14800000.0,216.4,0.48
12063,14800000.0,216.4,0.48
12064,14800000.0,216.4,0.48
12065,22500.0,216.4,0.48
12066,3920000.0,450.2,0.43
12067,21450.0,216.4,0.48
12068,21450.0,216.4,0.48
12069,28000.0,450.2,0.43
12070,28000.0,450.2,0.43
12071,22260.0,450.2,0.43
12072,22260.0,450.2,0.43
12073,11200000.0,450.2,0.43
12074,11200000.0,450.2,0.43
12075,5760000.0,450.2,0.43
12076,5760000.0,450.2,0.43
12077,2272000.0,216.4,0.48
12078,2272000.0,216.4,0.48
12079,47400000.0,216.4,0.48
12080,47400000.0,216.4,0.48
12081,22500.0,216.4,0.48
12082,3920000.0,450.2,0.43
12083,2272000.0,216.4,0.48
12084,3920000.0,450.2,0.43
12085,2272000.0,216.4,0.48
12086,5760000.0,450.2,0.43
12087,2272000.0,216.4,0.48
12088,2272000.0,216.4,0.48
12089,3920000.0,450.2,0.43
12090,5760000.0,450.2,0.43
12091,5760000.0,450.2,0.43
12092,91200000.0,216.4,0.48
12093,11200000.0,450.2,0.43
12094,11200000.0,450.2,0.43
12095,2272000.0,216.4,0.48
12096,3920000.0,450.2,0.43
12097,3920000.0,450.2,0.43
12098,13340000.0,216.4,0.48
12099,5760000.0,450.2,0.43
12100,2272000.0,216.4,0.48
12101,3920000.0,450.2,0.43
12102,3920000.0,450.2,0.43
12103,47400000.0,216.4,0.48
12104,47400000.0,216.4,0.48
12105,22260.0,450.2,0.43
12106,22260.0,450.2,0.43
12107,21450.0,216.4,0.48
12108,21450.0,216.4,0.48
12109,21450.0,216.4,0.48
12110,32000.0,216.4,0.48
12111,32000.0,216.4,0.48
12112,15900.0,450.2,0.43
12113,15900.0,450.2,0.43
12114,22500.0,216.4,0.48
12115,2272000.0,216.4,0.48
12116,2272000.0,216.4,0.48
12117,5760000.0,450.2,0.43
12118,5760000.0,450.2,0.43
12119,5760000.0,450.2,0.43
12120,5760000.0,450.2,0.43
12121,2272000.0,216.4,0.48
12122,3920000.0,450.2,0.43
12123,22500.0,216.4,0.48
12124,3920000.0,450.2,0.43
12125,3920000.0,450.2,0.43
12126,2272000.0,216.4,0.48
12127,2272000.0,216.4,0.48
12128,3920000.0,450.2,0.43
12129,91200000.0,216.4,0.48
12130,11200000.0,450.2,0.43
12131,11200000.0,450.2,0.43
12132,3920000.0,450.2,0.43
12133,11200000.0,450.2,0.43
12134,11200000.0,450.2,0.43
12135,91200000.0,216.4,0.48
12136,13340000.0,216.4,0.48
12137,2272000.0,216.4,0.48
12138,2272000.0,216.4,0.48
12139,5760000.0,450.2,0.43
12140,5760000.0,450.2,0.43
12141,11200000.0,450.2,0.43
12142,11200000.0,450.2,0.43
12143,13340000.0,216.4,0.48
12144,3920000.0,450.2,0.43
12145,21280000.0,450.2,0.43
12146,21280000.0,450.2,0.43
12147,3920000.0,450.2,0.43
12148,5760000.0,450.2,0.43
12149,3920000.0,450.2,0.43
12150,5760000.0,450.2,0.43
12151,11200000.0,450.2,0.43
12152,5760000.0,450.2,0.43
12153,5760000.0,450.2,0.43
12154,2272000.0,216.4,0.48
12155,2272000.0,216.4,0.48
12156,16128000.0,216.4,0.48
12157,16128000.0,216.4,0.48
12158,21280000.0,450.2,0.43
12159,21280000.0,450.2,0.43
12160,21450.0,216.4,0.48
12161,21450.0,216.4,0.48
12162,22260.0,450.2,0.43
12163,22260.0,450.2,0.43
12164,22260.0,450.2,0.43
12165,32000.0,216.4,0.48
12166,32000.0,216.4,0.48
12167,48000000.0,216.4,0.48
12168,48000000.0,216.4,0.48
12169,48000000.0,216.4,0.48
12170,48000000.0,216.4,0.48
12171,59850000.0,216.4,0.48
12172,11200000.0,450.2,0.43
12173,13340000.0,216.4,0.48
12174,5760000.0,450.2,0.43
12175,3920000.0,450.2,0.43
12176,3920000.0,450.2,0.43
12177,3920000.0,450.2,0.43
12178,11200000.0,450.2,0.43
12179,5760000.0,450.2,0.43
12180,8580000.0,216.4,0.48
12181,8580000.0,216.4,0.48
12182,12800000.0,450.2,0.43
12183,12800000.0,450.2,0.43
12184,12800000.0,216.4,0.48
12185,12800000.0,216.4,0.48
12186,12800000.0,216.4,0.48
12187,5600000.0,216.4,0.48
12188,5600000.0,216.4,0.48
12189,5600000.0,216.4,0.48
12190,20880000.0,216.4,0.48
12191,20880000.0,216.4,0.48
12192,15960000.0,216.4,0.48
12193,15960000.0,216.4,0.48
12194,14800000.0,216.4,0.48
12195,14800000.0,216.4,0.48
12196,14800000.0,216.4,0.48
12197,13440000.0,216.4,0.48
12198,13440000.0,216.4,0.48
12199,13440000.0,216.4,0.48
12200,14800000.0,216.4,0.48
12201,14800000.0,216.4,0.48
12202,14800000.0,216.4,0.48
12203,14720000.0,450.2,0.43
12204,14720000.0,450.2,0.43
12205,14720000.0,450.2,0.43
12206,12640000.0,216.4,0.48
12207,12640000.0,216.4,0.48
12208,15120000.0,450.2,0.43
12209,15120000.0,450.2,0.43
12210,16128000.0,216.4,0.48
12211,16128000.0,216.4,0.48
12212,37000.0,216.4,0.48
12213,37000.0,216.4,0.48
12214,37000.0,216.4,0.48
12215,52200.0,216.4,0.48
12216,52200.0,216.4,0.48
12217,5680.0,216.4,0.48
12218,40320.0,216.4,0.48
12219,40320.0,216.4,0.48
12220,22500.0,216.4,0.48
12221,12800000.0,450.2,0.43
12222,12800000.0,450.2,0.43
12223,12800000.0,450.2,0.43
12224,14720000.0,450.2,0.43
12225,14720000.0,450.2,0.43
12226,14720000.0,450.2,0.43
12227,12800000.0,216.4,0.48
12228,12800000.0,216.4,0.48
12229,12800000.0,216.4,0.48
12230,15360000.0,450.2,0.43
12231,15360000.0,450.2,0.43
12232,13440000.0,216.4,0.48
12233,13440000.0,216.4,0.48
12234,13440000.0,216.4,0.48
12235,14800000.0,216.4,0.48
12236,14800000.0,216.4,0.48
12237,14800000.0,216.4,0.48
12238,14800000.0,216.4,0.48
12239,14800000.0,216.4,0.48
12240,5600000.0,216.4,0.48
12241,5600000.0,216.4,0.48
12242,5600000.0,216.4,0.48
12243,12800000.0,216.4,0.48
12244,12800000.0,216.4,0.48
12245,12800000.0,216.4,0.48
12246,16128000.0,216.4,0.48
12247,16128000.0,216.4,0.48
12248,16128000.0,216.4,0.48
12249,13156000.0,216.4,0.48
12250,13156000.0,216.4,0.48
12251,13156000.0,216.4,0.48
12252,15120000.0,450.2,0.43
12253,20880000.0,216.4,0.48
12254,20880000.0,216.4,0.48
12255,20880000.0,216.4,0.48
12256,14784000.0,216.4,0.48
12257,14784000.0,216.4,0.48
12258,14784000.0,216.4,0.48
12259,12640000.0,216.4,0.48
12260,12640000.0,216.4,0.48
12261,12640000.0,216.4,0.48
12262,12800000.0,216.4,0.48
12263,12800000.0,216.4,0.48
12264,12800000.0,216.4,0.48
12265,14800000.0,216.4,0.48
12266,14800000.0,216.4,0.48
12267,14800000.0,216.4,0.48
12268,12800000.0,216.4,0.48
12269,12800000.0,216.4,0.48
12270,12800000.0,216.4,0.48
12271,17360000.0,216.4,0.48
12272,17360000.0,216.4,0.48
12273,17360000.0,216.4,0.48
12274,14800000.0,216.4,0.48
12275,14800000.0,216.4,0.48
12276,120000.0,450.2,0.43
12277,120000.0,450.2,0.43
12278,17360000.0,216.4,0.48
12279,17360000.0,216.4,0.48
12280,17360000.0,216.4,0.48
12281,10440000.0,450.2,0.43
12282,10440000.0,450.2,0.43
12283,12800000.0,216.4,0.48
12284,12800000.0,216.4,0.48
12285,36800.0,450.2,0.43
12286,36800.0,450.2,0.43
12287,36800.0,450.2,0.43
12288,5680.0,216.4,0.48
12289,5680.0,216.4,0.48
12290,5680.0,216.4,0.48
12291,40320.0,216.4,0.48
12292,40320.0,216.4,0.48
12293,40320.0,216.4,0.48
12294,32890.0,216.4,0.48
12295,32890.0,216.4,0.48
12296,32890.0,216.4,0.48
12297,33600.0,216.4,0.48
12298,33600.0,216.4,0.48
12299,33600.0,216.4,0.48
12300,32000.0,450.2,0.43
12301,32000.0,450.2,0.43
12302,32000.0,450.2,0.43
12303,52200.0,216.4,0.48
12304,52200.0,216.4,0.48
12305,52200.0,216.4,0.48
12306,22500.0,216.4,0.48
12307,22500.0,216.4,0.48
12308,22500.0,216.4,0.48
12309,37000.0,216.4,0.48
12310,37000.0,216.4,0.48
12311,37000.0,216.4,0.48
12312,32000.0,216.4,0.48
12313,32000.0,216.4,0.48
12314,32000.0,216.4,0.48
12315,37800.0,450.2,0.43
12316,37800.0,450.2,0.43
12317,37800.0,450.2,0.43
12318,36960.0,216.4,0.48
12319,36960.0,216.4,0.48
12320,36960.0,216.4,0.48
12321,43400.0,216.4,0.48
12322,43400.0,216.4,0.48
12323,43400.0,216.4,0.48
12324,37000.0,216.4,0.48
12325,37000.0,216.4,0.48
12326,37000.0,216.4,0.48
12327,32000.0,216.4,0.48
12328,32000.0,216.4,0.48
12329,32000.0,216.4,0.48
12330,32000.0,216.4,0.48
12331,32000.0,216.4,0.48
12332,41440.0,216.4,0.48
12333,41440.0,216.4,0.48
12334,41440.0,216.4,0.48
12335,32000.0,216.4,0.48
12336,32000.0,216.4,0.48
12337,32000.0,216.4,0.48
12338,32000.0,216.4,0.48
12339,32000.0,216.4,0.48
12340,22500.0,216.4,0.48
12341,37000.0,216.4,0.48
12342,37000.0,216.4,0.48
12343,37000.0,216.4,0.48
12344,32000.0,216.4,0.48
12345,32000.0,216.4,0.48
12346,32000.0,216.4,0.48
12347,13340000.0,216.4,0.48
12348,12640000.0,216.4,0.48
12349,12640000.0,216.4,0.48
12350,5760000.0,450.2,0.43
12351,5760000.0,450.2,0.43
12352,20880000.0,216.4,0.48
12353,20880000.0,216.4,0.48
12354,15120000.0,450.2,0.43
12355,15120000.0,450.2,0.43
12356,16576000.0,216.4,0.48
12357,16576000.0,216.4,0.48
12358,11500000.0,450.2,0.43
12359,11500000.0,450.2,0.43
12360,14720000.0,450.2,0.43
12361,14720000.0,450.2,0.43
12362,14720000.0,450.2,0.43
12363,22500.0,216.4,0.48
12364,43400.0,216.4,0.48
12365,43400.0,216.4,0.48
12366,11200000.0,450.2,0.43
12367,11200000.0,450.2,0.43
12368,8580000.0,216.4,0.48
12369,8580000.0,216.4,0.48
12370,5760000.0,450.2,0.43
12371,5760000.0,450.2,0.43
12372,11500000.0,450.2,0.43
12373,11500000.0,450.2,0.43
12374,20880000.0,216.4,0.48
12375,3920000.0,450.2,0.43
12376,3920000.0,450.2,0.43
12377,22500.0,216.4,0.48
12378,22500.0,216.4,0.48
12379,11500000.0,450.2,0.43
12380,20880000.0,216.4,0.48
12381,20880000.0,216.4,0.48
12382,5760000.0,450.2,0.43
12383,5760000.0,450.2,0.43
12384,3920000.0,450.2,0.43
12385,3920000.0,450.2,0.43
12386,8580000.0,216.4,0.48
12387,8580000.0,216.4,0.48
12388,5760000.0,450.2,0.43
12389,5760000.0,450.2,0.43
12390,5760000.0,450.2,0.43
12391,8904000.0,450.2,0.43
12392,8904000.0,450.2,0.43
12393,11200000.0,450.2,0.43
12394,11200000.0,450.2,0.43
12395,21450.0,216.4,0.48
12396,8580000.0,216.4,0.48
12397,8580000.0,216.4,0.48
12398,8904000.0,450.2,0.43
12399,8904000.0,450.2,0.43
12400,3920000.0,450.2,0.43
12401,5760000.0,450.2,0.43
12402,21600000.0,450.2,0.43
12403,5760000.0,450.2,0.43
12404,21280000.0,450.2,0.43
12405,21280000.0,450.2,0.43
12406,13248000.0,450.2,0.43
12407,13248000.0,450.2,0.43
12408,5760000.0,450.2,0.43
12409,5760000.0,450.2,0.43
12410,16128000.0,216.4,0.48
12411,16128000.0,216.4,0.48
12412,12800000.0,216.4,0.48
12413,12800000.0,216.4,0.48
12414,12800000.0,216.4,0.48
12415,13340000.0,216.4,0.48
12416,13340000.0,216.4,0.48
12417,12800000.0,216.4,0.48
12418,12800000.0,216.4,0.48
12419,12640000.0,216.4,0.48
12420,12640000.0,216.4,0.48
12421,59850000.0,216.4,0.48
12422,59850000.0,216.4,0.48
12423,48000000.0,216.4,0.48
12424,48000000.0,216.4,0.48
12425,48000000.0,216.4,0.48
12426,48000000.0,216.4,0.48
12427,48000000.0,216.4,0.48
12428,47400000.0,216.4,0.48
12429,47400000.0,216.4,0.48
12430,47400000.0,216.4,0.48
12431,33120.0,450.2,0.43
12432,33120.0,450.2,0.43
12433,14400.0,450.2,0.43
12434,14400.0,450.2,0.43
12435,32000.0,216.4,0.48
12436,32000.0,216.4,0.48
12437,22500.0,216.4,0.48
12438,21280000.0,450.2,0.43
12439,21280000.0,450.2,0.43
12440,5760000.0,450.2,0.43
12441,5760000.0,450.2,0.43
12442,2272000.0,216.4,0.48
12443,2272000.0,216.4,0.48
12444,3920000.0,450.2,0.43
12445,5760000.0,450.2,0.43
12446,5760000.0,450.2,0.43
12447,21600000.0,450.2,0.43
12448,5760000.0,450.2,0.43
12449,5760000.0,450.2,0.43
12450,2272000.0,216.4,0.48
12451,21280000.0,450.2,0.43
12452,21280000.0,450.2,0.43
12453,11440000.0,450.2,0.43
12454,11440000.0,450.2,0.43
12455,22500.0,216.4,0.48
12456,21600000.0,450.2,0.43
12457,21600000.0,450.2,0.43
12458,2272000.0,216.4,0.48
12459,5760000.0,450.2,0.43
12460,22500.0,216.4,0.48
12461,5760000.0,450.2,0.43
12462,5760000.0,450.2,0.43
12463,13248000.0,450.2,0.43
12464,11440000.0,450.2,0.43
12465,11440000.0,450.2,0.43
12466,12800000.0,216.4,0.48
12467,12800000.0,216.4,0.48
12468,12800000.0,216.4,0.48
12469,13340000.0,216.4,0.48
12470,13340000.0,216.4,0.48
12471,12800000.0,216.4,0.48
12472,12800000.0,216.4,0.48
12473,15960000.0,216.4,0.48
12474,15960000.0,216.4,0.48
12475,15960000.0,216.4,0.48
12476,16128000.0,216.4,0.48
12477,16128000.0,216.4,0.48
12478,16128000.0,216.4,0.48
12479,13156000.0,216.4,0.48
12480,13156000.0,216.4,0.48
12481,14784000.0,216.4,0.48
12482,14784000.0,216.4,0.48
12483,14400.0,450.2,0.43
12484,14400.0,450.2,0.43
12485,22500.0,216.4,0.48
12486,21600000.0,450.2,0.43
12487,21600000.0,450.2,0.43
12488,3920000.0,450.2,0.43
12489,5760000.0,450.2,0.43
12490,22500.0,216.4,0.48
12491,20880000.0,216.4,0.48
12492,11500000.0,450.2,0.43
12493,11500000.0,450.2,0.43
12494,16576000.0,216.4,0.48
12495,16576000.0,216.4,0.48
12496,15120000.0,450.2,0.43
12497,15120000.0,450.2,0.43
12498,22500.0,216.4,0.48
12499,3920000.0,450.2,0.43
12500,5760000.0,450.2,0.43
12501,5760000.0,450.2,0.43
12502,11200000.0,450.2,0.43
12503,11200000.0,450.2,0.43
12504,11440000.0,450.2,0.43
12505,11440000.0,450.2,0.43
12506,22500.0,216.4,0.48
12507,5760000.0,450.2,0.43
12508,5760000.0,450.2,0.43
12509,28000.0,450.2,0.43
12510,28000.0,450.2,0.43
12511,32890.0,216.4,0.48
12512,32890.0,216.4,0.48
12513,32890.0,216.4,0.48
12514,11200000.0,450.2,0.43
12515,11200000.0,450.2,0.43
12516,11200000.0,450.2,0.43
12517,11200000.0,450.2,0.43
12518,11500000.0,450.2,0.43
12519,11500000.0,450.2,0.43
12520,3920000.0,450.2,0.43
12521,3920000.0,450.2,0.43
12522,2272000.0,216.4,0.48
12523,2272000.0,216.4,0.48
12524,15120000.0,450.2,0.43
12525,3920000.0,450.2,0.43
12526,5760000.0,450.2,0.43
12527,5760000.0,450.2,0.43
12528,11440000.0,450.2,0.43
12529,11440000.0,450.2,0.43
12530,15960000.0,216.4,0.48
12531,15960000.0,216.4,0.48
12532,16200000.0,450.2,0.43
12533,16200000.0,450.2,0.43
12534,14784000.0,216.4,0.48
12535,14784000.0,216.4,0.48
12536,14784000.0,216.4,0.48
12537,22500.0,216.4,0.48
12538,6360000.0,450.2,0.43
12539,6360000.0,450.2,0.43
12540,3920000.0,450.2,0.43
12541,5760000.0,450.2,0.43
12542,5760000.0,450.2,0.43
12543,3920000.0,450.2,0.43
12544,3920000.0,450.2,0.43
12545,8580000.0,216.4,0.48
12546,8580000.0,216.4,0.48
12547,11200000.0,450.2,0.43
12548,11200000.0,450.2,0.43
12549,28000.0,450.2,0.43
12550,28000.0,450.2,0.43
12551,28000.0,450.2,0.43
12552,28000.0,450.2,0.43
12553,15120000.0,450.2,0.43
12554,22500.0,216.4,0.48
12555,3920000.0,450.2,0.43
12556,5760000.0,450.2,0.43
12557,5760000.0,450.2,0.43
12558,11440000.0,450.2,0.43
12559,11440000.0,450.2,0.43
12560,16200000.0,450.2,0.43
12561,16200000.0,450.2,0.43
12562,21280000.0,450.2,0.43
12563,21280000.0,450.2,0.43
12564,22500.0,216.4,0.48
12565,28000.0,450.2,0.43
12566,11200000.0,450.2,0.43
12567,11200000.0,450.2,0.43
12568,6360000.0,450.2,0.43
12569,5760000.0,450.2,0.43
12570,11200000.0,450.2,0.43
12571,11200000.0,450.2,0.43
12572,8580000.0,216.4,0.48
12573,8580000.0,216.4,0.48
12574,5760000.0,450.2,0.43
12575,5760000.0,450.2,0.43
12576,8580000.0,216.4,0.48
12577,8904000.0,450.2,0.43
12578,8904000.0,450.2,0.43
12579,3432000.0,450.2,0.43
12580,3432000.0,450.2,0.43
12581,21450.0,216.4,0.48
12582,11200000.0,450.2,0.43
12583,11200000.0,450.2,0.43
12584,2272000.0,216.4,0.48
12585,2272000.0,216.4,0.48
12586,11500000.0,450.2,0.43
12587,11500000.0,450.2,0.43
12588,8580000.0,216.4,0.48
12589,3432000.0,450.2,0.43
12590,3432000.0,450.2,0.43
12591,14720000.0,450.2,0.43
12592,13340000.0,216.4,0.48
12593,13340000.0,216.4,0.48
12594,5760000.0,450.2,0.43
12595,5760000.0,450.2,0.43
12596,21600000.0,450.2,0.43
12597,21600000.0,450.2,0.43
12598,28000.0,450.2,0.43
12599,28000.0,450.2,0.43
12600,8580.0,450.2,0.43
12601,8580.0,450.2,0.43
12602,21450.0,216.4,0.48
12603,21450.0,216.4,0.48
12604,22500.0,216.4,0.48
12605,21450.0,216.4,0.48
12606,21450.0,216.4,0.48
12607,11500000.0,450.2,0.43
12608,8580000.0,216.4,0.48
12609,8580000.0,216.4,0.48
12610,11200000.0,450.2,0.43
12611,11200000.0,450.2,0.43
12612,5760000.0,450.2,0.43
12613,5760000.0,450.2,0.43
12614,13340000.0,216.4,0.48
12615,13340000.0,216.4,0.48
12616,13340000.0,216.4,0.48
12617,16200000.0,450.2,0.43
12618,16200000.0,450.2,0.43
12619,16200000.0,450.2,0.43
12620,6136000.0,450.2,0.43
12621,6136000.0,450.2,0.43
12622,21280000.0,450.2,0.43
12623,21280000.0,450.2,0.43
12624,21280000.0,450.2,0.43
12625,13156000.0,216.4,0.48
12626,13156000.0,216.4,0.48
12627,11440000.0,450.2,0.43
12628,11440000.0,450.2,0.43
12629,21450.0,216.4,0.48
12630,21450.0,216.4,0.48
12631,8580000.0,216.4,0.48
12632,8580000.0,216.4,0.48
12633,22500.0,216.4,0.48
12634,21600000.0,450.2,0.43
12635,21600000.0,450.2,0.43
12636,28000.0,450.2,0.43
12637,28000.0,450.2,0.43
12638,14400.0,450.2,0.43
12639,14400.0,450.2,0.43
12640,21450.0,216.4,0.48
12641,21450.0,216.4,0.48
12642,40500.0,450.2,0.43
12643,40500.0,450.2,0.43
12644,15340.0,450.2,0.43
12645,15340.0,450.2,0.43
12646,28000.0,450.2,0.43
12647,28000.0,450.2,0.43
12648,22500.0,216.4,0.48
12649,20880000.0,216.4,0.48
12650,20880000.0,216.4,0.48
12651,20880000.0,216.4,0.48
12652,12800000.0,216.4,0.48
12653,12800000.0,216.4,0.48
12654,12800000.0,216.4,0.48
12655,5680.0,216.4,0.48
12656,5680.0,216.4,0.48
12657,32000.0,216.4,0.48
12658,32000.0,216.4,0.48
12659,32000.0,216.4,0.48
12660,37800.0,450.2,0.43
12661,43400.0,216.4,0.48
12662,43400.0,216.4,0.48
12663,43400.0,216.4,0.48
12664,8580000.0,216.4,0.48
12665,8580000.0,216.4,0.48
12666,11200000.0,450.2,0.43
12667,11200000.0,450.2,0.43
12668,3432000.0,450.2,0.43
12669,3432000.0,450.2,0.43
12670,5760000.0,450.2,0.43
12671,5760000.0,450.2,0.43
12672,5760000.0,450.2,0.43
12673,21280000.0,450.2,0.43
12674,21280000.0,450.2,0.43
12675,21280000.0,450.2,0.43
12676,11440000.0,450.2,0.43
12677,11440000.0,450.2,0.43
12678,28000.0,450.2,0.43
12679,28000.0,450.2,0.43
12680,32890.0,216.4,0.48
12681,32890.0,216.4,0.48
12682,32890.0,216.4,0.48
12683,21450.0,216.4,0.48
12684,21450.0,216.4,0.48
12685,14400.0,450.2,0.43
12686,14400.0,450.2,0.43
12687,8580000.0,216.4,0.48
12688,8580000.0,216.4,0.48
12689,11200000.0,450.2,0.43
12690,11200000.0,450.2,0.43
12691,28000.0,450.2,0.43
12692,28000.0,450.2,0.43
12693,5760000.0,450.2,0.43
12694,5760000.0,450.2,0.43
12695,5760000.0,450.2,0.43
12696,22500.0,216.4,0.48
12697,69300000.0,450.2,0.43
12698,69300000.0,450.2,0.43
12699,49335000.0,216.4,0.48
12700,49335000.0,216.4,0.48
12701,49335000.0,216.4,0.48
12702,42000000.0,450.2,0.43
12703,42000000.0,450.2,0.43
12704,21600000.0,450.2,0.43
12705,21600000.0,450.2,0.43
12706,22500.0,216.4,0.48
12707,43400.0,216.4,0.48
12708,43400.0,216.4,0.48
12709,43400.0,216.4,0.48
12710,5680.0,216.4,0.48
12711,5680.0,216.4,0.48
12712,5680.0,216.4,0.48
12713,2272000.0,216.4,0.48
12714,2272000.0,216.4,0.48
12715,14720000.0,450.2,0.43
12716,14720000.0,450.2,0.43
12717,15960000.0,216.4,0.48
12718,15960000.0,216.4,0.48
12719,43400.0,216.4,0.48
12720,43400.0,216.4,0.48
12721,43400.0,216.4,0.48
12722,5680.0,216.4,0.48
12723,5680.0,216.4,0.48
12724,14720000.0,450.2,0.43
12725,14720000.0,450.2,0.43
12726,14720000.0,450.2,0.43
12727,15960000.0,216.4,0.48
12728,15960000.0,216.4,0.48
12729,15960000.0,216.4,0.48
12730,2272000.0,216.4,0.48
12731,2272000.0,216.4,0.48
12732,2272000.0,216.4,0.48
12733,13340000.0,216.4,0.48
12734,13340000.0,216.4,0.48
12735,13340000.0,216.4,0.48
12736,2272000.0,216.4,0.48
12737,2272000.0,216.4,0.48
12738,5760000.0,450.2,0.43
12739,5760000.0,450.2,0.43
12740,15960000.0,216.4,0.48
12741,12800000.0,216.4,0.48
12742,12800000.0,216.4,0.48
12743,12800000.0,216.4,0.48
12744,8580.0,450.2,0.43
12745,11500000.0,450.2,0.43
12746,11500000.0,450.2,0.43
12747,12800000.0,216.4,0.48
12748,12800000.0,216.4,0.48
12749,12800000.0,216.4,0.48
12750,2272000.0,216.4,0.48
12751,2272000.0,216.4,0.48
12752,2272000.0,216.4,0.48
12753,12800000.0,450.2,0.43
12754,12800000.0,450.2,0.43
12755,12800000.0,450.2,0.43
12756,14784000.0,216.4,0.48
12757,14784000.0,216.4,0.48
12758,12800000.0,216.4,0.48
12759,12800000.0,216.4,0.48
12760,12800000.0,216.4,0.48
12761,15960000.0,216.4,0.48
12762,5600000.0,216.4,0.48
12763,5600000.0,216.4,0.48
12764,5600000.0,216.4,0.48
12765,13340000.0,216.4,0.48
12766,13340000.0,216.4,0.48
12767,13340000.0,216.4,0.48
12768,12800000.0,216.4,0.48
12769,12800000.0,216.4,0.48
12770,12800000.0,216.4,0.48
12771,14720000.0,450.2,0.43
12772,14720000.0,450.2,0.43
12773,14720000.0,450.2,0.43
12774,17360000.0,216.4,0.48
12775,17360000.0,216.4,0.48
12776,17360000.0,216.4,0.48
12777,12800000.0,216.4,0.48
12778,12800000.0,216.4,0.48
12779,12800000.0,216.4,0.48
12780,120000.0,450.2,0.43
12781,120000.0,450.2,0.43
12782,120000.0,450.2,0.43
12783,12640000.0,216.4,0.48
12784,12640000.0,216.4,0.48
12785,14800000.0,216.4,0.48
12786,14800000.0,216.4,0.48
12787,14800000.0,216.4,0.48
12788,12800000.0,216.4,0.48
12789,12800000.0,216.4,0.48
12790,12800000.0,216.4,0.48
12791,32000.0,216.4,0.48
12792,32000.0,216.4,0.48
12793,32000.0,216.4,0.48
12794,32890.0,216.4,0.48
12795,32890.0,216.4,0.48
12796,32890.0,216.4,0.48
12797,43400.0,216.4,0.48
12798,43400.0,216.4,0.48
12799,43400.0,216.4,0.48
12800,36960.0,216.4,0.48
12801,36960.0,216.4,0.48
12802,36960.0,216.4,0.48
12803,5680.0,216.4,0.48
12804,5680.0,216.4,0.48
12805,5680.0,216.4,0.48
12806,32000.0,216.4,0.48
12807,32000.0,216.4,0.48
12808,32000.0,216.4,0.48
12809,32000.0,216.4,0.48
12810,32000.0,216.4,0.48
12811,39900.0,216.4,0.48
12812,39900.0,216.4,0.48
12813,39900.0,216.4,0.48
12814,31600.0,216.4,0.48
12815,31600.0,216.4,0.48
12816,31600.0,216.4,0.48
12817,32000.0,216.4,0.48
12818,32000.0,216.4,0.48
12819,32000.0,216.4,0.48
12820,43400.0,216.4,0.48
12821,43400.0,216.4,0.48
12822,43400.0,216.4,0.48
12823,32000.0,216.4,0.48
12824,32000.0,216.4,0.48
12825,32000.0,216.4,0.48
12826,32000.0,216.4,0.48
12827,32000.0,216.4,0.48
12828,32000.0,216.4,0.48
12829,37000.0,216.4,0.48
12830,37000.0,216.4,0.48
12831,37000.0,216.4,0.48
12832,22500.0,216.4,0.48
12833,33750000.0,216.4,0.48
12834,33750000.0,216.4,0.48
12835,33750000.0,216.4,0.48
12836,48000000.0,216.4,0.48
12837,48000000.0,216.4,0.48
12838,48000000.0,216.4,0.48
12839,65100000.0,216.4,0.48
12840,65100000.0,216.4,0.48
12841,65100000.0,216.4,0.48
12842,14800000.0,216.4,0.48
12843,14800000.0,216.4,0.48
12844,14800000.0,216.4,0.48
12845,14800000.0,216.4,0.48
12846,14800000.0,216.4,0.48
12847,14800000.0,216.4,0.48
12848,10440000.0,450.2,0.43
12849,10440000.0,450.2,0.43
12850,10440000.0,450.2,0.43
12851,14800000.0,216.4,0.48
12852,14800000.0,216.4,0.48
12853,10440000.0,450.2,0.43
12854,10440000.0,450.2,0.43
12855,10440000.0,450.2,0.43
12856,12800000.0,216.4,0.48
12857,12800000.0,216.4,0.48
12858,12800000.0,216.4,0.48
12859,10440000.0,450.2,0.43
12860,10440000.0,450.2,0.43
12861,10440000.0,450.2,0.43
12862,12800000.0,216.4,0.48
12863,12800000.0,216.4,0.48
12864,12800000.0,216.4,0.48
12865,17360000.0,216.4,0.48
12866,17360000.0,216.4,0.48
12867,17360000.0,216.4,0.48
12868,12800000.0,216.4,0.48
12869,12800000.0,216.4,0.48
12870,12800000.0,216.4,0.48
12871,17360000.0,216.4,0.48
12872,17360000.0,216.4,0.48
12873,17360000.0,216.4,0.48
12874,12800000.0,216.4,0.48
12875,12800000.0,216.4,0.48
12876,12800000.0,216.4,0.48
12877,12800000.0,216.4,0.48
12878,11520000.0,450.2,0.43
12879,11520000.0,450.2,0.43
12880,11520000.0,450.2,0.43
12881,17360000.0,216.4,0.48
12882,17360000.0,216.4,0.48
12883,17360000.0,216.4,0.48
12884,15960000.0,216.4,0.48
12885,15960000.0,216.4,0.48
12886,15960000.0,216.4,0.48
12887,9000000.0,216.4,0.48
12888,9000000.0,216.4,0.48
12889,9000000.0,216.4,0.48
12890,5600000.0,216.4,0.48
12891,5600000.0,216.4,0.48
12892,5600000.0,216.4,0.48
12893,15960000.0,216.4,0.48
12894,15960000.0,216.4,0.48
12895,15960000.0,216.4,0.48
12896,16128000.0,216.4,0.48
12897,15120000.0,450.2,0.43
12898,15120000.0,450.2,0.43
12899,15120000.0,450.2,0.43
12900,12800000.0,216.4,0.48
12901,12800000.0,216.4,0.48
12902,12800000.0,216.4,0.48
12903,120000.0,450.2,0.43
12904,120000.0,450.2,0.43
12905,120000.0,450.2,0.43
12906,5600000.0,216.4,0.48
12907,5600000.0,216.4,0.48
12908,5600000.0,216.4,0.48
12909,10296000.0,450.2,0.43
12910,10296000.0,450.2,0.43
12911,10296000.0,450.2,0.43
12912,36800.0,450.2,0.43
12913,36800.0,450.2,0.43
12914,41440.0,216.4,0.48
12915,37000.0,216.4,0.48
12916,37000.0,216.4,0.48
12917,37000.0,216.4,0.48
12918,5680.0,216.4,0.48
12919,12000.0,216.4,0.48
12920,12000.0,216.4,0.48
12921,12000.0,216.4,0.48
12922,37000.0,216.4,0.48
12923,37000.0,216.4,0.48
12924,37000.0,216.4,0.48
12925,32000.0,216.4,0.48
12926,32000.0,216.4,0.48
12927,32000.0,216.4,0.48
12928,43400.0,216.4,0.48
12929,43400.0,216.4,0.48
12930,43400.0,216.4,0.48
12931,26100.0,450.2,0.43
12932,32000.0,216.4,0.48
12933,32000.0,216.4,0.48
12934,32000.0,216.4,0.48
12935,32000.0,216.4,0.48
12936,32000.0,216.4,0.48
12937,32000.0,216.4,0.48
12938,32890.0,216.4,0.48
12939,32890.0,216.4,0.48
12940,32890.0,216.4,0.48
12941,32000.0,450.2,0.43
12942,32000.0,450.2,0.43
12943,37000.0,216.4,0.48
12944,37000.0,216.4,0.48
12945,37000.0,216.4,0.48
12946,37800.0,450.2,0.43
12947,37800.0,450.2,0.43
12948,37800.0,450.2,0.43
12949,52200.0,216.4,0.48
12950,52200.0,216.4,0.48
12951,52200.0,216.4,0.48
12952,32000.0,216.4,0.48
12953,32000.0,216.4,0.48
12954,32000.0,216.4,0.48
12955,14000.0,216.4,0.48
12956,14000.0,216.4,0.48
12957,14000.0,216.4,0.48
12958,37000.0,216.4,0.48
12959,37000.0,216.4,0.48
12960,25740.0,450.2,0.43
12961,25740.0,450.2,0.43
12962,25740.0,450.2,0.43
12963,14000.0,216.4,0.48
12964,14000.0,216.4,0.48
12965,14000.0,216.4,0.48
12966,65100000.0,216.4,0.48
12967,65100000.0,216.4,0.48
12968,65100000.0,216.4,0.48
12969,22500.0,216.4,0.48
12970,32000.0,450.2,0.43
12971,32000.0,450.2,0.43
12972,32000.0,450.2,0.43
12973,22500.0,216.4,0.48
12974,15960000.0,216.4,0.48
12975,15960000.0,216.4,0.48
12976,2272000.0,216.4,0.48
12977,2272000.0,216.4,0.48
12978,11500000.0,450.2,0.43
12979,11500000.0,450.2,0.43
12980,13340000.0,216.4,0.48
12981,13340000.0,216.4,0.48
12982,13340000.0,216.4,0.48
12983,2272000.0,216.4,0.48
12984,2272000.0,216.4,0.48
12985,11500000.0,450.2,0.43
12986,11500000.0,450.2,0.43
12987,12800000.0,216.4,0.48
12988,12800000.0,216.4,0.48
12989,12800000.0,216.4,0.48
12990,12800000.0,216.4,0.48
12991,12800000.0,216.4,0.48
12992,14800000.0,216.4,0.48
12993,14800000.0,216.4,0.48
12994,14800000.0,216.4,0.48
12995,14800000.0,216.4,0.48
12996,21280000.0,450.2,0.43
12997,21280000.0,450.2,0.43
12998,21450.0,216.4,0.48
12999,21450.0,216.4,0.48
13000,5680.0,216.4,0.48
13001,11500000.0,450.2,0.43
13002,11500000.0,450.2,0.43
13003,11500000.0,450.2,0.43
13004,11500000.0,450.2,0.43
13005,11500000.0,450.2,0.43
13006,5760000.0,450.2,0.43
13007,11200000.0,450.2,0.43
13008,11200000.0,450.2,0.43
13009,11200000.0,450.2,0.43
13010,22500.0,216.4,0.48
13011,8580000.0,216.4,0.48
13012,8580000.0,216.4,0.48
13013,11200000.0,450.2,0.43
13014,11200000.0,450.2,0.43
13015,5760000.0,450.2,0.43
13016,5760000.0,450.2,0.43
13017,11500000.0,450.2,0.43
13018,21450.0,216.4,0.48
13019,21450.0,216.4,0.48
13020,14400.0,450.2,0.43
13021,14400.0,450.2,0.43
13022,2272000.0,216.4,0.48
13023,2272000.0,216.4,0.48
13024,13340000.0,216.4,0.48
13025,13340000.0,216.4,0.48
13026,12800000.0,216.4,0.48
13027,12800000.0,216.4,0.48
13028,12800000.0,216.4,0.48
13029,12800000.0,216.4,0.48
13030,12800000.0,216.4,0.48
13031,15360000.0,450.2,0.43
13032,15360000.0,450.2,0.43
13033,14800000.0,216.4,0.48
13034,14800000.0,216.4,0.48
13035,14800000.0,216.4,0.48
13036,21280000.0,450.2,0.43
13037,21280000.0,450.2,0.43
13038,12640000.0,216.4,0.48
13039,12640000.0,216.4,0.48
13040,12640000.0,216.4,0.48
13041,39760000.0,450.2,0.43
13042,39760000.0,450.2,0.43
13043,39760000.0,450.2,0.43
13044,22500.0,216.4,0.48
13045,39900.0,216.4,0.48
13046,39900.0,216.4,0.48
13047,39900.0,216.4,0.48
13048,37000.0,216.4,0.48
13049,37000.0,216.4,0.48
13050,37000.0,216.4,0.48
13051,13156000.0,216.4,0.48
13052,13156000.0,216.4,0.48
13053,13156000.0,216.4,0.48
13054,15960000.0,216.4,0.48
13055,15960000.0,216.4,0.48
13056,11440000.0,450.2,0.43
13057,11440000.0,450.2,0.43
13058,21280000.0,450.2,0.43
13059,21280000.0,450.2,0.43
13060,21280000.0,450.2,0.43
13061,14784000.0,216.4,0.48
13062,14784000.0,216.4,0.48
13063,13156000.0,216.4,0.48
13064,13156000.0,216.4,0.48
13065,13156000.0,216.4,0.48
13066,8904000.0,450.2,0.43
13067,8904000.0,450.2,0.43
13068,8904000.0,450.2,0.43
13069,5760000.0,450.2,0.43
13070,5760000.0,450.2,0.43
13071,9780000.0,216.4,0.48
13072,9780000.0,216.4,0.48
13073,9780000.0,216.4,0.48
13074,9780000.0,216.4,0.48
13075,16200000.0,450.2,0.43
13076,16200000.0,450.2,0.43
13077,12720000.0,450.2,0.43
13078,12720000.0,450.2,0.43
13079,13340000.0,216.4,0.48
13080,13340000.0,216.4,0.48
13081,6360000.0,450.2,0.43
13082,6360000.0,450.2,0.43
13083,6360000.0,450.2,0.43
13084,13248000.0,450.2,0.43
13085,13248000.0,450.2,0.43
13086,13248000.0,450.2,0.43
13087,36960.0,216.4,0.48
13088,36960.0,216.4,0.48
13089,32890.0,216.4,0.48
13090,32890.0,216.4,0.48
13091,14400.0,450.2,0.43
13092,28000.0,450.2,0.43
13093,28000.0,450.2,0.43
13094,40500.0,450.2,0.43
13095,40500.0,450.2,0.43
13096,22500.0,216.4,0.48
13097,2272000.0,216.4,0.48
13098,11500000.0,450.2,0.43
13099,14800000.0,216.4,0.48
13100,5680.0,216.4,0.48
13101,5680.0,216.4,0.48
13102,11200000.0,450.2,0.43
13103,11200000.0,450.2,0.43
13104,11500000.0,450.2,0.43
13105,22500.0,216.4,0.48
13106,11200000.0,450.2,0.43
13107,11200000.0,450.2,0.43
13108,11200000.0,450.2,0.43
13109,5680.0,216.4,0.48
13110,22500.0,216.4,0.48
13111,22500.0,216.4,0.48
13112,11500000.0,450.2,0.43
13113,11500000.0,450.2,0.43
13114,5760000.0,450.2,0.43
13115,14400.0,450.2,0.43
13116,14400.0,450.2,0.43
13117,11200000.0,450.2,0.43
13118,11200000.0,450.2,0.43
13119,21450.0,216.4,0.48
13120,21450.0,216.4,0.48
13121,5760000.0,450.2,0.43
13122,5760000.0,450.2,0.43
13123,11200000.0,450.2,0.43
13124,11200000.0,450.2,0.43
13125,13340000.0,216.4,0.48
13126,22500.0,216.4,0.48
13127,15340.0,450.2,0.43
13128,15340.0,450.2,0.43
13129,21450.0,216.4,0.48
13130,21450.0,216.4,0.48
13131,8580.0,450.2,0.43
13132,8580.0,450.2,0.43
13133,32175000.0,216.4,0.48
13134,32175000.0,216.4,0.48
13135,11500000.0,450.2,0.43
13136,37000.0,216.4,0.48
13137,37000.0,216.4,0.48
13138,32000.0,216.4,0.48
13139,32000.0,216.4,0.48
13140,32000.0,216.4,0.48
13141,43400.0,216.4,0.48
13142,43400.0,216.4,0.48
13143,43400.0,216.4,0.48
13144,14800000.0,216.4,0.48
13145,14800000.0,216.4,0.48
13146,14800000.0,216.4,0.48
13147,12800000.0,216.4,0.48
13148,12800000.0,216.4,0.48
13149,12800000.0,216.4,0.48
13150,12800000.0,216.4,0.48
13151,12800000.0,216.4,0.48
13152,21280000.0,450.2,0.43
13153,21280000.0,450.2,0.43
13154,21280000.0,450.2,0.43
13155,2272000.0,216.4,0.48
13156,2272000.0,216.4,0.48
13157,2272000.0,216.4,0.48
13158,12800000.0,216.4,0.48
13159,12800000.0,216.4,0.48
13160,12800000.0,216.4,0.48
13161,15360000.0,450.2,0.43
13162,15360000.0,450.2,0.43
13163,15360000.0,450.2,0.43
13164,17360000.0,216.4,0.48
13165,17360000.0,216.4,0.48
13166,17360000.0,216.4,0.48
13167,13156000.0,216.4,0.48
13168,13156000.0,216.4,0.48
13169,8904000.0,450.2,0.43
13170,8904000.0,450.2,0.43
13171,8904000.0,450.2,0.43
13172,4800000.0,216.4,0.48
13173,4800000.0,216.4,0.48
13174,4800000.0,216.4,0.48
13175,13156000.0,216.4,0.48
13176,13156000.0,216.4,0.48
13177,13156000.0,216.4,0.48
13178,3160000.0,216.4,0.48
13179,3160000.0,216.4,0.48
13180,3160000.0,216.4,0.48
13181,2272000.0,216.4,0.48
13182,2272000.0,216.4,0.48
13183,5760000.0,450.2,0.43
13184,32890.0,216.4,0.48
13185,32890.0,216.4,0.48
13186,12000.0,216.4,0.48
13187,12000.0,216.4,0.48
13188,32890.0,216.4,0.48
13189,32890.0,216.4,0.48
13190,32890.0,216.4,0.48
13191,14400.0,450.2,0.43
13192,14400.0,450.2,0.43
13193,14400.0,450.2,0.43
13194,228000.0,216.4,0.48
13195,228000.0,216.4,0.48
13196,228000.0,216.4,0.48
13197,12000.0,216.4,0.48
13198,12000.0,216.4,0.48
13199,12000.0,216.4,0.48
13200,22500.0,216.4,0.48
13201,22500.0,216.4,0.48
13202,32890.0,216.4,0.48
13203,8904000.0,450.2,0.43
13204,8904000.0,450.2,0.43
13205,8904000.0,450.2,0.43
13206,9780000.0,216.4,0.48
13207,9780000.0,216.4,0.48
13208,9780000.0,216.4,0.48
13209,9780000.0,216.4,0.48
13210,9780000.0,216.4,0.48
13211,3160000.0,216.4,0.48
13212,3160000.0,216.4,0.48
13213,3160000.0,216.4,0.48
13214,6360000.0,450.2,0.43
13215,6360000.0,450.2,0.43
13216,6360000.0,450.2,0.43
13217,14784000.0,216.4,0.48
13218,14784000.0,216.4,0.48
13219,14784000.0,216.4,0.48
13220,13156000.0,216.4,0.48
13221,13156000.0,216.4,0.48
13222,13156000.0,216.4,0.48
13223,11440000.0,450.2,0.43
13224,11440000.0,450.2,0.43
13225,11440000.0,450.2,0.43
13226,21280000.0,450.2,0.43
13227,21280000.0,450.2,0.43
13228,2272000.0,216.4,0.48
13229,2272000.0,216.4,0.48
13230,5760000.0,450.2,0.43
13231,5760000.0,450.2,0.43
13232,11500000.0,450.2,0.43
13233,13340000.0,216.4,0.48
13234,13340000.0,216.4,0.48
13235,13340000.0,216.4,0.48
13236,21280000.0,450.2,0.43
13237,21280000.0,450.2,0.43
13238,21280000.0,450.2,0.43
13239,5760000.0,450.2,0.43
13240,5760000.0,450.2,0.43
13241,14720000.0,450.2,0.43
13242,14720000.0,450.2,0.43
13243,20880000.0,216.4,0.48
13244,20880000.0,216.4,0.48
13245,11200000.0,450.2,0.43
13246,21450.0,216.4,0.48
13247,21450.0,216.4,0.48
13248,14000.0,216.4,0.48
13249,14000.0,216.4,0.48
13250,14000.0,216.4,0.48
13251,8580.0,450.2,0.43
13252,8580.0,450.2,0.43
13253,8580.0,450.2,0.43
13254,40320.0,216.4,0.48
13255,40320.0,216.4,0.48
13256,22500.0,216.4,0.48
13257,21280000.0,450.2,0.43
13258,21280000.0,450.2,0.43
13259,21280000.0,450.2,0.43
13260,39760000.0,450.2,0.43
13261,39760000.0,450.2,0.43
13262,39760000.0,450.2,0.43
13263,12800000.0,216.4,0.48
13264,12800000.0,216.4,0.48
13265,2272000.0,216.4,0.48
13266,14000.0,216.4,0.48
13267,12800000.0,216.4,0.48
13268,12800000.0,216.4,0.48
13269,15360000.0,450.2,0.43
13270,15360000.0,450.2,0.43
13271,15360000.0,450.2,0.43
13272,11520000.0,450.2,0.43
13273,11520000.0,450.2,0.43
13274,11520000.0,450.2,0.43
13275,12800000.0,216.4,0.48
13276,12800000.0,216.4,0.48
13277,17360000.0,216.4,0.48
13278,17360000.0,216.4,0.48
13279,17360000.0,216.4,0.48
13280,10296000.0,450.2,0.43
13281,10296000.0,450.2,0.43
13282,10296000.0,450.2,0.43
13283,15960000.0,216.4,0.48
13284,15960000.0,216.4,0.48
13285,15960000.0,216.4,0.48
13286,15960000.0,216.4,0.48
13287,15960000.0,216.4,0.48
13288,15960000.0,216.4,0.48
13289,3920000.0,450.2,0.43
13290,3920000.0,450.2,0.43
13291,3920000.0,450.2,0.43
13292,9000000.0,216.4,0.48
13293,9000000.0,216.4,0.48
13294,15120000.0,450.2,0.43
13295,15120000.0,450.2,0.43
13296,15120000.0,450.2,0.43
13297,43400.0,216.4,0.48
13298,43400.0,216.4,0.48
13299,43400.0,216.4,0.48
13300,32000.0,450.2,0.43
13301,32000.0,450.2,0.43
13302,32000.0,450.2,0.43
13303,22500.0,216.4,0.48
13304,22500.0,216.4,0.48
13305,21450.0,216.4,0.48
13306,21450.0,216.4,0.48
13307,21450.0,216.4,0.48
13308,8580.0,450.2,0.43
13309,8580.0,450.2,0.43
13310,8580.0,450.2,0.43
13311,40320.0,216.4,0.48
13312,228000.0,216.4,0.48
13313,228000.0,216.4,0.48
13314,228000.0,216.4,0.48
13315,28000.0,450.2,0.43
13316,28000.0,450.2,0.43
13317,8580.0,450.2,0.43
13318,8580.0,450.2,0.43
13319,3432000.0,450.2,0.43
13320,3432000.0,450.2,0.43
13321,8580000.0,216.4,0.48
13322,8580000.0,216.4,0.48
13323,3432000.0,450.2,0.43
13324,3432000.0,450.2,0.43
13325,5760000.0,450.2,0.43
13326,5760000.0,450.2,0.43
13327,8580000.0,216.4,0.48
13328,8580000.0,216.4,0.48
13329,32175000.0,216.4,0.48
13330,32175000.0,216.4,0.48
13331,12800000.0,216.4,0.48
13332,12800000.0,216.4,0.48
13333,12800000.0,216.4,0.48
13334,17360000.0,216.4,0.48
13335,17360000.0,216.4,0.48
13336,17360000.0,216.4,0.48
13337,21280000.0,450.2,0.43
13338,20880000.0,216.4,0.48
13339,20880000.0,216.4,0.48
13340,20880000.0,216.4,0.48
13341,12800000.0,216.4,0.48
13342,12800000.0,216.4,0.48
13343,12800000.0,216.4,0.48
13344,3920000.0,450.2,0.43
13345,3920000.0,450.2,0.43
13346,3920000.0,450.2,0.43
13347,5760000.0,450.2,0.43
13348,5760000.0,450.2,0.43
13349,5760000.0,450.2,0.43
13350,2272000.0,216.4,0.48
13351,2272000.0,216.4,0.48
13352,12800000.0,216.4,0.48
13353,12800000.0,216.4,0.48
13354,12800000.0,216.4,0.48
13355,13340000.0,216.4,0.48
13356,13340000.0,216.4,0.48
13357,14800000.0,216.4,0.48
13358,14800000.0,216.4,0.48
13359,14800000.0,216.4,0.48
13360,14800000.0,216.4,0.48
13361,14800000.0,216.4,0.48
13362,14800000.0,216.4,0.48
13363,13156000.0,216.4,0.48
13364,13156000.0,216.4,0.48
13365,13156000.0,216.4,0.48
13366,14800000.0,216.4,0.48
13367,14800000.0,216.4,0.48
13368,14800000.0,216.4,0.48
13369,8580000.0,216.4,0.48
13370,10800000.0,216.4,0.48
13371,14000.0,216.4,0.48
13372,40320.0,216.4,0.48
13373,40320.0,216.4,0.48
13374,43400.0,216.4,0.48
13375,43400.0,216.4,0.48
13376,43400.0,216.4,0.48
13377,21450.0,216.4,0.48
13378,22500.0,216.4,0.48
13379,5760000.0,450.2,0.43
13380,5760000.0,450.2,0.43
13381,21280000.0,450.2,0.43
13382,21280000.0,450.2,0.43
13383,21280000.0,450.2,0.43
13384,11440000.0,450.2,0.43
13385,11440000.0,450.2,0.43
13386,13156000.0,216.4,0.48
13387,13156000.0,216.4,0.48
13388,16200000.0,450.2,0.43
13389,16200000.0,450.2,0.43
13390,15960000.0,216.4,0.48
13391,15960000.0,216.4,0.48
13392,2272000.0,216.4,0.48
13393,11200000.0,450.2,0.43
13394,11200000.0,450.2,0.43
13395,8580000.0,216.4,0.48
13396,8580000.0,216.4,0.48
13397,5760000.0,450.2,0.43
13398,5760000.0,450.2,0.43
13399,22500.0,216.4,0.48
13400,5760000.0,450.2,0.43
13401,14400.0,450.2,0.43
13402,21600000.0,450.2,0.43
13403,21280000.0,450.2,0.43
13404,21280000.0,450.2,0.43
13405,5760000.0,450.2,0.43
13406,5760000.0,450.2,0.43
13407,16200000.0,450.2,0.43
13408,16200000.0,450.2,0.43
13409,2272000.0,216.4,0.48
13410,22500.0,216.4,0.48
13411,12000.0,216.4,0.48
13412,12000.0,216.4,0.48
13413,12000.0,216.4,0.48
13414,43400.0,216.4,0.48
13415,43400.0,216.4,0.48
13416,43400.0,216.4,0.48
13417,32000.0,216.4,0.48
13418,32000.0,216.4,0.48
13419,32000.0,216.4,0.48
13420,14000.0,216.4,0.48
13421,14000.0,216.4,0.48
13422,14000.0,216.4,0.48
13423,37000.0,216.4,0.48
13424,37000.0,216.4,0.48
13425,37000.0,216.4,0.48
13426,32000.0,216.4,0.48
13427,32000.0,216.4,0.48
13428,32000.0,216.4,0.48
13429,14000.0,216.4,0.48
13430,14000.0,216.4,0.48
13431,14000.0,216.4,0.48
13432,37000.0,216.4,0.48
13433,37000.0,216.4,0.48
13434,37000.0,216.4,0.48
13435,39900.0,216.4,0.48
13436,39900.0,216.4,0.48
13437,39900.0,216.4,0.48
13438,25740.0,450.2,0.43
13439,25740.0,450.2,0.43
13440,37000.0,216.4,0.48
13441,37000.0,216.4,0.48
13442,37000.0,216.4,0.48
13443,37800.0,450.2,0.43
13444,37800.0,450.2,0.43
13445,37800.0,450.2,0.43
13446,52200.0,216.4,0.48
13447,52200.0,216.4,0.48
13448,52200.0,216.4,0.48
13449,300.0,450.2,0.43
13450,300.0,450.2,0.43
13451,300.0,450.2,0.43
13452,32000.0,216.4,0.48
13453,32000.0,216.4,0.48
13454,32000.0,216.4,0.48
13455,34040.0,216.4,0.48
13456,32000.0,450.2,0.43
13457,32000.0,450.2,0.43
13458,32000.0,450.2,0.43
13459,12800000.0,216.4,0.48
13460,12800000.0,216.4,0.48
13461,12800000.0,216.4,0.48
13462,14800000.0,216.4,0.48
13463,14800000.0,216.4,0.48
13464,14800000.0,216.4,0.48
13465,5600000.0,216.4,0.48
13466,5600000.0,216.4,0.48
13467,5600000.0,216.4,0.48
13468,13156000.0,216.4,0.48
13469,13156000.0,216.4,0.48
13470,13156000.0,216.4,0.48
13471,17360000.0,216.4,0.48
13472,17360000.0,216.4,0.48
13473,17360000.0,216.4,0.48
13474,12800000.0,216.4,0.48
13475,12800000.0,216.4,0.48
13476,12800000.0,216.4,0.48
13477,10296000.0,450.2,0.43
13478,5600000.0,216.4,0.48
13479,5600000.0,216.4,0.48
13480,5600000.0,216.4,0.48
13481,12800000.0,450.2,0.43
13482,12800000.0,450.2,0.43
13483,12800000.0,450.2,0.43
13484,5600000.0,216.4,0.48
13485,5600000.0,216.4,0.48
13486,5600000.0,216.4,0.48
13487,14800000.0,216.4,0.48
13488,14800000.0,216.4,0.48
13489,14800000.0,216.4,0.48
13490,17360000.0,216.4,0.48
13491,17360000.0,216.4,0.48
13492,17360000.0,216.4,0.48
13493,11600000.0,450.2,0.43
13494,11600000.0,450.2,0.43
13495,11600000.0,450.2,0.43
13496,14536000.0,450.2,0.43
13497,14536000.0,450.2,0.43
13498,14536000.0,450.2,0.43
13499,13616000.0,216.4,0.48
13500,13616000.0,216.4,0.48
13501,13616000.0,216.4,0.48
13502,13156000.0,216.4,0.48
13503,13156000.0,216.4,0.48
13504,13156000.0,216.4,0.48
13505,13892000.0,216.4,0.48
13506,13892000.0,216.4,0.48
13507,13892000.0,216.4,0.48
13508,12800000.0,450.2,0.43
13509,12800000.0,450.2,0.43
13510,12800000.0,450.2,0.43
13511,14076000.0,216.4,0.48
13512,22500.0,216.4,0.48
13513,5760000.0,450.2,0.43
13514,5760000.0,450.2,0.43
13515,2272000.0,216.4,0.48
13516,5760000.0,450.2,0.43
13517,5760000.0,450.2,0.43
13518,8580000.0,216.4,0.48
13519,8580000.0,216.4,0.48
13520,16128000.0,216.4,0.48
13521,16128000.0,216.4,0.48
13522,22500.0,216.4,0.48
13523,55440000.0,216.4,0.48
13524,55440000.0,216.4,0.48
13525,28000.0,450.2,0.43
13526,40320.0,216.4,0.48
13527,40320.0,216.4,0.48
13528,36960.0,216.4,0.48
13529,36960.0,216.4,0.48
13530,14784000.0,216.4,0.48
13531,14784000.0,216.4,0.48
13532,2272000.0,216.4,0.48
13533,5760000.0,450.2,0.43
13534,22500.0,216.4,0.48
13535,22500.0,216.4,0.48
13536,5760000.0,450.2,0.43
13537,5760000.0,450.2,0.43
13538,5760000.0,450.2,0.43
13539,2272000.0,216.4,0.48
13540,2272000.0,216.4,0.48
13541,8580000.0,216.4,0.48
13542,8580000.0,216.4,0.48
13543,22500.0,216.4,0.48
13544,55440000.0,216.4,0.48
13545,55440000.0,216.4,0.48
13546,22500.0,216.4,0.48
13547,3920000.0,450.2,0.43
13548,3920000.0,450.2,0.43
13549,3920000.0,450.2,0.43
13550,13156000.0,216.4,0.48
13551,13156000.0,216.4,0.48
13552,25740.0,450.2,0.43
13553,25740.0,450.2,0.43
13554,25740.0,450.2,0.43
13555,22500.0,216.4,0.48
13556,14800000.0,216.4,0.48
13557,14800000.0,216.4,0.48
13558,10296000.0,450.2,0.43
13559,10296000.0,450.2,0.43
13560,10296000.0,450.2,0.43
13561,13156000.0,216.4,0.48
13562,13156000.0,216.4,0.48
13563,13156000.0,216.4,0.48
13564,12800000.0,216.4,0.48
13565,12800000.0,216.4,0.48
13566,12800000.0,216.4,0.48
13567,22500.0,216.4,0.48
13568,25740.0,450.2,0.43
13569,25740.0,450.2,0.43
13570,25740.0,450.2,0.43
13571,32000.0,216.4,0.48
13572,32000.0,216.4,0.48
13573,32000.0,216.4,0.48
13574,37000.0,216.4,0.48
13575,37000.0,216.4,0.48
13576,37000.0,216.4,0.48
13577,32000.0,216.4,0.48
13578,32000.0,216.4,0.48
13579,32000.0,216.4,0.48
13580,15340.0,450.2,0.43
13581,15340.0,450.2,0.43
13582,22500.0,216.4,0.48
13583,11200000.0,450.2,0.43
13584,11200000.0,450.2,0.43
13585,22500.0,216.4,0.48
13586,2272000.0,216.4,0.48
13587,2272000.0,216.4,0.48
13588,5760000.0,450.2,0.43
13589,5760000.0,450.2,0.43
13590,21450.0,216.4,0.48
13591,21450.0,216.4,0.48
13592,8580.0,450.2,0.43
13593,8580.0,450.2,0.43
13594,8580.0,450.2,0.43
13595,8580.0,450.2,0.43
13596,22500.0,216.4,0.48
13597,32175000.0,216.4,0.48
13598,32175000.0,216.4,0.48
13599,8580000.0,216.4,0.48
13600,8580000.0,216.4,0.48
13601,6136000.0,450.2,0.43
13602,6136000.0,450.2,0.43
13603,10296000.0,450.2,0.43
13604,25740.0,450.2,0.43
13605,37000.0,216.4,0.48
13606,37000.0,216.4,0.48
13607,37000.0,216.4,0.48
13608,37800.0,450.2,0.43
13609,37800.0,450.2,0.43
13610,10296000.0,450.2,0.43
13611,10296000.0,450.2,0.43
13612,32000.0,216.4,0.48
13613,12800000.0,216.4,0.48
13614,12800000.0,216.4,0.48
13615,12800000.0,216.4,0.48
13616,2272000.0,216.4,0.48
13617,2272000.0,216.4,0.48
13618,22500.0,216.4,0.48
13619,13156000.0,216.4,0.48
13620,14800000.0,216.4,0.48
13621,14800000.0,216.4,0.48
13622,14800000.0,216.4,0.48
13623,12800000.0,216.4,0.48
13624,12800000.0,216.4,0.48
13625,12800000.0,216.4,0.48
13626,13156000.0,216.4,0.48
13627,13156000.0,216.4,0.48
13628,43400.0,216.4,0.48
13629,43400.0,216.4,0.48
13630,43400.0,216.4,0.48
13631,22500.0,216.4,0.48
13632,22500.0,216.4,0.48
13633,22500.0,216.4,0.48
13634,5680.0,216.4,0.48
13635,5680.0,216.4,0.48
13636,5680.0,216.4,0.48
13637,5760000.0,450.2,0.43
13638,6136000.0,450.2,0.43
13639,6136000.0,450.2,0.43
13640,10296000.0,450.2,0.43
13641,10296000.0,450.2,0.43
13642,22500.0,216.4,0.48
13643,11200000.0,450.2,0.43
13644,11200000.0,450.2,0.43
13645,8580000.0,216.4,0.48
13646,8580000.0,216.4,0.48
13647,5760000.0,450.2,0.43
13648,5760000.0,450.2,0.43
13649,10800000.0,216.4,0.48
13650,10800000.0,216.4,0.48
13651,13920000.0,450.2,0.43
13652,13920000.0,450.2,0.43
13653,8580000.0,216.4,0.48
13654,8580000.0,216.4,0.48
13655,14400.0,450.2,0.43
13656,28000.0,450.2,0.43
13657,28000.0,450.2,0.43
13658,8580.0,450.2,0.43
13659,8580.0,450.2,0.43
13660,21600000.0,450.2,0.43
13661,8580.0,450.2,0.43
13662,8580.0,450.2,0.43
13663,27000.0,216.4,0.48
13664,27000.0,216.4,0.48
13665,32000.0,216.4,0.48
13666,32000.0,216.4,0.48
13667,5680.0,216.4,0.48
13668,5680.0,216.4,0.48
13669,5680.0,216.4,0.48
13670,34730.0,216.4,0.48
13671,34730.0,216.4,0.48
13672,34730.0,216.4,0.48
13673,32000.0,216.4,0.48
13674,32000.0,216.4,0.48
13675,32000.0,216.4,0.48
13676,43400.0,216.4,0.48
13677,43400.0,216.4,0.48
13678,43400.0,216.4,0.48
13679,36960.0,216.4,0.48
13680,36960.0,216.4,0.48
13681,36960.0,216.4,0.48
13682,12800000.0,216.4,0.48
13683,12800000.0,216.4,0.48
13684,12800000.0,216.4,0.48
13685,17360000.0,216.4,0.48
13686,17360000.0,216.4,0.48
13687,17360000.0,216.4,0.48
13688,5600000.0,216.4,0.48
13689,5600000.0,216.4,0.48
13690,13156000.0,216.4,0.48
13691,10800000.0,216.4,0.48
13692,10800000.0,216.4,0.48
13693,13340000.0,216.4,0.48
13694,13340000.0,216.4,0.48
13695,13340000.0,216.4,0.48
13696,13892000.0,216.4,0.48
13697,13892000.0,216.4,0.48
13698,13892000.0,216.4,0.48
13699,13020000.0,216.4,0.48
13700,13020000.0,216.4,0.48
13701,13440000.0,216.4,0.48
13702,13440000.0,216.4,0.48
13703,13440000.0,216.4,0.48
13704,14784000.0,216.4,0.48
13705,32000.0,216.4,0.48
13706,32000.0,216.4,0.48
13707,43400.0,216.4,0.48
13708,43400.0,216.4,0.48
13709,12800000.0,216.4,0.48
13710,12800000.0,216.4,0.48
13711,22500.0,216.4,0.48
13712,13156000.0,216.4,0.48
13713,13156000.0,216.4,0.48
13714,14800000.0,216.4,0.48
13715,14800000.0,216.4,0.48
13716,14800000.0,216.4,0.48
13717,14800000.0,216.4,0.48
13718,14800000.0,216.4,0.48
13719,14800000.0,216.4,0.48
13720,13156000.0,216.4,0.48
13721,13156000.0,216.4,0.48
13722,13156000.0,216.4,0.48
13723,10800000.0,216.4,0.48
13724,10800000.0,216.4,0.48
13725,13340000.0,216.4,0.48
13726,13340000.0,216.4,0.48
13727,13340000.0,216.4,0.48
13728,5680.0,216.4,0.48
13729,34730.0,216.4,0.48
13730,34730.0,216.4,0.48
13731,22500.0,216.4,0.48
13732,37000.0,216.4,0.48
13733,37000.0,216.4,0.48
13734,37000.0,216.4,0.48
13735,300.0,450.2,0.43
13736,300.0,450.2,0.43
13737,300.0,450.2,0.43
13738,34040.0,216.4,0.48
13739,34040.0,216.4,0.48
13740,34040.0,216.4,0.48
13741,32000.0,450.2,0.43
13742,32000.0,450.2,0.43
13743,32000.0,450.2,0.43
13744,36800.0,216.4,0.48
13745,36800.0,216.4,0.48
13746,36800.0,216.4,0.48
13747,38180.0,450.2,0.43
13748,38180.0,450.2,0.43
13749,38180.0,450.2,0.43
13750,22500.0,216.4,0.48
13751,11600000.0,450.2,0.43
13752,8904000.0,450.2,0.43
13753,8904000.0,450.2,0.43
13754,8904000.0,450.2,0.43
13755,12800000.0,216.4,0.48
13756,12800000.0,216.4,0.48
13757,2272000.0,216.4,0.48
13758,2272000.0,216.4,0.48
13759,2272000.0,216.4,0.48
13760,43400.0,216.4,0.48
13761,43400.0,216.4,0.48
13762,22500.0,216.4,0.48
13763,14720000.0,450.2,0.43
13764,14720000.0,450.2,0.43
13765,14720000.0,450.2,0.43
13766,2272000.0,216.4,0.48
13767,2272000.0,216.4,0.48
13768,8904000.0,450.2,0.43
13769,8904000.0,450.2,0.43
13770,8904000.0,450.2,0.43
13771,13892000.0,216.4,0.48
13772,13892000.0,216.4,0.48
13773,15272000.0,450.2,0.43
13774,36800.0,216.4,0.48
13775,36800.0,216.4,0.48
13776,36800.0,216.4,0.48
13777,38180.0,450.2,0.43
13778,38180.0,450.2,0.43
13779,38180.0,450.2,0.43
13780,36340.0,450.2,0.43
13781,36340.0,450.2,0.43
13782,36340.0,450.2,0.43
13783,26600.0,450.2,0.43
13784,26600.0,450.2,0.43
13785,34800.0,450.2,0.43
13786,34800.0,450.2,0.43
13787,34800.0,450.2,0.43
13788,5680.0,216.4,0.48
13789,5680.0,216.4,0.48
13790,5680.0,216.4,0.48
13791,8580000.0,216.4,0.48
13792,8580000.0,216.4,0.48
13793,10800000.0,216.4,0.48
13794,22500.0,216.4,0.48
13795,32000.0,216.4,0.48
13796,32000.0,216.4,0.48
13797,32000.0,216.4,0.48
13798,43400.0,216.4,0.48
13799,43400.0,216.4,0.48
13800,43400.0,216.4,0.48
13801,5680.0,216.4,0.48
13802,5680.0,216.4,0.48
13803,5680.0,216.4,0.48
13804,36960.0,216.4,0.48
13805,36960.0,216.4,0.48
13806,36340.0,450.2,0.43
13807,36340.0,450.2,0.43
13808,36340.0,450.2,0.43
13809,22500.0,216.4,0.48
13810,13892000.0,216.4,0.48
13811,13892000.0,216.4,0.48
13812,13892000.0,216.4,0.48
13813,14720000.0,450.2,0.43
13814,8904000.0,450.2,0.43
13815,8904000.0,450.2,0.43
13816,8904000.0,450.2,0.43
13817,14784000.0,216.4,0.48
13818,14784000.0,216.4,0.48
13819,22500.0,216.4,0.48
13820,3432000.0,450.2,0.43
13821,3432000.0,450.2,0.43
13822,8580000.0,216.4,0.48
13823,8580000.0,216.4,0.48
13824,10800000.0,216.4,0.48
13825,13920000.0,450.2,0.43
13826,10296000.0,450.2,0.43
13827,10296000.0,450.2,0.43
13828,27000.0,216.4,0.48
13829,27000.0,216.4,0.48
13830,25740.0,450.2,0.43
13831,25740.0,450.2,0.43
13832,27000.0,216.4,0.48
13833,27000.0,216.4,0.48
13834,22500.0,216.4,0.48
13835,13020000.0,216.4,0.48
13836,13020000.0,216.4,0.48
13837,13440000.0,216.4,0.48
13838,13440000.0,216.4,0.48
13839,13440000.0,216.4,0.48
13840,16128000.0,216.4,0.48
13841,16128000.0,216.4,0.48
13842,16128000.0,216.4,0.48
13843,2272000.0,216.4,0.48
13844,2272000.0,216.4,0.48
13845,2272000.0,216.4,0.48
13846,14784000.0,216.4,0.48
13847,14784000.0,216.4,0.48
13848,14784000.0,216.4,0.48
13849,12800000.0,450.2,0.43
13850,12800000.0,450.2,0.43
13851,5680.0,216.4,0.48
13852,5680.0,216.4,0.48
13853,5500.0,366.7,0.33
13854,5500.0,366.7,0.33
13855,5500.0,366.7,0.33
13856,34040.0,216.4,0.48
13857,34040.0,216.4,0.48
13858,34040.0,216.4,0.48
13859,34040.0,216.4,0.48
13860,34040.0,216.4,0.48
13861,34040.0,216.4,0.48
13862,22500.0,216.4,0.48
13863,5680.0,216.4,0.48
13864,5680.0,216.4,0.48
13865,27000.0,216.4,0.48
13866,27000.0,216.4,0.48
13867,25740.0,450.2,0.43
13868,25740.0,450.2,0.43
13869,27000.0,216.4,0.48
13870,27000.0,216.4,0.48
13871,33350.0,216.4,0.48
13872,33350.0,216.4,0.48
13873,21450.0,216.4,0.48
13874,21450.0,216.4,0.48
13875,34800.0,450.2,0.43
13876,34800.0,450.2,0.43
13877,22500.0,216.4,0.48
13878,13920000.0,450.2,0.43
13879,13920000.0,450.2,0.43
13880,13920000.0,450.2,0.43
13881,36340.0,450.2,0.43
13882,36340.0,450.2,0.43
13883,36340.0,450.2,0.43
13884,26600.0,450.2,0.43
13885,38180.0,450.2,0.43
13886,38180.0,450.2,0.43
13887,38180.0,450.2,0.43
13888,5680.0,216.4,0.48
13889,5680.0,216.4,0.48
13890,5680.0,216.4,0.48
13891,14784000.0,216.4,0.48
13892,14784000.0,216.4,0.48
13893,2272000.0,216.4,0.48
13894,2272000.0,216.4,0.48
13895,2272000.0,216.4,0.48
13896,22500.0,216.4,0.48
13897,22500.0,216.4,0.48
13898,25740.0,450.2,0.43
13899,8580.0,450.2,0.43
13900,8580.0,450.2,0.43
13901,34800.0,450.2,0.43
13902,21450.0,216.4,0.48
13903,21450.0,216.4,0.48
13904,14784000.0,216.4,0.48
13905,14784000.0,216.4,0.48
13906,14784000.0,216.4,0.48
13907,12800000.0,450.2,0.43
13908,12800000.0,450.2,0.43
13909,12800000.0,450.2,0.43
13910,2272000.0,216.4,0.48
13911,2272000.0,216.4,0.48
13912,2272000.0,216.4,0.48
13913,13892000.0,216.4,0.48
13914,13892000.0,216.4,0.48
13915,15000000.0,450.2,0.43
13916,15000000.0,450.2,0.43
13917,13020000.0,216.4,0.48
13918,13020000.0,216.4,0.48
13919,13020000.0,216.4,0.48
13920,14720000.0,216.4,0.48
13921,14720000.0,216.4,0.48
13922,14720000.0,216.4,0.48
13923,13020000.0,216.4,0.48
13924,13020000.0,216.4,0.48
13925,22500.0,216.4,0.48
13926,34040.0,216.4,0.48
13927,34040.0,216.4,0.48
13928,34040.0,216.4,0.48
13929,34040.0,216.4,0.48
13930,34040.0,216.4,0.48
13931,5680.0,216.4,0.48
13932,5680.0,216.4,0.48
13933,5680.0,216.4,0.48
13934,32000.0,450.2,0.43
13935,32000.0,450.2,0.43
13936,32000.0,450.2,0.43
13937,33350.0,450.2,0.43
13938,33350.0,450.2,0.43
13939,33350.0,450.2,0.43
13940,34730.0,216.4,0.48
13941,34730.0,216.4,0.48
13942,34730.0,216.4,0.48
13943,36800.0,216.4,0.48
13944,36960.0,216.4,0.48
13945,36960.0,216.4,0.48
13946,36960.0,216.4,0.48
13947,27180.0,216.4,0.48
13948,22500.0,216.4,0.48
13949,5500.0,366.7,0.33
13950,5500.0,366.7,0.33
13951,5500.0,366.7,0.33
13952,34040.0,216.4,0.48
13953,34040.0,216.4,0.48
13954,34040.0,216.4,0.48
13955,34800.0,450.2,0.43
13956,34800.0,450.2,0.43
13957,33350.0,450.2,0.43
13958,33350.0,450.2,0.43
13959,33350.0,450.2,0.43
13960,5680.0,216.4,0.48
13961,5680.0,216.4,0.48
13962,8580.0,450.2,0.43
13963,21450.0,216.4,0.48
13964,21450.0,216.4,0.48
13965,27000.0,216.4,0.48
13966,27000.0,216.4,0.48
13967,36800.0,216.4,0.48
13968,36800.0,216.4,0.48
13969,13616000.0,216.4,0.48
13970,13616000.0,216.4,0.48
13971,13616000.0,216.4,0.48
13972,2272000.0,216.4,0.48
13973,2272000.0,216.4,0.48
13974,8580000.0,216.4,0.48
13975,8580000.0,216.4,0.48
13976,12800000.0,450.2,0.43
13977,12800000.0,450.2,0.43
13978,25740.0,450.2,0.43
13979,25740.0,450.2,0.43
13980,22500.0,216.4,0.48
13981,36340.0,450.2,0.43
13982,36340.0,450.2,0.43
13983,36340.0,450.2,0.43
13984,38180.0,450.2,0.43
13985,36960.0,216.4,0.48
13986,36960.0,216.4,0.48
13987,36960.0,216.4,0.48
13988,29000.0,450.2,0.43
13989,29000.0,450.2,0.43
13990,22500.0,216.4,0.48
13991,15272000.0,450.2,0.43
13992,15272000.0,450.2,0.43
13993,5680.0,216.4,0.48
13994,5680.0,216.4,0.48
13995,36960.0,216.4,0.48
13996,36960.0,216.4,0.48
13997,22500.0,216.4,0.48
13998,15272000.0,450.2,0.43
13999,15272000.0,450.2,0.43
14000,15272000.0,450.2,0.43
14001,5680.0,216.4,0.48
14002,5680.0,216.4,0.48
14003,5680.0,216.4,0.48
14004,32000.0,450.2,0.43
14005,36960.0,216.4,0.48
14006,36960.0,216.4,0.48
14007,36960.0,216.4,0.48
14008,34730.0,216.4,0.48
14009,34730.0,216.4,0.48
14010,34730.0,216.4,0.48
14011,36340.0,450.2,0.43
14012,36340.0,450.2,0.43
14013,36340.0,450.2,0.43
14014,22500.0,216.4,0.48
14015,2272000.0,216.4,0.48
14016,2272000.0,216.4,0.48
14017,2272000.0,216.4,0.48
14018,14784000.0,216.4,0.48
14019,14784000.0,216.4,0.48
14020,14784000.0,216.4,0.48
14021,13892000.0,216.4,0.48
14022,13892000.0,216.4,0.48
14023,13892000.0,216.4,0.48
14024,8904000.0,450.2,0.43
14025,2272000.0,216.4,0.48
14026,2272000.0,216.4,0.48
14027,2272000.0,216.4,0.48
14028,13020000.0,216.4,0.48
14029,13020000.0,216.4,0.48
14030,13020000.0,216.4,0.48
14031,22500.0,216.4,0.48
14032,34730.0,216.4,0.48
14033,34730.0,216.4,0.48
14034,12800000.0,450.2,0.43
14035,12800000.0,450.2,0.43
14036,12800000.0,450.2,0.43
14037,5680.0,216.4,0.48
14038,5680.0,216.4,0.48
14039,31800.0,450.2,0.43
14040,31800.0,450.2,0.43
14041,31800.0,450.2,0.43
14042,4550.0,450.2,0.43
14043,4550.0,450.2,0.43
14044,4550.0,450.2,0.43
14045,43200.0,216.4,0.48
14046,43200.0,216.4,0.48
14047,43200.0,216.4,0.48
14048,20250.0,216.4,0.48
14049,20250.0,216.4,0.48
14050,20250.0,216.4,0.48
14051,29000.0,450.2,0.43
14052,29000.0,450.2,0.43
14053,6200.0,450.2,0.43
14054,6200.0,450.2,0.43
14055,2272000.0,216.4,0.48
14056,2272000.0,216.4,0.48
14057,2272000.0,216.4,0.48
14058,12720000.0,450.2,0.43
14059,12720000.0,450.2,0.43
14060,12720000.0,450.2,0.43
14061,10440000.0,450.2,0.43
14062,10440000.0,450.2,0.43
14063,10440000.0,450.2,0.43
14064,17280000.0,216.4,0.48
14065,17280000.0,216.4,0.48
14066,17280000.0,216.4,0.48
14067,11448000.0,450.2,0.43
14068,11448000.0,450.2,0.43
14069,11448000.0,450.2,0.43
14070,1820000.0,450.2,0.43
14071,1820000.0,450.2,0.43
14072,1820000.0,450.2,0.43
14073,35380000.0,450.2,0.43
14074,35380000.0,450.2,0.43
14075,8100000.0,216.4,0.48
14076,8100000.0,216.4,0.48
14077,37820000.0,450.2,0.43
14078,37820000.0,450.2,0.43
14079,37820000.0,450.2,0.43
14080,37820000.0,450.2,0.43
14081,37820000.0,450.2,0.43
14082,2480000.0,450.2,0.43
14083,2480000.0,450.2,0.43
14084,2480000.0,450.2,0.43
14085,35380000.0,450.2,0.43
14086,35380000.0,450.2,0.43
14087,35380000.0,450.2,0.43
14088,8520000.0,216.4,0.48
14089,8520000.0,216.4,0.48
14090,8520000.0,216.4,0.48
14091,69300000.0,216.4,0.48
14092,69300000.0,216.4,0.48
14093,69300000.0,216.4,0.48
14094,6825000.0,450.2,0.43
14095,6825000.0,450.2,0.43
14096,47700000.0,450.2,0.43
14097,47700000.0,450.2,0.43
14098,47700000.0,450.2,0.43
14099,132675000.0,450.2,0.43
14100,132675000.0,450.2,0.43
14101,132675000.0,450.2,0.43
14102,132675000.0,450.2,0.43
14103,132675000.0,450.2,0.43
14104,22500.0,216.4,0.48
14105,47700000.0,450.2,0.43
14106,47700000.0,450.2,0.43
14107,47700000.0,450.2,0.43
14108,35380000.0,450.2,0.43
14109,35380000.0,450.2,0.43
14110,35380000.0,450.2,0.43
14111,35380000.0,450.2,0.43
14112,35380000.0,450.2,0.43
14113,2480000.0,450.2,0.43
14114,2480000.0,450.2,0.43
14115,37820000.0,450.2,0.43
14116,37820000.0,450.2,0.43
14117,1820000.0,450.2,0.43
14118,1820000.0,450.2,0.43
14119,35380000.0,450.2,0.43
14120,35380000.0,450.2,0.43
14121,23760000.0,450.2,0.43
14122,23760000.0,450.2,0.43
14123,13020000.0,216.4,0.48
14124,13020000.0,216.4,0.48
14125,17760000.0,450.2,0.43
14126,17760000.0,450.2,0.43
14127,16800000.0,450.2,0.43
14128,16800000.0,450.2,0.43
14129,16800000.0,450.2,0.43
14130,14720000.0,450.2,0.43
14131,14720000.0,450.2,0.43
14132,160000.0,366.7,0.33
14133,14000000.0,450.2,0.43
14134,14000000.0,450.2,0.43
14135,11600000.0,450.2,0.43
14136,11600000.0,450.2,0.43
14137,11600000.0,450.2,0.43
14138,8580000.0,216.4,0.48
14139,8580000.0,216.4,0.48
14140,13616000.0,216.4,0.48
14141,13616000.0,216.4,0.48
14142,22500.0,216.4,0.48
14143,132675000.0,450.2,0.43
14144,132675000.0,450.2,0.43
14145,141825000.0,450.2,0.43
14146,141825000.0,450.2,0.43
14147,132675000.0,450.2,0.43
14148,132675000.0,450.2,0.43
14149,55200000.0,450.2,0.43
14150,55200000.0,450.2,0.43
14151,55200000.0,450.2,0.43
14152,8520000.0,216.4,0.48
14153,8520000.0,216.4,0.48
14154,63000000.0,450.2,0.43
14155,63000000.0,450.2,0.43
14156,14720000.0,450.2,0.43
14157,14720000.0,450.2,0.43
14158,14720000.0,450.2,0.43
14159,10440000.0,450.2,0.43
14160,10440000.0,450.2,0.43
14161,10440000.0,450.2,0.43
14162,14800000.0,216.4,0.48
14163,14800000.0,216.4,0.48
14164,14800000.0,216.4,0.48
14165,14800000.0,216.4,0.48
14166,14800000.0,216.4,0.48
14167,14800000.0,216.4,0.48
14168,16128000.0,216.4,0.48
14169,16128000.0,216.4,0.48
14170,16128000.0,216.4,0.48
14171,2480000.0,450.2,0.43
14172,2480000.0,450.2,0.43
14173,14800000.0,216.4,0.48
14174,14800000.0,216.4,0.48
14175,13340000.0,216.4,0.48
14176,13340000.0,216.4,0.48
14177,1680000.0,450.2,0.43
14178,1680000.0,450.2,0.43
14179,37820000.0,450.2,0.43
14180,37820000.0,450.2,0.43
14181,10440000.0,450.2,0.43
14182,10440000.0,450.2,0.43
14183,10440000.0,450.2,0.43
14184,37820000.0,450.2,0.43
14185,37820000.0,450.2,0.43
14186,37820000.0,450.2,0.43
14187,35380000.0,450.2,0.43
14188,35380000.0,450.2,0.43
14189,35380000.0,450.2,0.43
14190,35380000.0,450.2,0.43
14191,35380000.0,450.2,0.43
14192,14784000.0,216.4,0.48
14193,14784000.0,216.4,0.48
14194,14784000.0,216.4,0.48
14195,11600000.0,450.2,0.43
14196,11600000.0,450.2,0.43
14197,120000.0,450.2,0.43
14198,120000.0,450.2,0.43
14199,120000.0,450.2,0.43
14200,15272000.0,450.2,0.43
14201,15272000.0,450.2,0.43
14202,15272000.0,450.2,0.43
14203,14800000.0,450.2,0.43
14204,14800000.0,450.2,0.43
14205,22500.0,216.4,0.48
14206,26100.0,450.2,0.43
14207,26100.0,450.2,0.43
14208,26100.0,450.2,0.43
14209,26100.0,450.2,0.43
14210,37000.0,216.4,0.48
14211,37000.0,216.4,0.48
14212,37000.0,216.4,0.48
14213,33350.0,216.4,0.48
14214,33350.0,216.4,0.48
14215,59400.0,450.2,0.43
14216,59400.0,450.2,0.43
14217,5680.0,216.4,0.48
14218,5680.0,216.4,0.48
14219,132675000.0,450.2,0.43
14220,141825000.0,450.2,0.43
14221,9300000.0,450.2,0.43
14222,9300000.0,450.2,0.43
14223,9300000.0,450.2,0.43
14224,55200000.0,216.4,0.48
14225,55200000.0,216.4,0.48
14226,55200000.0,216.4,0.48
14227,53475000.0,450.2,0.43
14228,53475000.0,450.2,0.43
14229,53475000.0,450.2,0.43
14230,35380000.0,450.2,0.43
14231,35380000.0,450.2,0.43
14232,35380000.0,450.2,0.43
14233,12720000.0,450.2,0.43
14234,12720000.0,450.2,0.43
14235,12720000.0,450.2,0.43
14236,2272000.0,216.4,0.48
14237,2272000.0,216.4,0.48
14238,9300000.0,450.2,0.43
14239,9300000.0,450.2,0.43
14240,2480000.0,450.2,0.43
14241,2480000.0,450.2,0.43
14242,2480000.0,450.2,0.43
14243,8100000.0,216.4,0.48
14244,8100000.0,216.4,0.48
14245,8100000.0,216.4,0.48
14246,11448000.0,450.2,0.43
14247,11448000.0,450.2,0.43
14248,11448000.0,450.2,0.43
14249,16800000.0,450.2,0.43
14250,16800000.0,450.2,0.43
14251,28416000.0,216.4,0.48
14252,28416000.0,216.4,0.48
14253,15360000.0,450.2,0.43
14254,15360000.0,450.2,0.43
14255,29000.0,450.2,0.43
14256,31800.0,450.2,0.43
14257,31800.0,450.2,0.43
14258,31800.0,450.2,0.43
14259,43200.0,216.4,0.48
14260,43200.0,216.4,0.48
14261,43200.0,216.4,0.48
14262,28620.0,450.2,0.43
14263,28620.0,450.2,0.43
14264,28620.0,450.2,0.43
14265,38400.0,450.2,0.43
14266,38400.0,450.2,0.43
14267,22500.0,216.4,0.48
14268,53475000.0,450.2,0.43
14269,53475000.0,450.2,0.43
14270,57600000.0,450.2,0.43
14271,57600000.0,450.2,0.43
14272,57600000.0,450.2,0.43
14273,37820000.0,450.2,0.43
14274,37820000.0,450.2,0.43
14275,35380000.0,450.2,0.43
14276,35380000.0,450.2,0.43
14277,35380000.0,450.2,0.43
14278,35380000.0,450.2,0.43
14279,35380000.0,450.2,0.43
14280,59400.0,450.2,0.43
14281,59400.0,450.2,0.43
14282,59400.0,450.2,0.43
14283,22500.0,216.4,0.48
14284,12800000.0,216.4,0.48
14285,12800000.0,216.4,0.48
14286,12800000.0,216.4,0.48
14287,14800000.0,216.4,0.48
14288,14800000.0,216.4,0.48
14289,14800000.0,216.4,0.48
14290,17360000.0,216.4,0.48
14291,17360000.0,216.4,0.48
14292,17360000.0,216.4,0.48
14293,11600000.0,450.2,0.43
14294,11600000.0,450.2,0.43
14295,11600000.0,450.2,0.43
14296,11600000.0,450.2,0.43
14297,11600000.0,450.2,0.43
14298,11600000.0,450.2,0.43
14299,11600000.0,450.2,0.43
14300,11600000.0,450.2,0.43
14301,43400.0,216.4,0.48
14302,43400.0,216.4,0.48
14303,43400.0,216.4,0.48
14304,37000.0,216.4,0.48
14305,37000.0,216.4,0.48
14306,37000.0,216.4,0.48
14307,26100.0,450.2,0.43
14308,26100.0,450.2,0.43
14309,26100.0,450.2,0.43
14310,5680.0,216.4,0.48
14311,5680.0,216.4,0.48
14312,5680.0,216.4,0.48
14313,29000.0,450.2,0.43
14314,29000.0,450.2,0.43
14315,29000.0,450.2,0.43
14316,36960.0,216.4,0.48
14317,36960.0,216.4,0.48
14318,36960.0,216.4,0.48
14319,22500.0,216.4,0.48
14320,22500.0,216.4,0.48
14321,36340.0,450.2,0.43
14322,36340.0,450.2,0.43
14323,36340.0,450.2,0.43
14324,22500.0,216.4,0.48
14325,35380000.0,450.2,0.43
14326,35380000.0,450.2,0.43
14327,35380000.0,450.2,0.43
14328,13020000.0,216.4,0.48
14329,13020000.0,216.4,0.48
14330,13020000.0,216.4,0.48
14331,37820000.0,450.2,0.43
14332,37820000.0,450.2,0.43
14333,10640000.0,450.2,0.43
14334,10640000.0,450.2,0.43
14335,13616000.0,216.4,0.48
14336,13616000.0,216.4,0.48
14337,13892000.0,216.4,0.48
14338,13892000.0,216.4,0.48
14339,11600000.0,450.2,0.43
14340,11600000.0,450.2,0.43
14341,17760000.0,450.2,0.43
14342,17760000.0,450.2,0.43
14343,22500.0,216.4,0.48
14344,8520000.0,216.4,0.48
14345,8520000.0,216.4,0.48
14346,10440000.0,450.2,0.43
14347,10440000.0,450.2,0.43
14348,10440000.0,450.2,0.43
14349,12800000.0,450.2,0.43
14350,12800000.0,450.2,0.43
14351,15272000.0,450.2,0.43
14352,15272000.0,450.2,0.43
14353,15272000.0,450.2,0.43
14354,16128000.0,216.4,0.48
14355,16128000.0,216.4,0.48
14356,14720000.0,450.2,0.43
14357,14720000.0,450.2,0.43
14358,14720000.0,450.2,0.43
14359,12800000.0,450.2,0.43
14360,12800000.0,450.2,0.43
14361,11600000.0,450.2,0.43
14362,11600000.0,450.2,0.43
14363,11600000.0,450.2,0.43
14364,26100.0,450.2,0.43
14365,26100.0,450.2,0.43
14366,26100.0,450.2,0.43
14367,26100.0,450.2,0.43
14368,26100.0,450.2,0.43
14369,29000.0,450.2,0.43
14370,29000.0,450.2,0.43
14371,29000.0,450.2,0.43
14372,29000.0,450.2,0.43
14373,29000.0,450.2,0.43
14374,29000.0,450.2,0.43
14375,38180.0,450.2,0.43
14376,38180.0,450.2,0.43
14377,38180.0,450.2,0.43
14378,22500.0,216.4,0.48
14379,22500.0,216.4,0.48
14380,36340.0,450.2,0.43
14381,36340.0,450.2,0.43
14382,36340.0,450.2,0.43
14383,32000.0,450.2,0.43
14384,32000.0,450.2,0.43
14385,32000.0,450.2,0.43
14386,21450.0,216.4,0.48
14387,21450.0,216.4,0.48
14388,21450.0,216.4,0.48
14389,36800.0,450.2,0.43
14390,27180.0,216.4,0.48
14391,27180.0,216.4,0.48
14392,26640.0,450.2,0.43
14393,26640.0,450.2,0.43
14394,26640.0,450.2,0.43
14395,22500.0,216.4,0.48
14396,8520000.0,216.4,0.48
14397,8520000.0,216.4,0.48
14398,8520000.0,216.4,0.48
14399,33750000.0,216.4,0.48
14400,33750000.0,216.4,0.48
14401,40770000.0,216.4,0.48
14402,40770000.0,216.4,0.48
14403,40770000.0,216.4,0.48
14404,14800000.0,216.4,0.48
14405,14800000.0,216.4,0.48
14406,14800000.0,216.4,0.48
14407,11600000.0,450.2,0.43
14408,11600000.0,450.2,0.43
14409,11600000.0,450.2,0.43
14410,13616000.0,216.4,0.48
14411,13616000.0,216.4,0.48
14412,11520000.0,450.2,0.43
14413,11520000.0,450.2,0.43
14414,11520000.0,450.2,0.43
14415,16128000.0,216.4,0.48
14416,16128000.0,216.4,0.48
14417,14536000.0,450.2,0.43
14418,14536000.0,450.2,0.43
14419,14536000.0,450.2,0.43
14420,11600000.0,450.2,0.43
14421,11600000.0,450.2,0.43
14422,11600000.0,450.2,0.43
14423,2272000.0,216.4,0.48
14424,2272000.0,216.4,0.48
14425,2272000.0,216.4,0.48
14426,36340.0,450.2,0.43
14427,36340.0,450.2,0.43
14428,36340.0,450.2,0.43
14429,22500.0,216.4,0.48
14430,22500.0,216.4,0.48
14431,22500.0,216.4,0.48
14432,29000.0,450.2,0.43
14433,29000.0,450.2,0.43
14434,29000.0,450.2,0.43
14435,5680.0,216.4,0.48
14436,5680.0,216.4,0.48
14437,5680.0,216.4,0.48
14438,22500.0,216.4,0.48
14439,53475000.0,450.2,0.43
14440,53475000.0,450.2,0.43
14441,53475000.0,450.2,0.43
14442,55200000.0,450.2,0.43
14443,55200000.0,450.2,0.43
14444,22500.0,216.4,0.48
14445,16800000.0,450.2,0.43
14446,16800000.0,450.2,0.43
14447,160000.0,366.7,0.33
14448,160000.0,366.7,0.33
14449,160000.0,366.7,0.33
14450,28416000.0,216.4,0.48
14451,28416000.0,216.4,0.48
14452,14720000.0,450.2,0.43
14453,14720000.0,450.2,0.43
14454,14720000.0,450.2,0.43
14455,9000000.0,216.4,0.48
14456,9000000.0,216.4,0.48
14457,15960000.0,216.4,0.48
14458,15960000.0,216.4,0.48
14459,15960000.0,216.4,0.48
14460,14260000.0,450.2,0.43
14461,14260000.0,450.2,0.43
14462,14260000.0,450.2,0.43
14463,15360000.0,450.2,0.43
14464,15360000.0,450.2,0.43
14465,8580000.0,216.4,0.48
14466,8580000.0,216.4,0.48
14467,2272000.0,216.4,0.48
14468,2272000.0,216.4,0.48
14469,10800000.0,216.4,0.48
14470,10800000.0,216.4,0.48
14471,23780000.0,450.2,0.43
14472,23780000.0,450.2,0.43
14473,23780000.0,450.2,0.43
14474,13248000.0,450.2,0.43
14475,22500.0,216.4,0.48
14476,57600000.0,450.2,0.43
14477,57600000.0,450.2,0.43
14478,38400.0,450.2,0.43
14479,38400.0,450.2,0.43
14480,38400.0,450.2,0.43
14481,36800.0,450.2,0.43
14482,21450.0,216.4,0.48
14483,21450.0,216.4,0.48
14484,34500.0,216.4,0.48
14485,34500.0,216.4,0.48
14486,10440000.0,450.2,0.43
14487,10440000.0,450.2,0.43
14488,10440000.0,450.2,0.43
14489,120000.0,450.2,0.43
14490,120000.0,450.2,0.43
14491,37820000.0,450.2,0.43
14492,37820000.0,450.2,0.43
14493,11600000.0,450.2,0.43
14494,11600000.0,450.2,0.43
14495,11600000.0,450.2,0.43
14496,14800000.0,450.2,0.43
14497,14800000.0,450.2,0.43
14498,10640000.0,450.2,0.43
14499,15272000.0,450.2,0.43
14500,15272000.0,450.2,0.43
14501,13616000.0,216.4,0.48
14502,13616000.0,216.4,0.48
14503,16128000.0,216.4,0.48
14504,16128000.0,216.4,0.48
14505,14536000.0,450.2,0.43
14506,14536000.0,450.2,0.43
14507,15272000.0,450.2,0.43
14508,15272000.0,450.2,0.43
14509,15272000.0,450.2,0.43
14510,13892000.0,216.4,0.48
14511,13892000.0,216.4,0.48
14512,9000000.0,216.4,0.48
14513,9000000.0,216.4,0.48
14514,13616000.0,216.4,0.48
14515,13616000.0,216.4,0.48
14516,22500.0,216.4,0.48
14517,8520000.0,216.4,0.48
14518,8520000.0,216.4,0.48
14519,22500.0,216.4,0.48
14520,22500.0,216.4,0.48
14521,22500.0,216.4,0.48
14522,22500.0,216.4,0.48
14523,36960.0,216.4,0.48
14524,36960.0,216.4,0.48
14525,36960.0,216.4,0.48
14526,14536000.0,450.2,0.43
14527,14536000.0,450.2,0.43
14528,14536000.0,450.2,0.43
14529,13616000.0,216.4,0.48
14530,13616000.0,216.4,0.48
14531,13616000.0,216.4,0.48
14532,13340000.0,450.2,0.43
14533,13340000.0,450.2,0.43
14534,13340000.0,450.2,0.43
14535,29000.0,450.2,0.43
14536,29000.0,450.2,0.43
14537,29000.0,450.2,0.43
14538,36340.0,450.2,0.43
14539,36340.0,450.2,0.43
14540,36340.0,450.2,0.43
14541,5680.0,216.4,0.48
14542,5680.0,216.4,0.48
14543,5680.0,216.4,0.48
14544,22500.0,216.4,0.48
14545,11600000.0,450.2,0.43
14546,11600000.0,450.2,0.43
14547,11600000.0,450.2,0.43
14548,13616000.0,216.4,0.48
14549,13616000.0,216.4,0.48
14550,13340000.0,450.2,0.43
14551,13340000.0,450.2,0.43
14552,13340000.0,450.2,0.43
14553,16128000.0,216.4,0.48
14554,16128000.0,216.4,0.48
14555,16128000.0,216.4,0.48
14556,9000000.0,216.4,0.48
14557,9000000.0,216.4,0.48
14558,9000000.0,216.4,0.48
14559,13340000.0,450.2,0.43
14560,13340000.0,450.2,0.43
14561,13340000.0,450.2,0.43
14562,5680.0,216.4,0.48
14563,5680.0,216.4,0.48
14564,22500.0,216.4,0.48
14565,22500.0,216.4,0.48
14566,22500.0,216.4,0.48
14567,22500.0,216.4,0.48
14568,22500.0,216.4,0.48
14569,22500.0,216.4,0.48
14570,22500.0,216.4,0.48
14571,36340.0,450.2,0.43
14572,36340.0,450.2,0.43
14573,36340.0,450.2,0.43
14574,32000.0,450.2,0.43
14575,32000.0,450.2,0.43
14576,32000.0,450.2,0.43
14577,21450.0,216.4,0.48
14578,21450.0,216.4,0.48
14579,21450.0,216.4,0.48
14580,36800.0,450.2,0.43
14581,36800.0,450.2,0.43
14582,36800.0,450.2,0.43
14583,27180.0,216.4,0.48
14584,27180.0,216.4,0.48
14585,27180.0,216.4,0.48
14586,26640.0,450.2,0.43
14587,26640.0,450.2,0.43
14588,26640.0,450.2,0.43
14589,36340.0,450.2,0.43
14590,36340.0,450.2,0.43
14591,36340.0,450.2,0.43
14592,34730.0,216.4,0.48
14593,34730.0,216.4,0.48
14594,34730.0,216.4,0.48
14595,5680.0,216.4,0.48
14596,5680.0,216.4,0.48
14597,5680.0,216.4,0.48
14598,12800.0,450.2,0.43
14599,12800.0,450.2,0.43
14600,12800.0,450.2,0.43
14601,28800.0,450.2,0.43
14602,28800.0,450.2,0.43
14603,28800.0,450.2,0.43
14604,29000.0,450.2,0.43
14605,29000.0,450.2,0.43
14606,29000.0,450.2,0.43
14607,22500.0,216.4,0.48
14608,43200000.0,450.2,0.43
14609,43200000.0,450.2,0.43
14610,43200000.0,450.2,0.43
14611,2272000.0,216.4,0.48
14612,2272000.0,216.4,0.48
14613,2272000.0,216.4,0.48
14614,14720000.0,450.2,0.43
14615,14720000.0,450.2,0.43
14616,14720000.0,450.2,0.43
14617,11600000.0,450.2,0.43
14618,11600000.0,450.2,0.43
14619,11600000.0,450.2,0.43
14620,14536000.0,450.2,0.43
14621,14536000.0,450.2,0.43
14622,14536000.0,450.2,0.43
14623,12800000.0,450.2,0.43
14624,12800000.0,450.2,0.43
14625,12800000.0,450.2,0.43
14626,13616000.0,216.4,0.48
14627,13616000.0,216.4,0.48
14628,13616000.0,216.4,0.48
14629,12800000.0,450.2,0.43
14630,12800000.0,450.2,0.43
14631,12800000.0,450.2,0.43
14632,14720000.0,216.4,0.48
14633,14720000.0,216.4,0.48
14634,14720000.0,216.4,0.48
14635,14784000.0,216.4,0.48
14636,14784000.0,216.4,0.48
14637,14784000.0,216.4,0.48
14638,11520000.0,450.2,0.43
14639,11520000.0,450.2,0.43
14640,11520000.0,450.2,0.43
14641,14720000.0,450.2,0.43
14642,14720000.0,450.2,0.43
14643,14720000.0,450.2,0.43
14644,14720000.0,450.2,0.43
14645,14720000.0,450.2,0.43
14646,14720000.0,216.4,0.48
14647,14720000.0,216.4,0.48
14648,14720000.0,216.4,0.48
14649,15360000.0,450.2,0.43
14650,15360000.0,450.2,0.43
14651,15360000.0,450.2,0.43
14652,14720000.0,216.4,0.48
14653,14720000.0,216.4,0.48
14654,14720000.0,216.4,0.48
14655,2272000.0,216.4,0.48
14656,2272000.0,216.4,0.48
14657,2272000.0,216.4,0.48
14658,11600000.0,450.2,0.43
14659,11600000.0,450.2,0.43
14660,11600000.0,450.2,0.43
14661,8540000.0,450.2,0.43
14662,8540000.0,450.2,0.43
14663,8540000.0,450.2,0.43
14664,15360000.0,450.2,0.43
14665,15360000.0,450.2,0.43
14666,16128000.0,216.4,0.48
14667,16128000.0,216.4,0.48
14668,16128000.0,216.4,0.48
14669,15272000.0,450.2,0.43
14670,15272000.0,450.2,0.43
14671,13616000.0,216.4,0.48
14672,13616000.0,216.4,0.48
14673,13340000.0,450.2,0.43
14674,13340000.0,450.2,0.43
14675,13340000.0,450.2,0.43
14676,36340.0,450.2,0.43
14677,36340.0,450.2,0.43
14678,32000.0,450.2,0.43
14679,32000.0,450.2,0.43
14680,32000.0,450.2,0.43
14681,36800.0,450.2,0.43
14682,36800.0,450.2,0.43
14683,36800.0,216.4,0.48
14684,36800.0,450.2,0.43
14685,36800.0,450.2,0.43
14686,36800.0,450.2,0.43
14687,28800.0,450.2,0.43
14688,28800.0,450.2,0.43
14689,28800.0,450.2,0.43
14690,32550.0,216.4,0.48
14691,32550.0,216.4,0.48
14692,32550.0,216.4,0.48
14693,29000.0,450.2,0.43
14694,29000.0,450.2,0.43
14695,5680.0,216.4,0.48
14696,5680.0,216.4,0.48
14697,5680.0,216.4,0.48
14698,12800.0,450.2,0.43
14699,12800.0,450.2,0.43
14700,12800.0,450.2,0.43
14701,36960.0,216.4,0.48
14702,36960.0,216.4,0.48
14703,36960.0,216.4,0.48
14704,33350.0,450.2,0.43
14705,33350.0,450.2,0.43
14706,33350.0,450.2,0.43
14707,25740.0,450.2,0.43
14708,25740.0,450.2,0.43
14709,25740.0,450.2,0.43
14710,27180.0,216.4,0.48
14711,27180.0,216.4,0.48
14712,27180.0,216.4,0.48
14713,34040.0,216.4,0.48
14714,34040.0,216.4,0.48
14715,22500.0,216.4,0.48
14716,10800000.0,216.4,0.48
14717,10800000.0,216.4,0.48
14718,2272000.0,216.4,0.48
14719,2272000.0,216.4,0.48
14720,8580000.0,216.4,0.48
14721,8580000.0,216.4,0.48
14722,13248000.0,450.2,0.43
14723,13248000.0,450.2,0.43
14724,14260000.0,450.2,0.43
14725,14260000.0,450.2,0.43
14726,14260000.0,450.2,0.43
14727,15360000.0,450.2,0.43
14728,15360000.0,450.2,0.43
14729,13800000.0,216.4,0.48
14730,13800000.0,216.4,0.48
14731,23780000.0,450.2,0.43
14732,23780000.0,450.2,0.43
14733,36512000.0,216.4,0.48
14734,36512000.0,216.4,0.48
14735,13892000.0,216.4,0.48
14736,13892000.0,216.4,0.48
14737,15456000.0,450.2,0.43
14738,15456000.0,450.2,0.43
14739,15000000.0,450.2,0.43
14740,15000000.0,450.2,0.43
14741,22500.0,216.4,0.48
14742,34500.0,216.4,0.48
14743,34500.0,216.4,0.48
14744,8580.0,450.2,0.43
14745,8580.0,450.2,0.43
14746,21450.0,216.4,0.48
14747,21450.0,216.4,0.48
14748,8580000.0,216.4,0.48
14749,8580000.0,216.4,0.48
14750,27000.0,216.4,0.48
14751,27000.0,216.4,0.48
14752,35650.0,450.2,0.43
14753,35650.0,450.2,0.43
14754,53475000.0,450.2,0.43
14755,53475000.0,450.2,0.43
14756,28275000.0,450.2,0.43
14757,28275000.0,450.2,0.43
14758,89175000.0,450.2,0.43
14759,89175000.0,450.2,0.43
14760,33390000.0,450.2,0.43
14761,33390000.0,450.2,0.43
14762,5680.0,216.4,0.48
14763,5680.0,216.4,0.48
14764,5680.0,216.4,0.48
14765,38180.0,450.2,0.43
14766,38180.0,450.2,0.43
14767,38180.0,450.2,0.43
14768,22500.0,216.4,0.48
14769,22500.0,216.4,0.48
14770,14800000.0,450.2,0.43
14771,14800000.0,450.2,0.43
14772,14800000.0,450.2,0.43
14773,2200000.0,366.7,0.33
14774,2200000.0,366.7,0.33
14775,2200000.0,366.7,0.33
14776,15272000.0,450.2,0.43
14777,15272000.0,450.2,0.43
14778,15272000.0,450.2,0.43
14779,11600000.0,450.2,0.43
14780,11600000.0,450.2,0.43
14781,11600000.0,450.2,0.43
14782,11600000.0,450.2,0.43
14783,11600000.0,450.2,0.43
14784,17760000.0,450.2,0.43
14785,17760000.0,450.2,0.43
14786,28416000.0,216.4,0.48
14787,28416000.0,216.4,0.48
14788,10296000.0,450.2,0.43
14789,10296000.0,450.2,0.43
14790,10296000.0,450.2,0.43
14791,8580000.0,216.4,0.48
14792,8580000.0,216.4,0.48
14793,8904000.0,450.2,0.43
14794,8904000.0,450.2,0.43
14795,15272000.0,450.2,0.43
14796,15272000.0,450.2,0.43
14797,10640000.0,450.2,0.43
14798,10640000.0,450.2,0.43
14799,14720000.0,216.4,0.48
14800,14720000.0,216.4,0.48
14801,14720000.0,216.4,0.48
14802,36512000.0,216.4,0.48
14803,36512000.0,216.4,0.48
14804,22500.0,216.4,0.48
14805,32175000.0,216.4,0.48
14806,32175000.0,216.4,0.48
14807,21450.0,216.4,0.48
14808,21450.0,216.4,0.48
14809,21450.0,216.4,0.48
14810,71040.0,216.4,0.48
14811,71040.0,216.4,0.48
14812,71040.0,216.4,0.48
14813,91280.0,216.4,0.48
14814,91280.0,216.4,0.48
14815,91280.0,216.4,0.48
14816,8580000.0,216.4,0.48
14817,8580000.0,216.4,0.48
14818,8580000.0,216.4,0.48
14819,53475000.0,450.2,0.43
14820,53475000.0,450.2,0.43
14821,13616000.0,216.4,0.48
14822,13616000.0,216.4,0.48
14823,11600000.0,450.2,0.43
14824,11600000.0,450.2,0.43
14825,28416000.0,216.4,0.48
14826,28416000.0,216.4,0.48
14827,8580000.0,216.4,0.48
14828,8580000.0,216.4,0.48
14829,13616000.0,216.4,0.48
14830,13616000.0,216.4,0.48
14831,15272000.0,450.2,0.43
14832,15272000.0,450.2,0.43
14833,10640000.0,450.2,0.43
14834,10640000.0,450.2,0.43
14835,13616000.0,216.4,0.48
14836,13616000.0,216.4,0.48
14837,12800000.0,450.2,0.43
14838,12800000.0,450.2,0.43
14839,10296000.0,450.2,0.43
14840,10296000.0,450.2,0.43
14841,14784000.0,216.4,0.48
14842,14784000.0,216.4,0.48
14843,22500.0,216.4,0.48
14844,36960.0,216.4,0.48
14845,36960.0,216.4,0.48
14846,29000.0,450.2,0.43
14847,29000.0,450.2,0.43
14848,29000.0,450.2,0.43
14849,5680.0,216.4,0.48
14850,5680.0,216.4,0.48
14851,22500.0,216.4,0.48
14852,22500.0,216.4,0.48
14853,13340000.0,450.2,0.43
14854,22500.0,216.4,0.48
14855,22500.0,216.4,0.48
14856,22500.0,216.4,0.48
14857,36960.0,216.4,0.48
14858,36960.0,216.4,0.48
14859,29000.0,450.2,0.43
14860,29000.0,450.2,0.43
14861,29000.0,450.2,0.43
14862,22500.0,216.4,0.48
14863,22500.0,216.4,0.48
14864,11600000.0,450.2,0.43
14865,11600000.0,450.2,0.43
14866,11600000.0,450.2,0.43
14867,13616000.0,216.4,0.48
14868,13616000.0,216.4,0.48
14869,13616000.0,216.4,0.48
14870,15272000.0,450.2,0.43
14871,15272000.0,450.2,0.43
14872,15272000.0,450.2,0.43
14873,13616000.0,216.4,0.48
14874,13616000.0,216.4,0.48
14875,13616000.0,216.4,0.48
14876,22500.0,216.4,0.48
14877,14536000.0,450.2,0.43
14878,14536000.0,450.2,0.43
14879,11600000.0,450.2,0.43
14880,11600000.0,450.2,0.43
14881,11600000.0,450.2,0.43
14882,14800000.0,450.2,0.43
14883,15272000.0,450.2,0.43
14884,22500.0,216.4,0.48
14885,28800.0,450.2,0.43
14886,28800.0,450.2,0.43
14887,28800.0,450.2,0.43
14888,29000.0,450.2,0.43
14889,29000.0,450.2,0.43
14890,29000.0,450.2,0.43
14891,12800.0,450.2,0.43
14892,12800.0,450.2,0.43
14893,12800.0,450.2,0.43
14894,37000.0,450.2,0.43
14895,37000.0,450.2,0.43
14896,37000.0,450.2,0.43
14897,38180.0,450.2,0.43
14898,38180.0,450.2,0.43
14899,38180.0,450.2,0.43
14900,36800.0,450.2,0.43
14901,36800.0,450.2,0.43
14902,36800.0,450.2,0.43
14903,22500.0,216.4,0.48
14904,32175000.0,216.4,0.48
14905,32175000.0,216.4,0.48
14906,8580000.0,216.4,0.48
14907,8580000.0,216.4,0.48
14908,8580000.0,216.4,0.48
14909,8580000.0,216.4,0.48
14910,27000.0,216.4,0.48
14911,27000.0,216.4,0.48
14912,71040.0,216.4,0.48
14913,71040.0,216.4,0.48
14914,91280.0,216.4,0.48
14915,91280.0,216.4,0.48
14916,35650.0,450.2,0.43
14917,35650.0,450.2,0.43
14918,53475000.0,450.2,0.43
14919,53475000.0,450.2,0.43
14920,53475000.0,450.2,0.43
14921,10800000.0,216.4,0.48
14922,10800000.0,216.4,0.48
14923,36512000.0,216.4,0.48
14924,36512000.0,216.4,0.48
14925,14720000.0,216.4,0.48
14926,14720000.0,216.4,0.48
14927,2272000.0,216.4,0.48
14928,2272000.0,216.4,0.48
14929,14260000.0,450.2,0.43
14930,14260000.0,450.2,0.43
14931,14260000.0,450.2,0.43
14932,15360000.0,450.2,0.43
14933,15360000.0,450.2,0.43
14934,15360000.0,450.2,0.43
14935,14720000.0,450.2,0.43
14936,14720000.0,450.2,0.43
14937,14720000.0,450.2,0.43
14938,12800000.0,450.2,0.43
14939,12800000.0,450.2,0.43
14940,12800000.0,450.2,0.43
14941,15960000.0,216.4,0.48
14942,15960000.0,216.4,0.48
14943,15960000.0,216.4,0.48
14944,13800000.0,216.4,0.48
14945,13800000.0,216.4,0.48
14946,14000000.0,450.2,0.43
14947,18360000.0,450.2,0.43
14948,13892000.0,216.4,0.48
14949,13892000.0,216.4,0.48
14950,28275000.0,450.2,0.43
14951,28275000.0,450.2,0.43
14952,28275000.0,450.2,0.43
14953,35650.0,450.2,0.43
14954,35650.0,450.2,0.43
14955,35650.0,450.2,0.43
14956,20670.0,450.2,0.43
14957,20670.0,450.2,0.43
14958,20670.0,450.2,0.43
14959,33120.0,450.2,0.43
14960,33120.0,450.2,0.43
14961,5680.0,216.4,0.48
14962,5680.0,216.4,0.48
14963,5680.0,216.4,0.48
14964,22500.0,216.4,0.48
14965,38180.0,450.2,0.43
14966,38180.0,450.2,0.43
14967,37000.0,450.2,0.43
14968,37000.0,450.2,0.43
14969,37000.0,450.2,0.43
14970,36800.0,450.2,0.43
14971,36800.0,450.2,0.43
14972,36800.0,450.2,0.43
14973,32000.0,450.2,0.43
14974,32000.0,450.2,0.43
14975,32000.0,450.2,0.43
14976,36800.0,216.4,0.48
14977,36800.0,216.4,0.48
14978,36800.0,216.4,0.48
14979,5500.0,366.7,0.33
14980,5500.0,366.7,0.33
14981,5500.0,366.7,0.33
14982,34730.0,216.4,0.48
14983,34730.0,216.4,0.48
14984,15272000.0,450.2,0.43
14985,15272000.0,450.2,0.43
14986,15272000.0,450.2,0.43
14987,15272000.0,450.2,0.43
14988,15272000.0,450.2,0.43
14989,15272000.0,450.2,0.43
14990,14800000.0,450.2,0.43
14991,14800000.0,450.2,0.43
14992,12800000.0,450.2,0.43
14993,12800000.0,450.2,0.43
14994,12800000.0,450.2,0.43
14995,13616000.0,216.4,0.48
14996,13616000.0,216.4,0.48
14997,13616000.0,216.4,0.48
14998,11520000.0,450.2,0.43
14999,11520000.0,450.2,0.43
15000,11520000.0,450.2,0.43
15001,7540000.0,450.2,0.43
15002,7540000.0,450.2,0.43
15003,7540000.0,450.2,0.43
15004,15360000.0,450.2,0.43
15005,15360000.0,450.2,0.43
15006,15360000.0,450.2,0.43
15007,2272000.0,216.4,0.48
15008,2272000.0,216.4,0.48
15009,2272000.0,216.4,0.48
15010,8540000.0,450.2,0.43
15011,8540000.0,450.2,0.43
15012,8540000.0,450.2,0.43
15013,13616000.0,216.4,0.48
15014,13616000.0,216.4,0.48
15015,13616000.0,216.4,0.48
15016,11600000.0,450.2,0.43
15017,11600000.0,450.2,0.43
15018,11600000.0,450.2,0.43
15019,14720000.0,450.2,0.43
15020,14720000.0,450.2,0.43
15021,14720000.0,450.2,0.43
15022,13800000.0,450.2,0.43
15023,13800000.0,450.2,0.43
15024,13800000.0,450.2,0.43
15025,14720000.0,216.4,0.48
15026,14720000.0,216.4,0.48
15027,14720000.0,216.4,0.48
15028,14720000.0,216.4,0.48
15029,14720000.0,216.4,0.48
15030,7200000.0,366.7,0.33
15031,7200000.0,366.7,0.33
15032,7200000.0,366.7,0.33
15033,11600000.0,450.2,0.43
15034,11600000.0,450.2,0.43
15035,15456000.0,450.2,0.43
15036,15456000.0,450.2,0.43
15037,28416000.0,216.4,0.48
15038,28416000.0,216.4,0.48
15039,22500.0,216.4,0.48
15040,13616000.0,216.4,0.48
15041,13616000.0,216.4,0.48
15042,13616000.0,216.4,0.48
15043,43500000.0,450.2,0.43
15044,43500000.0,450.2,0.43
15045,38610000.0,450.2,0.43
15046,38610000.0,450.2,0.43
15047,8520000.0,216.4,0.48
15048,8520000.0,216.4,0.48
15049,22500.0,216.4,0.48
15050,57960000.0,450.2,0.43
15051,57960000.0,450.2,0.43
15052,11600000.0,450.2,0.43
15053,11600000.0,450.2,0.43
15054,11600000.0,450.2,0.43
15055,15272000.0,450.2,0.43
15056,15272000.0,450.2,0.43
15057,14800000.0,450.2,0.43
15058,14800000.0,450.2,0.43
15059,14800000.0,450.2,0.43
15060,15272000.0,450.2,0.43
15061,8540000.0,450.2,0.43
15062,8540000.0,450.2,0.43
15063,8540000.0,450.2,0.43
15064,14720000.0,450.2,0.43
15065,14720000.0,450.2,0.43
15066,14720000.0,450.2,0.43
15067,13800000.0,450.2,0.43
15068,22500.0,216.4,0.48
15069,11600000.0,450.2,0.43
15070,11600000.0,450.2,0.43
15071,11600000.0,450.2,0.43
15072,22500.0,216.4,0.48
15073,13616000.0,216.4,0.48
15074,15360000.0,450.2,0.43
15075,15360000.0,450.2,0.43
15076,11600000.0,450.2,0.43
15077,11600000.0,450.2,0.43
15078,11600000.0,450.2,0.43
15079,10440000.0,450.2,0.43
15080,10440000.0,450.2,0.43
15081,16128000.0,216.4,0.48
15082,16128000.0,216.4,0.48
15083,13616000.0,216.4,0.48
15084,13616000.0,216.4,0.48
15085,13616000.0,216.4,0.48
15086,14720000.0,450.2,0.43
15087,14720000.0,450.2,0.43
15088,14720000.0,450.2,0.43
15089,22500.0,216.4,0.48
15090,34040.0,216.4,0.48
15091,34040.0,216.4,0.48
15092,34040.0,216.4,0.48
15093,13800000.0,216.4,0.48
15094,13800000.0,216.4,0.48
15095,14000000.0,450.2,0.43
15096,14000000.0,450.2,0.43
15097,8580000.0,216.4,0.48
15098,8580000.0,216.4,0.48
15099,12800000.0,450.2,0.43
15100,12800000.0,450.2,0.43
15101,14720000.0,450.2,0.43
15102,14720000.0,450.2,0.43
15103,36512000.0,216.4,0.48
15104,36512000.0,216.4,0.48
15105,13892000.0,216.4,0.48
15106,13892000.0,216.4,0.48
15107,10296000.0,450.2,0.43
15108,10296000.0,450.2,0.43
15109,2272000.0,216.4,0.48
15110,2272000.0,216.4,0.48
15111,2272000.0,216.4,0.48
15112,15000000.0,450.2,0.43
15113,15000000.0,450.2,0.43
15114,22500.0,216.4,0.48
15115,34730.0,216.4,0.48
15116,8580.0,450.2,0.43
15117,8580.0,450.2,0.43
15118,52095000.0,216.4,0.48
15119,52095000.0,216.4,0.48
15120,12870000.0,450.2,0.43
15121,12870000.0,450.2,0.43
15122,22500.0,216.4,0.48
15123,5680.0,216.4,0.48
15124,5680.0,216.4,0.48
15125,5680.0,216.4,0.48
15126,36340.0,216.4,0.48
15127,36340.0,216.4,0.48
15128,36340.0,216.4,0.48
15129,22260.0,450.2,0.43
15130,22260.0,450.2,0.43
15131,22260.0,450.2,0.43
15132,20670.0,450.2,0.43
15133,20670.0,450.2,0.43
15134,20670.0,450.2,0.43
15135,34730.0,216.4,0.48
15136,34730.0,216.4,0.48
15137,35650.0,450.2,0.43
15138,35650.0,450.2,0.43
15139,21450.0,216.4,0.48
15140,21450.0,216.4,0.48
15141,21450.0,216.4,0.48
15142,26640.0,450.2,0.43
15143,26640.0,450.2,0.43
15144,26640.0,450.2,0.43
15145,33120.0,450.2,0.43
15146,33120.0,450.2,0.43
15147,18360000.0,450.2,0.43
15148,18360000.0,450.2,0.43
15149,14260000.0,450.2,0.43
15150,14260000.0,450.2,0.43
15151,14000000.0,450.2,0.43
15152,14720000.0,450.2,0.43
15153,14720000.0,450.2,0.43
15154,13892000.0,216.4,0.48
15155,13892000.0,216.4,0.48
15156,13892000.0,216.4,0.48
15157,13800000.0,216.4,0.48
15158,13800000.0,216.4,0.48
15159,36512000.0,216.4,0.48
15160,36512000.0,216.4,0.48
15161,22500.0,216.4,0.48
15162,10296000.0,450.2,0.43
15163,10296000.0,450.2,0.43
15164,10296000.0,450.2,0.43
15165,12800000.0,450.2,0.43
15166,12800000.0,450.2,0.43
15167,14784000.0,216.4,0.48
15168,14784000.0,216.4,0.48
15169,14784000.0,216.4,0.48
15170,14720000.0,216.4,0.48
15171,14720000.0,216.4,0.48
15172,22500.0,216.4,0.48
15173,22500.0,216.4,0.48
15174,36800.0,216.4,0.48
15175,36800.0,216.4,0.48
15176,40320.0,216.4,0.48
15177,40320.0,216.4,0.48
15178,16128000.0,216.4,0.48
15179,16128000.0,216.4,0.48
15180,14720000.0,450.2,0.43
15181,14720000.0,450.2,0.43
15182,10296000.0,450.2,0.43
15183,10296000.0,450.2,0.43
15184,14720000.0,216.4,0.48
15185,14720000.0,216.4,0.48
15186,16128000.0,216.4,0.48
15187,16128000.0,216.4,0.48
15188,16128000.0,216.4,0.48
15189,11600000.0,450.2,0.43
15190,11600000.0,450.2,0.43
15191,14720000.0,450.2,0.43
15192,14720000.0,450.2,0.43
15193,14720000.0,450.2,0.43
15194,14784000.0,216.4,0.48
15195,14784000.0,216.4,0.48
15196,14784000.0,216.4,0.48
15197,12800000.0,450.2,0.43
15198,12800000.0,450.2,0.43
15199,12800000.0,450.2,0.43
15200,9000000.0,216.4,0.48
15201,9000000.0,216.4,0.48
15202,9000000.0,216.4,0.48
15203,10872000.0,216.4,0.48
15204,10872000.0,216.4,0.48
15205,10872000.0,216.4,0.48
15206,14720000.0,450.2,0.43
15207,14720000.0,450.2,0.43
15208,14720000.0,450.2,0.43
15209,2272000.0,216.4,0.48
15210,2272000.0,216.4,0.48
15211,2272000.0,216.4,0.48
15212,14000000.0,450.2,0.43
15213,14000000.0,450.2,0.43
15214,14000000.0,450.2,0.43
15215,13020000.0,216.4,0.48
15216,13020000.0,216.4,0.48
15217,14720000.0,216.4,0.48
15218,14720000.0,216.4,0.48
15219,14720000.0,216.4,0.48
15220,11520000.0,450.2,0.43
15221,11520000.0,450.2,0.43
15222,11520000.0,450.2,0.43
15223,13020000.0,216.4,0.48
15224,13020000.0,216.4,0.48
15225,13020000.0,216.4,0.48
15226,14076000.0,216.4,0.48
15227,14076000.0,216.4,0.48
15228,14076000.0,216.4,0.48
15229,13800000.0,216.4,0.48
15230,13800000.0,216.4,0.48
15231,13616000.0,216.4,0.48
15232,13616000.0,216.4,0.48
15233,13616000.0,216.4,0.48
15234,14720000.0,216.4,0.48
15235,14720000.0,216.4,0.48
15236,14720000.0,216.4,0.48
15237,10296000.0,450.2,0.43
15238,10296000.0,450.2,0.43
15239,55200000.0,450.2,0.43
15240,55200000.0,450.2,0.43
15241,43500000.0,450.2,0.43
15242,43500000.0,450.2,0.43
15243,43500000.0,450.2,0.43
15244,52785000.0,216.4,0.48
15245,52785000.0,216.4,0.48
15246,52785000.0,216.4,0.48
15247,36960.0,216.4,0.48
15248,36960.0,216.4,0.48
15249,36960.0,216.4,0.48
15250,25740.0,450.2,0.43
15251,25740.0,450.2,0.43
15252,25740.0,450.2,0.43
15253,32000.0,450.2,0.43
15254,32000.0,450.2,0.43
15255,32000.0,450.2,0.43
15256,5680.0,216.4,0.48
15257,5680.0,216.4,0.48
15258,5680.0,216.4,0.48
15259,36800.0,450.2,0.43
15260,36800.0,450.2,0.43
15261,36800.0,450.2,0.43
15262,40320.0,216.4,0.48
15263,40320.0,216.4,0.48
15264,27180.0,216.4,0.48
15265,27180.0,216.4,0.48
15266,27180.0,216.4,0.48
15267,21450.0,216.4,0.48
15268,21450.0,216.4,0.48
15269,21450.0,216.4,0.48
15270,36340.0,450.2,0.43
15271,36340.0,450.2,0.43
15272,36340.0,450.2,0.43
15273,35190.0,216.4,0.48
15274,35190.0,216.4,0.48
15275,35190.0,216.4,0.48
15276,22500.0,216.4,0.48
15277,55200000.0,450.2,0.43
15278,55200000.0,450.2,0.43
15279,55200000.0,450.2,0.43
15280,40770000.0,216.4,0.48
15281,40770000.0,216.4,0.48
15282,40770000.0,216.4,0.48
15283,55440000.0,216.4,0.48
15284,55440000.0,216.4,0.48
15285,55440000.0,216.4,0.48
15286,60480000.0,216.4,0.48
15287,60480000.0,216.4,0.48
15288,52785000.0,216.4,0.48
15289,52785000.0,216.4,0.48
15290,52785000.0,216.4,0.48
15291,55200000.0,216.4,0.48
15292,55200000.0,216.4,0.48
15293,51060000.0,216.4,0.48
15294,51060000.0,216.4,0.48
15295,2272000.0,216.4,0.48
15296,2272000.0,216.4,0.48
15297,8580000.0,216.4,0.48
15298,8580000.0,216.4,0.48
15299,14784000.0,216.4,0.48
15300,14784000.0,216.4,0.48
15301,14784000.0,216.4,0.48
15302,22500.0,216.4,0.48
15303,10296000.0,450.2,0.43
15304,10296000.0,450.2,0.43
15305,10296000.0,450.2,0.43
15306,14784000.0,216.4,0.48
15307,14784000.0,216.4,0.48
15308,14784000.0,216.4,0.48
15309,13020000.0,216.4,0.48
15310,13020000.0,216.4,0.48
15311,13020000.0,216.4,0.48
15312,10440000.0,450.2,0.43
15313,16128000.0,216.4,0.48
15314,2272000.0,216.4,0.48
15315,2272000.0,216.4,0.48
15316,2272000.0,216.4,0.48
15317,10872000.0,216.4,0.48
15318,10872000.0,216.4,0.48
15319,22500.0,216.4,0.48
15320,22500.0,216.4,0.48
15321,2272000.0,216.4,0.48
15322,2272000.0,216.4,0.48
15323,2272000.0,216.4,0.48
15324,2272000.0,216.4,0.48
15325,15456000.0,450.2,0.43
15326,15456000.0,450.2,0.43
15327,14000000.0,450.2,0.43
15328,14000000.0,450.2,0.43
15329,14260000.0,450.2,0.43
15330,14260000.0,450.2,0.43
15331,22500.0,216.4,0.48
15332,38610000.0,450.2,0.43
15333,38610000.0,450.2,0.43
15334,38610000.0,450.2,0.43
15335,55200000.0,216.4,0.48
15336,55200000.0,216.4,0.48
15337,55200000.0,216.4,0.48
15338,32000.0,450.2,0.43
15339,32000.0,450.2,0.43
15340,32000.0,450.2,0.43
15341,29000.0,450.2,0.43
15342,29000.0,450.2,0.43
15343,29000.0,450.2,0.43
15344,5500.0,366.7,0.33
15345,5500.0,366.7,0.33
15346,5500.0,366.7,0.33
15347,34040.0,216.4,0.48
15348,34040.0,216.4,0.48
15349,18000.0,366.7,0.33
15350,18000.0,366.7,0.33
15351,27180.0,216.4,0.48
15352,27180.0,216.4,0.48
15353,27180.0,216.4,0.48
15354,36800.0,450.2,0.43
15355,36800.0,450.2,0.43
15356,36800.0,450.2,0.43
15357,36960.0,216.4,0.48
15358,36960.0,216.4,0.48
15359,36960.0,216.4,0.48
15360,34730.0,216.4,0.48
15361,34730.0,216.4,0.48
15362,34730.0,216.4,0.48
15363,12800000.0,450.2,0.43
15364,12800000.0,450.2,0.43
15365,12800000.0,450.2,0.43
15366,11600000.0,450.2,0.43
15367,11600000.0,450.2,0.43
15368,11600000.0,450.2,0.43
15369,14720000.0,450.2,0.43
15370,14720000.0,450.2,0.43
15371,14720000.0,450.2,0.43
15372,7200000.0,366.7,0.33
15373,7200000.0,366.7,0.33
15374,7200000.0,366.7,0.33
15375,9000000.0,216.4,0.48
15376,9000000.0,216.4,0.48
15377,9000000.0,216.4,0.48
15378,22500.0,216.4,0.48
15379,55200000.0,450.2,0.43
15380,55200000.0,450.2,0.43
15381,55200000.0,450.2,0.43
15382,55200000.0,216.4,0.48
15383,55200000.0,216.4,0.48
15384,55200000.0,216.4,0.48
15385,55200000.0,216.4,0.48
15386,55200000.0,216.4,0.48
15387,55200000.0,450.2,0.43
15388,34040.0,216.4,0.48
15389,34040.0,216.4,0.48
15390,34040.0,216.4,0.48
15391,22500.0,216.4,0.48
15392,40320.0,216.4,0.48
15393,40320.0,216.4,0.48
15394,40320.0,216.4,0.48
15395,55200000.0,216.4,0.48
15396,55200000.0,216.4,0.48
15397,55200000.0,216.4,0.48
15398,16128000.0,216.4,0.48
15399,16128000.0,216.4,0.48
15400,14720000.0,216.4,0.48
15401,14720000.0,216.4,0.48
15402,10296000.0,450.2,0.43
15403,10296000.0,450.2,0.43
15404,28416000.0,216.4,0.48
15405,28416000.0,216.4,0.48
15406,40320.0,216.4,0.48
15407,40320.0,216.4,0.48
15408,36800.0,216.4,0.48
15409,36800.0,216.4,0.48
15410,36800.0,216.4,0.48
15411,34730.0,216.4,0.48
15412,34730.0,216.4,0.48
15413,34730.0,216.4,0.48
15414,22500.0,216.4,0.48
15415,40320.0,216.4,0.48
15416,40320.0,216.4,0.48
15417,33390000.0,450.2,0.43
15418,38610000.0,450.2,0.43
15419,38610000.0,450.2,0.43
15420,32175000.0,216.4,0.48
15421,32175000.0,216.4,0.48
15422,34730.0,216.4,0.48
15423,34730.0,216.4,0.48
15424,35650.0,450.2,0.43
15425,35650.0,450.2,0.43
15426,36800.0,450.2,0.43
15427,36800.0,450.2,0.43
15428,20670.0,450.2,0.43
15429,20670.0,450.2,0.43
15430,33120.0,450.2,0.43
15431,33120.0,450.2,0.43
15432,8580.0,450.2,0.43
15433,8580.0,450.2,0.43
15434,8580.0,450.2,0.43
15435,14720000.0,450.2,0.43
15436,14720000.0,450.2,0.43
15437,2272000.0,216.4,0.48
15438,2272000.0,216.4,0.48
15439,14260000.0,450.2,0.43
15440,14260000.0,450.2,0.43
15441,14260000.0,450.2,0.43
15442,13800000.0,216.4,0.48
15443,13800000.0,216.4,0.48
15444,13800000.0,216.4,0.48
15445,23780000.0,450.2,0.43
15446,23780000.0,450.2,0.43
15447,8268000.0,450.2,0.43
15448,8268000.0,450.2,0.43
15449,3432000.0,450.2,0.43
15450,3432000.0,450.2,0.43
15451,3432000.0,450.2,0.43
15452,3432000.0,450.2,0.43
15453,3432000.0,450.2,0.43
15454,3432000.0,450.2,0.43
15455,14720000.0,450.2,0.43
15456,14720000.0,450.2,0.43
15457,22500.0,216.4,0.48
15458,8268000.0,450.2,0.43
15459,8268000.0,450.2,0.43
15460,8268000.0,450.2,0.43
15461,42000000.0,450.2,0.43
15462,42000000.0,450.2,0.43
15463,42000000.0,450.2,0.43
15464,12870000.0,450.2,0.43
15465,12870000.0,450.2,0.43
15466,31005000.0,450.2,0.43
15467,22500.0,216.4,0.48
15468,32000.0,450.2,0.43
15469,32000.0,450.2,0.43
15470,32000.0,450.2,0.43
15471,34040.0,216.4,0.48
15472,34040.0,216.4,0.48
15473,34040.0,216.4,0.48
15474,27180.0,216.4,0.48
15475,27180.0,216.4,0.48
15476,27180.0,216.4,0.48
15477,12800000.0,450.2,0.43
15478,12800000.0,450.2,0.43
15479,12800000.0,450.2,0.43
15480,11600000.0,450.2,0.43
15481,16128000.0,216.4,0.48
15482,16128000.0,216.4,0.48
15483,16128000.0,216.4,0.48
15484,13020000.0,216.4,0.48
15485,13020000.0,216.4,0.48
15486,13616000.0,216.4,0.48
15487,13616000.0,216.4,0.48
15488,13616000.0,216.4,0.48
15489,14720000.0,450.2,0.43
15490,14720000.0,450.2,0.43
15491,14720000.0,450.2,0.43
15492,2272000.0,216.4,0.48
15493,2272000.0,216.4,0.48
15494,14720000.0,450.2,0.43
15495,14720000.0,450.2,0.43
15496,10872000.0,216.4,0.48
15497,10872000.0,216.4,0.48
15498,10872000.0,216.4,0.48
15499,12800000.0,450.2,0.43
15500,12800000.0,450.2,0.43
15501,12800000.0,450.2,0.43
15502,11520000.0,450.2,0.43
15503,11520000.0,450.2,0.43
15504,11520000.0,450.2,0.43
15505,14784000.0,216.4,0.48
15506,14784000.0,216.4,0.48
15507,14784000.0,216.4,0.48
15508,36512000.0,216.4,0.48
15509,36512000.0,216.4,0.48
15510,36512000.0,216.4,0.48
15511,15360000.0,450.2,0.43
15512,15360000.0,450.2,0.43
15513,10000000.0,216.4,0.48
15514,10000000.0,216.4,0.48
15515,13248000.0,450.2,0.43
15516,13248000.0,450.2,0.43
15517,13248000.0,450.2,0.43
15518,14000000.0,450.2,0.43
15519,14000000.0,450.2,0.43
15520,28416000.0,216.4,0.48
15521,28416000.0,216.4,0.48
15522,8268000.0,450.2,0.43
15523,8268000.0,450.2,0.43
15524,9000000.0,216.4,0.48
15525,9000000.0,216.4,0.48
15526,9000000.0,216.4,0.48
15527,14720000.0,216.4,0.48
15528,14720000.0,216.4,0.48
15529,14720000.0,216.4,0.48
15530,14720000.0,216.4,0.48
15531,14720000.0,216.4,0.48
15532,22500.0,216.4,0.48
15533,34040.0,216.4,0.48
15534,34040.0,216.4,0.48
15535,34040.0,216.4,0.48
15536,36960.0,216.4,0.48
15537,36960.0,216.4,0.48
15538,36960.0,216.4,0.48
15539,32000.0,450.2,0.43
15540,32000.0,450.2,0.43
15541,27180.0,216.4,0.48
15542,27180.0,216.4,0.48
15543,27180.0,216.4,0.48
15544,38400.0,450.2,0.43
15545,38400.0,450.2,0.43
15546,40320.0,216.4,0.48
15547,5680.0,216.4,0.48
15548,5680.0,216.4,0.48
15549,26600.0,450.2,0.43
15550,26600.0,450.2,0.43
15551,26600.0,450.2,0.43
15552,36340.0,450.2,0.43
15553,36340.0,450.2,0.43
15554,36340.0,450.2,0.43
15555,36800.0,450.2,0.43
15556,36800.0,450.2,0.43
15557,21450.0,216.4,0.48
15558,21450.0,216.4,0.48
15559,2272000.0,216.4,0.48
15560,2272000.0,216.4,0.48
15561,22500.0,216.4,0.48
15562,8580.0,450.2,0.43
15563,8580.0,450.2,0.43
15564,15000000.0,450.2,0.43
15565,15000000.0,450.2,0.43
15566,14000000.0,450.2,0.43
15567,14000000.0,450.2,0.43
15568,14260000.0,450.2,0.43
15569,14260000.0,450.2,0.43
15570,13616000.0,216.4,0.48
15571,13616000.0,216.4,0.48
15572,33390000.0,450.2,0.43
15573,33390000.0,450.2,0.43
15574,53475000.0,450.2,0.43
15575,55200000.0,216.4,0.48
15576,55200000.0,216.4,0.48
15577,33390000.0,450.2,0.43
15578,33390000.0,450.2,0.43
15579,40320.0,216.4,0.48
15580,40320.0,216.4,0.48
15581,5680.0,216.4,0.48
15582,5680.0,216.4,0.48
15583,22500.0,216.4,0.48
15584,8580.0,450.2,0.43
15585,8580.0,450.2,0.43
15586,22260.0,450.2,0.43
15587,22260.0,450.2,0.43
15588,22500.0,216.4,0.48
15589,14720000.0,450.2,0.43
15590,7200000.0,366.7,0.33
15591,7200000.0,366.7,0.33
15592,12800000.0,450.2,0.43
15593,12800000.0,450.2,0.43
15594,12800000.0,450.2,0.43
15595,15456000.0,450.2,0.43
15596,15456000.0,450.2,0.43
15597,15456000.0,450.2,0.43
15598,11600000.0,450.2,0.43
15599,11600000.0,450.2,0.43
15600,11600000.0,450.2,0.43
15601,11600000.0,450.2,0.43
15602,14784000.0,216.4,0.48
15603,14784000.0,216.4,0.48
15604,14784000.0,216.4,0.48
15605,16128000.0,216.4,0.48
15606,16128000.0,216.4,0.48
15607,27000000.0,366.7,0.33
15608,27000000.0,366.7,0.33
15609,55440000.0,216.4,0.48
15610,55440000.0,216.4,0.48
15611,43500000.0,450.2,0.43
15612,43500000.0,450.2,0.43
15613,43500000.0,450.2,0.43
15614,8520000.0,216.4,0.48
15615,8520000.0,216.4,0.48
15616,8520000.0,216.4,0.48
15617,22500.0,216.4,0.48
15618,36800.0,450.2,0.43
15619,36800.0,450.2,0.43
15620,34730.0,216.4,0.48
15621,34730.0,216.4,0.48
15622,34730.0,216.4,0.48
15623,5680.0,216.4,0.48
15624,5680.0,216.4,0.48
15625,5680.0,216.4,0.48
15626,36960.0,216.4,0.48
15627,36960.0,216.4,0.48
15628,36960.0,216.4,0.48
15629,25000.0,216.4,0.48
15630,25000.0,216.4,0.48
15631,25000.0,216.4,0.48
15632,36800.0,216.4,0.48
15633,36800.0,216.4,0.48
15634,36800.0,216.4,0.48
15635,21450.0,216.4,0.48
15636,21450.0,216.4,0.48
15637,8520000.0,216.4,0.48
15638,8520000.0,216.4,0.48
15639,8520000.0,216.4,0.48
15640,66600000.0,450.2,0.43
15641,66600000.0,450.2,0.43
15642,43500000.0,450.2,0.43
15643,43500000.0,450.2,0.43
15644,55200000.0,216.4,0.48
15645,55200000.0,216.4,0.48
15646,55200000.0,216.4,0.48
15647,48825000.0,216.4,0.48
15648,48825000.0,216.4,0.48
15649,48825000.0,216.4,0.48
15650,38610000.0,450.2,0.43
15651,38610000.0,450.2,0.43
15652,38610000.0,450.2,0.43
15653,51060000.0,216.4,0.48
15654,51060000.0,216.4,0.48
15655,51060000.0,216.4,0.48
15656,8250000.0,366.7,0.33
15657,8250000.0,366.7,0.33
15658,62160000.0,450.2,0.43
15659,62160000.0,450.2,0.43
15660,12800000.0,450.2,0.43
15661,12800000.0,450.2,0.43
15662,12800000.0,450.2,0.43
15663,22500.0,216.4,0.48
15664,22500.0,216.4,0.48
15665,22500.0,216.4,0.48
15666,22500.0,216.4,0.48
15667,22500.0,216.4,0.48
15668,22500.0,216.4,0.48
15669,36800.0,450.2,0.43
15670,36800.0,450.2,0.43
15671,36800.0,450.2,0.43
15672,27180.0,216.4,0.48
15673,27180.0,216.4,0.48
15674,27180.0,216.4,0.48
15675,55200000.0,450.2,0.43
15676,22500.0,216.4,0.48
15677,27180.0,216.4,0.48
15678,27180.0,216.4,0.48
15679,27180.0,216.4,0.48
15680,12800000.0,450.2,0.43
15681,12800000.0,450.2,0.43
15682,12800000.0,450.2,0.43
15683,14720000.0,450.2,0.43
15684,14720000.0,450.2,0.43
15685,14720000.0,450.2,0.43
15686,10000000.0,216.4,0.48
15687,10000000.0,216.4,0.48
15688,10000000.0,216.4,0.48
15689,10872000.0,216.4,0.48
15690,10872000.0,216.4,0.48
15691,10872000.0,216.4,0.48
15692,8268000.0,450.2,0.43
15693,8268000.0,450.2,0.43
15694,8268000.0,450.2,0.43
15695,2272000.0,216.4,0.48
15696,2272000.0,216.4,0.48
15697,2272000.0,216.4,0.48
15698,13892000.0,216.4,0.48
15699,13892000.0,216.4,0.48
15700,8904000.0,450.2,0.43
15701,8904000.0,450.2,0.43
15702,14784000.0,216.4,0.48
15703,14784000.0,216.4,0.48
15704,14784000.0,216.4,0.48
15705,14720000.0,216.4,0.48
15706,14720000.0,216.4,0.48
15707,14720000.0,216.4,0.48
15708,14720000.0,216.4,0.48
15709,14720000.0,216.4,0.48
15710,14720000.0,216.4,0.48
15711,11600000.0,450.2,0.43
15712,11600000.0,450.2,0.43
15713,10440000.0,450.2,0.43
15714,14260000.0,450.2,0.43
15715,14260000.0,450.2,0.43
15716,20670.0,450.2,0.43
15717,20670.0,450.2,0.43
15718,20670.0,450.2,0.43
15719,38180.0,450.2,0.43
15720,38180.0,450.2,0.43
15721,38180.0,450.2,0.43
15722,5680.0,216.4,0.48
15723,5680.0,216.4,0.48
15724,5680.0,216.4,0.48
15725,36960.0,216.4,0.48
15726,36960.0,216.4,0.48
15727,36960.0,216.4,0.48
15728,32550.0,216.4,0.48
15729,32550.0,216.4,0.48
15730,22260.0,450.2,0.43
15731,22260.0,450.2,0.43
15732,22260.0,450.2,0.43
15733,26600.0,450.2,0.43
15734,26600.0,450.2,0.43
15735,26600.0,450.2,0.43
15736,36800.0,216.4,0.48
15737,36800.0,216.4,0.48
15738,36800.0,216.4,0.48
15739,36340.0,216.4,0.48
15740,36340.0,216.4,0.48
15741,36340.0,216.4,0.48
15742,22500.0,216.4,0.48
15743,22260.0,450.2,0.43
15744,22260.0,450.2,0.43
15745,22260.0,450.2,0.43
15746,22260.0,450.2,0.43
15747,22260.0,450.2,0.43
15748,22260.0,450.2,0.43
15749,33390000.0,450.2,0.43
15750,33390000.0,450.2,0.43
15751,8904000.0,450.2,0.43
15752,8904000.0,450.2,0.43
15753,10296000.0,450.2,0.43
15754,10296000.0,450.2,0.43
15755,10296000.0,450.2,0.43
15756,28416000.0,216.4,0.48
15757,28416000.0,216.4,0.48
15758,22500.0,216.4,0.48
15759,3432000.0,450.2,0.43
15760,3432000.0,450.2,0.43
15761,55440000.0,216.4,0.48
15762,55440000.0,216.4,0.48
15763,55200000.0,216.4,0.48
15764,55200000.0,216.4,0.48
15765,55200000.0,450.2,0.43
15766,55200000.0,450.2,0.43
15767,48000000.0,450.2,0.43
15768,48000000.0,450.2,0.43
15769,48000000.0,450.2,0.43
15770,60480000.0,216.4,0.48
15771,60480000.0,216.4,0.48
15772,40770000.0,216.4,0.48
15773,40770000.0,216.4,0.48
15774,40770000.0,216.4,0.48
15775,106560000.0,216.4,0.48
15776,106560000.0,216.4,0.48
15777,106560000.0,216.4,0.48
15778,89175000.0,450.2,0.43
15779,89175000.0,450.2,0.43
15780,89175000.0,450.2,0.43
15781,62160000.0,450.2,0.43
15782,62160000.0,450.2,0.43
15783,51750000.0,216.4,0.48
15784,51750000.0,216.4,0.48
15785,51750000.0,216.4,0.48
15786,55440000.0,216.4,0.48
15787,55440000.0,216.4,0.48
15788,55440000.0,216.4,0.48
15789,50025000.0,216.4,0.48
15790,50025000.0,216.4,0.48
15791,38610000.0,450.2,0.43
15792,38610000.0,450.2,0.43
15793,39900000.0,450.2,0.43
15794,39900000.0,450.2,0.43
15795,40500000.0,216.4,0.48
15796,40500000.0,216.4,0.48
15797,34730.0,216.4,0.48
15798,34730.0,216.4,0.48
15799,36960.0,216.4,0.48
15800,36960.0,216.4,0.48
15801,36960.0,216.4,0.48
15802,35650.0,450.2,0.43
15803,35650.0,450.2,0.43
15804,71040.0,216.4,0.48
15805,71040.0,216.4,0.48
15806,71040.0,216.4,0.48
15807,27180.0,216.4,0.48
15808,27180.0,216.4,0.48
15809,27180.0,216.4,0.48
15810,36800.0,450.2,0.43
15811,36800.0,450.2,0.43
15812,36800.0,450.2,0.43
15813,5680.0,216.4,0.48
15814,5680.0,216.4,0.48
15815,5680.0,216.4,0.48
15816,55200000.0,216.4,0.48
15817,55200000.0,216.4,0.48
15818,55200000.0,216.4,0.48
15819,55200000.0,216.4,0.48
15820,55200000.0,216.4,0.48
15821,40770000.0,216.4,0.48
15822,40770000.0,216.4,0.48
15823,40770000.0,216.4,0.48
15824,22500.0,216.4,0.48
15825,14720000.0,450.2,0.43
15826,14720000.0,450.2,0.43
15827,14720000.0,450.2,0.43
15828,14784000.0,216.4,0.48
15829,14784000.0,216.4,0.48
15830,14784000.0,216.4,0.48
15831,10872000.0,216.4,0.48
15832,10872000.0,216.4,0.48
15833,10872000.0,216.4,0.48
15834,13800000.0,216.4,0.48
15835,13800000.0,216.4,0.48
15836,13800000.0,216.4,0.48
15837,12800000.0,450.2,0.43
15838,12800000.0,450.2,0.43
15839,12800000.0,450.2,0.43
15840,2272000.0,216.4,0.48
15841,11520000.0,450.2,0.43
15842,11520000.0,450.2,0.43
15843,5120000.0,450.2,0.43
15844,5120000.0,450.2,0.43
15845,5120000.0,450.2,0.43
15846,14720000.0,450.2,0.43
15847,14720000.0,450.2,0.43
15848,14720000.0,450.2,0.43
15849,3432000.0,450.2,0.43
15850,3432000.0,450.2,0.43
15851,13892000.0,216.4,0.48
15852,13892000.0,216.4,0.48
15853,34730.0,216.4,0.48
15854,34730.0,216.4,0.48
15855,22500.0,216.4,0.48
15856,55440000.0,216.4,0.48
15857,55440000.0,216.4,0.48
15858,55440000.0,216.4,0.48
15859,40770000.0,216.4,0.48
15860,40770000.0,216.4,0.48
15861,40770000.0,216.4,0.48
15862,14784000.0,216.4,0.48
15863,14784000.0,216.4,0.48
15864,2272000.0,216.4,0.48
15865,2272000.0,216.4,0.48
15866,2272000.0,216.4,0.48
15867,5680.0,216.4,0.48
15868,5680.0,216.4,0.48
15869,5680.0,216.4,0.48
15870,21450.0,216.4,0.48
15871,21450.0,216.4,0.48
15872,36800.0,216.4,0.48
15873,36800.0,216.4,0.48
15874,36960.0,216.4,0.48
15875,36960.0,216.4,0.48
15876,36960.0,216.4,0.48
15877,36340.0,450.2,0.43
15878,36340.0,450.2,0.43
15879,36340.0,450.2,0.43
15880,36800.0,450.2,0.43
15881,36800.0,450.2,0.43
15882,36800.0,450.2,0.43
15883,27180.0,216.4,0.48
15884,27180.0,216.4,0.48
15885,32000.0,450.2,0.43
15886,32000.0,450.2,0.43
15887,32000.0,450.2,0.43
15888,16128000.0,216.4,0.48
15889,16128000.0,216.4,0.48
15890,16128000.0,216.4,0.48
15891,10640000.0,450.2,0.43
15892,10640000.0,450.2,0.43
15893,2272000.0,216.4,0.48
15894,2272000.0,216.4,0.48
15895,2272000.0,216.4,0.48
15896,14720000.0,450.2,0.43
15897,14720000.0,450.2,0.43
15898,14720000.0,450.2,0.43
15899,12800000.0,450.2,0.43
15900,12800000.0,450.2,0.43
15901,12800000.0,450.2,0.43
15902,13892000.0,216.4,0.48
15903,13892000.0,216.4,0.48
15904,13892000.0,216.4,0.48
15905,11520000.0,450.2,0.43
15906,11520000.0,450.2,0.43
15907,11520000.0,450.2,0.43
15908,8250000.0,366.7,0.33
15909,8250000.0,366.7,0.33
15910,8250000.0,366.7,0.33
15911,32175000.0,216.4,0.48
15912,32175000.0,216.4,0.48
15913,32175000.0,216.4,0.48
15914,48000000.0,450.2,0.43
15915,48000000.0,450.2,0.43
15916,48000000.0,450.2,0.43
15917,22500.0,216.4,0.48
15918,40770000.0,216.4,0.48
15919,40770000.0,216.4,0.48
15920,40770000.0,216.4,0.48
15921,55200000.0,450.2,0.43
15922,60480000.0,216.4,0.48
15923,60480000.0,216.4,0.48
15924,55440000.0,216.4,0.48
15925,55440000.0,216.4,0.48
15926,55440000.0,216.4,0.48
15927,8520000.0,216.4,0.48
15928,8520000.0,216.4,0.48
15929,8520000.0,216.4,0.48
15930,51750000.0,216.4,0.48
15931,51750000.0,216.4,0.48
15932,51750000.0,216.4,0.48
15933,50025000.0,216.4,0.48
15934,50025000.0,216.4,0.48
15935,52095000.0,216.4,0.48
15936,52095000.0,216.4,0.48
15937,55200000.0,216.4,0.48
15938,55200000.0,216.4,0.48
15939,51060000.0,216.4,0.48
15940,51060000.0,216.4,0.48
15941,51060000.0,216.4,0.48
15942,8250000.0,366.7,0.33
15943,8250000.0,366.7,0.33
15944,8250000.0,366.7,0.33
15945,52785000.0,216.4,0.48
15946,52785000.0,216.4,0.48
15947,52785000.0,216.4,0.48
15948,52785000.0,216.4,0.48
15949,52785000.0,216.4,0.48
15950,52785000.0,216.4,0.48
15951,48000000.0,450.2,0.43
15952,48000000.0,450.2,0.43
15953,48000000.0,450.2,0.43
15954,14784000.0,216.4,0.48
15955,14784000.0,216.4,0.48
15956,14784000.0,216.4,0.48
15957,13892000.0,216.4,0.48
15958,13892000.0,216.4,0.48
15959,5120000.0,450.2,0.43
15960,5120000.0,450.2,0.43
15961,5120000.0,450.2,0.43
15962,14720000.0,450.2,0.43
15963,14720000.0,450.2,0.43
15964,36960.0,216.4,0.48
15965,36960.0,216.4,0.48
15966,36960.0,216.4,0.48
15967,5680.0,216.4,0.48
15968,5680.0,216.4,0.48
15969,5680.0,216.4,0.48
15970,37500.0,450.2,0.43
15971,37500.0,450.2,0.43
15972,37500.0,450.2,0.43
15973,35190.0,216.4,0.48
15974,35190.0,216.4,0.48
15975,40320.0,216.4,0.48
15976,40320.0,216.4,0.48
15977,20670.0,450.2,0.43
15978,20670.0,450.2,0.43
15979,27180.0,216.4,0.48
15980,27180.0,216.4,0.48
15981,27180.0,216.4,0.48
15982,34730.0,216.4,0.48
15983,34730.0,216.4,0.48
15984,34730.0,216.4,0.48
15985,36800.0,216.4,0.48
15986,35190.0,216.4,0.48
15987,35190.0,216.4,0.48
15988,35190.0,216.4,0.48
15989,36340.0,450.2,0.43
15990,36340.0,450.2,0.43
15991,36340.0,450.2,0.43
15992,32000.0,450.2,0.43
15993,32000.0,450.2,0.43
15994,32000.0,450.2,0.43
15995,36800.0,450.2,0.43
15996,36800.0,450.2,0.43
15997,36800.0,450.2,0.43
15998,12800.0,450.2,0.43
15999,12800.0,450.2,0.43
16000,12800.0,450.2,0.43
16001,36800.0,450.2,0.43
16002,36800.0,450.2,0.43
16003,36800.0,450.2,0.43
16004,36800.0,216.4,0.48
16005,36800.0,216.4,0.48
16006,36800.0,216.4,0.48
16007,55200000.0,216.4,0.48
16008,55200000.0,216.4,0.48
16009,43500000.0,450.2,0.43
16010,43500000.0,450.2,0.43
16011,52785000.0,216.4,0.48
16012,52785000.0,216.4,0.48
16013,60480000.0,216.4,0.48
16014,60480000.0,216.4,0.48
16015,60480000.0,216.4,0.48
16016,52095000.0,216.4,0.48
16017,52095000.0,216.4,0.48
16018,52095000.0,216.4,0.48
16019,19200000.0,450.2,0.43
16020,19200000.0,450.2,0.43
16021,19200000.0,450.2,0.43
16022,55200000.0,450.2,0.43
16023,55200000.0,450.2,0.43
16024,55200000.0,450.2,0.43
16025,14784000.0,216.4,0.48
16026,14784000.0,216.4,0.48
16027,14784000.0,216.4,0.48
16028,28416000.0,216.4,0.48
16029,28416000.0,216.4,0.48
16030,10296000.0,450.2,0.43
16031,10296000.0,450.2,0.43
16032,10296000.0,450.2,0.43
16033,11600000.0,450.2,0.43
16034,11600000.0,450.2,0.43
16035,13616000.0,216.4,0.48
16036,13616000.0,216.4,0.48
16037,13616000.0,216.4,0.48
16038,13892000.0,216.4,0.48
16039,13892000.0,216.4,0.48
16040,13892000.0,216.4,0.48
16041,12800000.0,450.2,0.43
16042,12800000.0,450.2,0.43
16043,12800000.0,450.2,0.43
16044,14720000.0,216.4,0.48
16045,14720000.0,216.4,0.48
16046,14720000.0,216.4,0.48
16047,2272000.0,216.4,0.48
16048,2272000.0,216.4,0.48
16049,2272000.0,216.4,0.48
16050,14076000.0,216.4,0.48
16051,14076000.0,216.4,0.48
16052,14720000.0,450.2,0.43
16053,14720000.0,450.2,0.43
16054,14720000.0,450.2,0.43
16055,10872000.0,216.4,0.48
16056,10872000.0,216.4,0.48
16057,10872000.0,216.4,0.48
16058,22500.0,216.4,0.48
16059,13892000.0,216.4,0.48
16060,13892000.0,216.4,0.48
16061,13892000.0,216.4,0.48
16062,14720000.0,450.2,0.43
16063,14720000.0,450.2,0.43
16064,14720000.0,450.2,0.43
16065,60480000.0,216.4,0.48
16066,40770000.0,216.4,0.48
16067,40770000.0,216.4,0.48
16068,51750000.0,216.4,0.48
16069,51750000.0,216.4,0.48
16070,51750000.0,216.4,0.48
16071,50025000.0,216.4,0.48
16072,50025000.0,216.4,0.48
16073,38610000.0,450.2,0.43
16074,38610000.0,450.2,0.43
16075,55200000.0,216.4,0.48
16076,55200000.0,216.4,0.48
16077,55200000.0,216.4,0.48
16078,40770000.0,216.4,0.48
16079,40770000.0,216.4,0.48
16080,40770000.0,216.4,0.48
16081,5680.0,216.4,0.48
16082,5680.0,216.4,0.48
16083,37500.0,450.2,0.43
16084,37500.0,450.2,0.43
16085,37500.0,450.2,0.43
16086,22500.0,216.4,0.48
16087,28416000.0,216.4,0.48
16088,28416000.0,216.4,0.48
16089,13616000.0,216.4,0.48
16090,13616000.0,216.4,0.48
16091,13616000.0,216.4,0.48
16092,13800000.0,216.4,0.48
16093,8904000.0,450.2,0.43
16094,8904000.0,450.2,0.43
16095,8904000.0,450.2,0.43
16096,13616000.0,216.4,0.48
16097,13616000.0,216.4,0.48
16098,13616000.0,216.4,0.48
16099,12800000.0,450.2,0.43
16100,12800000.0,450.2,0.43
16101,12800000.0,450.2,0.43
16102,10296000.0,450.2,0.43
16103,10296000.0,450.2,0.43
16104,11600000.0,450.2,0.43
16105,11600000.0,450.2,0.43
16106,14784000.0,216.4,0.48
16107,14784000.0,216.4,0.48
16108,11600000.0,450.2,0.43
16109,11600000.0,450.2,0.43
16110,11600000.0,450.2,0.43
16111,14260000.0,450.2,0.43
16112,14260000.0,450.2,0.43
16113,14720000.0,216.4,0.48
16114,14720000.0,216.4,0.48
16115,13892000.0,216.4,0.48
16116,13892000.0,216.4,0.48
16117,13892000.0,216.4,0.48
16118,2272000.0,216.4,0.48
16119,2272000.0,216.4,0.48
16120,2272000.0,216.4,0.48
16121,8580000.0,216.4,0.48
16122,8580000.0,216.4,0.48
16123,22500.0,216.4,0.48
16124,21450.0,216.4,0.48
16125,21450.0,216.4,0.48
16126,5680.0,216.4,0.48
16127,5680.0,216.4,0.48
16128,20670.0,450.2,0.43
16129,20670.0,450.2,0.43
16130,20670.0,450.2,0.43
16131,52095000.0,216.4,0.48
16132,52095000.0,216.4,0.48
16133,36340.0,216.4,0.48
16134,36340.0,216.4,0.48
16135,36340.0,216.4,0.48
16136,22260.0,450.2,0.43
16137,22260.0,450.2,0.43
16138,22260.0,450.2,0.43
16139,20670.0,450.2,0.43
16140,20670.0,450.2,0.43
16141,20670.0,450.2,0.43
16142,13040.0,216.4,0.48
16143,13040.0,216.4,0.48
16144,13040.0,216.4,0.48
16145,26640.0,450.2,0.43
16146,5680.0,216.4,0.48
16147,5680.0,216.4,0.48
16148,5680.0,216.4,0.48
16149,33120.0,450.2,0.43
16150,33120.0,450.2,0.43
16151,34730.0,216.4,0.48
16152,34730.0,216.4,0.48
16153,34730.0,216.4,0.48
16154,36800.0,450.2,0.43
16155,36800.0,450.2,0.43
16156,21450.0,216.4,0.48
16157,21450.0,216.4,0.48
16158,36800.0,450.2,0.43
16159,36800.0,450.2,0.43
16160,36800.0,450.2,0.43
16161,36800.0,216.4,0.48
16162,36800.0,216.4,0.48
16163,41440.0,450.2,0.43
16164,41440.0,450.2,0.43
16165,34800.0,450.2,0.43
16166,34800.0,450.2,0.43
16167,34800.0,450.2,0.43
16168,38400.0,450.2,0.43
16169,38400.0,450.2,0.43
16170,38400.0,450.2,0.43
16171,34500.0,450.2,0.43
16172,34500.0,450.2,0.43
16173,36800.0,216.4,0.48
16174,36800.0,216.4,0.48
16175,36800.0,216.4,0.48
16176,34500.0,450.2,0.43
16177,34500.0,450.2,0.43
16178,5500.0,366.7,0.33
16179,5500.0,366.7,0.33
16180,5500.0,366.7,0.33
16181,32550.0,216.4,0.48
16182,32550.0,216.4,0.48
16183,36340.0,216.4,0.48
16184,36340.0,216.4,0.48
16185,36340.0,216.4,0.48
16186,35190.0,216.4,0.48
16187,35190.0,216.4,0.48
16188,35190.0,216.4,0.48
16189,18000.0,366.7,0.33
16190,18000.0,366.7,0.33
16191,18000.0,366.7,0.33
16192,21450.0,216.4,0.48
16193,21450.0,216.4,0.48
16194,21450.0,216.4,0.48
16195,36340.0,450.2,0.43
16196,13340000.0,450.2,0.43
16197,13340000.0,450.2,0.43
16198,13340000.0,450.2,0.43
16199,8268000.0,450.2,0.43
16200,8268000.0,450.2,0.43
16201,8268000.0,450.2,0.43
16202,13892000.0,216.4,0.48
16203,13892000.0,216.4,0.48
16204,13892000.0,216.4,0.48
16205,10872000.0,216.4,0.48
16206,10872000.0,216.4,0.48
16207,10872000.0,216.4,0.48
16208,13800000.0,450.2,0.43
16209,13800000.0,450.2,0.43
16210,13800000.0,450.2,0.43
16211,13920000.0,450.2,0.43
16212,13920000.0,450.2,0.43
16213,8580000.0,216.4,0.48
16214,8580000.0,216.4,0.48
16215,3432000.0,450.2,0.43
16216,3432000.0,450.2,0.43
16217,3432000.0,450.2,0.43
16218,14720000.0,450.2,0.43
16219,14720000.0,450.2,0.43
16220,14720000.0,450.2,0.43
16221,14536000.0,216.4,0.48
16222,14536000.0,216.4,0.48
16223,14536000.0,216.4,0.48
16224,14260000.0,450.2,0.43
16225,14260000.0,450.2,0.43
16226,14720000.0,216.4,0.48
16227,14720000.0,216.4,0.48
16228,14720000.0,216.4,0.48
16229,2272000.0,216.4,0.48
16230,2272000.0,216.4,0.48
16231,2272000.0,216.4,0.48
16232,14536000.0,450.2,0.43
16233,14536000.0,450.2,0.43
16234,14536000.0,450.2,0.43
16235,14720000.0,450.2,0.43
16236,14720000.0,450.2,0.43
16237,14720000.0,216.4,0.48
16238,14720000.0,216.4,0.48
16239,14076000.0,216.4,0.48
16240,14076000.0,216.4,0.48
16241,14076000.0,216.4,0.48
16242,16576000.0,450.2,0.43
16243,16576000.0,450.2,0.43
16244,22500.0,216.4,0.48
16245,12870000.0,450.2,0.43
16246,12870000.0,450.2,0.43
16247,55200000.0,450.2,0.43
16248,55200000.0,450.2,0.43
16249,55200000.0,450.2,0.43
16250,48300000.0,216.4,0.48
16251,48300000.0,216.4,0.48
16252,48300000.0,216.4,0.48
16253,52095000.0,216.4,0.48
16254,52095000.0,216.4,0.48
16255,52095000.0,216.4,0.48
16256,31005000.0,450.2,0.43
16257,31005000.0,450.2,0.43
16258,31005000.0,450.2,0.43
16259,8520000.0,216.4,0.48
16260,8520000.0,216.4,0.48
16261,8520000.0,216.4,0.48
16262,40500000.0,216.4,0.48
16263,40500000.0,216.4,0.48
16264,55200000.0,450.2,0.43
16265,55200000.0,450.2,0.43
16266,55200000.0,450.2,0.43
16267,52200000.0,450.2,0.43
16268,52200000.0,450.2,0.43
16269,51060000.0,216.4,0.48
16270,51060000.0,216.4,0.48
16271,5680.0,216.4,0.48
16272,5680.0,216.4,0.48
16273,20670.0,450.2,0.43
16274,20670.0,450.2,0.43
16275,20670.0,450.2,0.43
16276,34730.0,216.4,0.48
16277,34730.0,216.4,0.48
16278,14536000.0,216.4,0.48
16279,14536000.0,216.4,0.48
16280,14536000.0,216.4,0.48
16281,14076000.0,216.4,0.48
16282,14076000.0,216.4,0.48
16283,14076000.0,216.4,0.48
16284,13892000.0,216.4,0.48
16285,13892000.0,216.4,0.48
16286,13892000.0,216.4,0.48
16287,10872000.0,216.4,0.48
16288,10872000.0,216.4,0.48
16289,10872000.0,216.4,0.48
16290,8580000.0,216.4,0.48
16291,8580000.0,216.4,0.48
16292,31005000.0,450.2,0.43
16293,31005000.0,450.2,0.43
16294,31005000.0,450.2,0.43
16295,22500.0,216.4,0.48
16296,35650.0,450.2,0.43
16297,35650.0,450.2,0.43
16298,32000.0,450.2,0.43
16299,32000.0,450.2,0.43
16300,32000.0,450.2,0.43
16301,36800.0,450.2,0.43
16302,36800.0,450.2,0.43
16303,36800.0,450.2,0.43
16304,5680.0,216.4,0.48
16305,5680.0,216.4,0.48
16306,5680.0,216.4,0.48
16307,36340.0,450.2,0.43
16308,36340.0,450.2,0.43
16309,36340.0,450.2,0.43
16310,40320.0,216.4,0.48
16311,40320.0,216.4,0.48
16312,40320.0,216.4,0.48
16313,27180.0,216.4,0.48
16314,27180.0,216.4,0.48
16315,27180.0,216.4,0.48
16316,34730.0,216.4,0.48
16317,34730.0,216.4,0.48
16318,34730.0,216.4,0.48
16319,34800.0,450.2,0.43
16320,34800.0,450.2,0.43
16321,22500.0,216.4,0.48
16322,22500.0,216.4,0.48
16323,34500.0,216.4,0.48
16324,34500.0,216.4,0.48
16325,32550.0,216.4,0.48
16326,32550.0,216.4,0.48
16327,32550.0,216.4,0.48
16328,28800.0,450.2,0.43
16329,28800.0,450.2,0.43
16330,28800.0,450.2,0.43
16331,26600.0,450.2,0.43
16332,26600.0,450.2,0.43
16333,25740.0,450.2,0.43
16334,25740.0,450.2,0.43
16335,25740.0,450.2,0.43
16336,34040.0,216.4,0.48
16337,34040.0,216.4,0.48
16338,34040.0,216.4,0.48
16339,14720000.0,450.2,0.43
16340,14720000.0,450.2,0.43
16341,14720000.0,450.2,0.43
16342,14260000.0,450.2,0.43
16343,2272000.0,216.4,0.48
16344,2272000.0,216.4,0.48
16345,2272000.0,216.4,0.48
16346,12800000.0,450.2,0.43
16347,12800000.0,450.2,0.43
16348,12800000.0,450.2,0.43
16349,11600000.0,450.2,0.43
16350,11600000.0,450.2,0.43
16351,11600000.0,450.2,0.43
16352,14720000.0,216.4,0.48
16353,14720000.0,216.4,0.48
16354,14720000.0,216.4,0.48
16355,16128000.0,216.4,0.48
16356,16128000.0,216.4,0.48
16357,16128000.0,216.4,0.48
16358,12880000.0,216.4,0.48
16359,12880000.0,216.4,0.48
16360,14720000.0,216.4,0.48
16361,14720000.0,216.4,0.48
16362,14720000.0,216.4,0.48
16363,13892000.0,216.4,0.48
16364,13892000.0,216.4,0.48
16365,13892000.0,216.4,0.48
16366,13920000.0,450.2,0.43
16367,13920000.0,450.2,0.43
16368,13920000.0,450.2,0.43
16369,10872000.0,216.4,0.48
16370,10872000.0,216.4,0.48
16371,10872000.0,216.4,0.48
16372,13340000.0,216.4,0.48
16373,13340000.0,216.4,0.48
16374,13340000.0,216.4,0.48
16375,16576000.0,450.2,0.43
16376,16576000.0,450.2,0.43
16377,10640000.0,450.2,0.43
16378,10640000.0,450.2,0.43
16379,11520000.0,450.2,0.43
16380,11520000.0,450.2,0.43
16381,11520000.0,450.2,0.43
16382,15360000.0,450.2,0.43
16383,15360000.0,450.2,0.43
16384,15360000.0,450.2,0.43
16385,7200000.0,366.7,0.33
16386,7200000.0,366.7,0.33
16387,7200000.0,366.7,0.33
16388,15960000.0,216.4,0.48
16389,15960000.0,216.4,0.48
16390,15960000.0,216.4,0.48
16391,13340000.0,450.2,0.43
16392,13340000.0,450.2,0.43
16393,13616000.0,216.4,0.48
16394,13616000.0,216.4,0.48
16395,13616000.0,216.4,0.48
16396,14300000.0,216.4,0.48
16397,14300000.0,216.4,0.48
16398,14300000.0,216.4,0.48
16399,13020000.0,216.4,0.48
16400,13020000.0,216.4,0.48
16401,13020000.0,216.4,0.48
16402,13800000.0,450.2,0.43
16403,13800000.0,450.2,0.43
16404,11440000.0,450.2,0.43
16405,11440000.0,450.2,0.43
16406,13616000.0,216.4,0.48
16407,13616000.0,216.4,0.48
16408,13616000.0,216.4,0.48
16409,8904000.0,450.2,0.43
16410,8904000.0,450.2,0.43
16411,13020000.0,216.4,0.48
16412,13020000.0,216.4,0.48
16413,10296000.0,450.2,0.43
16414,10296000.0,450.2,0.43
16415,14720000.0,450.2,0.43
16416,14720000.0,450.2,0.43
16417,14784000.0,216.4,0.48
16418,14784000.0,216.4,0.48
16419,14784000.0,216.4,0.48
16420,13800000.0,450.2,0.43
16421,13800000.0,450.2,0.43
16422,13800000.0,450.2,0.43
16423,14076000.0,216.4,0.48
16424,14076000.0,216.4,0.48
16425,14076000.0,216.4,0.48
16426,48000000.0,450.2,0.43
16427,48000000.0,450.2,0.43
16428,48000000.0,450.2,0.43
16429,106560000.0,216.4,0.48
16430,106560000.0,216.4,0.48
16431,600000.0,366.7,0.33
16432,600000.0,366.7,0.33
16433,600000.0,366.7,0.33
16434,60480000.0,216.4,0.48
16435,60480000.0,216.4,0.48
16436,51060000.0,216.4,0.48
16437,51060000.0,216.4,0.48
16438,51060000.0,216.4,0.48
16439,51750000.0,450.2,0.43
16440,51750000.0,450.2,0.43
16441,51750000.0,450.2,0.43
16442,55200000.0,450.2,0.43
16443,55200000.0,450.2,0.43
16444,52095000.0,216.4,0.48
16445,52095000.0,216.4,0.48
16446,39900000.0,450.2,0.43
16447,39900000.0,450.2,0.43
16448,55200000.0,216.4,0.48
16449,55200000.0,216.4,0.48
16450,55200000.0,216.4,0.48
16451,32175000.0,216.4,0.48
16452,32175000.0,216.4,0.48
16453,32175000.0,216.4,0.48
16454,40770000.0,216.4,0.48
16455,40770000.0,216.4,0.48
16456,52200000.0,450.2,0.43
16457,52200000.0,450.2,0.43
16458,52200000.0,450.2,0.43
16459,38610000.0,450.2,0.43
16460,38610000.0,450.2,0.43
16461,38610000.0,450.2,0.43
16462,55200000.0,450.2,0.43
16463,55200000.0,450.2,0.43
16464,60480000.0,216.4,0.48
16465,60480000.0,216.4,0.48
16466,60480000.0,216.4,0.48
16467,39900000.0,450.2,0.43
16468,39900000.0,450.2,0.43
16469,55200000.0,450.2,0.43
16470,55200000.0,450.2,0.43
16471,55200000.0,450.2,0.43
16472,62160000.0,450.2,0.43
16473,62160000.0,450.2,0.43
16474,27000000.0,366.7,0.33
16475,27000000.0,366.7,0.33
16476,600000.0,366.7,0.33
16477,600000.0,366.7,0.33
16478,600000.0,366.7,0.33
16479,48000000.0,450.2,0.43
16480,48000000.0,450.2,0.43
16481,27000000.0,366.7,0.33
16482,27000000.0,366.7,0.33
16483,27000000.0,366.7,0.33
16484,27000000.0,366.7,0.33
16485,27000000.0,366.7,0.33
16486,57600000.0,450.2,0.43
16487,57600000.0,450.2,0.43
16488,57600000.0,450.2,0.43
16489,52095000.0,216.4,0.48
16490,52095000.0,216.4,0.48
16491,51060000.0,216.4,0.48
16492,51060000.0,216.4,0.48
16493,51060000.0,216.4,0.48
16494,51750000.0,450.2,0.43
16495,51750000.0,450.2,0.43
16496,33750000.0,216.4,0.48
16497,33750000.0,216.4,0.48
16498,38610000.0,450.2,0.43
16499,38610000.0,450.2,0.43
16500,39900000.0,450.2,0.43
16501,39900000.0,450.2,0.43
16502,27000000.0,366.7,0.33
16503,27000000.0,366.7,0.33
16504,27000000.0,366.7,0.33
16505,27000000.0,366.7,0.33
16506,27000000.0,366.7,0.33
16507,55200000.0,450.2,0.43
16508,55200000.0,450.2,0.43
16509,62160000.0,450.2,0.43
16510,62160000.0,450.2,0.43
16511,600000.0,366.7,0.33
16512,600000.0,366.7,0.33
16513,600000.0,366.7,0.33
16514,52095000.0,216.4,0.48
16515,52095000.0,216.4,0.48
16516,52095000.0,216.4,0.48
16517,60480000.0,216.4,0.48
16518,60480000.0,216.4,0.48
16519,60480000.0,216.4,0.48
16520,57600000.0,450.2,0.43
16521,57600000.0,450.2,0.43
16522,51060000.0,216.4,0.48
16523,51060000.0,216.4,0.48
16524,48825000.0,216.4,0.48
16525,48825000.0,216.4,0.48
16526,55200000.0,216.4,0.48
16527,55200000.0,216.4,0.48
16528,55200000.0,216.4,0.48
16529,55200000.0,216.4,0.48
16530,55200000.0,216.4,0.48
16531,48825000.0,216.4,0.48
16532,48825000.0,216.4,0.48
16533,48825000.0,216.4,0.48
16534,10872000.0,216.4,0.48
16535,10872000.0,216.4,0.48
16536,10872000.0,216.4,0.48
16537,14720000.0,450.2,0.43
16538,14720000.0,450.2,0.43
16539,12800000.0,450.2,0.43
16540,12800000.0,450.2,0.43
16541,12800000.0,450.2,0.43
16542,15360000.0,450.2,0.43
16543,15360000.0,450.2,0.43
16544,15360000.0,450.2,0.43
16545,9000000.0,216.4,0.48
16546,9000000.0,216.4,0.48
16547,13892000.0,216.4,0.48
16548,13892000.0,216.4,0.48
16549,160000.0,366.7,0.33
16550,160000.0,366.7,0.33
16551,14720000.0,216.4,0.48
16552,14720000.0,216.4,0.48
16553,14784000.0,216.4,0.48
16554,14784000.0,216.4,0.48
16555,14784000.0,216.4,0.48
16556,34730.0,216.4,0.48
16557,34730.0,216.4,0.48
16558,34730.0,216.4,0.48
16559,13892000.0,216.4,0.48
16560,39900000.0,450.2,0.43
16561,39900000.0,450.2,0.43
16562,27000000.0,366.7,0.33
16563,27000000.0,366.7,0.33
16564,51060000.0,216.4,0.48
16565,51060000.0,216.4,0.48
16566,51750000.0,450.2,0.43
16567,51750000.0,450.2,0.43
16568,51750000.0,450.2,0.43
16569,600000.0,366.7,0.33
16570,600000.0,366.7,0.33
16571,600000.0,366.7,0.33
16572,55200000.0,450.2,0.43
16573,55200000.0,450.2,0.43
16574,3404000.0,216.4,0.48
16575,3404000.0,216.4,0.48
16576,20670.0,450.2,0.43
16577,20670.0,450.2,0.43
16578,36340.0,216.4,0.48
16579,36340.0,216.4,0.48
16580,36340.0,216.4,0.48
16581,22260.0,450.2,0.43
16582,22260.0,450.2,0.43
16583,22260.0,450.2,0.43
16584,34730.0,216.4,0.48
16585,34730.0,216.4,0.48
16586,34730.0,216.4,0.48
16587,36340.0,216.4,0.48
16588,36340.0,216.4,0.48
16589,36340.0,216.4,0.48
16590,20670.0,450.2,0.43
16591,20670.0,450.2,0.43
16592,20670.0,450.2,0.43
16593,21450.0,216.4,0.48
16594,21450.0,216.4,0.48
16595,21450.0,216.4,0.48
16596,21450.0,216.4,0.48
16597,21450.0,216.4,0.48
16598,21450.0,216.4,0.48
16599,36800.0,216.4,0.48
16600,36800.0,216.4,0.48
16601,8268000.0,450.2,0.43
16602,13920000.0,450.2,0.43
16603,13920000.0,450.2,0.43
16604,16576000.0,450.2,0.43
16605,16576000.0,450.2,0.43
16606,3432000.0,450.2,0.43
16607,3432000.0,450.2,0.43
16608,32175000.0,216.4,0.48
16609,32175000.0,216.4,0.48
16610,32175000.0,216.4,0.48
16611,8904000.0,450.2,0.43
16612,8904000.0,450.2,0.43
16613,8904000.0,450.2,0.43
16614,8580000.0,216.4,0.48
16615,8580000.0,216.4,0.48
16616,8580000.0,216.4,0.48
16617,22260.0,450.2,0.43
16618,22260.0,450.2,0.43
16619,22260.0,450.2,0.43
16620,22500.0,216.4,0.48
16621,36340.0,216.4,0.48
16622,21450.0,216.4,0.48
16623,21450.0,216.4,0.48
16624,21450.0,216.4,0.48
16625,36340.0,216.4,0.48
16626,36340.0,216.4,0.48
16627,36340.0,216.4,0.48
16628,20670.0,450.2,0.43
16629,20670.0,450.2,0.43
16630,20670.0,450.2,0.43
16631,22260.0,450.2,0.43
16632,21450.0,216.4,0.48
16633,21450.0,216.4,0.48
16634,21450.0,216.4,0.48
16635,35190.0,216.4,0.48
16636,35190.0,216.4,0.48
16637,36340.0,450.2,0.43
16638,36340.0,450.2,0.43
16639,36340.0,450.2,0.43
16640,34500.0,450.2,0.43
16641,34500.0,450.2,0.43
16642,34500.0,450.2,0.43
16643,36800.0,216.4,0.48
16644,36800.0,216.4,0.48
16645,36800.0,216.4,0.48
16646,36800.0,216.4,0.48
16647,36800.0,216.4,0.48
16648,36800.0,216.4,0.48
16649,27180.0,216.4,0.48
16650,27180.0,216.4,0.48
16651,25000.0,216.4,0.48
16652,25000.0,216.4,0.48
16653,25000.0,216.4,0.48
16654,25000.0,216.4,0.48
16655,25000.0,216.4,0.48
16656,34500.0,450.2,0.43
16657,34500.0,450.2,0.43
16658,34730.0,216.4,0.48
16659,34730.0,216.4,0.48
16660,34730.0,216.4,0.48
16661,29000.0,450.2,0.43
16662,36340.0,216.4,0.48
16663,36340.0,216.4,0.48
16664,36340.0,216.4,0.48
16665,9000000.0,216.4,0.48
16666,9000000.0,216.4,0.48
16667,9000000.0,216.4,0.48
16668,10872000.0,216.4,0.48
16669,10872000.0,216.4,0.48
16670,10872000.0,216.4,0.48
16671,3432000.0,450.2,0.43
16672,3432000.0,450.2,0.43
16673,10800000.0,216.4,0.48
16674,10800000.0,216.4,0.48
16675,13800000.0,450.2,0.43
16676,13800000.0,450.2,0.43
16677,13800000.0,450.2,0.43
16678,13920000.0,450.2,0.43
16679,13920000.0,450.2,0.43
16680,2272000.0,216.4,0.48
16681,2272000.0,216.4,0.48
16682,8580000.0,216.4,0.48
16683,8580000.0,216.4,0.48
16684,13892000.0,216.4,0.48
16685,13892000.0,216.4,0.48
16686,10000000.0,216.4,0.48
16687,10000000.0,216.4,0.48
16688,10000000.0,216.4,0.48
16689,13800000.0,450.2,0.43
16690,13800000.0,450.2,0.43
16691,13800000.0,450.2,0.43
16692,13616000.0,216.4,0.48
16693,22500.0,216.4,0.48
16694,32175000.0,216.4,0.48
16695,32175000.0,216.4,0.48
16696,51750000.0,450.2,0.43
16697,51750000.0,450.2,0.43
16698,51750000.0,450.2,0.43
16699,51750000.0,450.2,0.43
16700,51750000.0,450.2,0.43
16701,51750000.0,450.2,0.43
16702,55200000.0,216.4,0.48
16703,55200000.0,216.4,0.48
16704,43500000.0,450.2,0.43
16705,43500000.0,450.2,0.43
16706,43500000.0,450.2,0.43
16707,52095000.0,216.4,0.48
16708,10800000.0,216.4,0.48
16709,10800000.0,216.4,0.48
16710,8580000.0,216.4,0.48
16711,8580000.0,216.4,0.48
16712,2272000.0,216.4,0.48
16713,2272000.0,216.4,0.48
16714,2272000.0,216.4,0.48
16715,16576000.0,450.2,0.43
16716,16576000.0,450.2,0.43
16717,13920000.0,450.2,0.43
16718,13920000.0,450.2,0.43
16719,22500.0,216.4,0.48
16720,13616000.0,216.4,0.48
16721,13616000.0,216.4,0.48
16722,14300000.0,216.4,0.48
16723,10640000.0,450.2,0.43
16724,10640000.0,450.2,0.43
16725,2272000.0,216.4,0.48
16726,2272000.0,216.4,0.48
16727,22500.0,216.4,0.48
16728,13892000.0,216.4,0.48
16729,13892000.0,216.4,0.48
16730,2272000.0,216.4,0.48
16731,2272000.0,216.4,0.48
16732,8580000.0,216.4,0.48
16733,8580000.0,216.4,0.48
16734,16128000.0,216.4,0.48
16735,16128000.0,216.4,0.48
16736,14720000.0,450.2,0.43
16737,14720000.0,450.2,0.43
16738,14720000.0,450.2,0.43
16739,14720000.0,450.2,0.43
16740,15360000.0,450.2,0.43
16741,15360000.0,450.2,0.43
16742,2272000.0,216.4,0.48
16743,2272000.0,216.4,0.48
16744,22500.0,216.4,0.48
16745,52095000.0,216.4,0.48
16746,52095000.0,216.4,0.48
16747,52095000.0,216.4,0.48
16748,57600000.0,450.2,0.43
16749,57600000.0,450.2,0.43
16750,25000.0,216.4,0.48
16751,25000.0,216.4,0.48
16752,33350.0,216.4,0.48
16753,33350.0,216.4,0.48
16754,33350.0,216.4,0.48
16755,38400.0,450.2,0.43
16756,38400.0,450.2,0.43
16757,34730.0,216.4,0.48
16758,34730.0,216.4,0.48
16759,36800.0,216.4,0.48
16760,36800.0,216.4,0.48
16761,36800.0,216.4,0.48
16762,29000.0,450.2,0.43
16763,29000.0,450.2,0.43
16764,22500.0,216.4,0.48
16765,22500.0,216.4,0.48
16766,14300000.0,216.4,0.48
16767,14300000.0,216.4,0.48
16768,10640000.0,450.2,0.43
16769,10640000.0,450.2,0.43
16770,2272000.0,216.4,0.48
16771,2272000.0,216.4,0.48
16772,14720000.0,450.2,0.43
16773,14720000.0,450.2,0.43
16774,13892000.0,216.4,0.48
16775,13892000.0,216.4,0.48
16776,15360000.0,450.2,0.43
16777,15360000.0,450.2,0.43
16778,13248000.0,450.2,0.43
16779,13248000.0,450.2,0.43
16780,16128000.0,216.4,0.48
16781,16128000.0,216.4,0.48
16782,22500.0,216.4,0.48
16783,2272000.0,216.4,0.48
16784,2272000.0,216.4,0.48
16785,14300000.0,216.4,0.48
16786,14300000.0,216.4,0.48
16787,14720000.0,450.2,0.43
16788,14720000.0,450.2,0.43
16789,13892000.0,216.4,0.48
16790,13892000.0,216.4,0.48
16791,13892000.0,216.4,0.48
16792,13800000.0,450.2,0.43
16793,13800000.0,450.2,0.43
16794,13800000.0,450.2,0.43
16795,15960000.0,216.4,0.48
16796,15960000.0,216.4,0.48
16797,14720000.0,216.4,0.48
16798,14720000.0,216.4,0.48
16799,14720000.0,216.4,0.48
16800,13800000.0,450.2,0.43
16801,13800000.0,450.2,0.43
16802,13800000.0,450.2,0.43
16803,16128000.0,216.4,0.48
16804,16128000.0,216.4,0.48
16805,15360000.0,450.2,0.43
16806,15360000.0,450.2,0.43
16807,15360000.0,450.2,0.43
16808,16576000.0,450.2,0.43
16809,16576000.0,450.2,0.43
16810,2272000.0,216.4,0.48
16811,2272000.0,216.4,0.48
16812,13920000.0,450.2,0.43
16813,13920000.0,450.2,0.43
16814,8580000.0,216.4,0.48
16815,8580000.0,216.4,0.48
16816,12880000.0,216.4,0.48
16817,12880000.0,216.4,0.48
16818,12880000.0,216.4,0.48
16819,11600000.0,450.2,0.43
16820,11600000.0,450.2,0.43
16821,11600000.0,450.2,0.43
16822,10296000.0,450.2,0.43
16823,10296000.0,450.2,0.43
16824,13340000.0,450.2,0.43
16825,13340000.0,450.2,0.43
16826,13340000.0,450.2,0.43
16827,15000000.0,450.2,0.43
16828,15000000.0,450.2,0.43
16829,15000000.0,450.2,0.43
16830,14720000.0,450.2,0.43
16831,14720000.0,450.2,0.43
16832,14720000.0,450.2,0.43
16833,21320000.0,450.2,0.43
16834,21320000.0,450.2,0.43
16835,10872000.0,216.4,0.48
16836,10872000.0,216.4,0.48
16837,10872000.0,216.4,0.48
16838,10800000.0,216.4,0.48
16839,10800000.0,216.4,0.48
16840,14784000.0,216.4,0.48
16841,14784000.0,216.4,0.48
16842,14720000.0,216.4,0.48
16843,14720000.0,216.4,0.48
16844,14720000.0,216.4,0.48
16845,11440000.0,450.2,0.43
16846,11440000.0,450.2,0.43
16847,13248000.0,450.2,0.43
16848,13248000.0,450.2,0.43
16849,10640000.0,450.2,0.43
16850,8580000.0,216.4,0.48
16851,8580000.0,216.4,0.48
16852,8580000.0,216.4,0.48
16853,23780000.0,450.2,0.43
16854,23780000.0,450.2,0.43
16855,8580000.0,216.4,0.48
16856,8580000.0,216.4,0.48
16857,13616000.0,216.4,0.48
16858,13616000.0,216.4,0.48
16859,55200000.0,450.2,0.43
16860,55200000.0,450.2,0.43
16861,60480000.0,216.4,0.48
16862,60480000.0,216.4,0.48
16863,55200000.0,216.4,0.48
16864,55200000.0,216.4,0.48
16865,55200000.0,216.4,0.48
16866,56250000.0,450.2,0.43
16867,56250000.0,450.2,0.43
16868,51750000.0,450.2,0.43
16869,51750000.0,450.2,0.43
16870,55200000.0,450.2,0.43
16871,55200000.0,450.2,0.43
16872,55200000.0,450.2,0.43
16873,55200000.0,450.2,0.43
16874,600000.0,366.7,0.33
16875,600000.0,366.7,0.33
16876,51750000.0,450.2,0.43
16877,51750000.0,450.2,0.43
16878,52095000.0,216.4,0.48
16879,52095000.0,216.4,0.48
16880,48300000.0,216.4,0.48
16881,48300000.0,216.4,0.48
16882,48300000.0,216.4,0.48
16883,60480000.0,216.4,0.48
16884,60480000.0,216.4,0.48
16885,32175000.0,216.4,0.48
16886,32175000.0,216.4,0.48
16887,32175000.0,216.4,0.48
16888,55200000.0,216.4,0.48
16889,55200000.0,216.4,0.48
16890,25000.0,216.4,0.48
16891,29000.0,450.2,0.43
16892,29000.0,450.2,0.43
16893,36800.0,216.4,0.48
16894,36800.0,216.4,0.48
16895,36800.0,216.4,0.48
16896,34730.0,216.4,0.48
16897,34730.0,216.4,0.48
16898,38400.0,450.2,0.43
16899,38400.0,450.2,0.43
16900,21450.0,216.4,0.48
16901,21450.0,216.4,0.48
16902,37500.0,450.2,0.43
16903,37500.0,450.2,0.43
16904,27180.0,216.4,0.48
16905,27180.0,216.4,0.48
16906,5680.0,216.4,0.48
16907,5680.0,216.4,0.48
16908,35750.0,216.4,0.48
16909,35750.0,216.4,0.48
16910,35750.0,216.4,0.48
16911,35750.0,216.4,0.48
16912,35750.0,216.4,0.48
16913,32200.0,216.4,0.48
16914,32200.0,216.4,0.48
16915,40320.0,216.4,0.48
16916,40320.0,216.4,0.48
16917,22500.0,216.4,0.48
16918,14720000.0,216.4,0.48
16919,14720000.0,216.4,0.48
16920,12880000.0,216.4,0.48
16921,12880000.0,216.4,0.48
16922,12880000.0,216.4,0.48
16923,15960000.0,216.4,0.48
16924,15960000.0,216.4,0.48
16925,15272000.0,450.2,0.43
16926,15272000.0,450.2,0.43
16927,15272000.0,450.2,0.43
16928,14720000.0,450.2,0.43
16929,14720000.0,450.2,0.43
16930,13800000.0,450.2,0.43
16931,13800000.0,450.2,0.43
16932,55200000.0,216.4,0.48
16933,55200000.0,216.4,0.48
16934,14720000.0,450.2,0.43
16935,14720000.0,450.2,0.43
16936,12800000.0,450.2,0.43
16937,12800000.0,450.2,0.43
16938,12800000.0,450.2,0.43
16939,15960000.0,216.4,0.48
16940,15960000.0,216.4,0.48
16941,15960000.0,216.4,0.48
16942,14720000.0,450.2,0.43
16943,14720000.0,450.2,0.43
16944,14720000.0,450.2,0.43
16945,11520000.0,450.2,0.43
16946,11520000.0,450.2,0.43
16947,2272000.0,216.4,0.48
16948,2272000.0,216.4,0.48
16949,14720000.0,216.4,0.48
16950,14720000.0,216.4,0.48
16951,14720000.0,216.4,0.48
16952,15360000.0,450.2,0.43
16953,15360000.0,450.2,0.43
16954,14076000.0,216.4,0.48
16955,14076000.0,216.4,0.48
16956,14076000.0,216.4,0.48
16957,8904000.0,450.2,0.43
16958,8904000.0,450.2,0.43
16959,32550.0,216.4,0.48
16960,32550.0,216.4,0.48
16961,28800.0,450.2,0.43
16962,28800.0,450.2,0.43
16963,28800.0,450.2,0.43
16964,35750.0,216.4,0.48
16965,35750.0,216.4,0.48
16966,32000.0,450.2,0.43
16967,32000.0,450.2,0.43
16968,32000.0,450.2,0.43
16969,36800.0,450.2,0.43
16970,36800.0,450.2,0.43
16971,34500.0,450.2,0.43
16972,34500.0,450.2,0.43
16973,34500.0,450.2,0.43
16974,35190.0,216.4,0.48
16975,35190.0,216.4,0.48
16976,35190.0,216.4,0.48
16977,22500.0,216.4,0.48
16978,38610000.0,450.2,0.43
16979,38610000.0,450.2,0.43
16980,14720000.0,216.4,0.48
16981,14720000.0,216.4,0.48
16982,14720000.0,216.4,0.48
16983,12800000.0,450.2,0.43
16984,12800000.0,450.2,0.43
16985,12800000.0,450.2,0.43
16986,13892000.0,216.4,0.48
16987,13892000.0,216.4,0.48
16988,14720000.0,216.4,0.48
16989,14720000.0,216.4,0.48
16990,14720000.0,216.4,0.48
16991,11440000.0,450.2,0.43
16992,11440000.0,450.2,0.43
16993,11440000.0,450.2,0.43
16994,10640000.0,450.2,0.43
16995,10640000.0,450.2,0.43
16996,13616000.0,216.4,0.48
16997,13616000.0,216.4,0.48
16998,13616000.0,216.4,0.48
16999,10872000.0,216.4,0.48
17000,10872000.0,216.4,0.48
17001,10872000.0,216.4,0.48
17002,13800000.0,450.2,0.43
17003,13800000.0,450.2,0.43
17004,13800000.0,450.2,0.43
17005,16128000.0,216.4,0.48
17006,16128000.0,216.4,0.48
17007,12880000.0,216.4,0.48
17008,12880000.0,216.4,0.48
17009,14720000.0,450.2,0.43
17010,14720000.0,450.2,0.43
17011,14720000.0,450.2,0.43
17012,11600000.0,450.2,0.43
17013,11600000.0,450.2,0.43
17014,11600000.0,450.2,0.43
17015,8580000.0,216.4,0.48
17016,8580000.0,216.4,0.48
17017,8580000.0,216.4,0.48
17018,13020000.0,216.4,0.48
17019,13020000.0,216.4,0.48
17020,18360000.0,450.2,0.43
17021,18360000.0,450.2,0.43
17022,13616000.0,216.4,0.48
17023,13616000.0,216.4,0.48
17024,13616000.0,216.4,0.48
17025,10000000.0,216.4,0.48
17026,10000000.0,216.4,0.48
17027,10000000.0,216.4,0.48
17028,11600000.0,450.2,0.43
17029,11600000.0,450.2,0.43
17030,13020000.0,216.4,0.48
17031,13020000.0,216.4,0.48
17032,14076000.0,216.4,0.48
17033,14076000.0,216.4,0.48
17034,14076000.0,216.4,0.48
17035,17760000.0,450.2,0.43
17036,17760000.0,450.2,0.43
17037,17760000.0,450.2,0.43
17038,60480000.0,216.4,0.48
17039,60480000.0,216.4,0.48
17040,55200000.0,216.4,0.48
17041,55200000.0,216.4,0.48
17042,55200000.0,216.4,0.48
17043,55200000.0,216.4,0.48
17044,55200000.0,216.4,0.48
17045,40770000.0,216.4,0.48
17046,40770000.0,216.4,0.48
17047,51750000.0,450.2,0.43
17048,51750000.0,450.2,0.43
17049,42900000.0,450.2,0.43
17050,42900000.0,450.2,0.43
17051,55200000.0,450.2,0.43
17052,55200000.0,450.2,0.43
17053,43500000.0,450.2,0.43
17054,43500000.0,450.2,0.43
17055,52095000.0,216.4,0.48
17056,52095000.0,216.4,0.48
17057,52785000.0,216.4,0.48
17058,52785000.0,216.4,0.48
17059,52785000.0,216.4,0.48
17060,14720000.0,216.4,0.48
17061,14720000.0,216.4,0.48
17062,14720000.0,450.2,0.43
17063,14720000.0,450.2,0.43
17064,14720000.0,450.2,0.43
17065,15960000.0,216.4,0.48
17066,15960000.0,216.4,0.48
17067,13892000.0,216.4,0.48
17068,13892000.0,216.4,0.48
17069,32000.0,450.2,0.43
17070,32000.0,450.2,0.43
17071,32000.0,450.2,0.43
17072,228000.0,216.4,0.48
17073,228000.0,216.4,0.48
17074,228000.0,216.4,0.48
17075,22500.0,216.4,0.48
17076,28600.0,450.2,0.43
17077,28600.0,450.2,0.43
17078,28600.0,450.2,0.43
17079,34040.0,216.4,0.48
17080,34040.0,216.4,0.48
17081,34040.0,216.4,0.48
17082,34040.0,216.4,0.48
17083,34040.0,216.4,0.48
17084,32200.0,216.4,0.48
17085,32200.0,216.4,0.48
17086,21450.0,216.4,0.48
17087,21450.0,216.4,0.48
17088,32550.0,216.4,0.48
17089,32550.0,216.4,0.48
17090,32550.0,216.4,0.48
17091,22260.0,450.2,0.43
17092,22260.0,450.2,0.43
17093,22260.0,450.2,0.43
17094,36800.0,450.2,0.43
17095,36800.0,450.2,0.43
17096,36800.0,450.2,0.43
17097,36800.0,216.4,0.48
17098,36800.0,216.4,0.48
17099,36800.0,216.4,0.48
17100,27180.0,216.4,0.48
17101,27180.0,216.4,0.48
17102,27180.0,216.4,0.48
17103,34730.0,216.4,0.48
17104,34730.0,216.4,0.48
17105,34730.0,216.4,0.48
17106,36340.0,216.4,0.48
17107,36340.0,216.4,0.48
17108,36340.0,216.4,0.48
17109,35190.0,216.4,0.48
17110,35190.0,216.4,0.48
17111,35190.0,216.4,0.48
17112,40320.0,216.4,0.48
17113,40320.0,216.4,0.48
17114,40320.0,216.4,0.48
17115,36960.0,216.4,0.48
17116,36960.0,216.4,0.48
17117,36960.0,216.4,0.48
17118,32000.0,450.2,0.43
17119,32000.0,450.2,0.43
17120,52200000.0,450.2,0.43
17121,52200000.0,450.2,0.43
17122,51750000.0,450.2,0.43
17123,51750000.0,450.2,0.43
17124,51750000.0,450.2,0.43
17125,48300000.0,216.4,0.48
17126,48300000.0,216.4,0.48
17127,52095000.0,216.4,0.48
17128,52095000.0,216.4,0.48
17129,40770000.0,216.4,0.48
17130,40770000.0,216.4,0.48
17131,40770000.0,216.4,0.48
17132,55200000.0,216.4,0.48
17133,55200000.0,216.4,0.48
17134,55200000.0,216.4,0.48
17135,48825000.0,216.4,0.48
17136,48825000.0,216.4,0.48
17137,48825000.0,216.4,0.48
17138,48825000.0,216.4,0.48
17139,55200000.0,450.2,0.43
17140,55200000.0,450.2,0.43
17141,55200000.0,450.2,0.43
17142,52095000.0,216.4,0.48
17143,52095000.0,216.4,0.48
17144,52095000.0,216.4,0.48
17145,55200000.0,216.4,0.48
17146,55200000.0,216.4,0.48
17147,57270000.0,450.2,0.43
17148,57270000.0,450.2,0.43
17149,57270000.0,450.2,0.43
17150,51060000.0,216.4,0.48
17151,51060000.0,216.4,0.48
17152,55440000.0,216.4,0.48
17153,55440000.0,216.4,0.48
17154,55440000.0,216.4,0.48
17155,37500000.0,216.4,0.48
17156,37500000.0,216.4,0.48
17157,37500000.0,216.4,0.48
17158,48825000.0,216.4,0.48
17159,48825000.0,216.4,0.48
17160,32550.0,216.4,0.48
17161,32550.0,216.4,0.48
17162,13892000.0,216.4,0.48
17163,13892000.0,216.4,0.48
17164,13892000.0,216.4,0.48
17165,13800000.0,450.2,0.43
17166,13800000.0,450.2,0.43
17167,13616000.0,216.4,0.48
17168,13616000.0,216.4,0.48
17169,13616000.0,216.4,0.48
17170,13616000.0,216.4,0.48
17171,13616000.0,216.4,0.48
17172,13616000.0,216.4,0.48
17173,10872000.0,216.4,0.48
17174,10872000.0,216.4,0.48
17175,10872000.0,216.4,0.48
17176,14076000.0,216.4,0.48
17177,14076000.0,216.4,0.48
17178,34730.0,216.4,0.48
17179,34730.0,216.4,0.48
17180,34040.0,216.4,0.48
17181,34040.0,216.4,0.48
17182,22500.0,216.4,0.48
17183,27180.0,216.4,0.48
17184,27180.0,216.4,0.48
17185,27180.0,216.4,0.48
17186,34040.0,216.4,0.48
17187,34040.0,216.4,0.48
17188,34040.0,216.4,0.48
17189,34730.0,216.4,0.48
17190,34730.0,216.4,0.48
17191,34730.0,216.4,0.48
17192,35190.0,216.4,0.48
17193,35190.0,216.4,0.48
17194,35190.0,216.4,0.48
17195,52095000.0,216.4,0.48
17196,52095000.0,216.4,0.48
17197,52095000.0,216.4,0.48
17198,60480000.0,216.4,0.48
17199,60480000.0,216.4,0.48
17200,60480000.0,216.4,0.48
17201,40770000.0,216.4,0.48
17202,40770000.0,216.4,0.48
17203,40770000.0,216.4,0.48
17204,52785000.0,216.4,0.48
17205,52785000.0,216.4,0.48
17206,52095000.0,216.4,0.48
17207,34730.0,216.4,0.48
17208,34730.0,216.4,0.48
17209,35190.0,216.4,0.48
17210,35190.0,216.4,0.48
17211,35190.0,216.4,0.48
17212,3360000.0,216.4,0.48
17213,3360000.0,216.4,0.48
17214,14076000.0,216.4,0.48
17215,14076000.0,216.4,0.48
17216,14076000.0,216.4,0.48
17217,11520000.0,450.2,0.43
17218,11520000.0,450.2,0.43
17219,11520000.0,450.2,0.43
17220,12800000.0,450.2,0.43
17221,12800000.0,450.2,0.43
17222,12800000.0,450.2,0.43
17223,13248000.0,450.2,0.43
17224,13248000.0,450.2,0.43
17225,13248000.0,450.2,0.43
17226,14076000.0,216.4,0.48
17227,14076000.0,216.4,0.48
17228,14076000.0,216.4,0.48
17229,14720000.0,450.2,0.43
17230,14720000.0,450.2,0.43
17231,14720000.0,450.2,0.43
17232,13892000.0,216.4,0.48
17233,13892000.0,216.4,0.48
17234,13892000.0,216.4,0.48
17235,13616000.0,216.4,0.48
17236,13616000.0,216.4,0.48
17237,13616000.0,216.4,0.48
17238,10872000.0,216.4,0.48
17239,10872000.0,216.4,0.48
17240,10872000.0,216.4,0.48
17241,13616000.0,216.4,0.48
17242,13616000.0,216.4,0.48
17243,13616000.0,216.4,0.48
17244,13800000.0,450.2,0.43
17245,13800000.0,450.2,0.43
17246,13800000.0,450.2,0.43
17247,10296000.0,450.2,0.43
17248,10296000.0,450.2,0.43
17249,10296000.0,450.2,0.43
17250,22500.0,216.4,0.48
17251,33120.0,450.2,0.43
17252,33120.0,450.2,0.43
17253,33120.0,450.2,0.43
17254,35190.0,216.4,0.48
17255,35190.0,216.4,0.48
17256,35190.0,216.4,0.48
17257,34040.0,216.4,0.48
17258,34040.0,216.4,0.48
17259,34040.0,216.4,0.48
17260,25740.0,450.2,0.43
17261,25740.0,450.2,0.43
17262,25740.0,450.2,0.43
17263,32000.0,450.2,0.43
17264,32000.0,450.2,0.43
17265,32000.0,450.2,0.43
17266,36800.0,216.4,0.48
17267,36800.0,216.4,0.48
17268,36800.0,216.4,0.48
17269,27180.0,216.4,0.48
17270,27180.0,216.4,0.48
17271,35000.0,450.2,0.43
17272,28800.0,450.2,0.43
17273,28800.0,450.2,0.43
17274,28800.0,450.2,0.43
17275,38610000.0,450.2,0.43
17276,38610000.0,450.2,0.43
17277,3360000.0,216.4,0.48
17278,3360000.0,216.4,0.48
17279,3360000.0,216.4,0.48
17280,13892000.0,216.4,0.48
17281,13892000.0,216.4,0.48
17282,13892000.0,216.4,0.48
17283,52095000.0,216.4,0.48
17284,52095000.0,216.4,0.48
17285,34730.0,216.4,0.48
17286,34730.0,216.4,0.48
17287,34730.0,216.4,0.48
17288,27180.0,216.4,0.48
17289,27180.0,216.4,0.48
17290,27180.0,216.4,0.48
17291,36800.0,450.2,0.43
17292,36800.0,450.2,0.43
17293,36800.0,450.2,0.43
17294,22500.0,216.4,0.48
17295,14720000.0,450.2,0.43
17296,14720000.0,450.2,0.43
17297,14720000.0,450.2,0.43
17298,11520000.0,450.2,0.43
17299,11520000.0,450.2,0.43
17300,11520000.0,450.2,0.43
17301,12800000.0,450.2,0.43
17302,12800000.0,450.2,0.43
17303,12800000.0,450.2,0.43
17304,10872000.0,216.4,0.48
17305,10872000.0,216.4,0.48
17306,10872000.0,216.4,0.48
17307,12880000.0,216.4,0.48
17308,12880000.0,216.4,0.48
17309,15360000.0,450.2,0.43
17310,15360000.0,450.2,0.43
17311,15360000.0,450.2,0.43
17312,16576000.0,450.2,0.43
17313,16576000.0,450.2,0.43
17314,16576000.0,450.2,0.43
17315,13800000.0,450.2,0.43
17316,13800000.0,450.2,0.43
17317,13800000.0,450.2,0.43
17318,21320000.0,450.2,0.43
17319,16128000.0,216.4,0.48
17320,16128000.0,216.4,0.48
17321,16128000.0,216.4,0.48
17322,10640000.0,450.2,0.43
17323,10640000.0,450.2,0.43
17324,10640000.0,450.2,0.43
17325,2272000.0,216.4,0.48
17326,2272000.0,216.4,0.48
17327,2272000.0,216.4,0.48
17328,13020000.0,216.4,0.48
17329,13020000.0,216.4,0.48
17330,13020000.0,216.4,0.48
17331,14784000.0,216.4,0.48
17332,14784000.0,216.4,0.48
17333,14784000.0,216.4,0.48
17334,5120000.0,450.2,0.43
17335,5120000.0,450.2,0.43
17336,5120000.0,450.2,0.43
17337,15960000.0,216.4,0.48
17338,15960000.0,216.4,0.48
17339,15960000.0,216.4,0.48
17340,32000.0,450.2,0.43
17341,32000.0,450.2,0.43
17342,32000.0,450.2,0.43
17343,36800.0,216.4,0.48
17344,33120.0,450.2,0.43
17345,33120.0,450.2,0.43
17346,33120.0,450.2,0.43
17347,32200.0,216.4,0.48
17348,32200.0,216.4,0.48
17349,32200.0,216.4,0.48
17350,33600.0,216.4,0.48
17351,33600.0,216.4,0.48
17352,33600.0,216.4,0.48
17353,27180.0,216.4,0.48
17354,27180.0,216.4,0.48
17355,27180.0,216.4,0.48
17356,34730.0,216.4,0.48
17357,34730.0,216.4,0.48
17358,34730.0,216.4,0.48
17359,22500.0,216.4,0.48
17360,27180.0,216.4,0.48
17361,27180.0,216.4,0.48
17362,27180.0,216.4,0.48
17363,50025000.0,216.4,0.48
17364,50025000.0,216.4,0.48
17365,50025000.0,216.4,0.48
17366,36800.0,216.4,0.48
17367,36800.0,216.4,0.48
17368,36800.0,216.4,0.48
17369,27180.0,216.4,0.48
17370,27180.0,216.4,0.48
17371,27180.0,216.4,0.48
17372,35000.0,450.2,0.43
17373,35000.0,450.2,0.43
17374,35000.0,450.2,0.43
17375,34040.0,216.4,0.48
17376,34040.0,216.4,0.48
17377,34040.0,216.4,0.48
17378,28800.0,450.2,0.43
17379,28800.0,450.2,0.43
17380,28800.0,450.2,0.43
17381,10872000.0,216.4,0.48
17382,10872000.0,216.4,0.48
17383,10872000.0,216.4,0.48
17384,13800000.0,450.2,0.43
17385,13800000.0,450.2,0.43
17386,13616000.0,216.4,0.48
17387,13616000.0,216.4,0.48
17388,13616000.0,216.4,0.48
17389,16576000.0,450.2,0.43
17390,16576000.0,450.2,0.43
17391,16576000.0,450.2,0.43
17392,22500.0,216.4,0.48
17393,34040.0,216.4,0.48
17394,34040.0,216.4,0.48
17395,28800.0,450.2,0.43
17396,28800.0,450.2,0.43
17397,28800.0,450.2,0.43
17398,34040.0,216.4,0.48
17399,34040.0,216.4,0.48
17400,34040.0,216.4,0.48
17401,10872000.0,216.4,0.48
17402,10872000.0,216.4,0.48
17403,10872000.0,216.4,0.48
17404,14076000.0,216.4,0.48
17405,2272000.0,216.4,0.48
17406,2272000.0,216.4,0.48
17407,2272000.0,216.4,0.48
17408,12800000.0,450.2,0.43
17409,12800000.0,450.2,0.43
17410,16128000.0,216.4,0.48
17411,16128000.0,216.4,0.48
17412,16128000.0,216.4,0.48
17413,14784000.0,216.4,0.48
17414,14784000.0,216.4,0.48
17415,14784000.0,216.4,0.48
17416,13020000.0,216.4,0.48
17417,13020000.0,216.4,0.48
17418,13020000.0,216.4,0.48
17419,36512000.0,216.4,0.48
17420,36512000.0,216.4,0.48
17421,13340000.0,216.4,0.48
17422,13340000.0,216.4,0.48
17423,13892000.0,216.4,0.48
17424,13892000.0,216.4,0.48
17425,13020000.0,216.4,0.48
17426,13020000.0,216.4,0.48
17427,13020000.0,216.4,0.48
17428,14076000.0,216.4,0.48
17429,14076000.0,216.4,0.48
17430,16128000.0,216.4,0.48
17431,16128000.0,216.4,0.48
17432,40770000.0,216.4,0.48
17433,40770000.0,216.4,0.48
17434,40770000.0,216.4,0.48
17435,60480000.0,216.4,0.48
17436,60480000.0,216.4,0.48
17437,52785000.0,216.4,0.48
17438,52785000.0,216.4,0.48
17439,52785000.0,216.4,0.48
17440,48825000.0,216.4,0.48
17441,48825000.0,216.4,0.48
17442,48825000.0,216.4,0.48
17443,55440000.0,216.4,0.48
17444,55440000.0,216.4,0.48
17445,55440000.0,216.4,0.48
17446,52500000.0,450.2,0.43
17447,52500000.0,450.2,0.43
17448,52500000.0,450.2,0.43
17449,35190.0,216.4,0.48
17450,35190.0,216.4,0.48
17451,35190.0,216.4,0.48
17452,28800.0,450.2,0.43
17453,28800.0,450.2,0.43
17454,28800.0,450.2,0.43
17455,32000.0,450.2,0.43
17456,32000.0,450.2,0.43
17457,32000.0,450.2,0.43
17458,27180.0,216.4,0.48
17459,27180.0,216.4,0.48
17460,27180.0,216.4,0.48
17461,35190.0,216.4,0.48
17462,35190.0,216.4,0.48
17463,35190.0,216.4,0.48
17464,32550.0,216.4,0.48
17465,32550.0,216.4,0.48
17466,32550.0,216.4,0.48
17467,5680.0,216.4,0.48
17468,5680.0,216.4,0.48
17469,5680.0,216.4,0.48
17470,34730.0,216.4,0.48
17471,34730.0,216.4,0.48
17472,34730.0,216.4,0.48
17473,36960.0,216.4,0.48
17474,36960.0,216.4,0.48
17475,36960.0,216.4,0.48
17476,36340.0,216.4,0.48
17477,33350.0,216.4,0.48
17478,33350.0,216.4,0.48
17479,33350.0,216.4,0.48
17480,35000.0,450.2,0.43
17481,35000.0,450.2,0.43
17482,35000.0,450.2,0.43
17483,36800.0,216.4,0.48
17484,36800.0,216.4,0.48
17485,36800.0,216.4,0.48
17486,40320.0,216.4,0.48
17487,40320.0,216.4,0.48
17488,40320.0,216.4,0.48
17489,35190.0,216.4,0.48
17490,35190.0,216.4,0.48
17491,35190.0,216.4,0.48
17492,40320.0,216.4,0.48
17493,40320.0,216.4,0.48
17494,40320.0,216.4,0.48
17495,22500.0,216.4,0.48
17496,32550.0,216.4,0.48
17497,32550.0,216.4,0.48
17498,32550.0,216.4,0.48
17499,5680.0,216.4,0.48
17500,5680.0,216.4,0.48
17501,5680.0,216.4,0.48
17502,27180.0,216.4,0.48
17503,27180.0,216.4,0.48
17504,27180.0,216.4,0.48
17505,10872000.0,216.4,0.48
17506,10872000.0,216.4,0.48
17507,16576000.0,450.2,0.43
17508,16576000.0,450.2,0.43
17509,10640000.0,450.2,0.43
17510,10640000.0,450.2,0.43
17511,26600.0,450.2,0.43
17512,26600.0,450.2,0.43
17513,26600.0,450.2,0.43
17514,5680.0,216.4,0.48
17515,5680.0,216.4,0.48
17516,5680.0,216.4,0.48
17517,40770000.0,216.4,0.48
17518,40770000.0,216.4,0.48
17519,40770000.0,216.4,0.48
17520,22500.0,216.4,0.48
17521,34040.0,216.4,0.48
17522,34040.0,216.4,0.48
17523,22500.0,216.4,0.48
17524,26600.0,450.2,0.43
17525,26600.0,450.2,0.43
17526,40770000.0,216.4,0.48
17527,40770000.0,216.4,0.48
17528,40770000.0,216.4,0.48
17529,16576000.0,450.2,0.43
17530,22500.0,216.4,0.48
17531,26600.0,450.2,0.43
17532,26600.0,450.2,0.43
17533,26600.0,450.2,0.43
17534,40320.0,216.4,0.48
17535,40320.0,216.4,0.48
17536,40320.0,216.4,0.48
17537,36800.0,216.4,0.48
17538,36800.0,216.4,0.48
17539,36800.0,216.4,0.48
17540,36800.0,216.4,0.48
17541,5680.0,216.4,0.48
17542,5680.0,216.4,0.48
17543,5680.0,216.4,0.48
17544,21450.0,216.4,0.48
17545,21450.0,216.4,0.48
17546,21450.0,216.4,0.48
17547,34040.0,216.4,0.48
17548,34040.0,216.4,0.48
17549,34040.0,216.4,0.48
17550,36800.0,450.2,0.43
17551,36800.0,450.2,0.43
17552,36800.0,450.2,0.43
17553,32000.0,450.2,0.43
17554,32000.0,450.2,0.43
17555,32000.0,450.2,0.43
17556,32550.0,216.4,0.48
17557,32550.0,216.4,0.48
17558,32550.0,216.4,0.48
17559,35190.0,216.4,0.48
17560,35190.0,216.4,0.48
17561,35190.0,216.4,0.48
17562,27180.0,216.4,0.48
17563,27180.0,216.4,0.48
17564,35190.0,216.4,0.48
17565,35190.0,216.4,0.48
17566,35190.0,216.4,0.48
17567,55440000.0,216.4,0.48
17568,55440000.0,216.4,0.48
17569,55440000.0,216.4,0.48
17570,60480000.0,216.4,0.48
17571,60480000.0,216.4,0.48
17572,60480000.0,216.4,0.48
17573,55200000.0,216.4,0.48
17574,55200000.0,216.4,0.48
17575,55200000.0,216.4,0.48
17576,51060000.0,216.4,0.48
17577,51060000.0,216.4,0.48
17578,51060000.0,216.4,0.48
17579,51060000.0,216.4,0.48
17580,51060000.0,216.4,0.48
17581,51060000.0,216.4,0.48
17582,52200000.0,450.2,0.43
17583,52200000.0,450.2,0.43
17584,52200000.0,450.2,0.43
17585,48000000.0,450.2,0.43
17586,48000000.0,450.2,0.43
17587,52095000.0,216.4,0.48
17588,52095000.0,216.4,0.48
17589,22500.0,216.4,0.48
17590,40500000.0,216.4,0.48
17591,40500000.0,216.4,0.48
17592,40500000.0,216.4,0.48
17593,51060000.0,216.4,0.48
17594,51060000.0,216.4,0.48
17595,51060000.0,216.4,0.48
17596,8580000.0,216.4,0.48
17597,8580000.0,216.4,0.48
17598,8580000.0,216.4,0.48
17599,14076000.0,216.4,0.48
17600,14076000.0,216.4,0.48
17601,36800.0,216.4,0.48
17602,36800.0,216.4,0.48
17603,36800.0,216.4,0.48
17604,36960.0,216.4,0.48
17605,36960.0,216.4,0.48
17606,34800.0,450.2,0.43
17607,34800.0,450.2,0.43
17608,34800.0,450.2,0.43
17609,21450.0,216.4,0.48
17610,21450.0,216.4,0.48
17611,21450.0,216.4,0.48
17612,34730.0,216.4,0.48
17613,34040.0,216.4,0.48
17614,34040.0,216.4,0.48
17615,34040.0,216.4,0.48
17616,21450.0,216.4,0.48
17617,21450.0,216.4,0.48
17618,21450.0,216.4,0.48
17619,21450.0,216.4,0.48
17620,21450.0,216.4,0.48
17621,21450.0,216.4,0.48
17622,26600.0,450.2,0.43
17623,26600.0,450.2,0.43
17624,26600.0,450.2,0.43
17625,33600.0,216.4,0.48
17626,600000.0,366.7,0.33
17627,600000.0,366.7,0.33
17628,600000.0,366.7,0.33
17629,54510000.0,450.2,0.43
17630,54510000.0,450.2,0.43
17631,48000000.0,450.2,0.43
17632,8580000.0,216.4,0.48
17633,8580000.0,216.4,0.48
17634,13892000.0,216.4,0.48
17635,13892000.0,216.4,0.48
17636,13892000.0,216.4,0.48
17637,52095000.0,216.4,0.48
17638,52095000.0,216.4,0.48
17639,52095000.0,216.4,0.48
17640,54510000.0,450.2,0.43
17641,54510000.0,450.2,0.43
17642,54510000.0,450.2,0.43
17643,52785000.0,216.4,0.48
17644,52785000.0,216.4,0.48
17645,43500000.0,450.2,0.43
17646,43500000.0,450.2,0.43
17647,43500000.0,450.2,0.43
17648,22500.0,216.4,0.48
17649,52095000.0,216.4,0.48
17650,52095000.0,216.4,0.48
17651,52095000.0,216.4,0.48
17652,55200000.0,450.2,0.43
17653,55200000.0,450.2,0.43
17654,55200000.0,450.2,0.43
17655,40770000.0,216.4,0.48
17656,40770000.0,216.4,0.48
17657,40770000.0,216.4,0.48
17658,32175000.0,216.4,0.48
17659,32175000.0,216.4,0.48
17660,32175000.0,216.4,0.48
17661,55440000.0,216.4,0.48
17662,55440000.0,216.4,0.48
17663,55440000.0,216.4,0.48
17664,13616000.0,216.4,0.48
17665,10872000.0,216.4,0.48
17666,10872000.0,216.4,0.48
17667,10872000.0,216.4,0.48
17668,14076000.0,216.4,0.48
17669,14076000.0,216.4,0.48
17670,13340000.0,450.2,0.43
17671,13340000.0,450.2,0.43
17672,35190.0,216.4,0.48
17673,35190.0,216.4,0.48
17674,600000.0,366.7,0.33
17675,51060000.0,216.4,0.48
17676,52785000.0,216.4,0.48
17677,52785000.0,216.4,0.48
17678,52785000.0,216.4,0.48
17679,60480000.0,216.4,0.48
17680,60480000.0,216.4,0.48
17681,60480000.0,216.4,0.48
17682,48000000.0,450.2,0.43
17683,34040.0,216.4,0.48
17684,34040.0,216.4,0.48
17685,34040.0,216.4,0.48
17686,32550.0,216.4,0.48
17687,32550.0,216.4,0.48
17688,32550.0,216.4,0.48
17689,35190.0,216.4,0.48
17690,35190.0,216.4,0.48
17691,35190.0,216.4,0.48
17692,28800.0,450.2,0.43
17693,28800.0,450.2,0.43
17694,28800.0,450.2,0.43
17695,27180.0,216.4,0.48
17696,27180.0,216.4,0.48
17697,27180.0,216.4,0.48
17698,400.0,366.7,0.33
17699,400.0,366.7,0.33
17700,400.0,366.7,0.33
17701,29000.0,450.2,0.43
17702,29000.0,450.2,0.43
17703,36800.0,450.2,0.43
17704,36960.0,216.4,0.48
17705,36960.0,216.4,0.48
17706,14076000.0,216.4,0.48
17707,14076000.0,216.4,0.48
17708,14076000.0,216.4,0.48
17709,14784000.0,216.4,0.48
17710,14784000.0,216.4,0.48
17711,14784000.0,216.4,0.48
17712,52095000.0,216.4,0.48
17713,52095000.0,216.4,0.48
17714,52095000.0,216.4,0.48
17715,40770000.0,216.4,0.48
17716,40770000.0,216.4,0.48
17717,40770000.0,216.4,0.48
17718,55440000.0,216.4,0.48
17719,55440000.0,216.4,0.48
17720,55440000.0,216.4,0.48
17721,51060000.0,216.4,0.48
17722,51060000.0,216.4,0.48
17723,51060000.0,216.4,0.48
17724,52785000.0,216.4,0.48
17725,52785000.0,216.4,0.48
17726,52785000.0,216.4,0.48
17727,342000000.0,216.4,0.48
17728,342000000.0,216.4,0.48
17729,342000000.0,216.4,0.48
17730,50400000.0,216.4,0.48
17731,50400000.0,216.4,0.48
17732,50400000.0,216.4,0.48
17733,600000.0,366.7,0.33
17734,600000.0,366.7,0.33
17735,600000.0,366.7,0.33
17736,51750000.0,450.2,0.43
17737,51750000.0,450.2,0.43
17738,13616000.0,216.4,0.48
17739,13616000.0,216.4,0.48
17740,13616000.0,216.4,0.48
17741,10296000.0,450.2,0.43
17742,10296000.0,450.2,0.43
17743,10296000.0,450.2,0.43
17744,13892000.0,216.4,0.48
17745,13892000.0,216.4,0.48
17746,13892000.0,216.4,0.48
17747,160000.0,366.7,0.33
17748,160000.0,366.7,0.33
17749,160000.0,366.7,0.33
17750,14720000.0,216.4,0.48
17751,14720000.0,216.4,0.48
17752,14720000.0,216.4,0.48
17753,13340000.0,450.2,0.43
17754,10872000.0,216.4,0.48
17755,10872000.0,216.4,0.48
17756,10872000.0,216.4,0.48
17757,13440000.0,216.4,0.48
17758,13440000.0,216.4,0.48
17759,13440000.0,216.4,0.48
17760,22500.0,216.4,0.48
17761,600000.0,366.7,0.33
17762,600000.0,366.7,0.33
17763,600000.0,366.7,0.33
17764,600000.0,366.7,0.33
17765,600000.0,366.7,0.33
17766,55200000.0,216.4,0.48
17767,55200000.0,216.4,0.48
17768,55200000.0,216.4,0.48
17769,43500000.0,450.2,0.43
17770,43500000.0,450.2,0.43
17771,43500000.0,450.2,0.43
17772,55200000.0,450.2,0.43
17773,55200000.0,450.2,0.43
