site_no,vpuid,nested_usable_gauges,basin_huc12s,drainage_km2
11337080,1802,649,750,67752.0
11455420,1802,649,750,67752.0
380626121383801,1802,649,750,67752.0
380626121383802,1802,649,750,67752.0
380626121383803,1802,649,750,67752.0
380629121385202,1802,649,750,67752.0
380629121385203,1802,649,750,67752.0
11447810,1802,565,674,60528.1
11447890,1802,565,674,60528.1
11447905,1802,565,674,60528.1
11447500,1802,562,673,60413.1
11447650,1802,562,673,60413.1
11425500,1802,558,668,59934.3
11426000,1802,558,668,59934.3
13153778,1704,370,733,68281.7
13153779,1704,370,733,68281.7
13153776,1704,368,735,68529.0
13135000,1704,367,736,68767.2
13153000,1704,367,736,68767.2
13153501,1704,367,736,68767.2
1315377299,1704,367,736,68767.2
13153773,1704,367,736,68767.2
09163500,1401,364,300,25531.1
11312676,1804,352,436,40395.6
11312685,1804,352,436,40395.6
11313440,1804,352,436,40395.6
11313452,1804,352,436,40395.6
11313460,1804,352,436,40395.6
11337190,1804,352,436,40395.6
09153000,1401,350,282,24046.1
09106200,1401,339,267,22968.5
09106485,1401,339,267,22968.5
09106000,1401,337,266,22821.8
09106150,1401,337,266,22821.8
09095500,1401,318,237,20805.2
13133500,1704,314,641,60383.3
13134000,1704,314,641,60383.3
13134500,1704,314,641,60383.3
13134520,1704,314,641,60383.3
13134550,1704,314,641,60383.3
13134554,1704,314,641,60383.3
13134556,1704,314,641,60383.3
13134560,1704,314,641,60383.3
13134570,1704,314,641,60383.3
1313457010,1704,314,641,60383.3
09093700,1401,311,219,19202.2
09092570,1401,302,209,18269.5
09092600,1401,302,209,18269.5
13290000,1705,302,1101,93078.5
13290200,1705,302,1103,93332.3
09092500,1401,300,208,18084.5
14211720,1709,300,376,29003.2
14211805,1709,300,376,29003.2
453027122400000,1709,300,376,29003.2
09087600,1401,296,197,17129.3
09088600,1401,296,197,17129.3
14211315,1709,295,374,28688.6
13269000,1705,287,979,84247.8
09085100,1401,285,180,15861.8
09085150,1401,285,180,15861.8
09085160,1401,285,180,15861.8
393259107194801,1401,285,180,15861.8
14207700,1709,283,370,28445.3
14207740,1709,283,370,28445.3
14207770,1709,283,370,28445.3
11311300,1804,277,354,33393.5
13094000,1704,276,567,53978.4
13095360,1704,276,567,53978.4
11304810,1804,273,346,32713.0
13093150,1704,267,552,52624.0
13093383,1704,267,552,52624.0
13093384,1704,267,552,52624.0
13093385,1704,267,552,52624.0
13093397,1704,267,552,52624.0
06763980,1019,266,607,57984.9
06763990,1019,266,607,57984.9
06764000,1019,266,607,57984.9
06760500,1019,262,518,48673.9
06759910,1019,261,462,43189.5
06760000,1019,261,462,43189.5
06759500,1019,259,423,39055.9
11303500,1804,256,303,29501.3
06758500,1019,256,374,34256.3
06757000,1019,255,366,33664.9
08356000,1302,255,508,51592.1
08356500,1302,255,508,51592.1
08357000,1302,255,508,51592.1
08357050,1302,255,508,51592.1
13091733,1704,255,543,51678.8
08358500,1302,254,506,51519.5
334334106544910,1302,254,506,51519.5
13090000,1704,254,542,51585.2
13090370,1704,254,542,51585.2
13090500,1704,254,542,51585.2
13090999,1704,254,542,51585.2
13091500,1704,254,542,51585.2
334606106531010,1302,254,509,51769.2
08358400,1302,252,510,52017.3
06756995,1019,249,345,31658.7
06764880,1019,249,580,55529.9
06754000,1019,248,313,28553.5
08355050,1302,248,498,50462.7
08354400,1302,247,495,50180.9
08354500,1302,247,495,50180.9
08354800,1302,247,495,50180.9
08354900,1302,247,495,50180.9
08355000,1302,247,495,50180.9
13087000,1704,245,532,50536.3
13087500,1704,245,532,50536.3
130875048,1704,245,532,50536.3
130875049,1704,245,532,50536.3
13087995,1704,245,532,50536.3
13088000,1704,245,532,50536.3
13085500,1704,238,526,49569.8
13085800,1704,238,526,49569.8
13086000,1704,238,526,49772.4
13086500,1704,238,526,49772.4
13082060,1704,228,484,45813.4
08359500,1302,227,467,48225.7
13082000,1704,225,479,45310.4
13080000,1704,224,474,44840.8
13080500,1704,224,474,44840.8
13081000,1704,224,474,44840.8
13081500,1704,224,474,44840.8
06765000,1019,222,549,52683.5
11389000,1802,221,416,37908.3
11389350,1802,221,416,37908.3
11389390,1802,221,416,37908.3
11389470,1802,221,416,37908.3
11389500,1802,221,416,37908.3
11390480,1802,221,416,37908.3
11390500,1802,221,416,37908.3
11391000,1802,221,416,37908.3
11391002,1802,221,416,37908.3
11391020,1802,221,416,37908.3
11391021,1802,221,416,37908.3
06684000,1018,221,575,63737.7
12395500,1701,220,777,62571.6
06683000,1018,220,574,63562.9
06684498,1018,220,590,65588.5
06684499,1018,220,590,65588.5
06684500,1018,220,590,65588.5
08332050,1302,219,288,29204.5
06680500,1018,219,574,63394.5
06681998,1018,219,574,63394.5
06681999,1018,219,574,63394.5
06682000,1018,219,574,63394.5
08331990,1302,218,287,29135.1
08332000,1302,218,287,29135.1
08332010,1302,218,287,29135.1
14198000,1709,217,306,23951.2
12395950,1701,217,779,62922.6
14128860,1707,217,903,75906.6
14128600,1707,217,903,75906.6
453845121562000,1707,217,903,75906.6
08331510,1302,214,275,27666.7
411403112200801,1602,214,301,31964.5
412522112053801,1602,214,301,31964.5
08331160,1302,213,261,26165.1
08330875,1302,212,258,25782.7
08330915,1302,212,258,25782.7
08330940,1302,212,258,25782.7
08331105,1302,212,258,25782.7
08331130,1302,212,258,25782.7
08331140,1302,212,258,25782.7
345703106404010,1302,212,258,25782.7
345705106405810,1302,212,258,25782.7
345705106410810,1302,212,258,25782.7
345902106410701,1302,212,258,25782.7
345904106411501,1302,212,258,25782.7
345906106412601,1302,212,258,25782.7
11421700,1802,211,175,15320.2
11425000,1802,211,175,15320.2
11425100,1802,211,175,15320.2
12391950,1701,210,723,57301.2
12392000,1701,210,723,57301.2
07135500,1102,210,702,64310.6
06679000,1018,209,564,62329.0
12391400,1701,207,713,56478.6
13076400,1704,206,409,38800.1
13077000,1704,206,409,38800.1
12391000,1701,206,694,54911.5
07134990,1102,206,673,61588.0
09071100,1401,205,137,11798.8
09071750,1401,205,137,11798.8
09072500,1401,205,137,11798.8
06679500,1018,205,552,60610.9
07134180,1102,205,663,60801.1
13076500,1704,204,408,38752.1
06294500,1008,204,544,59314.7
06294700,1008,204,544,59314.7
14197900,1709,202,269,21552.6
07122390,1102,202,578,52003.7
07133000,1102,202,578,52003.7
12389000,1701,202,659,52328.1
09070500,1401,200,133,11385.1
06288500,1008,200,524,57412.8
07122200,1102,198,541,48257.8
07130500,1102,198,541,48257.8
13213100,1705,198,673,58056.2
12396455,1701,197,694,56746.9
12396500,1701,197,694,56746.9
14113290,1707,197,874,73450.3
11290500,1804,194,268,26343.0
07122105,1102,194,515,45867.9
07124000,1102,194,515,45867.9
06672500,1018,194,509,56118.9
06673000,1018,194,509,56118.9
06673500,1018,194,509,56118.9
06674500,1018,194,509,56118.9
06672000,1018,190,499,54877.2
08330150,1302,189,254,25328.0
08331118,1302,189,254,25328.0
350141106400810,1302,189,254,25328.0
350142106402810,1302,189,254,25328.0
350143106402301,1302,189,254,25328.0
350145106400810,1302,189,254,25328.0
350147106402810,1302,189,254,25328.0
14105700,1707,189,857,72189.6
453606121101000,1707,189,857,72189.6
14192015,1709,188,234,19102.1
06670900,1018,188,486,53493.2
14191000,1709,187,232,18932.5
06657000,1018,187,485,53281.6
09328920,1406,185,440,36975.2
12398500,1701,185,643,53084.4
12398560,1701,185,643,53084.4
12398600,1701,185,643,53084.4
06686000,1018,179,536,60662.1
08329835,1302,177,252,25063.4
08329838,1302,177,252,25063.4
08329839,1302,177,252,25063.4
08329840,1302,177,252,25063.4
08329860,1302,177,252,25063.4
08329865,1302,177,252,25063.4
08329938,1302,177,252,25063.4
08329939,1302,177,252,25063.4
08330000,1302,177,252,25063.4
350359106394410,1302,177,252,25063.4
350402106392810,1302,177,252,25063.4
350516106410003,1302,177,252,25063.4
350521106405503,1302,177,252,25063.4
350530106404803,1302,177,252,25063.4
06288400,1008,177,487,53692.0
13343500,1706,176,903,71872.2
06287800,1008,175,468,52041.4
453712121071200,1707,174,808,67341.2
13352600,1706,174,909,74138.0
11383800,1802,173,328,28199.3
454249120423500,1707,173,807,67211.6
13069532,1704,171,339,32327.5
06286490,1008,171,458,51105.4
06286500,1008,171,458,51105.4
06287000,1008,171,458,51105.4
13353000,1706,169,864,71307.6
13353010,1706,169,864,71307.6
13069500,1704,168,325,30999.5
13062000,1704,167,317,30139.9
13062500,1704,167,317,30139.9
13062504,1704,167,317,30139.9
06439300,1012,166,577,62509.6
06438500,1012,164,499,55756.5
06286250,1008,163,446,49732.7
07122060,1102,160,356,31424.5
06686500,1018,160,498,56331.9
07123000,1102,159,355,31278.2
13343595,1706,159,858,68116.0
13343600,1706,159,858,68116.0
09315000,1406,158,346,27844.8
09315005,1406,158,346,27844.8
07120500,1102,156,346,30701.1
06721000,1019,154,139,13112.3
11378000,1802,154,270,23123.2
11378500,1802,154,270,23123.2
06765500,1019,154,490,48151.5
06765710,1019,154,490,48151.5
07119700,1102,152,320,28169.9
12473560,1702,152,700,63880.5
12514000,1702,152,700,63880.5
12514400,1702,152,700,63880.5
13343860,1706,151,852,67702.8
09060799,1401,149,86,7694.4
395430106470301,1401,149,86,7694.4
11377100,1802,149,259,22204.5
11377200,1802,149,259,22204.5
06687498,1018,149,480,54381.4
06687499,1018,149,480,54381.4
06687500,1018,149,480,54381.4
12473860,1702,149,708,64823.2
12473880,1702,149,708,64823.2
12473900,1702,149,708,64823.2
12513700,1702,149,708,64823.2
11274570,1804,148,204,20692.9
12473510,1702,148,721,66105.4
12473502,1702,148,733,66817.5
12473503,1702,148,733,66817.5
12473508,1702,148,733,66817.5
11274550,1804,147,202,20265.3
11274554,1804,147,202,20265.3
11274560,1804,147,202,20265.3
07117000,1102,147,286,24962.6
07117500,1102,147,286,24962.6
13061500,1704,147,276,26773.3
06656000,1018,147,371,40989.7
12472950,1702,147,765,69039.7
12471724,1702,147,778,69948.1
12472800,1702,147,778,69948.1
08329928,1302,146,249,24745.5
08329931,1302,146,249,24745.5
08329935,1302,146,249,24745.5
08329936,1302,146,249,24745.5
083299375,1302,146,249,24745.5
083299377,1302,146,249,24745.5
083299395,1302,146,249,24745.5
350841106403510,1302,146,249,24745.5
350854106405610,1302,146,249,24745.5
351053106391710,1302,146,249,24745.5
351055106390810,1302,146,249,24745.5
13060000,1704,146,273,26512.1
13060500,1704,146,273,26512.1
06654000,1018,146,365,40393.4
09152500,1402,145,231,20824.1
09152520,1402,145,231,20824.1
09152600,1402,145,231,20824.1
12471722,1702,145,793,71139.3
12471720,1702,144,809,72151.6
13058500,1704,143,268,25981.5
13058520,1704,143,268,25981.5
13058530,1704,143,268,25981.5
06690500,1018,143,448,51331.1
14222880,1708,142,185,14337.0
14245295,1708,142,185,14337.0
14247400,1708,142,185,14337.0
460923123235800,1708,142,185,14337.0
461518123285700,1708,142,185,14337.0
460939123201600,1708,142,185,14337.0
11273000,1804,142,194,19315.0
11274000,1804,142,194,19315.0
11273400,1804,140,193,19151.5
06692500,1018,140,449,50987.8
06693000,1018,140,449,50987.8
06691000,1018,140,455,51626.0
09379500,1408,138,660,59480.3
09144250,1402,137,197,17523.9
13057132,1704,137,246,24188.4
13057155,1704,137,246,24188.4
13057160,1704,137,246,24188.4
13058529,1704,137,246,24188.4
06652000,1018,136,345,38043.3
08329918,1302,135,246,24418.6
08329930,1302,135,246,24418.6
351207106383501,1302,135,246,24418.6
351208106382601,1302,135,246,24418.6
351208106383601,1302,135,246,24418.6
09058000,1401,134,73,6463.1
09058030,1401,134,73,6463.1
13057150,1704,133,245,23881.1
06650000,1018,133,330,36293.7
11078000,1807,132,60,6364.9
11078100,1807,132,60,6364.9
07109500,1102,132,195,16301.4
06720500,1019,130,132,12486.5
13057000,1704,130,241,23392.7
13057090,1704,130,241,23392.7
08329500,1302,130,243,24095.3
06720200,1019,129,130,12329.2
06720255,1019,129,130,12329.2
06720280,1019,129,130,12329.2
06720285,1019,129,130,12329.2
06720330,1019,129,130,12329.2
06720415,1019,129,130,12329.2
06720417,1019,129,130,12329.2
07263650,1111,129,466,40248.3
06279500,1008,129,363,40874.1
07263500,1111,128,456,39374.9
10170750,1602,127,105,8710.7
10172370,1602,127,105,8710.7
10172371,1602,127,105,8710.7
10172372,1602,127,105,8710.7
10172373,1602,127,105,8710.7
10172550,1602,127,105,8710.7
10172552,1602,127,105,8710.7
10172600,1602,127,105,8710.7
404653111545801,1602,127,105,8710.7
06647000,1018,127,318,34946.1
07074850,1101,127,576,52868.6
11075600,1807,126,57,6033.4
11075610,1807,126,57,6033.4
11075620,1807,126,57,6033.4
11075755,1807,126,57,6033.4
11075760,1807,126,57,6033.4
11530500,1801,126,339,31356.5
07074500,1101,125,561,51339.6
11530150,1801,124,326,30348.4
07263451,1111,122,451,38874.8
07263465,1111,122,451,38874.8
13334300,1706,122,635,47281.3
13173600,1705,122,527,47535.5
06358500,1013,122,687,60682.3
12464500,1702,122,759,78087.1
10351650,1605,121,51,4697.8
10351660,1605,121,51,4697.8
10351700,1605,121,51,4697.8
11074000,1807,121,56,5949.9
11074500,1807,121,56,5949.9
10126000,1601,120,195,19448.7
10127108,1601,120,195,19448.7
10127109,1601,120,195,19448.7
10127110,1601,120,195,19448.7
08319000,1302,120,211,21200.5
11066050,1807,119,55,5852.2
11066100,1807,119,55,5852.2
11066320,1807,119,55,5852.2
11066440,1807,119,55,5852.2
11066460,1807,119,55,5852.2
11066478,1807,119,55,5852.2
11066479,1807,119,55,5852.2
11066480,1807,119,55,5852.2
11066500,1807,119,55,5852.2
11066550,1807,119,55,5852.2
11066950,1807,119,55,5852.2
11067000,1807,119,55,5852.2
11067001,1807,119,55,5852.2
11067480,1807,119,55,5852.2
11067500,1807,119,55,5852.2
11067890,1807,119,55,5852.2
11068000,1807,119,55,5852.2
11073500,1807,119,55,5852.2
06646800,1018,119,309,33904.3
10351000,1605,118,48,4468.9
10351600,1605,118,48,4468.9
10170490,1602,118,104,8567.0
10170500,1602,118,104,8567.0
10170900,1602,118,104,8567.0
10171000,1602,118,104,8567.0
10171600,1602,118,104,8567.0
10172350,1602,118,104,8567.0
12462560,1702,118,737,83777.6
12462600,1702,118,737,83777.6
10350000,1605,116,47,4313.9
10350050,1605,116,47,4313.9
10350340,1605,116,47,4313.9
10350390,1605,116,47,4313.9
10350400,1605,116,47,4313.9
10350405,1605,116,47,4313.9
10350500,1605,116,47,4313.9
09307000,1406,116,198,15054.6
11260815,1804,116,155,15749.3
11261500,1804,116,155,15749.3
11446700,1802,115,58,5089.4
11446980,1802,115,58,5089.4
11447000,1802,115,58,5089.4
11447030,1802,115,58,5089.4
12354700,1701,114,374,28125.5
06274300,1008,114,302,34329.4
12354500,1701,113,371,27846.2
09512200,1506,113,405,33957.1
09512406,1506,113,405,33957.1
09512407,1506,113,405,33957.1
06269000,1008,113,301,34153.2
06269500,1008,113,301,34153.2
08313500,1302,112,172,17293.3
08314000,1302,112,172,17293.3
08314500,1302,112,172,17293.3
08317400,1302,112,172,17293.3
06645500,1018,112,300,32940.9
11446220,1802,111,57,4967.8
11446500,1802,111,57,4967.8
06645000,1018,111,296,32508.3
404417108524900,1404,111,386,42552.0
12353650,1701,110,355,26480.3
09512165,1506,110,404,33819.3
09512170,1506,110,404,33819.3
09512180,1506,110,404,33819.3
09512190,1506,110,404,33819.3
09512405,1506,110,404,33819.3
13317000,1706,110,444,34733.8
09371010,1408,110,413,37846.7
10348036,1605,109,40,3704.7
10348200,1605,109,40,3704.7
10348220,1605,109,40,3704.7
10348245,1605,109,40,3704.7
10348295,1605,109,40,3704.7
10348300,1605,109,40,3704.7
10348310,1605,109,40,3704.7
11425416,1802,109,56,4824.7
11425417,1802,109,56,4824.7
11433790,1802,109,56,4824.7
11433799,1802,109,56,4824.7
11433800,1802,109,56,4824.7
11433930,1802,109,56,4824.7
11434000,1802,109,56,4824.7
12353500,1701,109,346,25667.2
08313300,1302,108,168,16930.0
08313350,1302,108,168,16930.0
10117000,1601,108,187,18195.3
10117500,1601,108,187,18195.3
10118000,1601,108,187,18195.3
12353300,1701,108,336,24837.2
06423500,1012,107,297,32836.7
09522200,1503,107,459,43417.5
09528200,1503,107,459,43417.5
09531900,1503,107,459,43417.5
09532500,1503,107,459,43417.5
09533000,1503,107,459,43417.5
08313252,1302,106,167,16777.8
08313253,1302,106,167,16777.8
08313255,1302,106,167,16777.8
08313265,1302,106,167,16777.8
08313268,1302,106,167,16777.8
08313275,1302,106,167,16777.8
12353000,1701,106,320,23675.7
09419547,1501,106,370,34527.8
12340500,1701,105,315,23355.5
12341500,1701,105,315,23377.6
09512060,1506,105,403,33456.3
09512070,1506,105,403,33456.3
09235000,1404,105,354,39313.0
09234500,1404,103,345,38507.2
06090800,1003,102,346,26300.6
06268600,1008,102,253,28307.4
06643500,1018,102,276,30128.9
07260800,1111,102,386,32399.5
06892900,1027,102,399,39609.8
06892950,1027,102,399,39609.8
09522000,1503,102,458,42455.9
09522005,1503,102,458,42455.9
09531800,1503,102,458,42455.9
09531850,1503,102,458,42455.9
09521100,1503,102,458,42455.9
09523800,1503,102,458,42455.9
09523900,1503,102,458,42455.9
09524000,1503,102,458,42455.9
09526200,1503,102,458,42455.9
09526500,1503,102,458,42455.9
09527000,1503,102,458,42455.9
09527500,1503,102,458,42455.9
09530400,1503,102,458,42455.9
09530500,1503,102,458,42455.9
12453700,1702,102,689,92981.0
09502000,1506,101,396,32512.7
09502500,1506,101,396,32512.7
09511500,1506,101,396,32512.7
12453679,1702,101,688,92895.4
12453690,1702,101,688,92895.4
14171750,1709,100,139,12509.3
14174000,1709,100,139,12509.3
14188000,1709,100,139,12509.3
384936107571901,1402,100,156,13954.0
08313125,1302,100,166,16657.2
08313150,1302,100,166,16657.2
08313204,1302,100,166,16657.2
08313225,1302,100,166,16657.2
08313230,1302,100,166,16657.2
08313240,1302,100,166,16657.2
08313245,1302,100,166,16657.2
08313250,1302,100,166,16657.2
06892500,1027,100,398,39422.9
06892518,1027,100,398,39422.9
09136200,1402,99,154,13822.3
06090300,1003,99,334,25310.5
13315000,1706,99,404,31701.9
09368000,1408,99,359,33603.7
06218000,1007,99,373,35749.3
09232500,1404,99,337,37837.7
11407501,1802,98,122,10271.8
11407700,1802,98,122,10271.8
11370700,1802,97,184,16002.5
06642000,1018,97,254,27702.7
09129600,1402,96,151,13597.7
11370500,1802,96,183,15917.0
13172840,1705,96,214,18557.0
06641000,1018,96,253,27534.9
06217500,1007,96,338,32453.8
06892350,1027,96,395,39146.5
07350500,1114,96,629,61223.0
11259900,1804,95,74,7707.8
11260000,1804,95,74,7707.8
11260001,1804,95,74,7707.8
14171600,1709,95,127,11417.0
12511000,1703,95,153,15945.5
12512000,1703,95,153,15945.5
12512150,1703,95,153,15945.5
13172775,1705,95,213,18396.6
13317660,1706,95,483,37217.8
10167180,1602,94,97,8048.4
10167242,1602,94,97,8048.4
10167300,1602,94,97,8048.4
11369500,1802,94,181,15747.6
13172454,1705,94,199,17041.8
13172500,1705,94,199,17041.8
13172505,1705,94,199,17041.8
06805570,1020,94,209,21353.9
07193500,1107,94,304,31902.6
11396329,1802,93,113,9496.2
11406810,1802,93,113,9496.2
11406825,1802,93,113,9496.2
11406930,1802,93,113,9496.2
11406999,1802,93,113,9496.2
11407000,1802,93,113,9496.2
11407150,1802,93,113,9496.2
06805500,1020,93,204,20845.0
06090000,1003,93,302,22700.8
06265000,1008,93,210,23090.5
07192500,1107,93,307,32279.4
08313000,1302,92,163,16355.5
06805020,1020,92,201,20661.4
06259500,1008,92,203,22261.7
13172410,1705,91,198,16896.6
13172420,1705,91,198,16896.6
06796550,1020,91,198,20458.8
410536096194801,1020,91,198,20458.8
09260050,1405,91,212,20469.8
07191500,1107,91,284,30099.7
09251100,1405,90,209,20279.1
11366000,1802,89,160,14215.4
11366500,1802,89,160,14215.4
13172240,1705,89,194,16456.0
08406500,1306,89,497,50643.9
08407000,1306,89,498,50739.4
11256000,1804,88,56,5933.3
11523050,1801,88,241,22396.3
06214500,1007,88,312,29634.9
11420770,1802,87,38,3483.4
11420780,1802,87,38,3483.4
11420785,1802,87,38,3483.4
11420790,1802,87,38,3483.4
11420800,1802,87,38,3483.4
11421000,1802,87,38,3483.4
11421500,1802,87,38,3483.4
11252500,1804,87,46,4747.5
11252975,1804,87,46,4755.6
11253000,1804,87,46,4755.6
11253058,1804,87,46,4755.6
11253115,1804,87,46,4755.6
13161070,1705,87,172,14656.3
13170500,1705,87,172,14656.3
13170910,1705,87,172,14656.3
13171100,1705,87,172,14656.3
13171200,1705,87,172,14656.3
13171300,1705,87,172,14656.3
13171340,1705,87,172,14656.3
13171345,1705,87,172,14656.3
13171620,1705,87,172,14656.3
454314120413701,1707,87,483,40620.8
10347800,1605,86,30,2813.6
10348000,1605,86,30,2813.6
12200684,1711,86,89,8271.7
12200690,1711,86,89,8271.7
12200701,1711,86,89,8271.7
12509612,1703,86,142,14688.3
12509614,1703,86,142,14688.3
12510500,1703,86,142,14688.3
11523000,1801,86,238,21924.8
12388700,1701,86,274,23461.4
09225500,1404,86,320,36019.6
12450700,1702,86,641,88650.0
06713000,1019,85,109,10564.9
06713300,1019,85,109,10564.9
06713500,1019,85,109,10564.9
06714000,1019,85,109,10564.9
06714130,1019,85,109,10564.9
06714210,1019,85,109,10564.9
06714215,1019,85,109,10564.9
06174500,1005,85,312,32512.4
09402300,1502,85,721,66661.7
12450650,1702,85,639,88407.7
10347460,1605,84,29,2698.5
10347600,1605,84,29,2698.5
10347620,1605,84,29,2698.5
14103000,1707,84,321,26198.2
08405000,1306,84,486,49370.4
08405200,1306,84,486,49370.4
09402000,1502,84,707,65497.3
12199000,1711,83,88,8057.4
12200500,1711,83,88,8057.4
14166000,1709,83,99,8733.3
12509600,1703,83,140,14469.4
06349700,1013,83,249,24824.1
14102000,1707,83,316,25700.6
11252275,1804,82,45,4658.0
14158000,1709,82,98,8668.0
14158050,1709,82,98,8668.0
14158100,1709,82,98,8668.0
11397500,1802,82,111,9305.0
11406799,1802,82,111,9305.0
11406818,1802,82,111,9305.0
11406819,1802,82,111,9305.0
11406820,1802,82,111,9305.0
12509489,1703,82,139,14360.9
12509500,1703,82,139,14360.9
11522260,1801,82,209,19518.5
06610670,1023,82,252,24271.5
410333095530101,1023,82,252,24271.5
06172310,1005,82,289,30088.1
08407500,1306,82,491,50151.5
10347336,1605,81,28,2582.6
09306880,1405,81,143,12962.6
09306900,1405,81,143,12962.6
09367580,1408,81,244,21303.7
07190100,1107,81,266,28478.6
07190500,1107,81,266,28478.6
06926510,1029,81,371,37923.2
09367540,1408,80,242,21093.4
06171500,1005,80,278,28921.1
06172000,1005,80,278,28921.1
06891080,1027,80,363,35717.2
06926500,1029,80,370,37834.6
08403500,1306,80,462,47226.9
08404000,1306,80,462,47226.9
11250000,1804,79,42,4386.9
11250110,1804,79,42,4386.9
11251000,1804,79,42,4386.9
09302000,1406,79,127,9947.9
12509050,1703,79,136,14034.6
12509060,1703,79,136,14034.6
11521000,1801,79,191,18034.8
06636000,1018,79,174,18450.9
06891000,1027,79,361,35469.8
10345700,1605,78,26,2457.8
10345900,1605,78,26,2457.8
10346000,1605,78,26,2457.8
10346001,1605,78,26,2457.8
13170700,1705,78,166,14135.1
13170800,1705,78,166,14135.1
13170900,1705,78,166,14135.1
13171000,1705,78,166,14135.1
11520500,1801,78,188,17762.8
06259000,1008,78,180,19958.4
08402000,1306,78,460,47033.2
11417970,1802,77,34,3129.5
11417980,1802,77,34,3129.5
11418000,1802,77,34,3129.5
11419000,1802,77,34,3129.5
12197020,1711,77,85,7815.1
12197040,1711,77,85,7815.1
12197110,1711,77,85,7815.1
12197680,1711,77,85,7815.1
12197690,1711,77,85,7815.1
12197700,1711,77,85,7815.1
12198000,1711,77,85,7815.1
12198500,1711,77,85,7815.1
12508670,1703,77,135,13875.0
12508694,1703,77,135,13875.0
12508850,1703,77,135,13875.0
12508990,1703,77,135,13892.4
09365000,1408,77,238,20595.9
07252406,1111,77,278,22601.6
06926080,1029,77,357,36484.9
08401000,1306,77,458,46831.7
08401100,1306,77,458,46831.7
08401500,1306,77,458,46831.7
14184100,1709,76,68,4672.1
14189000,1709,76,68,4672.1
14189050,1709,76,68,4672.1
11447830,1802,76,75,6974.5
11447850,1802,76,75,6974.5
11455095,1802,76,75,6974.5
11455139,1802,76,75,6974.5
11455140,1802,76,75,6974.5
11455143,1802,76,75,6974.5
11455146,1802,76,75,6974.5
11455165,1802,76,75,6974.5
11455167,1802,76,75,6974.5
11455276,1802,76,75,6974.5
11455278,1802,76,75,6974.5
11455280,1802,76,75,6974.5
11455315,1802,76,75,6974.5
11455335,1802,76,75,6974.5
11455350,1802,76,75,6974.5
11455385,1802,76,75,6974.5
382006121401601,1802,76,75,6974.5
382010121402301,1802,76,75,6974.5
383019121350701,1802,76,75,6974.5
06935997,1030,76,293,26781.8
06936530,1030,76,293,26781.8
06926000,1029,76,355,36375.2
09520900,1503,76,453,41997.4
09521000,1503,76,453,41997.4
09522600,1503,76,453,41997.4
09522650,1503,76,453,41997.4
09525503,1503,76,453,41997.4
09528600,1503,76,453,41997.4
09528800,1503,76,453,41997.4
09529000,1503,76,453,41997.4
09529400,1503,76,453,41997.4
09529420,1503,76,453,41997.4
09529440,1503,76,453,41997.4
09429600,1503,76,453,41997.4
07145600,1103,76,364,41999.1
11246700,1804,75,40,4245.0
11246950,1804,75,40,4245.0
11247000,1804,75,40,4245.0
11247050,1804,75,40,4245.0
11249500,1804,75,40,4245.0
11364800,1802,75,133,12085.3
11365000,1802,75,133,12085.3
13037500,1704,75,151,14957.7
13038500,1704,75,151,14957.7
06036650,1002,75,287,24937.5
07146500,1103,75,370,42510.5
10336000,1604,75,393,43377.8
10336035,1604,75,393,43377.8
10336039,1604,75,393,43377.8
07348500,1114,75,559,54259.8
07348505,1114,75,559,54259.8
10344505,1605,74,25,2353.6
10345490,1605,74,25,2353.6
06349070,1013,74,206,20174.3
464557100485800,1013,74,206,20174.3
464703100464600,1013,74,206,20174.3
09467100,1504,74,312,30390.7
09401200,1502,74,648,59333.3
14144700,1708,73,74,5589.7
13211210,1705,73,140,10135.2
13212500,1705,73,140,10135.2
13212549,1705,73,140,10135.2
13212995,1705,73,140,10135.2
13212996,1705,73,140,10135.2
13213000,1705,73,140,10135.2
11364000,1802,73,132,11990.1
11364150,1802,73,132,11990.1
13037000,1704,73,149,14800.9
07189500,1107,73,242,25933.5
09466500,1504,73,307,29950.9
06856000,1025,73,402,42244.5
10339410,1605,72,24,2262.3
10339419,1605,72,24,2262.3
06034500,1002,72,279,24038.9
07061000,1101,72,326,28603.1
09466300,1504,72,305,29836.6
10335000,1604,72,389,41664.7
09401000,1502,72,588,53341.7
09085000,1401,71,41,3767.1
06710000,1019,71,93,8939.1
06710245,1019,71,93,8939.1
06710247,1019,71,93,8939.1
06710250,1019,71,93,8939.1
06711565,1019,71,93,8939.1
06711570,1019,71,93,8939.1
06711575,1019,71,93,8939.1
06711580,1019,71,93,8939.1
06711590,1019,71,93,8939.1
06711618,1019,71,93,8939.1
06711770,1019,71,93,8939.1
06711780,1019,71,93,8939.1
394409105020501,1019,71,93,8939.1
13036000,1704,71,145,14519.8
14092500,1707,71,245,19683.2
14093500,1707,71,245,19683.2
06342470,1013,71,205,20067.2
06342500,1013,71,205,20067.2
465522100534300,1013,71,205,20067.2
06935965,1030,71,290,26526.2
06935980,1030,71,290,26526.2
09466000,1504,71,301,29476.0
10332500,1604,71,387,41460.4
10333000,1604,71,387,41460.4
10334000,1604,71,387,41460.4
08399500,1306,71,432,44466.8
09306700,1405,70,115,10577.8
10102250,1601,70,136,13637.4
07250500,1111,70,233,19272.7
07250514,1111,70,233,19272.7
07250551,1111,70,233,19272.7
07060728,1101,70,310,27215.9
09458500,1504,70,277,27350.7
09460200,1504,70,277,27350.7
08066191,1203,70,432,42387.6
08291500,1302,69,156,15589.7
09415250,1501,69,178,15868.9
13307000,1706,69,209,16349.3
12433558,1701,69,165,16811.3
12433561,1701,69,165,16811.3
06856600,1025,69,366,37994.9
06854500,1025,69,430,45556.2
06853500,1025,69,488,52079.6
10302025,1605,68,86,9223.1
14322900,1710,68,147,10554.6
09415230,1501,68,170,15136.5
07060500,1101,68,300,26318.2
10332490,1604,68,381,40326.5
06852500,1025,68,498,53139.4
09081000,1401,67,35,3283.8
11242000,1804,67,36,3785.3
11246530,1804,67,36,3785.3
11246610,1804,67,36,3785.3
12155500,1711,67,50,4612.9
12156000,1711,67,50,4612.9
10167130,1602,67,91,7590.7
10167220,1602,67,91,7590.7
10167230,1602,67,91,7590.7
10167240,1602,67,91,7590.7
10167244,1602,67,91,7590.7
09306500,1405,67,110,10174.3
09306600,1405,67,110,10174.3
09306605,1405,67,110,10174.3
09306610,1405,67,110,10174.3
11362500,1802,67,128,11648.0
11362600,1802,67,128,11648.0
11362650,1802,67,128,11648.0
11362700,1802,67,128,11648.0
11363000,1802,67,128,11648.0
11363910,1802,67,128,11648.0
10092700,1601,67,133,13370.5
10095900,1601,67,133,13370.5
09415190,1501,67,166,14758.9
08280100,1302,67,154,15332.8
08280200,1302,67,154,15332.8
08280700,1302,67,154,15332.8
08281100,1302,67,154,15332.8
12433500,1701,67,163,16565.3
07057370,1101,67,291,25587.1
10331500,1604,67,376,39603.7
08066000,1203,67,416,40614.7
06853100,1025,67,519,54619.5
12119300,1711,66,14,1571.3
12119302,1711,66,14,1571.3
12119375,1711,66,14,1571.3
12119450,1711,66,14,1571.3
12119500,1711,66,14,1571.3
12119600,1711,66,14,1571.3
12119700,1711,66,14,1571.3
12120000,1711,66,14,1571.3
12120500,1711,66,14,1571.3
12127300,1711,66,14,1571.3
12127500,1711,66,14,1571.3
12127600,1711,66,14,1571.3
12128000,1711,66,14,1571.3
12196000,1711,66,83,7536.9
12196150,1711,66,83,7536.9
364700114080301,1501,66,154,13459.2
14092110,1707,66,236,18704.3
10330900,1604,66,364,37711.4
08067215,1203,66,392,38839.7
08396500,1306,66,392,40415.3
08067000,1203,66,415,40945.5
06478513,1016,66,508,50233.8
06853000,1025,66,531,55353.1
06853020,1025,66,531,55353.1
11056200,1807,65,21,1861.5
11059000,1807,65,21,1861.5
11059100,1807,65,21,1861.5
11059300,1807,65,21,1861.5
11060300,1807,65,21,1861.5
11060400,1807,65,21,1861.5
11060500,1807,65,21,1861.5
11065000,1807,65,21,1861.5
11065800,1807,65,21,1861.5
11065801,1807,65,21,1861.5
10301720,1605,65,69,7130.3
10301742,1605,65,69,7130.3
10301745,1605,65,69,7130.3
10301755,1605,65,69,7130.3
10301900,1605,65,69,7130.3
10302000,1605,65,69,7130.3
10302002,1605,65,69,7130.3
10302010,1605,65,69,7130.3
385535118460101,1605,65,69,7130.3
385713118480501,1605,65,69,7130.3
385722118491601,1605,65,69,7130.3
385742118503301,1605,65,69,7130.3
09415080,1501,65,153,13334.9
09415090,1501,65,153,13334.9
364723114054401,1501,65,153,13334.9
364731114045601,1501,65,153,13334.9
364737114050101,1501,65,153,13334.9
13032500,1704,65,136,13635.0
09185600,1403,65,229,19565.8
06922450,1029,65,293,30584.4
06922500,1029,65,293,30584.4
06857000,1025,65,326,33832.8
08067250,1203,65,386,38216.2
08067100,1203,65,399,39489.2
12194000,1711,64,82,7379.7
09251000,1405,64,108,9025.0
14321000,1710,64,134,9540.8
12432500,1701,64,152,15612.0
12433000,1701,64,152,15612.0
14076500,1707,64,233,18461.5
09217000,1404,64,223,24670.2
06326500,1009,64,297,33866.5
06821250,1024,64,368,34890.2
07144570,1103,64,313,35698.2
08395500,1306,64,384,39568.5
09400350,1502,64,465,40688.7
09522500,1503,64,452,41903.8
09527900,1503,64,452,41903.8
09528000,1503,64,452,41903.8
09429500,1503,64,452,41903.8
09523000,1503,64,452,41903.8
06879000,1026,64,379,42264.6
06478500,1016,64,501,49540.1
07106500,1102,63,26,2402.7
07106510,1102,63,26,2402.7
12507560,1703,63,128,13304.8
12507573,1703,63,128,13304.8
13029000,1704,63,133,13406.2
13031500,1704,63,133,13406.2
13032450,1704,63,133,13406.2
06078200,1003,63,232,17255.9
06935550,1030,63,281,25823.4
06818494,1024,63,366,34697.9
06818498,1024,63,366,34697.9
07144300,1103,63,312,35581.8
07144550,1103,63,312,35581.8
09399100,1502,63,409,35911.7
09400000,1502,63,409,35911.7
08065500,1203,63,389,37729.8
12184700,1711,62,78,7101.1
12184800,1711,62,78,7101.1
12189700,1711,62,78,7101.1
13210045,1705,62,128,8689.8
13210050,1705,62,128,8689.8
13210824,1705,62,128,8689.8
13210831,1705,62,128,8689.8
13211000,1705,62,128,8689.8
13211205,1705,62,128,8689.8
14372300,1710,62,133,10290.0
12426000,1701,62,151,15423.2
07249455,1111,62,216,17845.5
06935450,1030,62,278,25497.7
06326000,1009,62,270,31101.7
08394100,1306,62,350,36089.2
09520700,1507,62,372,38731.7
09520701,1507,62,372,38731.7
09522660,1507,62,372,38731.7
09522800,1507,62,372,38731.7
09522860,1507,62,372,38731.7
09529150,1507,62,372,38731.7
09529160,1507,62,372,38731.7
09529200,1507,62,372,38731.7
09529240,1507,62,372,38731.7
09529250,1507,62,372,38731.7
09529350,1507,62,372,38731.7
09529360,1507,62,372,38731.7
09034250,1401,61,24,2133.9
09034500,1401,61,24,2133.9
07106200,1102,61,25,2299.0
07106300,1102,61,25,2299.0
10167000,1602,61,85,7124.2
10167001,1602,61,85,7124.2
10167100,1602,61,85,7124.2
10167101,1602,61,85,7124.2
10167160,1602,61,85,7124.2
14372250,1710,61,131,10107.9
07331290,1113,61,187,19856.8
06934500,1030,61,258,23808.6
06857100,1025,61,298,30514.1
07227000,1108,61,320,30588.8
06877600,1026,61,377,42078.0
06850500,1025,61,520,54162.0
11303000,1804,60,34,3102.0
12150800,1711,60,46,4074.0
10312150,1605,60,41,4868.0
10312260,1605,60,41,4868.0
10312275,1605,60,41,4868.0
10312280,1605,60,41,4868.0
10351400,1605,60,41,4868.0
10351590,1605,60,41,4868.0
09128000,1402,60,113,10332.1
11516530,1801,60,120,11908.9
09415060,1501,60,151,13188.1
364757114024501,1501,60,151,13188.1
09415089,1501,60,151,13188.1
094150891,1501,60,151,13188.1
08394033,1306,60,322,33218.0
08065000,1203,60,356,33842.7
06850200,1025,60,518,54045.8
07106000,1102,59,21,1976.8
09019000,1401,59,23,2015.9
09019500,1401,59,23,2015.9
11302500,1804,59,31,2743.2
11511990,1801,59,118,11679.6
11512000,1801,59,118,11679.6
11512500,1801,59,118,11679.6
10086500,1601,59,118,11962.2
10090500,1601,59,118,11962.2
06027500,1002,59,238,20284.1
06027600,1002,59,238,20284.1
08394024,1306,59,319,32908.8
09429490,1503,59,451,41778.1
09522990,1503,59,451,41778.1
06478000,1016,59,465,45875.1
11299996,1804,58,29,2609.3
11299997,1804,58,29,2609.3
11300000,1804,58,29,2609.3
11300500,1804,58,29,2609.3
11300600,1804,58,29,2609.3
11301000,1804,58,29,2609.3
11302000,1804,58,29,2609.3
14370400,1710,58,109,8589.6
12424500,1701,58,133,13451.9
07223000,1108,58,219,20414.1
07223300,1108,58,219,20414.1
07057250,1101,58,243,20788.6
08386000,1306,58,315,32500.8
06877000,1026,58,378,42287.8
06849500,1025,58,510,53436.9
392110107011300,1401,57,24,2073.8
10141040,1602,57,67,5534.8
10141050,1602,57,67,5534.8
10141100,1602,57,67,5534.8
10141150,1602,57,67,5534.8
10141200,1602,57,67,5534.8
411316112132201,1602,57,67,5534.8
11336680,1804,57,69,5740.6
11336685,1804,57,69,5740.6
11336790,1804,57,69,5740.6
11336930,1804,57,69,5740.6
11447903,1804,57,69,5740.6
09306395,1405,57,100,9339.8
09306400,1405,57,100,9339.8
06630150,1018,57,108,11194.8
06796500,1020,57,152,16130.8
09216500,1404,57,168,18746.0
06027200,1002,57,236,20083.6
10327500,1604,57,314,32482.5
330131114364101,1503,57,440,40728.9
07344400,1114,57,464,44895.8
07344405,1114,57,464,44895.8
09247500,1405,56,86,6785.1
09247600,1405,56,86,6785.1
10166605,1602,56,84,7076.4
12334550,1701,56,136,9567.9
06630000,1018,56,107,11121.8
07099400,1102,56,151,12354.4
07099500,1102,56,151,12354.4
07099969,1102,56,151,12354.4
07099970,1102,56,151,12354.4
07099971,1102,56,151,12354.4
07099973,1102,56,151,12354.4
13022000,1704,56,120,12444.7
13022500,1704,56,120,12444.7
13023500,1704,56,120,12444.7
09415058,1501,56,150,13061.1
364831114002301,1501,56,150,13061.1
364847114001601,1501,56,150,13061.1
364849114001301,1501,56,150,13061.1
06796450,1020,56,151,16066.9
09211200,1404,56,152,16838.0
06027000,1002,56,235,19944.0
06324710,1009,56,193,22487.3
10327000,1604,56,301,31149.2
09429290,1503,56,432,40014.9
09429300,1503,56,432,40014.9
09429190,1503,56,432,40014.9
09429200,1503,56,432,40014.9
09295100,1406,55,92,7036.1
10231500,1603,55,184,15306.9
06796000,1020,55,149,15922.2
07222000,1108,55,174,16268.3
06910450,1030,55,205,19055.9
06026500,1002,55,234,19838.5
09448500,1504,55,205,20451.3
09449500,1504,55,205,20451.3
09451000,1504,55,205,20451.3
06324500,1009,55,181,20972.6
13342500,1706,55,265,24307.2
13343000,1706,55,265,24307.2
13343009,1706,55,265,24307.2
09397300,1502,55,341,30716.9
06477000,1016,55,422,41815.4
07344370,1114,55,463,44737.7
10311900,1605,54,40,4451.1
10312000,1605,54,40,4451.1
10312020,1605,54,40,4451.1
09295000,1406,54,91,6943.6
09306300,1405,54,90,8366.5
09124700,1402,54,104,9359.3
10079500,1601,54,104,10809.5
10080000,1601,54,104,10809.5
12420500,1701,54,109,11099.8
12421000,1701,54,109,11099.8
12421500,1701,54,109,11099.8
12422000,1701,54,109,11099.8
12422500,1701,54,109,11099.8
10228000,1603,54,182,15105.6
07221500,1108,54,170,15785.6
295847093420600,1201,54,238,25495.2
08030520,1201,54,238,25495.2
08030530,1201,54,238,25495.2
08030540,1201,54,238,25495.2
08030730,1201,54,238,25495.2
08030800,1201,54,238,25495.2
09397000,1502,54,318,28474.3
08117210,1207,54,335,35952.5
06844500,1025,54,483,50151.9
10301600,1605,53,66,6514.6
11510700,1801,53,105,10405.0
420523122042000,1801,53,105,10405.0
11361450,1802,53,124,11214.0
11362000,1802,53,124,11214.0
11362300,1802,53,124,11214.0
06308500,1009,53,138,14000.7
10224000,1603,53,181,15049.7
09181500,1403,53,202,16737.6
07331000,1113,53,177,18610.5
07178645,1107,53,210,21017.5
06164510,1005,53,206,22093.6
06408650,1012,53,252,29041.5
08114500,1207,53,345,36876.0
06476000,1016,53,384,38068.6
11467000,1801,52,40,3598.4
11467002,1801,52,40,3598.4
10301500,1605,52,65,6391.5
09306290,1405,52,79,7137.7
13050543,1704,52,88,8120.9
13056500,1704,52,88,8120.9
09123000,1402,52,98,8880.1
11479560,1801,52,113,9528.8
12505350,1703,52,101,10272.0
12505410,1703,52,101,10272.0
364904113593701,1501,52,147,12767.3
10223500,1603,52,179,14800.8
07178600,1107,52,201,20297.6
06610500,1023,52,241,23137.8
06610505,1023,52,241,23137.8
06610000,1023,52,241,23137.8
06610490,1023,52,241,23137.8
411105095532301,1023,52,241,23137.8
12322001,1701,52,270,34642.3
11299200,1804,51,28,2538.5
11299500,1804,51,28,2538.5
10311700,1605,51,30,3016.8
10311750,1605,51,30,3016.8
10141000,1602,51,66,5378.3
09306224,1405,51,67,5906.3
10300600,1605,51,63,6256.8
10301000,1605,51,63,6256.8
10301115,1605,51,63,6256.8
10301120,1605,51,63,6256.8
10301290,1605,51,63,6256.8
10301300,1605,51,63,6256.8
10301495,1605,51,63,6256.8
385407119093001,1605,51,63,6256.8
385952119103901,1605,51,63,6256.8
390023119103101,1605,51,63,6256.8
390059119102001,1605,51,63,6256.8
13205995,1705,51,114,7470.0
13206000,1705,51,114,7470.0
13206305,1705,51,114,7470.0
13206400,1705,51,114,7470.0
13208500,1705,51,114,7470.0
13209500,1705,51,114,7470.0
11509390,1801,51,104,10333.0
11509500,1801,51,104,10333.0
11510500,1801,51,104,10333.0
420743121565400,1801,51,104,10333.0
420903122010900,1801,51,104,10333.0
06307990,1009,51,115,11777.4
06308000,1009,51,115,11777.4
14019250,1707,51,147,12497.3
14019240,1707,51,147,12497.3
09415000,1501,51,145,12678.9
10220000,1603,51,174,14302.3
09511300,1506,51,185,16236.3
06920500,1029,51,210,21685.5
07074420,1101,51,228,22116.1
06475000,1016,51,324,31966.9
06794500,1021,51,366,38286.2
10337500,1605,50,12,1440.6
10338000,1605,50,12,1440.6
10338001,1605,50,12,1440.6
11465390,1801,50,38,3357.8
11238600,1804,50,32,3357.8
11241800,1804,50,32,3357.8
11246590,1804,50,32,3357.8
11323500,1804,50,63,5157.9
11325500,1804,50,63,5157.9
06438000,1012,50,151,18288.1
06155900,1005,50,183,19612.2
07178452,1107,50,195,19910.4
10323400,1604,50,235,23036.0
10323425,1604,50,235,23036.0
10323500,1604,50,235,23036.0
10323600,1604,50,235,23036.0
10325000,1604,50,235,23036.0
07341500,1114,50,355,33344.5
12319501,1701,50,266,34323.5
12321000,1701,50,266,34323.5
12322000,1701,50,266,34323.5
06792490,1021,50,361,37756.1
06792499,1021,50,361,37756.1
06792500,1021,50,361,37756.1
06793000,1021,50,361,37756.1
11446030,1802,49,26,2201.3
10311400,1605,49,26,2556.3
10311500,1605,49,26,2556.3
12331900,1701,49,98,6953.5
06307830,1009,49,96,10133.8
10075000,1601,49,99,10416.1
12419000,1701,49,105,10559.4
10219000,1603,49,163,13336.3
06909000,1030,49,160,14909.1
06155500,1005,49,152,16398.8
08062650,1203,49,237,22324.9
07337000,1114,49,348,32685.4
08113500,1207,49,350,37352.7
08114100,1207,49,350,37352.7
09520500,1507,49,370,38527.5
09522680,1507,49,370,38527.5
09522700,1507,49,370,38527.5
09522701,1507,49,370,38527.5
09522703,1507,49,370,38527.5
09522712,1507,49,370,38527.5
09529300,1507,49,370,38527.5
14207000,1709,48,27,1834.5
14207200,1709,48,27,1834.5
14207500,1709,48,27,1834.5
14207501,1709,48,27,1834.5
09070000,1401,48,32,2517.8
09070050,1401,48,32,2517.8
06052500,1002,48,53,4781.0
12331800,1701,48,88,6401.1
06307800,1009,48,91,9755.0
06074000,1003,48,148,10890.1
10217000,1603,48,156,12716.1
06155030,1005,48,138,14923.7
07072500,1101,48,191,19094.6
08062575,1203,48,231,21677.1
10336689,1605,47,11,1314.0
11445000,1802,47,22,1816.5
11445500,1802,47,22,1816.5
10311090,1605,47,25,2483.7
10311100,1605,47,25,2483.7
10311200,1605,47,25,2483.7
10311250,1605,47,25,2483.7
10311260,1605,47,25,2483.7
10311300,1605,47,25,2483.7
12101470,1711,47,24,2549.1
12101500,1711,47,24,2549.1
12102000,1711,47,24,2549.1
12102012,1711,47,24,2549.1
12102025,1711,47,24,2549.1
12102075,1711,47,24,2549.1
12102078,1711,47,24,2549.1
12102140,1711,47,24,2549.1
12102190,1711,47,24,2549.1
12102212,1711,47,24,2549.1
14243000,1708,47,73,5901.9
12331600,1701,47,85,6308.2
12331620,1701,47,85,6308.2
13152500,1704,47,95,8348.5
13152895,1704,47,95,8348.5
13152940,1704,47,95,8348.5
13153500,1704,47,95,8348.5
12417610,1701,47,101,9907.4
12417650,1701,47,101,9907.4
12418000,1701,47,101,9907.4
12418500,1701,47,101,9907.4
10071500,1601,47,95,9993.6
09209500,1404,47,99,10859.8
09413700,1501,47,126,11077.7
09486515,1505,47,139,13216.2
09486520,1505,47,139,13216.2
12372000,1701,47,219,18371.9
06818300,1024,47,285,27501.2
09429170,1503,47,405,36698.7
09429180,1503,47,405,36698.7
09069000,1401,46,31,2446.3
14361500,1710,46,79,6462.6
06709740,1019,46,81,7943.5
06709910,1019,46,81,7943.5
09413200,1501,46,119,10356.7
09413500,1501,46,119,10356.7
09500500,1506,46,196,15018.2
06473000,1016,46,282,27975.7
06888925,1027,46,305,30850.1
06888990,1027,46,305,30850.1
07105780,1102,45,16,1573.5
07105800,1102,45,16,1573.5
07105815,1102,45,16,1573.5
07105820,1102,45,16,1573.5
11443460,1802,45,20,1632.2
11444500,1802,45,20,1632.2
14361050,1710,45,78,6332.1
06307662,1009,45,67,7510.4
06627000,1018,45,79,7636.6
11508700,1801,45,99,9990.2
11509340,1801,45,99,9990.2
11509370,1801,45,99,9990.2
420451121510000,1801,45,99,9990.2
420524121515200,1801,45,99,9990.2
420615121533600,1801,45,99,9990.2
420615121533601,1801,45,99,9990.2
420732121501100,1801,45,99,9990.2
420741121554001,1801,45,99,9990.2
420853121505500,1801,45,99,9990.2
420853121505501,1801,45,99,9990.2
08077647,1204,45,107,13077.7
08077670,1204,45,107,13077.7
08077695,1204,45,107,13077.7
08077752,1204,45,107,13077.7
06437000,1012,45,120,15007.4
09180500,1403,45,190,15879.0
412126095565201,1023,45,232,22273.7
06818000,1024,45,274,26545.8
07143375,1103,45,273,31110.9
07143400,1103,45,273,31110.9
09429100,1503,45,400,36354.1
09429130,1503,45,400,36354.1
09429155,1503,45,400,36354.1
07316000,1113,45,406,40349.5
12113310,1711,44,16,1257.2
12113344,1711,44,16,1257.2
12113346,1711,44,16,1257.2
12113347,1711,44,16,1257.2
12113349,1711,44,16,1257.2
12113350,1711,44,16,1257.2
12113375,1711,44,16,1257.2
12113385,1711,44,16,1257.2
12113390,1711,44,16,1257.2
12113415,1711,44,16,1257.2
14206694,1709,44,26,1775.7
14163500,1709,44,37,3286.9
14163900,1709,44,37,3286.9
14164000,1709,44,37,3286.9
14164200,1709,44,37,3286.9
14164700,1709,44,37,3286.9
14164900,1709,44,37,3286.9
14165500,1709,44,37,3286.9
08279500,1302,44,64,6556.4
06307616,1009,44,59,6837.1
06708000,1019,44,80,7824.2
10068500,1601,44,90,9668.5
12505330,1703,44,95,9725.8
06236100,1008,44,107,11570.3
07054501,1101,44,186,15745.6
07054527,1101,44,186,15745.6
07055000,1101,44,186,15745.6
06485950,1017,44,200,19640.8
06485910,1017,44,200,19640.8
06102050,1003,44,220,22127.7
08029760,1201,44,232,24227.9
12318500,1701,44,260,33884.4
11234750,1804,43,29,3097.6
11234760,1804,43,29,3097.6
11235000,1804,43,29,3097.6
11235100,1804,43,29,3097.6
14359000,1710,43,66,5313.2
08276500,1302,43,61,6306.9
06071500,1003,43,125,9090.4
12504500,1703,43,93,9532.3
12505000,1703,43,93,9532.3
12505050,1703,43,93,9532.3
1250547010,1703,43,93,9532.3
13302500,1706,43,124,9719.4
09209400,1404,43,90,9938.7
08252000,1301,43,147,12132.9
07246500,1111,43,141,12252.2
06794700,1020,43,129,13690.7
09510000,1506,43,172,15123.6
06888350,1027,43,287,28607.2
07143350,1103,43,272,31078.4
09067500,1401,42,21,1671.2
394220106431500,1401,42,21,1671.2
14129400,1708,42,29,2262.8
453439122223900,1708,42,29,2262.8
11120700,1806,42,30,2697.0
11120800,1806,42,30,2697.0
11120900,1806,42,30,2697.0
11452800,1802,42,44,3820.4
11452900,1802,42,44,3820.4
11452901,1802,42,44,3820.4
11453000,1802,42,44,3820.4
384115121402501,1802,42,44,3820.4
09244490,1405,42,59,4665.0
06066500,1003,42,121,8671.0
13021500,1704,42,85,8858.1
10044000,1601,42,85,9199.4
10046500,1601,42,85,9199.4
08251500,1301,42,144,11802.7
09180000,1403,42,145,11944.5
07328500,1113,42,137,14165.9
09509000,1506,42,167,14774.6
06195950,1007,42,157,14843.1
09357700,1408,42,172,15104.4
09479500,1505,42,216,19262.3
06472000,1016,42,195,19918.6
09394500,1502,42,221,19930.9
09397045,1502,42,221,19930.9
09520280,1507,42,283,27722.3
06888345,1027,42,286,28486.9
07143330,1103,42,268,30695.8
09429000,1503,42,391,35726.9
09429010,1503,42,391,35726.9
07315650,1113,42,370,36835.1
08096500,1206,42,358,38861.3
10311000,1605,41,24,2323.1
11290000,1804,41,57,4855.1
11404500,1802,41,64,5283.8
11404900,1802,41,64,5283.8
11404901,1802,41,64,5283.8
11405000,1802,41,64,5283.8
09120500,1402,41,70,6231.5
13205500,1705,41,110,7138.8
13205633,1705,41,110,7138.8
13212000,1705,41,110,7138.8
06906600,1030,41,80,7380.9
13018750,1704,41,84,8767.9
13020500,1704,41,84,8767.9
13021000,1704,41,84,8767.9
07097000,1102,41,137,11119.8
07099200,1102,41,137,11119.8
09179500,1403,41,140,11576.6
06774000,1020,41,119,12869.2
09508500,1506,41,162,14270.1
12369000,1701,41,182,15014.2
09357100,1408,41,171,15024.7
06485500,1017,41,186,18210.5
09479350,1505,41,215,19155.8
06466000,1015,41,289,28085.2
07105000,1102,40,14,1239.4
07105500,1102,40,14,1239.4
07105530,1102,40,14,1239.4
11439300,1802,40,15,1336.0
11441895,1802,40,15,1336.0
11442500,1802,40,15,1336.0
11442700,1802,40,15,1336.0
11443000,1802,40,15,1336.0
11443500,1802,40,15,1336.0
11443501,1802,40,15,1336.0
11444280,1802,40,15,1336.0
09057520,1401,40,19,1768.4
11295250,1804,40,19,1773.7
11295400,1804,40,19,1773.7
11295401,1804,40,19,1773.7
11295505,1804,40,19,1773.7
09114000,1402,40,65,5711.2
09114500,1402,40,65,5711.2
09114520,1402,40,65,5711.2
383103106594200,1402,40,65,5711.2
383413106562401,1402,40,65,5711.2
06906500,1030,40,79,7283.9
09486490,1505,40,95,9178.5
09486500,1505,40,95,9178.5
09486510,1505,40,95,9178.5
12415290,1701,40,98,9577.8
07194555,1111,40,111,9775.2
06342020,1013,40,102,10082.8
09179450,1403,40,137,11268.5
07054000,1101,40,154,12868.9
12363500,1701,40,179,14719.0
12366500,1701,40,179,14719.0
06483950,1017,40,183,17943.2
08026290,1201,40,203,21229.5
13341050,1706,40,237,21364.3
06815990,1024,40,220,21403.5
09520030,1507,40,241,22975.9
12314000,1701,40,257,33651.5
12315200,1701,40,257,33651.5
06843500,1025,40,362,37101.2
06337500,1011,40,402,37483.8
11433420,1802,39,19,1595.7
11433500,1802,39,19,1595.7
09057500,1401,39,18,1660.3
11413510,1802,39,21,1900.3
11413600,1802,39,21,1900.3
11413700,1802,39,21,1900.3
10310405,1605,39,21,2058.1
10310407,1605,39,21,2058.1
10310448,1605,39,21,2058.1
11289000,1804,39,47,4100.8
11289500,1804,39,47,4100.8
11289501,1804,39,47,4100.8
11289650,1804,39,47,4100.8
11289651,1804,39,47,4100.8
11289660,1804,39,47,4100.8
06307500,1009,39,40,4866.8
11477000,1801,39,99,8168.5
12500450,1703,39,92,9464.4
12503000,1703,39,92,9464.4
06341000,1013,39,99,9713.2
06153800,1005,39,103,11050.8
06154000,1005,39,103,11050.8
06154100,1005,39,103,11050.8
07328000,1113,39,118,12441.1
07328100,1113,39,118,12441.1
09508000,1506,39,155,13721.5
07185080,1107,39,138,15593.4
09520000,1507,39,227,21583.4
06887500,1027,39,270,26955.9
09379910,1407,39,336,30832.4
09380000,1407,39,336,30832.4
09380002,1407,39,336,30832.4
09067020,1401,38,14,1075.3
09053500,1401,38,16,1507.8
09054000,1401,38,16,1507.8
09054500,1401,38,16,1507.8
09055000,1401,38,16,1507.8
09055300,1401,38,16,1507.8
09055500,1401,38,16,1507.8
09056000,1401,38,16,1507.8
09056500,1401,38,16,1507.8
06422000,1012,38,19,1851.6
11135000,1806,38,28,2324.7
11135200,1806,38,28,2324.7
11135250,1806,38,28,2324.7
11135500,1806,38,28,2324.7
13266500,1705,38,51,4360.3
06306950,1009,38,38,4613.9
09279500,1406,38,64,4846.3
09279501,1406,38,64,4846.3
11222975,1803,38,57,5045.6
06895500,1030,38,58,5363.9
13132513,1704,38,42,5661.4
13132515,1704,38,42,5661.4
13132520,1704,38,42,5661.4
13132535,1704,38,42,5661.4
13132565,1704,38,42,5661.4
13132580,1704,38,42,5661.4
10285700,1809,38,68,7451.0
08067074,1204,38,97,10257.2
08067520,1204,38,97,10257.2
06670500,1018,38,110,11816.5
07069000,1101,38,129,12659.4
07185000,1107,38,136,15447.2
07185030,1107,38,136,15447.2
06918250,1029,38,151,15572.5
09478350,1505,38,195,17159.9
09519800,1507,38,222,21226.2
06465500,1015,38,278,27108.4
06465000,1015,38,290,28546.5
06791300,1021,38,312,32347.1
09067000,1401,37,13,1024.2
09067005,1401,37,13,1024.2
06421500,1012,37,17,1617.8
11452500,1802,37,37,2943.9
11452600,1802,37,37,2943.9
384041121402601,1802,37,37,2943.9
384041121410301,1802,37,37,2943.9
11221500,1803,37,51,4432.8
11222000,1803,37,51,4432.8
06306500,1009,37,37,4463.9
11403700,1802,37,61,5015.1
11403800,1802,37,61,5015.1
11404330,1802,37,61,5015.1
11404360,1802,37,61,5015.1
11404380,1802,37,61,5015.1
11404400,1802,37,61,5015.1
06623500,1018,37,62,5798.7
09177000,1403,37,118,9614.9
07053450,1101,37,126,10438.4
07053500,1101,37,126,10438.4
09498500,1506,37,143,11199.8
06670000,1018,37,108,11580.6
09357000,1408,37,161,14098.0
06918070,1029,37,141,14525.0
09477570,1505,37,178,15151.9
06471550,1016,37,183,18772.3
06130500,1004,37,209,20247.0
06815575,1024,37,210,20354.7
08110200,1207,37,273,29009.6
06414000,1012,36,14,1309.0
06414700,1012,36,14,1309.0
06415500,1012,36,14,1309.0
06416000,1012,36,14,1309.0
06416300,1012,36,14,1309.0
06418800,1012,36,14,1309.0
06418900,1012,36,14,1309.0
11433212,1802,36,17,1477.6
11433300,1802,36,17,1477.6
14183000,1709,36,27,1769.8
14183010,1709,36,27,1769.8
14183020,1709,36,27,1769.8
444728122450000,1709,36,27,1769.8
14188900,1709,36,38,2694.1
06894650,1030,36,39,3483.5
06306300,1009,36,34,4124.0
06306000,1009,36,34,4124.0
12035002,1710,36,53,4616.2
12035100,1710,36,53,4616.2
06707500,1019,36,66,6781.6
06707525,1019,36,66,6781.6
13202000,1705,36,108,7020.6
13203000,1705,36,108,7020.6
13203510,1705,36,108,7020.6
13203700,1705,36,108,7020.6
13203760,1705,36,108,7020.6
13204500,1705,36,108,7020.6
06153500,1005,36,95,10166.9
11152500,1806,36,131,11084.0
11152570,1806,36,131,11084.0
10322500,1604,36,143,13096.5
09475500,1505,36,167,14076.0
09475505,1505,36,167,14076.0
06471000,1016,36,157,15909.4
08057055,1203,36,176,16409.9
09518500,1507,36,184,17536.6
09519500,1507,36,184,17536.6
09519501,1507,36,184,17536.6
09519502,1507,36,184,17536.6
08385648,1306,36,201,20662.6
06870500,1026,36,214,24668.4
07142800,1103,36,245,27975.3
09428510,1503,36,328,28895.5
09428511,1503,36,328,28895.5
09080200,1401,35,6,658.6
09080300,1401,35,6,658.6
09080400,1401,35,6,658.6
07103100,1102,35,11,918.4
07103700,1102,35,11,918.4
07103702,1102,35,11,918.4
07103703,1102,35,11,918.4
07103707,1102,35,11,918.4
09064600,1401,35,12,937.5
14163100,1709,35,29,2560.9
14163150,1709,35,29,2560.9
14163200,1709,35,29,2560.9
14163300,1709,35,29,2560.9
10259540,1810,35,41,3883.5
13157370,1705,35,49,4022.5
094196784,1501,35,31,4039.6
09419679,1501,35,31,4039.6
09419698,1501,35,31,4039.6
09419700,1501,35,31,4039.6
09419740,1501,35,31,4039.6
09419745,1501,35,31,4039.6
09419747,1501,35,31,4039.6
09419749,1501,35,31,4039.6
09419753,1501,35,31,4039.6
09419755,1501,35,31,4039.6
09419756,1501,35,31,4039.6
09419790,1501,35,31,4039.6
09419800,1501,35,31,4039.6
11194152,1803,35,64,6319.7
13251000,1705,35,114,8570.1
09356500,1408,35,113,9143.0
06142500,1005,35,92,9811.4
06143000,1005,35,92,9811.4
06144000,1005,35,92,9811.4
06153000,1005,35,92,9811.4
06601200,1023,35,175,16564.2
09419530,1501,35,188,18228.1
06813500,1024,35,203,19409.4
08385643,1306,35,194,19859.1
07142680,1103,35,244,27833.6
08160000,1209,35,336,35634.5
12113000,1711,34,15,1097.3
12113150,1711,34,15,1097.3
11179000,1805,34,20,1692.4
11179100,1805,34,20,1692.4
11180000,1805,34,20,1692.4
11180500,1805,34,20,1692.4
11180750,1805,34,20,1692.4
11102750,1807,34,20,2151.2
11103000,1807,34,20,2151.2
11103010,1807,34,20,2151.2
11133000,1806,34,27,2177.4
11133500,1806,34,27,2177.4
11133700,1806,34,27,2177.4
11134000,1806,34,27,2177.4
11134500,1806,34,27,2177.4
11134800,1806,34,27,2177.4
10259300,1810,34,37,3290.6
11212260,1803,34,43,3484.5
14319500,1710,34,55,3555.7
13157310,1705,34,43,3563.1
13157315,1705,34,43,3563.1
13157325,1705,34,43,3563.1
13157340,1705,34,43,3563.1
09408150,1501,34,43,4126.9
09408175,1501,34,43,4126.9
370656113260601,1501,34,43,4126.9
11114000,1807,34,42,4164.1
10136500,1602,34,52,4335.5
10136600,1602,34,52,4335.5
10137000,1602,34,52,4335.5
14074630,1707,34,72,5547.8
11194000,1803,34,63,6243.8
352533118494601,1803,34,63,6243.8
09191000,1404,34,57,6490.1
06701970,1019,34,65,6684.1
06702000,1019,34,65,6684.1
13250500,1705,34,113,8484.4
09355500,1408,34,112,9020.3
07096000,1102,34,115,9160.3
07053000,1101,34,114,9450.1
06667060,1018,34,92,9694.1
06669000,1018,34,92,9694.1
11486990,1801,34,98,9888.6
11507400,1801,34,98,9888.6
11507500,1801,34,98,9888.6
11507501,1801,34,98,9888.6
421015121471800,1801,34,98,9888.6
421131121465900,1801,34,98,9888.6
421209121463000,1801,34,98,9888.6
421209121463001,1801,34,98,9888.6
421330121474700,1801,34,98,9888.6
09474500,1505,34,166,14008.9
06317000,1009,34,140,16265.6
09419500,1501,34,187,18093.2
09419507,1501,34,187,18093.2
09419515,1501,34,187,18093.2
08025360,1201,34,187,19465.5
08385640,1306,34,193,19740.0
06870200,1026,34,212,24598.3
08109000,1207,34,233,24813.6
08092600,1206,34,306,33152.7
06719770,1019,33,19,1476.1
06719840,1019,33,19,1476.1
06719845,1019,33,19,1476.1
06720000,1019,33,19,1476.1
12150400,1711,33,23,1787.8
06731000,1019,33,35,2536.8
11451950,1802,33,36,2705.0
11452000,1802,33,36,2705.0
11218499,1803,33,42,3739.8
11218500,1803,33,42,3739.8
11218501,1803,33,42,3739.8
11218700,1803,33,42,3739.8
11288000,1804,33,46,3975.0
11113900,1807,33,41,4063.3
14074500,1707,33,66,4829.1
11530000,1801,33,79,7386.9
06340890,1013,33,82,7549.7
06340900,1013,33,82,7549.7
06340905,1013,33,82,7549.7
11354200,1802,33,100,9306.2
11355010,1802,33,100,9306.2
11152300,1806,33,128,10637.6
06434500,1012,33,92,11701.6
06436000,1012,33,92,11701.6
06482020,1017,33,124,12048.2
06482100,1017,33,124,12048.2
09474000,1505,33,157,13237.1
07176000,1107,33,162,16803.3
09388000,1502,33,175,16895.2
08385630,1306,33,176,18015.7
07336820,1114,33,224,20240.7
08098450,1207,33,225,23900.9
12309500,1701,33,246,32801.1
12310000,1701,33,246,32801.1
12310100,1701,33,246,32801.1
08156700,1209,33,426,45404.5
08157000,1209,33,426,45404.5
08157500,1209,33,426,45404.5
08158050,1209,33,426,45404.5
12438000,1702,33,342,62457.0
09080000,1401,32,5,579.8
09080100,1401,32,5,579.8
09033300,1401,32,10,783.0
09034000,1401,32,10,783.0
12107300,1711,32,14,1034.2
12107500,1711,32,14,1034.2
12107950,1711,32,14,1034.2
12108000,1711,32,14,1034.2
12108050,1711,32,14,1034.2
12108450,1711,32,14,1034.2
12108500,1711,32,14,1034.2
12108800,1711,32,14,1034.2
11087020,1807,32,18,1703.7
11087195,1807,32,18,1703.7
11087500,1807,32,18,1703.7
11088000,1807,32,18,1703.7
11090500,1807,32,18,1703.7
11090700,1807,32,18,1703.7
06730525,1019,32,33,2437.4
14317500,1710,32,51,3206.0
14318500,1710,32,51,3206.0
09244400,1405,32,47,3654.7
09244405,1405,32,47,3654.7
09244410,1405,32,47,3654.7
12183900,1711,32,47,4146.2
13118920,1704,32,40,4618.1
11192940,1803,32,61,5981.7
11192950,1803,32,61,5981.7
11193000,1803,32,61,5981.7
11193010,1803,32,61,5981.7
11193020,1803,32,61,5981.7
11193030,1803,32,61,5981.7
11193031,1803,32,61,5981.7
11193032,1803,32,61,5981.7
13249500,1705,32,100,7508.0
13250000,1705,32,100,7508.0
09497500,1506,32,103,8172.0
08385620,1306,32,163,16546.6
09519000,1507,32,183,17428.2
07244500,1110,32,198,17536.4
06403700,1012,32,226,26570.8
09428530,1503,32,317,27806.4
06329610,1010,32,395,35954.8
06329620,1010,32,395,35954.8
08158100,1209,32,421,45053.5
08154510,1209,32,433,45934.0
11417500,1802,31,8,911.2
14142800,1708,31,19,1295.2
14206241,1709,31,21,1454.4
14206500,1709,31,21,1454.4
10259050,1810,31,17,1461.0
10259100,1810,31,17,1461.0
12149000,1711,31,21,1649.0
12149500,1711,31,21,1649.0
06725100,1019,31,32,2257.6
06725450,1019,31,32,2257.6
06299980,1009,31,20,2347.3
06300000,1009,31,20,2347.3
14162500,1709,31,28,2436.8
11451520,1802,31,34,2488.5
11451760,1802,31,34,2488.5
11451800,1802,31,34,2488.5
09135950,1402,31,30,2510.5
09136100,1402,31,30,2510.5
09271070,1406,31,47,3326.2
11285500,1804,31,38,3374.5
10136000,1602,31,48,3913.8
12179800,1711,31,46,4067.4
12180300,1711,31,46,4067.4
12181000,1711,31,46,4067.4
06804700,1020,31,45,4267.0
06805000,1020,31,45,4267.0
13132100,1704,31,39,4406.0
13132373,1704,31,39,4406.0
13132500,1704,31,39,4406.0
09314500,1406,31,58,4616.2
06065500,1003,31,99,7203.5
07094500,1102,31,101,7933.2
11351700,1802,31,97,9051.2
11354510,1802,31,97,9051.2
11355000,1802,31,97,9051.2
06470878,1016,31,116,11765.9
06470980,1016,31,116,11765.9
06023100,1002,31,146,12380.7
06195750,1007,31,131,12549.7
09506500,1506,31,143,12693.2
08385520,1306,31,150,15090.7
08385522,1306,31,150,15090.7
06127600,1004,31,157,15352.9
08088600,1206,31,221,24102.0
06463720,1015,31,232,24440.5
06185600,1006,31,266,26005.1
06185650,1006,31,266,26005.1
09428500,1503,31,313,27419.2
09428503,1503,31,313,27419.2
09077750,1401,30,4,440.5
09077800,1401,30,4,440.5
09077900,1401,30,4,440.5
09077940,1401,30,4,440.5
09077945,1401,30,4,440.5
09077950,1401,30,4,440.5
09077960,1401,30,4,440.5
09078000,1401,30,4,440.5
09078600,1401,30,4,440.5
12122010,1711,30,6,627.9
12125000,1711,30,6,627.9
12125200,1711,30,6,627.9
12125500,1711,30,6,627.9
12126500,1711,30,6,627.9
11417000,1802,30,6,695.5
14142500,1708,30,17,1157.5
09052800,1401,30,15,1287.6
09053000,1401,30,15,1287.6
11209900,1803,30,22,1703.0
11210500,1803,30,22,1703.0
11210850,1803,30,22,1703.0
11210900,1803,30,22,1703.0
11210930,1803,30,22,1703.0
11210950,1803,30,22,1703.0
11211500,1803,30,22,1703.0
14187600,1709,30,28,1841.2
14188570,1709,30,28,1841.2
11046062,1807,30,24,2077.3
11046072,1807,30,24,2077.3
11046082,1807,30,24,2077.3
11283000,1804,30,37,3280.2
13157296,1705,30,42,3445.6
13157300,1705,30,42,3445.6
13157305,1705,30,42,3445.6
08268700,1302,30,32,3475.3
09407810,1501,30,37,3607.5
09408135,1501,30,37,3607.5
14069500,1707,30,64,4589.6
14070500,1707,30,64,4589.6
10277400,1809,30,53,5858.4
10277500,1809,30,53,5858.4
10278000,1809,30,53,5858.4
13194500,1705,30,107,6957.2
13201000,1705,30,107,6957.2
06058502,1003,30,95,6973.6
08240000,1301,30,107,8513.4
06770500,1020,30,76,8646.0
06481400,1017,30,100,9861.6
06482000,1017,30,100,9861.6
433600096442400,1017,30,100,9861.6
09473400,1505,30,138,11549.4
09473500,1505,30,138,11549.4
06127500,1004,30,119,11739.5
07183500,1107,30,112,12833.9
13340000,1706,30,159,14295.4
08024400,1201,30,169,17650.9
12308500,1701,30,245,32719.5
12309000,1701,30,245,32719.5
08155260,1209,30,428,45556.6
09025300,1401,29,6,469.7
09025400,1401,29,6,469.7
09027100,1401,29,6,469.7
395607105472701,1401,29,6,469.7
395632105481201,1401,29,6,469.7
395706105485201,1401,29,6,469.7
06412500,1012,29,12,1068.8
06412510,1012,29,12,1068.8
06412580,1012,29,12,1068.8
06412600,1012,29,12,1068.8
06412700,1012,29,12,1068.8
06412800,1012,29,12,1068.8
06412810,1012,29,12,1068.8
06412900,1012,29,12,1068.8
06413200,1012,29,12,1068.8
06413300,1012,29,12,1068.8
06413550,1012,29,12,1068.8
06413570,1012,29,12,1068.8
06413600,1012,29,12,1068.8
06413620,1012,29,12,1068.8
06413650,1012,29,12,1068.8
06413660,1012,29,12,1068.8
06413670,1012,29,12,1068.8
06413700,1012,29,12,1068.8
06413800,1012,29,12,1068.8
06719526,1019,29,18,1397.8
06719560,1019,29,18,1397.8
10309100,1605,29,16,1480.8
385733119471504,1605,29,16,1480.8
14159110,1709,29,26,2154.8
14159800,1709,29,26,2154.8
14162400,1709,29,26,2154.8
12033000,1710,29,45,3774.3
06620000,1018,29,45,3929.0
13146500,1704,29,64,5042.7
06340700,1013,29,78,7074.9
06340780,1013,29,78,7074.9
06286200,1008,29,70,7718.2
06770470,1020,29,75,8581.0
06770478,1020,29,75,8581.0
07128500,1102,29,105,8928.2
11151700,1806,29,111,9239.0
06470875,1016,29,115,11679.7
07183300,1107,29,103,11864.2
08385000,1306,29,132,13143.2
08385500,1306,29,132,13143.2
08385503,1306,29,132,13143.2
06102000,1003,29,146,15517.8
12447300,1702,29,241,20779.6
12447302,1702,29,241,20779.6
06185500,1006,29,253,24721.3
08160700,1209,29,246,25942.6
08160500,1209,29,291,31109.5
08447410,1307,29,402,46855.8
12436500,1702,29,313,59894.3
16283000,2006,28,1,48.8
16283200,2006,28,1,48.8
16283500,2006,28,1,48.8
16283600,2006,28,1,48.8
16283700,2006,28,1,48.8
16283800,2006,28,1,48.8
16284000,2006,28,1,48.8
16284200,2006,28,1,48.8
16284500,2006,28,1,48.8
16285000,2006,28,1,48.8
16286000,2006,28,1,48.8
16287000,2006,28,1,48.8
16291000,2006,28,1,48.8
16292000,2006,28,1,48.8
16294100,2006,28,1,48.8
16294900,2006,28,1,48.8
16295300,2006,28,1,48.8
212718157505801,2006,28,1,48.8
212719157505601,2006,28,1,48.8
212720157505501,2006,28,1,48.8
212721157505301,2006,28,1,48.8
212837157522001,2006,28,1,48.8
212856157514601,2006,28,1,48.8
212856157514801,2006,28,1,48.8
212856157514802,2006,28,1,48.8
212857157514701,2006,28,1,48.8
212900157515101,2006,28,1,48.8
212900157515201,2006,28,1,48.8
212900157515401,2006,28,1,48.8
11414154,1802,28,4,512.7
11414155,1802,28,4,512.7
11414170,1802,28,4,512.7
11414200,1802,28,4,512.7
11414210,1802,28,4,512.7
11414250,1802,28,4,512.7
11414280,1802,28,4,512.7
11414350,1802,28,4,512.7
11414360,1802,28,4,512.7
11416100,1802,28,4,512.7
11416200,1802,28,4,512.7
09052000,1401,28,14,1129.8
09052400,1401,28,14,1129.8
09052500,1401,28,14,1129.8
14187500,1709,28,26,1661.0
06052100,1002,28,17,1663.7
06052200,1002,28,17,1663.7
06052300,1002,28,17,1663.7
12170000,1711,28,20,1817.6
12170300,1711,28,20,1817.6
14317450,1710,28,39,2338.1
11158900,1806,28,36,3367.8
11159000,1806,28,36,3367.8
13132000,1704,28,36,3426.8
13016100,1704,28,62,6490.7
13016500,1704,28,62,6490.7
06286000,1008,28,69,7599.3
06664000,1018,28,78,8043.6
07128000,1102,28,103,8647.4
13170300,1705,28,102,8745.1
13170350,1705,28,102,8745.1
10208000,1603,28,123,10384.7
07183200,1107,28,96,10971.8
09473100,1505,28,135,11274.3
06470830,1016,28,114,11520.2
06470833,1016,28,114,11520.2
09506000,1506,28,137,12101.1
06101630,1003,28,144,15248.2
09404200,1501,28,262,23841.2
06887000,1027,28,253,25203.5
09427520,1503,28,306,26863.5
09427600,1503,28,306,26863.5
09427800,1503,28,306,26863.5
06837000,1025,28,305,31716.9
08446550,1307,28,268,32338.0
12306000,1701,28,244,32654.2
12308000,1701,28,244,32654.2
06329590,1010,28,386,35074.1
12435500,1702,28,310,59689.6
07103965,1102,27,7,611.6
07103970,1102,27,7,611.6
07104000,1102,27,7,611.6
07104500,1102,27,7,611.6
07104905,1102,27,7,611.6
11427765,1802,27,9,817.1
11431000,1802,27,9,817.1
11431500,1802,27,9,817.1
11433200,1802,27,9,817.1
06610685,1023,27,10,1039.6
06610795,1023,27,10,1039.6
06610798,1023,27,10,1039.6
11204680,1803,27,13,1070.4
11204900,1803,27,13,1070.4
11205000,1803,27,13,1070.4
444516122243900,1709,27,20,1318.5
14186610,1709,27,24,1529.9
14186700,1709,27,24,1529.9
14187200,1709,27,24,1529.9
11321000,1804,27,20,1611.1
11321500,1804,27,20,1611.1
11322000,1804,27,20,1611.1
11131000,1806,27,24,1907.9
11131500,1806,27,24,1907.9
11132000,1806,27,24,1907.9
12213100,1711,27,25,2165.3
12213145,1711,27,25,2165.3
13263500,1705,27,36,3005.2
12031000,1710,27,40,3359.9
13157015,1705,27,41,3393.3
13157105,1705,27,41,3393.3
13157110,1705,27,41,3393.3
13157125,1705,27,41,3393.3
13157130,1705,27,41,3393.3
13157160,1705,27,41,3393.3
13157291,1705,27,41,3393.3
13157293,1705,27,41,3393.3
14238800,1708,27,53,4133.3
07093700,1102,27,53,4348.7
13145000,1704,27,60,4644.4
13145500,1704,27,60,4644.4
11475000,1801,27,70,5457.5
13108000,1704,27,67,5680.9
13108150,1704,27,67,5680.9
13247500,1705,27,80,5785.5
10039500,1601,27,56,6408.7
07126500,1102,27,100,8277.8
06770375,1020,27,74,8397.8
10206001,1603,27,120,10013.9
06126500,1004,27,106,10476.5
13334000,1706,27,159,10634.3
12363000,1701,27,138,11655.9
09505550,1506,27,136,11997.0
13339000,1706,27,144,12551.2
06101500,1003,27,127,13487.2
07241800,1110,27,177,17133.7
07164000,1105,27,188,18231.4
06902000,1028,27,216,19458.2
07241550,1110,27,205,19808.7
12447200,1702,27,238,20507.0
07241520,1110,27,217,21061.0
08088000,1206,27,202,22209.1
06886000,1027,27,242,23987.0
08436500,1307,27,215,26370.4
08437500,1307,27,215,26370.4
08437600,1307,27,215,26370.4
08438100,1307,27,215,26370.4
08441500,1307,27,215,26370.4
06329500,1010,27,370,33554.0
16524000,2002,26,1,47.2
16527000,2002,26,1,47.2
16527500,2002,26,1,47.2
16531099,2002,26,1,47.2
16531100,2002,26,1,47.2
16532000,2002,26,1,47.2
16535000,2002,26,1,47.2
16536000,2002,26,1,47.2
16538000,2002,26,1,47.2
16541000,2002,26,1,47.2
16541500,2002,26,1,47.2
16542000,2002,26,1,47.2
16543000,2002,26,1,47.2
16544000,2002,26,1,47.2
16545000,2002,26,1,47.2
16551000,2002,26,1,47.2
16552000,2002,26,1,47.2
16552500,2002,26,1,47.2
16552600,2002,26,1,47.2
16552800,2002,26,1,47.2
16554000,2002,26,1,47.2
16554500,2002,26,1,47.2
16555000,2002,26,1,47.2
16556000,2002,26,1,47.2
16557000,2002,26,1,47.2
205224156113101,2002,26,1,47.2
205233156111901,2002,26,1,47.2
14316455,1710,26,24,1396.4
14316460,1710,26,24,1396.4
14316500,1710,26,24,1396.4
12167500,1711,26,19,1700.0
12167700,1711,26,19,1700.0
12168997,1711,26,19,1700.0
12169500,1711,26,19,1700.0
10162850,1602,26,25,1769.4
10163000,1602,26,25,1769.4
07221000,1108,26,31,3045.6
14152000,1709,26,41,3537.8
09364200,1408,26,44,3551.5
09364500,1408,26,44,3551.5
07198000,1111,26,48,4282.2
12324680,1701,26,57,4617.0
13050500,1704,26,48,4849.2
13056000,1704,26,48,4849.2
10038000,1601,26,55,6326.1
14031500,1707,26,78,6539.9
14032500,1707,26,78,6539.9
14033500,1707,26,78,6539.9
14033501,1707,26,78,6539.9
06208790,1007,26,68,7022.4
06208800,1007,26,68,7022.4
07126485,1102,26,86,7170.1
09444500,1504,26,75,7258.3
13333000,1706,26,128,8701.8
07183000,1107,26,87,9930.2
07214000,1108,26,118,11003.8
10321000,1604,26,125,11251.3
08384500,1306,26,123,12241.4
07163500,1105,26,182,17640.4
08162501,1209,26,174,18521.6
08162506,1209,26,174,18521.6
09404120,1501,26,215,19721.7
06402600,1012,26,213,25377.7
06830000,1025,26,289,30159.3
09050700,1401,25,13,1008.4
09051000,1401,25,13,1008.4
09051050,1401,25,13,1008.4
09051500,1401,25,13,1008.4
10309000,1605,25,12,1038.4
10309010,1605,25,12,1038.4
14181410,1709,25,18,1214.1
14181415,1709,25,18,1214.1
14181500,1709,25,18,1214.1
14181650,1709,25,18,1214.1
12388000,1701,25,17,1675.6
12388200,1701,25,17,1675.6
12141100,1711,25,21,2155.5
07218100,1108,25,23,2233.6
09313980,1406,25,35,2488.8
09314000,1406,25,35,2488.8
09314250,1406,25,35,2488.8
11072100,1807,25,24,2634.5
11072200,1807,25,24,2634.5
14238000,1708,25,48,3745.7
14238500,1708,25,48,3745.7
12413860,1701,25,38,3794.4
13143500,1704,25,57,4375.3
13144000,1704,25,57,4375.3
13144500,1704,25,57,4375.3
13246500,1705,25,77,5637.6
06285000,1008,25,58,6304.7
06285100,1008,25,58,6304.7
13332500,1706,25,99,6822.6
12352500,1701,25,86,7404.7
06770200,1020,25,69,7845.8
06770253,1020,25,69,7845.8
06126050,1004,25,83,8207.3
07182510,1107,25,75,8612.4
07211500,1108,25,94,8889.9
09472500,1505,25,111,9428.5
421401121480900,1801,25,97,9675.4
08383500,1306,25,105,10305.0
09504950,1506,25,125,11146.3
09505000,1506,25,125,11146.3
09505500,1506,25,125,11146.3
07335500,1114,25,134,12568.3
09334500,1407,25,170,14390.5
09335000,1407,25,170,14390.5
07163300,1105,25,177,17144.0
07141220,1103,25,150,17441.5
06785000,1021,25,196,20148.5
06463000,1015,25,214,22584.2
09424150,1503,25,305,26806.8
09424170,1503,25,305,26806.8
06328495,1010,25,332,29751.0
06610732,1023,24,9,952.5
06610740,1023,24,9,952.5
06610770,1023,24,9,952.5
411057096012501,1023,24,9,952.5
411126096003101,1023,24,9,952.5
411232096012401,1023,24,9,952.5
410853095575601,1023,24,9,952.8
10257548,1810,24,11,991.1
10257549,1810,24,11,991.1
10257550,1810,24,11,991.1
10257710,1810,24,11,991.1
10257720,1810,24,11,991.1
11216200,1803,24,10,1001.8
11216300,1803,24,10,1001.8
11216500,1803,24,10,1001.8
11218400,1803,24,10,1001.8
11203190,1803,24,12,1010.3
11203220,1803,24,12,1010.3
11203221,1803,24,12,1010.3
11203500,1803,24,12,1010.3
12099000,1711,24,11,1284.1
12100000,1711,24,11,1284.1
12100490,1711,24,11,1284.1
12100494,1711,24,11,1284.1
12100496,1711,24,11,1284.1
12100498,1711,24,11,1284.1
12100500,1711,24,11,1284.1
12101100,1711,24,11,1284.1
12101102,1711,24,11,1284.1
11319500,1804,24,18,1429.6
11130500,1806,24,22,1802.1
11045000,1807,24,22,1917.8
11045050,1807,24,22,1917.8
11045300,1807,24,22,1917.8
11045370,1807,24,22,1917.8
11045600,1807,24,22,1917.8
11045700,1807,24,22,1917.8
11046000,1807,24,22,1917.8
11046050,1807,24,22,1917.8
12211200,1711,24,22,1946.1
12211500,1711,24,22,1946.1
12212430,1711,24,22,1946.1
09134100,1402,24,25,2055.1
11451540,1802,24,29,2090.6
10300200,1605,24,26,2225.7
13130300,1704,24,25,2470.7
13130500,1704,24,25,2470.7
06803555,1020,24,30,2925.4
14339000,1710,24,40,3214.0
12413500,1701,24,35,3447.2
12413810,1701,24,35,3447.2
09364010,1408,24,43,3465.0
12324300,1701,24,50,3999.6
12324400,1701,24,50,3999.6
10263000,1809,24,45,4412.7
11528000,1801,24,50,4488.9
11529500,1801,24,50,4488.9
11403200,1802,24,57,4620.0
06089000,1003,24,62,4739.4
09444000,1504,24,46,4876.0
13107200,1704,24,61,5086.3
11192000,1803,24,60,5895.7
11192500,1803,24,60,5895.7
11192501,1803,24,60,5895.7
09328910,1406,24,61,6296.9
11150500,1806,24,82,6798.9
06125600,1004,24,78,7672.9
07182400,1107,24,67,7773.5
09472100,1505,24,95,8285.2
06916600,1029,24,80,8565.8
09514300,1507,24,91,8733.4
331954112371801,1507,24,91,8733.4
332029112353701,1507,24,91,8733.4
332108112332001,1507,24,91,8733.4
09386500,1502,24,100,9043.8
07326500,1113,24,91,9553.2
08383400,1306,24,100,9651.3
09260000,1405,24,91,10308.2
09417000,1501,24,112,10853.6
09417400,1501,24,112,10853.6
07242000,1110,24,134,13164.3
14048000,1707,24,252,20406.4
07241500,1110,24,225,21756.4
06884700,1027,24,227,22115.9
06452000,1014,24,298,25705.7
311221098340800,1209,24,352,38427.3
09271450,1406,23,15,1014.3
09271470,1406,23,15,1014.3
09271500,1406,23,15,1014.3
09271550,1406,23,15,1014.3
402356109253101,1406,23,15,1014.3
06719500,1019,23,13,1072.3
06719505,1019,23,13,1072.3
10160500,1602,23,22,1571.3
10160800,1602,23,22,1571.3
10161000,1602,23,22,1571.3
09133000,1402,23,22,1869.1
09112200,1402,23,23,1985.7
09112500,1402,23,23,1985.7
384609106520001,1402,23,23,1985.7
384611106520501,1402,23,23,1985.7
384658106521901,1402,23,23,1985.7
11463980,1801,23,24,2056.5
11464000,1801,23,24,2056.5
10300000,1605,23,25,2101.4
384542119175401,1605,23,25,2101.4
11071760,1807,23,22,2406.6
11072000,1807,23,22,2406.6
14337600,1710,23,35,2817.5
14338100,1710,23,35,2817.5
09240020,1405,23,36,2871.3
13297380,1706,23,40,2979.6
09363500,1408,23,40,3091.2
09205000,1404,23,30,3263.1
14234810,1708,23,47,3594.7
14235000,1708,23,47,3594.7
14237000,1708,23,47,3594.7
10262700,1809,23,39,3783.7
09443000,1504,23,40,4275.1
09443938,1504,23,40,4275.1
09328400,1406,23,41,4323.1
09328500,1406,23,41,4323.1
10028500,1601,23,47,5383.4
08382650,1306,23,71,6751.0
08382800,1306,23,71,6751.0
08382830,1306,23,71,6751.0
08383000,1306,23,71,6751.0
07182395,1107,23,63,7324.5
09472050,1505,23,92,8046.9
06099500,1003,23,81,8245.7
06916000,1029,23,78,8385.3
10251375,1809,23,82,8879.0
09386300,1502,23,98,8915.8
06478526,1017,23,149,13896.7
06479097,1017,23,149,13896.7
07245000,1109,23,172,16804.7
06780500,1021,23,192,19781.1
07240200,1110,23,271,27158.9
07241000,1110,23,271,27158.9
12305000,1701,23,216,30493.0
06720990,1019,22,3,280.2
11060900,1807,22,5,420.9
11060901,1807,22,5,420.9
11060910,1807,22,5,420.9
11061000,1807,22,5,420.9
11062000,1807,22,5,420.9
11062001,1807,22,5,420.9
11062200,1807,22,5,420.9
11062300,1807,22,5,420.9
11062399,1807,22,5,420.9
11062400,1807,22,5,420.9
11062401,1807,22,5,420.9
11062402,1807,22,5,420.9
11062411,1807,22,5,420.9
11062450,1807,22,5,420.9
11062700,1807,22,5,420.9
11062800,1807,22,5,420.9
11062810,1807,22,5,420.9
11062820,1807,22,5,420.9
12119000,1711,22,7,482.6
11294400,1804,22,6,704.9
11294500,1804,22,6,704.9
11295000,1804,22,6,704.9
11295100,1804,22,6,704.9
11295240,1804,22,6,704.9
11295270,1804,22,6,704.9
11295300,1804,22,6,704.9
11295340,1804,22,6,704.9
11049500,1807,22,9,804.9
11049590,1807,22,9,804.9
11051499,1807,22,9,804.9
11051501,1807,22,9,804.9
11051502,1807,22,9,804.9
11051503,1807,22,9,804.9
11051600,1807,22,9,804.9
11055000,1807,22,9,804.9
11055350,1807,22,9,804.9
11055351,1807,22,9,804.9
11056000,1807,22,9,804.9
14313600,1710,22,21,1163.5
14314000,1710,22,21,1163.5
14314010,1710,22,21,1163.5
14315500,1710,22,21,1163.5
14315700,1710,22,21,1163.5
14186110,1709,22,21,1272.8
14186200,1709,22,21,1272.8
14186500,1709,22,21,1272.8
06050200,1002,22,13,1273.0
06050400,1002,22,13,1273.0
06050450,1002,22,13,1273.0
06052050,1002,22,13,1273.0
12134500,1711,22,19,1889.8
12138500,1711,22,19,1889.8
12027500,1710,22,29,2543.1
12028060,1710,22,29,2543.1
09301500,1406,22,33,2728.5
11271360,1804,22,37,3291.4
11271500,1804,22,37,3291.4
11272500,1804,22,37,3291.4
11273500,1804,22,37,3291.4
10262500,1809,22,36,3412.0
10262600,1809,22,36,3412.0
13142500,1704,22,56,4260.8
13143000,1704,22,56,4260.8
14312000,1710,22,65,4661.3
14312256,1710,22,65,4661.3
14312260,1710,22,65,4661.3
14312330,1710,22,65,4661.3
11140600,1806,22,59,4739.5
11140800,1806,22,59,4739.5
11141000,1806,22,59,4739.5
10026500,1601,22,43,4871.9
06701900,1019,22,55,5340.0
06284200,1008,22,51,5487.9
06284400,1008,22,51,5487.9
14019200,1707,22,65,5661.2
14019220,1707,22,65,5661.2
12351200,1701,22,72,6159.0
07188000,1107,22,65,6614.9
07188005,1107,22,65,6614.9
07188007,1107,22,65,6614.9
06123500,1004,22,69,6838.6
07182390,1107,22,61,7097.2
06026400,1002,22,86,7227.8
06026420,1002,22,86,7227.8
09472000,1505,22,90,7920.0
06481000,1017,22,82,7959.3
06934000,1029,22,80,8376.9
10251300,1809,22,81,8819.8
10251330,1809,22,81,8819.8
09259950,1405,22,81,9426.9
06470500,1016,22,97,9601.1
09415900,1501,22,105,10017.5
09415908,1501,22,105,10017.5
09415910,1501,22,105,10017.5
09415915,1501,22,105,10017.5
09415920,1501,22,105,10017.5
09415927,1501,22,105,10017.5
09415950,1501,22,105,10017.5
09416000,1501,22,105,10017.5
09416500,1501,22,105,10017.5
14087400,1707,22,128,10703.8
14087500,1707,22,128,10703.8
09328990,1407,22,158,13220.9
06866500,1026,22,143,17015.2
06900800,1028,22,200,17877.9
06866000,1026,22,153,18061.9
06461595,1015,22,197,20975.6
06462000,1015,22,197,20975.6
06401500,1012,22,197,24086.3
08437700,1307,22,211,25185.9
06327450,1010,22,309,27429.1
06327500,1010,22,309,27429.1
12409500,1702,22,253,53978.6
06720820,1019,21,2,188.7
16016000,2007,21,3,221.8
16017000,2007,21,3,221.8
16019000,2007,21,3,221.8
16020000,2007,21,3,221.8
16021000,2007,21,3,221.8
16022000,2007,21,3,221.8
16027000,2007,21,3,221.8
16028000,2007,21,3,221.8
16029000,2007,21,3,221.8
16029100,2007,21,3,221.8
16031000,2007,21,3,221.8
16031001,2007,21,3,221.8
09066300,1401,21,3,263.9
09066310,1401,21,3,263.9
09066325,1401,21,3,263.9
09066400,1401,21,3,263.9
09066500,1401,21,3,263.9
09066510,1401,21,3,263.9
393830106224701,1401,21,3,263.9
393834106230201,1401,21,3,263.9
12118300,1711,21,6,382.1
12118400,1711,21,6,382.1
12118500,1711,21,6,382.1
09047000,1401,21,12,864.5
09048000,1401,21,12,864.5
09050500,1401,21,12,864.5
11376450,1802,21,12,956.0
11376458,1802,21,12,956.0
11376490,1802,21,12,956.0
11376500,1802,21,12,956.0
11376550,1802,21,12,956.0
06719000,1019,21,12,965.9
06893600,1030,21,11,1035.7
06893619,1030,21,11,1035.7
06893620,1030,21,11,1035.7
14180510,1709,21,17,1161.6
14180520,1709,21,17,1161.6
14181350,1709,21,17,1161.6
06252000,1008,21,10,1175.2
06252500,1008,21,10,1175.2
06253000,1008,21,10,1175.2
06253500,1008,21,10,1175.2
11128000,1806,21,20,1585.0
11128400,1806,21,20,1585.0
11128500,1806,21,20,1585.0
11129500,1806,21,20,1585.0
10298000,1605,21,23,1932.2
10298500,1605,21,23,1932.2
10298600,1605,21,23,1932.2
384421119202601,1605,21,23,1932.2
384426119195401,1605,21,23,1932.2
384432119212801,1605,21,23,1932.2
384456119222101,1605,21,23,1932.2
384503119231401,1605,21,23,1932.2
384520119224401,1605,21,23,1932.2
384523119215501,1605,21,23,1932.2
06803495,1020,21,21,1953.9
06803500,1020,21,21,1953.9
06803502,1020,21,21,1953.9
06803513,1020,21,21,1953.9
404824096380001,1020,21,21,1953.9
06744000,1019,21,30,2154.4
11071900,1807,21,20,2188.8
07196500,1111,21,30,2527.7
14220500,1708,21,39,2719.6
12324200,1701,21,31,2837.0
09149500,1402,21,32,2890.3
07091500,1102,21,33,3025.1
06293890,1008,21,33,3361.4
14027000,1707,21,48,3638.7
14029000,1707,21,48,3638.7
14030000,1707,21,48,3638.7
14030500,1707,21,48,3638.7
09328100,1406,21,35,3679.4
06234000,1008,21,48,4969.9
06235500,1008,21,48,4969.9
06701500,1019,21,54,5242.5
06701550,1019,21,54,5242.5
11187500,1803,21,56,5566.1
11191000,1803,21,56,5566.1
11191001,1803,21,56,5566.1
06227810,1008,21,54,5990.4
06228000,1008,21,54,5990.4
372833105455800,1301,21,80,6042.3
13351000,1706,21,73,6231.6
06340590,1013,21,74,6487.8
09471800,1505,21,74,6500.7
07068800,1101,21,71,6781.4
06933500,1029,21,72,7424.2
06915800,1029,21,69,7468.2
09259700,1405,21,72,8492.2
06349000,1013,21,92,8676.0
06349002,1013,21,92,8676.0
10205000,1603,21,110,9099.9
06470475,1016,21,96,9469.2
06018500,1002,21,113,9642.4
08087300,1206,21,136,14858.4
07161450,1105,21,164,15814.7
06876900,1026,21,163,17482.6
06800500,1022,21,179,17747.4
06800800,1022,21,179,17747.4
411351096164101,1022,21,179,17747.4
06115200,1004,21,183,18534.8
06865500,1026,21,169,19406.3
13184000,1705,21,294,27339.7
07239700,1110,21,284,28523.5
07239500,1110,21,310,31797.9
12405500,1702,21,248,53512.1
06720690,1019,20,1,91.7
06720700,1019,20,1,91.7
06720780,1019,20,1,91.7
06720790,1019,20,1,91.7
395240105095500,1019,20,1,91.7
395246105111800,1019,20,1,91.7
395253105095500,1019,20,1,91.7
395253105131700,1019,20,1,91.7
395301105120800,1019,20,1,91.7
395304105105100,1019,20,1,91.7
395306105131700,1019,20,1,91.7
395308105123100,1019,20,1,91.7
395309105114100,1019,20,1,91.7
395313105110500,1019,20,1,91.7
395332105124600,1019,20,1,91.7
395342105110800,1019,20,1,91.7
395347105120900,1019,20,1,91.7
395349105114900,1019,20,1,91.7
395358105110500,1019,20,1,91.7
395403105104700,1019,20,1,91.7
395407105095900,1019,20,1,91.7
11439000,1802,20,8,700.3
11439500,1802,20,8,700.3
11439501,1802,20,8,700.3
11439510,1802,20,8,700.3
11440480,1802,20,8,700.3
11440500,1802,20,8,700.3
11440530,1802,20,8,700.3
11440550,1802,20,8,700.3
09011500,1401,20,8,807.4
09014000,1401,20,8,807.4
09014050,1401,20,8,807.4
09015000,1401,20,8,807.4
09015500,1401,20,8,807.4
09016000,1401,20,8,807.4
09017000,1401,20,8,807.4
06717500,1019,20,11,859.8
06718000,1019,20,11,859.8
06718300,1019,20,11,859.8
10308200,1605,20,10,911.5
10308201,1605,20,10,911.5
09075500,1401,20,13,954.0
09076300,1401,20,13,954.0
09076520,1401,20,13,954.0
11070375,1807,20,17,1880.2
11070500,1807,20,17,1880.2
09313600,1406,20,28,1896.1
13126500,1704,20,23,2220.6
13127000,1704,20,23,2220.6
13127500,1704,20,23,2220.6
13128000,1704,20,23,2220.6
13128500,1704,20,23,2220.6
13128900,1704,20,23,2220.6
13129000,1704,20,23,2220.6
13129500,1704,20,23,2220.6
414500112000000,1601,20,27,2288.1
414500112000100,1601,20,27,2288.1
414500112000200,1601,20,27,2288.1
07196320,1111,20,28,2321.6
11458370,1805,20,25,2326.8
11459150,1805,20,25,2326.8
09386000,1502,20,34,2512.8
09386030,1502,20,34,2512.8
07091200,1102,20,32,2848.2
10262000,1809,20,33,3168.1
06293500,1008,20,32,3196.3
06293900,1008,20,32,3196.3
09346400,1408,20,45,3323.1
13075500,1704,20,38,3400.0
13075900,1704,20,38,3400.0
13075910,1704,20,38,3400.0
11527000,1801,20,41,3724.4
08393500,1306,20,39,4208.5
08393610,1306,20,39,4208.5
14066500,1707,20,61,4262.9
14068500,1707,20,61,4262.9
13106000,1704,20,55,4524.1
12449950,1702,20,51,4713.8
12450480,1702,20,51,4713.8
12450500,1702,20,51,4713.8
09257000,1405,20,45,5329.6
09259049,1405,20,45,5329.6
09259050,1405,20,45,5329.6
09471590,1505,20,63,5470.8
12351000,1701,20,66,5682.6
13350000,1706,20,70,5976.7
13013650,1704,20,58,6044.0
13014000,1704,20,58,6044.0
13015500,1704,20,58,6044.0
13016310,1704,20,58,6044.0
06480000,1017,20,69,6821.5
11351945,1802,20,75,6944.7
11351946,1802,20,75,6944.7
11351948,1802,20,75,6944.7
11351950,1802,20,75,6944.7
11352000,1802,20,75,6944.7
06026206,1002,20,83,6980.2
06026210,1002,20,83,6980.2
06770000,1020,20,65,7373.8
06770175,1020,20,65,7373.8
06470425,1016,20,89,8775.5
06192500,1007,20,88,9194.8
08188000,1210,20,90,9237.9
06018000,1002,20,110,9370.0
09225000,1404,20,80,9512.2
14087300,1707,20,127,10621.3
14087380,1707,20,127,10621.3
09333500,1407,20,133,11220.8
06313590,1009,20,99,11686.2
08177520,1210,20,148,15198.4
07161000,1105,20,161,15534.1
06876440,1026,20,160,17153.8
06864500,1026,20,170,19399.4
12446000,1702,20,230,19791.4
06461500,1015,20,190,20212.2
13183000,1705,20,290,26956.0
07239450,1110,20,317,32428.0
12090500,1711,19,2,264.5
12091000,1711,19,2,264.5
12091040,1711,19,2,264.5
12091050,1711,19,2,264.5
12091060,1711,19,2,264.5
12091070,1711,19,2,264.5
12091100,1711,19,2,264.5
12091180,1711,19,2,264.5
12091200,1711,19,2,264.5
12091290,1711,19,2,264.5
12091300,1711,19,2,264.5
12091500,1711,19,2,264.5
11208500,1803,19,9,725.6
11208565,1803,19,9,725.6
11208570,1803,19,9,725.6
11208600,1803,19,9,725.6
11208601,1803,19,9,725.6
11208800,1803,19,9,725.6
11208818,1803,19,9,725.6
11423800,1802,19,12,1228.2
11424000,1802,19,12,1228.2
12144500,1711,19,15,1299.4
12146000,1711,19,15,1299.4
09313520,1406,19,19,1377.4
10159500,1602,19,20,1437.5
11040700,1807,19,14,1447.3
11041000,1807,19,14,1447.3
11042000,1807,19,14,1447.3
09300500,1406,19,18,1486.9
09279150,1406,19,22,1660.3
09306222,1405,19,21,1690.4
09201000,1404,19,17,1798.0
11463500,1801,19,21,1805.5
11463682,1801,19,21,1805.5
13256500,1705,19,25,1930.0
13258000,1705,19,25,1930.0
13258500,1705,19,25,1930.0
13140500,1704,19,28,2167.8
13140800,1704,19,28,2167.8
13140900,1704,19,28,2167.8
13141000,1704,19,28,2167.8
07196090,1111,19,27,2208.8
08263500,1302,19,21,2270.7
10261800,1809,19,25,2377.1
10261900,1809,19,25,2377.1
09325100,1406,19,23,2515.0
09328000,1406,19,23,2515.0
09304800,1405,19,31,2818.9
06324000,1009,19,27,2987.9
09419650,1501,19,23,3044.9
09419655,1501,19,23,3044.9
094196557,1501,19,23,3044.9
09419656,1501,19,23,3044.9
09419658,1501,19,23,3044.9
09419665,1501,19,23,3044.9
094196781,1501,19,23,3044.9
094196783,1501,19,23,3044.9
10133500,1602,19,40,3165.1
10133550,1602,19,40,3165.1
09175500,1403,19,41,3315.6
13314300,1706,19,44,3392.0
09442956,1504,19,38,3996.3
09442958,1504,19,38,3996.3
09442960,1504,19,38,3996.3
13105500,1704,19,52,4104.0
14018500,1707,19,53,4358.7
06752500,1019,19,53,4892.7
07126300,1102,19,63,4952.4
06283995,1008,19,47,5041.6
06284000,1008,19,47,5041.6
06284010,1008,19,47,5041.6
09471580,1505,19,62,5368.5
12485500,1703,19,52,5539.5
12486500,1703,19,52,5539.5
12487000,1703,19,52,5539.5
06226500,1008,19,53,5791.1
06227596,1008,19,53,5791.1
06227600,1008,19,53,5791.1
12340000,1701,19,89,5989.2
07187600,1107,19,63,6454.5
07350000,1114,19,68,6822.0
07350020,1114,19,68,6822.0
13168500,1705,19,85,7064.2
13168600,1705,19,85,7064.2
13169000,1705,19,85,7064.2
09514000,1507,19,77,7178.0
09514100,1507,19,77,7178.0
10195500,1603,19,92,7473.1
09224700,1404,19,65,7769.7
06017000,1002,19,101,8639.0
06602400,1023,19,108,9252.8
06607500,1023,19,108,9252.8
06607510,1023,19,108,9252.8
09333000,1407,19,103,9263.9
12472500,1702,19,117,11031.2
12472600,1702,19,117,11031.2
14046500,1707,19,178,13334.4
08353000,1302,19,164,16675.8
06864000,1026,19,159,18092.4
06864050,1026,19,159,18092.4
06461150,1015,19,189,20130.4
425429100235301,1015,19,189,20130.4
07152500,1106,19,214,22911.9
13182000,1705,19,266,24832.5
07239300,1110,19,329,33401.0
16585000,2002,18,1,43.9
16586000,2002,18,1,43.9
16587000,2002,18,1,43.9
16588000,2002,18,1,43.9
16589000,2002,18,1,43.9
16590000,2002,18,1,43.9
16591000,2002,18,1,43.9
16592000,2002,18,1,43.9
16593000,2002,18,1,43.9
16594000,2002,18,1,43.9
16595000,2002,18,1,43.9
16595100,2002,18,1,43.9
16595200,2002,18,1,43.9
16596000,2002,18,1,43.9
16596200,2002,18,1,43.9
16602000,2002,18,1,43.9
205548156143901,2002,18,1,43.9
205549156143601,2002,18,1,43.9
205549156143602,2002,18,1,43.9
12117500,1711,18,5,344.4
12117600,1711,18,5,344.4
12117700,1711,18,5,344.4
12117800,1711,18,5,344.4
12117820,1711,18,5,344.4
12118000,1711,18,5,344.4
11396310,1802,18,6,406.9
11396500,1802,18,6,406.9
11397000,1802,18,6,406.9
11408850,1802,18,7,544.3
11408870,1802,18,7,544.3
11408880,1802,18,7,544.3
11409000,1802,18,7,544.3
11409001,1802,18,7,544.3
11410000,1802,18,7,544.3
11410001,1802,18,7,544.3
09271400,1406,18,14,920.3
09271425,1406,18,14,920.3
402427109260201,1406,18,14,920.3
11316670,1804,18,11,966.3
11316700,1804,18,11,966.3
14179100,1709,18,16,1073.8
11176340,1805,18,14,1085.3
11176350,1805,18,14,1085.3
11176900,1805,18,14,1085.3
11177000,1805,18,14,1085.3
11177200,1805,18,14,1085.3
06730500,1019,18,16,1158.6
09313000,1406,18,18,1301.9
11449460,1802,18,19,1329.1
11450500,1802,18,19,1329.1
11451000,1802,18,19,1329.1
12331500,1701,18,23,1329.7
12331590,1701,18,23,1329.7
09306200,1405,18,16,1357.3
09306202,1405,18,16,1357.3
09306203,1405,18,16,1357.3
06741510,1019,18,20,1480.3
06320400,1009,18,18,1811.0
14219500,1708,18,30,1892.3
09304200,1405,18,23,2094.9
09304500,1405,18,23,2094.9
09304600,1405,18,23,2094.9
13296500,1706,18,29,2119.7
09385000,1502,18,32,2148.3
09385500,1502,18,32,2148.3
09385700,1502,18,32,2148.3
09385701,1502,18,32,2148.3
09486055,1505,18,25,2383.1
08074610,1204,18,24,2598.2
08074710,1204,18,24,2598.2
06045300,1002,18,33,2847.2
06045350,1002,18,33,2847.2
06045400,1002,18,33,2847.2
06045500,1002,18,33,2847.2
06046000,1002,18,33,2847.2
06046100,1002,18,33,2847.2
06046400,1002,18,33,2847.2
11526000,1801,18,32,2946.0
11526250,1801,18,32,2946.0
11526400,1801,18,32,2946.0
13314000,1706,18,42,3180.0
06752000,1019,18,40,3220.1
06752260,1019,18,40,3220.1
06752280,1019,18,40,3220.1
12178600,1711,18,37,3325.9
12178900,1711,18,37,3325.9
12179000,1711,18,37,3325.9
13102000,1704,18,46,3648.8
13102500,1704,18,46,3648.8
13103500,1704,18,46,3648.8
13104500,1704,18,46,3648.8
13105000,1704,18,46,3648.8
14065500,1707,18,59,4102.7
14066000,1707,18,59,4102.7
11140585,1806,18,54,4300.3
09471565,1505,18,59,5010.5
12350250,1701,18,61,5280.1
11188000,1803,18,53,5368.4
12339800,1701,18,81,5406.6
06635000,1018,18,52,5907.2
06042500,1002,18,73,6614.4
06768035,1020,18,62,6966.5
09224500,1404,18,61,7166.5
10318500,1604,18,83,7295.8
06470100,1016,18,74,7630.0
06348300,1013,18,82,7708.3
07325500,1113,18,76,8153.2
06313500,1009,18,77,9004.3
09442000,1504,18,99,10444.4
441944120540100,1707,18,126,10449.8
442038120571500,1707,18,126,10449.8
06876070,1026,18,137,14734.3
08352500,1302,18,150,15076.5
06115000,1004,18,167,16817.5
13181000,1705,18,220,19772.4
08041000,1202,18,194,20604.4
06337300,1011,18,242,23436.5
07239200,1110,18,330,33462.4
08211502,1211,18,390,38945.6
07103780,1102,17,5,433.0
07103784,1102,17,5,433.0
07103785,1102,17,5,433.0
07103790,1102,17,5,433.0
07103791,1102,17,5,433.0
07103792,1102,17,5,433.0
07103930,1102,17,5,433.0
07103940,1102,17,5,433.0
08301000,1302,17,4,442.8
09037200,1401,17,7,599.8
09037500,1401,17,7,599.8
09038500,1401,17,7,599.8
10255890,1810,17,8,681.1
10255895,1810,17,8,681.1
10255897,1810,17,8,681.1
10255900,1810,17,8,681.1
10256000,1810,17,8,681.1
10256050,1810,17,8,681.1
10256060,1810,17,8,681.1
14186000,1709,17,11,712.8
06893000,1030,17,7,785.9
06893060,1030,17,7,785.9
12387500,1701,17,9,900.0
08258500,1302,17,10,1006.0
08258600,1302,17,10,1006.0
08259000,1302,17,10,1006.0
08259500,1302,17,10,1006.0
08259600,1302,17,10,1006.0
06246800,1008,17,8,1017.6
06247000,1008,17,8,1017.6
06247500,1008,17,8,1017.6
06248000,1008,17,8,1017.6
06248500,1008,17,8,1017.6
06249000,1008,17,8,1017.6
06249500,1008,17,8,1017.6
06250000,1008,17,8,1017.6
06250500,1008,17,8,1017.6
06251000,1008,17,8,1017.6
06251500,1008,17,8,1017.6
06305500,1009,17,9,1079.3
06305700,1009,17,9,1079.3
10261500,1809,17,12,1157.1
11232000,1804,17,10,1196.8
11413500,1802,17,13,1271.3
11413517,1802,17,13,1271.3
11413520,1802,17,13,1271.3
14242500,1708,17,16,1325.9
14242511,1708,17,16,1325.9
14242512,1708,17,16,1325.9
14242513,1708,17,16,1325.9
14242580,1708,17,16,1325.9
14242690,1708,17,16,1325.9
06741500,1019,17,19,1365.4
09239400,1405,17,20,1546.1
09239500,1405,17,20,1546.1
11463000,1801,17,19,1580.4
12210500,1711,17,20,1617.7
12210700,1711,17,20,1617.7
12210900,1711,17,20,1617.7
10216210,1603,17,26,1881.6
09362520,1408,17,27,2043.9
09362550,1408,17,27,2043.9
10107400,1601,17,25,2198.6
10107500,1601,17,25,2198.6
09485550,1505,17,24,2307.8
09485571,1505,17,24,2307.8
09485700,1505,17,24,2307.8
09485850,1505,17,24,2307.8
14149010,1709,17,30,2742.5
14149011,1709,17,30,2742.5
14149510,1709,17,30,2742.5
14150000,1709,17,30,2742.5
09174600,1403,17,35,2766.3
09406000,1501,17,29,2785.8
09406100,1501,17,29,2785.8
09407800,1501,17,29,2785.8
11270800,1804,17,33,2898.2
11270900,1804,17,33,2898.2
11271290,1804,17,33,2898.2
13313800,1706,17,39,2904.2
10020500,1601,17,25,2917.3
10020100,1601,17,25,2917.3
10020300,1601,17,25,2917.3
13305310,1706,17,40,3267.7
13305500,1706,17,40,3267.7
14025500,1707,17,44,3356.6
14026000,1707,17,44,3356.6
06085800,1003,17,48,3720.0
06086000,1003,17,48,3720.0
06086500,1003,17,48,3720.0
06087500,1003,17,48,3720.0
06122800,1004,17,40,3932.9
06123000,1004,17,40,3932.9
06123030,1004,17,40,3932.9
12449760,1702,17,44,4114.3
06700000,1019,17,47,4553.6
09471500,1505,17,55,4600.6
09471550,1505,17,55,4600.6
09471560,1505,17,55,4600.6
12339450,1701,17,75,4940.0
12339500,1701,17,75,4940.0
07325000,1113,17,49,5443.1
06634990,1018,17,50,5636.0
13193500,1705,17,88,5739.2
08382600,1306,17,64,6027.1
06140500,1005,17,60,6034.6
06041500,1002,17,70,6250.8
06042000,1002,17,70,6250.8
06470000,1016,17,65,6735.8
06191500,1007,17,59,6777.9
08071500,1204,17,70,7343.8
295524095072701,1204,17,70,7343.8
06348000,1013,17,80,7445.7
08289500,1302,17,83,7988.8
08289800,1302,17,83,7988.8
08290000,1302,17,83,7988.8
09439000,1504,17,86,9325.6
08022500,1201,17,122,12609.3
07231500,1109,17,135,13515.8
06876000,1026,17,130,14119.2
12445000,1702,17,222,18939.3
06443000,1014,17,230,19534.9
08040600,1202,17,187,19765.9
06400497,1012,17,180,22602.8
06400500,1012,17,180,22602.8
07239000,1110,17,326,33093.6
08211450,1211,17,392,39242.4
08329872,1302,16,2,169.0
08329873,1302,16,2,169.0
08329874,1302,16,2,169.0
08329875,1302,16,2,169.0
08329876,1302,16,2,169.0
08329877,1302,16,2,169.0
08329880,1302,16,2,169.0
08329882,1302,16,2,169.0
08329884,1302,16,2,169.0
350846106402510,1302,16,2,169.0
351054106385310,1302,16,2,169.0
351202106381601,1302,16,2,169.0
10336600,1605,16,3,254.3
103366092,1605,16,3,254.3
103366097,1605,16,3,254.3
103366098,1605,16,3,254.3
10336610,1605,16,3,254.3
10336612,1605,16,3,254.3
10336795,1605,16,3,254.3
11434500,1605,16,3,254.3
10261001,1809,16,7,599.7
10261100,1809,16,7,599.7
12061500,1711,16,6,634.0
12061620,1711,16,6,634.0
12062500,1711,16,6,634.0
12062502,1711,16,6,634.0
1206250575,1711,16,6,634.0
11203200,1803,16,8,640.2
11423500,1802,16,7,729.9
11316500,1804,16,10,892.8
11316600,1804,16,10,892.8
11316605,1804,16,10,892.8
11316610,1804,16,10,892.8
12331100,1701,16,16,973.8
09297600,1406,16,13,1169.6
09297800,1406,16,13,1169.6
09297900,1406,16,13,1169.6
11040500,1807,16,11,1182.2
06736500,1019,16,18,1296.2
06736600,1019,16,18,1296.2
06738000,1019,16,18,1296.2
13295500,1706,16,22,1396.6
11070210,1807,16,13,1448.2
11070365,1807,16,13,1448.2
09105000,1401,16,22,1558.1
14219800,1708,16,26,1578.6
12323750,1701,16,18,1671.0
12323770,1701,16,18,1671.0
12323800,1701,16,18,1671.0
07087050,1102,16,22,1951.2
07087200,1102,16,22,1951.2
10376500,1712,16,28,2762.6
13055340,1704,16,37,2809.2
13046000,1704,16,32,2936.8
09288400,1406,16,39,3013.8
09288500,1406,16,39,3013.8
09442760,1504,16,29,3050.6
13067500,1704,16,40,3288.0
13068300,1704,16,40,3288.0
13068495,1704,16,40,3288.0
13068500,1704,16,40,3288.0
07049691,1101,16,41,3326.2
07049698,1101,16,41,3326.2
07050000,1101,16,41,3326.2
12449500,1702,16,42,3926.9
14064500,1707,16,57,3960.4
12484500,1703,16,40,4305.1
10251259,1809,16,44,4579.6
06283000,1008,16,45,4779.8
06283800,1008,16,45,4779.8
07249444,1111,16,67,4933.3
07249448,1111,16,67,4933.3
08183000,1210,16,49,4934.9
07175550,1107,16,53,5430.6
06225500,1008,16,52,5634.0
06226000,1008,16,52,5634.0
06136700,1005,16,58,5764.1
06137000,1005,16,58,5764.1
09513970,1507,16,69,6295.6
13168000,1705,16,82,6709.4
10194000,1603,16,86,6894.4
06016000,1002,16,84,7070.1
06428500,1012,16,68,8577.5
09436000,1504,16,80,8716.0
06606700,1023,16,106,9111.1
06332500,1011,16,104,9117.3
07140500,1103,16,88,10361.3
06354050,1013,16,121,11185.3
06354080,1013,16,121,11185.3
09367950,1408,16,110,11792.7
09367958,1408,16,110,11792.7
07307028,1112,16,113,12371.0
08176000,1210,16,124,12897.3
06875900,1026,16,126,13776.3
08435500,1307,16,125,14992.1
06337000,1011,16,223,21593.2
12303000,1701,16,178,27009.7
07238000,1110,16,320,32329.4
08211100,1211,16,397,39729.9
16237600,2006,15,1,48.8
16238000,2006,15,1,48.8
16238500,2006,15,1,48.8
16239500,2006,15,1,48.8
16240500,2006,15,1,48.8
16240501,2006,15,1,48.8
16241600,2006,15,1,48.8
16242000,2006,15,1,48.8
16242500,2006,15,1,48.8
16244000,2006,15,1,48.8
16246000,2006,15,1,48.8
16247000,2006,15,1,48.8
16247100,2006,15,1,48.8
16247130,2006,15,1,48.8
16247140,2006,15,1,48.8
16247150,2006,15,1,48.8
11087100,1807,15,3,337.7
11101180,1807,15,3,337.7
11101250,1807,15,3,337.7
11101380,1807,15,3,337.7
11101500,1807,15,3,337.7
11102000,1807,15,3,337.7
11102250,1807,15,3,337.7
11102300,1807,15,3,337.7
11102500,1807,15,3,337.7
11421900,1802,15,4,385.3
11422000,1802,15,4,385.3
11422500,1802,15,4,385.3
11423000,1802,15,4,385.3
10349495,1605,15,6,516.6
10349790,1605,15,6,516.6
10349849,1605,15,6,516.6
10349980,1605,15,6,516.6
10349995,1605,15,6,516.6
11214900,1803,15,5,603.7
11215000,1803,15,5,603.7
11215500,1803,15,5,603.7
11215800,1803,15,5,603.7
11215810,1803,15,5,603.7
11215820,1803,15,5,603.7
11215830,1803,15,5,603.7
11215840,1803,15,5,603.7
11216000,1803,15,5,603.7
11216050,1803,15,5,603.7
11465500,1801,15,6,658.3
11466800,1801,15,6,658.3
06893578,1030,15,6,700.6
06893590,1030,15,6,700.6
09271000,1406,15,12,702.6
12383000,1701,15,7,720.3
12383500,1701,15,7,720.3
12384000,1701,15,7,720.3
12384500,1701,15,7,720.4
12385500,1701,15,7,720.4
12387200,1701,15,7,720.4
12413210,1701,15,8,773.9
12413250,1701,15,8,773.9
12413300,1701,15,8,773.9
12413355,1701,15,8,773.9
12413470,1701,15,8,773.9
10139300,1602,15,11,863.0
10139500,1602,15,11,863.0
10140000,1602,15,11,863.0
10140100,1602,15,11,863.0
10140700,1602,15,11,863.0
411513111503201,1602,15,11,863.0
411515111503201,1602,15,11,863.0
12330500,1701,15,14,874.9
12331000,1701,15,14,874.9
06302500,1009,15,8,921.2
12097850,1711,15,10,1105.2
12098500,1711,15,10,1105.2
12098700,1711,15,10,1105.2
12098910,1711,15,10,1105.2
12098920,1711,15,10,1105.2
12099100,1711,15,10,1105.2
12099200,1711,15,10,1105.2
12099300,1711,15,10,1105.2
12099400,1711,15,10,1105.2
12099500,1711,15,10,1105.2
12099600,1711,15,10,1105.2
14217812,1708,15,22,1327.7
14218000,1708,15,22,1327.7
11098500,1807,15,16,1609.9
11108000,1807,15,17,1685.4
11108500,1807,15,17,1685.4
11109000,1807,15,17,1685.4
12025100,1710,15,19,1687.1
09361500,1408,15,26,1986.2
11406880,1802,15,17,2121.8
11406890,1802,15,17,2121.8
11406900,1802,15,17,2121.8
08390500,1306,15,24,2500.8
08390800,1306,15,24,2500.8
13155750,1705,15,31,2602.9
13155800,1705,15,31,2602.9
13055000,1704,15,36,2682.0
13055500,1704,15,31,2836.1
07178200,1107,15,31,2949.5
13074400,1704,15,34,3011.4
10293500,1605,15,33,3109.9
10294000,1605,15,33,3109.9
10294500,1605,15,33,3109.9
10295000,1605,15,33,3109.9
385252119085001,1605,15,33,3109.9
385253119085101,1605,15,33,3109.9
385256119085001,1605,15,33,3109.9
12177000,1711,15,36,3240.7
12178000,1711,15,36,3240.7
12339000,1701,15,62,4005.4
07324400,1113,15,36,4055.9
06479770,1017,15,40,4094.3
12483500,1703,15,38,4118.1
12348200,1701,15,53,4562.0
07175500,1107,15,49,5092.2
09169500,1403,15,69,5589.5
09171100,1403,15,69,5589.5
06312500,1009,15,50,5775.5
06040800,1002,15,62,5790.6
06041000,1002,15,62,5790.6
09482950,1505,15,61,5884.9
09483000,1505,15,61,5884.9
09483010,1505,15,61,5884.9
06663500,1018,15,56,5892.7
09513700,1507,15,68,6040.4
10189001,1603,15,78,6206.2
10190500,1603,15,78,6206.2
10191500,1603,15,78,6206.2
06025500,1002,15,78,6489.6
06478523,1017,15,72,6963.6
06114700,1004,15,72,7158.6
08069500,1204,15,69,7258.2
06428200,1012,15,60,7772.1
09432000,1504,15,77,8468.2
09433000,1504,15,77,8468.2
07140000,1103,15,77,9035.4
07348490,1114,15,94,9242.3
07171400,1107,15,108,11284.9
07171500,1107,15,108,11284.9
07160000,1105,15,135,13001.5
09426620,1503,15,165,13478.5
09426650,1503,15,165,13478.5
06309000,1010,15,191,16408.5
06829500,1025,15,204,21234.3
16265000,2006,14,1,43.9
16265600,2006,14,1,43.9
16266000,2006,14,1,43.9
16270500,2006,14,1,43.9
16270900,2006,14,1,43.9
16272200,2006,14,1,43.9
16273900,2006,14,1,43.9
16273950,2006,14,1,43.9
16274000,2006,14,1,43.9
16274100,2006,14,1,43.9
16274950,2006,14,1,43.9
16275000,2006,14,1,43.9
16278000,2006,14,1,43.9
16278500,2006,14,1,43.9
16279200,2006,14,1,43.9
16720000,2001,14,1,66.2
16720300,2001,14,1,66.2
16720500,2001,14,1,66.2
16724800,2001,14,1,66.2
16725000,2001,14,1,66.2
16726000,2001,14,1,66.2
16727000,2001,14,1,66.2
16732200,2001,14,1,66.2
200612155362301,2001,14,1,66.2
200619155361701,2001,14,1,66.2
200619155361702,2001,14,1,66.2
200620155361801,2001,14,1,66.2
200648155354801,2001,14,1,66.2
200649155355701,2001,14,1,66.2
200650155354701,2001,14,1,66.2
16061000,2007,14,2,136.8
16062000,2007,14,2,136.8
16063000,2007,14,2,136.8
16064000,2007,14,2,136.8
16068000,2007,14,2,136.8
16069000,2007,14,2,136.8
16070000,2007,14,2,136.8
16071000,2007,14,2,136.8
16071500,2007,14,2,136.8
16100000,2007,14,2,136.8
10270885,1809,14,3,268.9
10270900,1809,14,3,268.9
10270940,1809,14,3,268.9
10270960,1809,14,3,268.9
10270970,1809,14,3,268.9
10270985,1809,14,3,268.9
10271060,1809,14,3,268.9
10271200,1809,14,3,268.9
10271210,1809,14,3,268.9
10271211,1809,14,3,268.9
14139940,1708,14,6,360.0
14140000,1708,14,6,360.0
14140001,1708,14,6,360.0
14140020,1708,14,6,360.0
14142000,1708,14,6,360.0
09037000,1401,14,5,427.7
06716500,1019,14,6,484.9
12107000,1711,14,11,706.1
14137000,1708,14,10,754.7
14137002,1708,14,10,754.7
06730200,1019,14,11,838.4
09306033,1405,14,10,887.6
09306036,1405,14,10,887.6
09306039,1405,14,10,887.6
09306042,1405,14,10,887.6
09306045,1405,14,10,887.6
09306061,1405,14,10,887.6
11083500,1807,14,11,913.2
11084000,1807,14,11,913.2
11084500,1807,14,11,913.2
11085000,1807,14,11,913.2
11039800,1807,14,9,1001.3
11040000,1807,14,9,1001.3
11413100,1802,14,11,1167.8
11413320,1802,14,11,1167.8
11413323,1802,14,11,1167.8
11413326,1802,14,11,1167.8
11413327,1802,14,11,1167.8
11125600,1806,14,16,1285.0
11125605,1806,14,16,1285.0
11126000,1806,14,16,1285.0
11126400,1806,14,16,1285.8
11127000,1806,14,16,1285.8
13256000,1705,14,18,1388.3
11097500,1807,14,15,1450.4
09304100,1405,14,18,1658.9
09304115,1405,14,18,1658.9
11044000,1807,14,20,1681.1
11044250,1807,14,20,1681.1
11044300,1807,14,20,1681.1
11044500,1807,14,20,1681.1
11044600,1807,14,20,1681.1
11454500,1802,14,20,1693.2
11455000,1802,14,20,1693.2
07195500,1111,14,22,1759.9
14335000,1710,14,21,1785.1
14335072,1710,14,21,1785.1
14335075,1710,14,21,1785.1
10132000,1602,14,23,1858.8
12189500,1711,14,21,1896.1
13140335,1704,14,26,1910.8
11276900,1804,14,24,1971.1
11278500,1804,14,24,1971.1
09384000,1502,14,31,1997.9
09384600,1502,14,31,1997.9
13305000,1706,14,26,2354.0
13246000,1705,14,33,2400.9
09288180,1406,14,30,2447.3
14233400,1708,14,36,2698.7
14233500,1708,14,36,2698.7
06433000,1012,14,21,2719.6
11269700,1804,14,32,2752.2
11270000,1804,14,32,2752.2
13049000,1704,14,30,2773.7
06890900,1027,14,41,2997.8
08106310,1207,14,30,3538.6
07324200,1113,14,32,3597.7
12338500,1701,14,59,3772.5
06282000,1008,14,43,4525.8
06282500,1008,14,43,4525.8
07068000,1101,14,59,5436.3
06662000,1018,14,53,5530.9
06347030,1013,14,65,5635.8
06340010,1013,14,67,5872.8
06340500,1013,14,67,5872.8
06015400,1002,14,73,6095.2
06478515,1017,14,70,6766.7
06428000,1012,14,58,7601.7
441917120532300,1707,14,97,7775.3
441923120534300,1707,14,97,7775.3
11502500,1801,14,80,7826.4
07347950,1114,14,85,8570.1
07312620,1113,14,80,8785.9
07312630,1113,14,80,8785.9
09367938,1408,14,97,10532.6
06354000,1013,14,117,10681.9
08022120,1201,14,102,10784.5
07341301,1114,14,108,10978.8
06447450,1014,14,189,16120.3
06395000,1012,14,146,19116.0
06828500,1025,14,203,21110.2
07157580,1104,14,213,22067.0
07157740,1104,14,233,24375.8
07237500,1110,14,305,30957.3
16101000,2007,13,1,85.8
16101003,2007,13,1,85.8
16102000,2007,13,1,85.8
16103000,2007,13,1,85.8
16104200,2007,13,1,85.8
16105000,2007,13,1,85.8
221151159300001,2007,13,1,85.8
221153159300001,2007,13,1,85.8
221154159300901,2007,13,1,85.8
221158159294401,2007,13,1,85.8
221202159293901,2007,13,1,85.8
221205159295001,2007,13,1,85.8
221224159283001,2007,13,1,85.8
221232159285001,2007,13,1,85.8
11408000,1802,13,1,130.5
11414410,1802,13,1,130.5
11414450,1802,13,1,130.5
11414470,1802,13,1,130.5
11414500,1802,13,1,130.5
11414700,1802,13,1,130.5
11415000,1802,13,1,130.5
11416000,1802,13,1,130.5
11416500,1802,13,1,130.5
11416585,1802,13,1,130.5
11416610,1802,13,1,130.5
11416620,1802,13,1,130.5
11416670,1802,13,1,130.5
11416700,1802,13,1,130.5
10308783,1605,13,1,132.1
103087835,1605,13,1,132.1
10308784,1605,13,1,132.1
10308785,1605,13,1,132.1
103087855,1605,13,1,132.1
103087865,1605,13,1,132.1
103087885,1605,13,1,132.1
103087889,1605,13,1,132.1
10308789,1605,13,1,132.1
103087891,1605,13,1,132.1
103087892,1605,13,1,132.1
10308792,1605,13,1,132.1
10308794,1605,13,1,132.1
10308800,1605,13,1,132.1
16200000,2006,13,1,151.3
16201000,2006,13,1,151.3
16203000,2006,13,1,151.3
16204000,2006,13,1,151.3
16206000,2006,13,1,151.3
16208000,2006,13,1,151.3
16208500,2006,13,1,151.3
16209000,2006,13,1,151.3
16210100,2006,13,1,151.3
16210200,2006,13,1,151.3
16210500,2006,13,1,151.3
16210900,2006,13,1,151.3
16211000,2006,13,1,151.3
16211003,2006,13,1,151.3
09032000,1401,13,2,172.6
09032001,1401,13,2,172.6
09032050,1401,13,2,172.6
09032100,1401,13,2,172.6
09032200,1401,13,2,172.6
09032300,1401,13,2,172.6
09032400,1401,13,2,172.6
09032500,1401,13,2,172.6
09032990,1401,13,2,172.6
09033000,1401,13,2,172.6
09033010,1401,13,2,172.6
09033100,1401,13,2,172.6
400016105490800,1401,13,2,172.6
09066100,1401,13,2,173.0
09066150,1401,13,2,173.0
09066200,1401,13,2,173.0
09066250,1401,13,2,173.0
393743106171301,1401,13,2,173.0
393815106180601,1401,13,2,173.0
393826106213501,1401,13,2,173.0
393832106182201,1401,13,2,173.0
393836106203901,1401,13,2,173.0
393837106200501,1401,13,2,173.0
393843106193101,1401,13,2,173.0
10167118,1602,13,2,211.0
10167122,1602,13,2,211.0
10167145,1602,13,2,211.0
10167146,1602,13,2,211.0
10168499,1602,13,2,211.0
10168500,1602,13,2,211.0
10168800,1602,13,2,211.0
10168832,1602,13,2,211.0
10168840,1602,13,2,211.0
10169000,1602,13,2,211.0
10169500,1602,13,2,211.0
11202700,1803,13,3,284.5
11202710,1803,13,3,284.5
11202711,1803,13,3,284.5
11202750,1803,13,3,284.5
11202751,1803,13,3,284.5
11202838,1803,13,3,284.5
09046600,1401,13,4,319.1
09046601,1401,13,4,319.1
11243405,1804,13,3,336.0
11245000,1804,13,3,336.0
11245300,1804,13,3,336.0
11246500,1804,13,3,336.0
11246570,1804,13,3,336.0
09036000,1401,13,4,361.5
11465750,1801,13,4,441.4
11466500,1801,13,4,441.4
09144200,1402,13,7,514.7
06423050,1012,13,7,542.9
06423060,1012,13,7,542.9
06423070,1012,13,7,542.9
06423075,1012,13,7,542.9
06423080,1012,13,7,542.9
06423090,1012,13,7,542.9
06423100,1012,13,7,542.9
06423120,1012,13,7,542.9
440639103014701,1012,13,7,542.9
11118400,1807,13,6,584.3
11118500,1807,13,6,584.3
11118501,1807,13,6,584.3
12105900,1711,13,10,612.5
12106000,1711,13,10,612.5
12106500,1711,13,10,612.5
12106700,1711,13,10,612.5
06893500,1030,13,5,629.1
06893557,1030,13,5,629.1
06893562,1030,13,5,629.1
06893564,1030,13,5,629.1
11292820,1804,13,11,914.5
11292860,1804,13,11,914.5
11292900,1804,13,11,914.5
11292901,1804,13,11,914.5
11293000,1804,13,11,914.5
11293200,1804,13,11,914.5
11295500,1804,13,11,914.5
11358500,1802,13,13,1152.4
11358700,1802,13,13,1152.4
11358800,1802,13,13,1152.4
11359100,1802,13,13,1152.4
11359120,1802,13,13,1152.4
11359200,1802,13,13,1152.4
11359300,1802,13,13,1152.4
11359500,1802,13,13,1152.4
09147500,1402,13,13,1162.0
14217500,1708,13,21,1232.6
11153650,1806,13,15,1322.9
11153700,1806,13,15,1322.9
07215100,1108,13,14,1336.0
07215500,1108,13,14,1336.0
07216500,1108,13,14,1336.0
11311000,1804,13,20,1369.6
07086000,1102,13,16,1412.9
07195400,1111,13,19,1512.6
07195430,1111,13,19,1512.6
13331450,1706,13,25,1722.7
13139000,1704,13,24,1775.3
13139500,1704,13,24,1775.3
13139510,1704,13,24,1775.3
12187500,1711,13,20,1778.8
10125700,1601,13,20,1827.8
10125800,1601,13,20,1827.8
13304700,1706,13,20,1900.3
08390020,1306,13,21,2228.1
08390100,1306,13,21,2228.1
14200000,1709,13,35,2265.7
13050000,1704,13,32,2299.3
13054805,1704,13,32,2299.3
13245500,1705,13,32,2343.8
14148000,1709,13,28,2409.8
11525655,1801,13,27,2433.9
11525854,1801,13,27,2433.9
14211000,1709,13,34,2440.0
14211010,1709,13,34,2440.0
11336000,1804,13,29,2460.2
09255200,1405,13,24,2595.7
07052500,1101,13,30,2630.2
13044000,1704,13,29,2655.3
11187000,1803,13,28,2657.9
13114500,1704,13,32,2732.6
4354421121621,1704,13,32,2732.6
4355501121634,1704,13,32,2732.6
4356251121645,1704,13,32,2732.6
06205000,1007,13,30,2760.8
07349374,1114,13,29,2954.0
07349377,1114,13,29,2954.0
07349910,1114,13,29,2954.0
09490500,1506,13,41,3239.8
12462500,1702,13,43,3440.5
07126000,1102,13,53,4090.2
12362500,1701,13,52,4344.6
07174700,1107,13,43,4509.0
07067000,1101,13,49,4532.1
07249413,1111,13,64,4668.6
07064026,1101,13,48,4827.4
07064040,1101,13,48,4827.4
06108500,1003,13,55,4975.7
06108800,1003,13,55,4975.7
07147900,1103,13,48,5171.6
06078000,1003,13,68,5193.3
06208000,1007,13,52,5280.9
09222500,1404,13,48,5437.8
06768025,1020,13,52,5878.1
08287500,1302,13,64,6141.1
06821190,1024,13,70,6210.0
06606600,1023,13,77,6605.0
08055700,1203,13,73,6676.1
08056000,1203,13,73,6676.1
06427850,1012,13,51,6795.3
09431500,1504,13,68,7491.1
09431503,1504,13,68,7491.1
07139500,1103,13,65,7750.1
10172870,1602,13,86,8174.0
09367934,1408,13,83,9009.3
07171000,1107,13,89,9314.0
06353500,1013,13,107,9609.8
09415850,1501,13,104,9913.2
06799350,1022,13,125,12224.2
06780000,1021,13,118,13317.6
06781000,1021,13,118,13317.6
06899680,1028,13,162,14306.4
06296120,1010,13,166,14320.9
07299540,1112,13,146,17722.0
12301933,1701,13,165,25751.9
16610000,2002,12,1,44.2
16612000,2002,12,1,44.2
16614000,2002,12,1,44.2
205427156313101,2002,12,1,44.2
205433156311501,2002,12,1,44.2
205439156303401,2002,12,1,44.2
205455156302301,2002,12,1,44.2
205611156324601,2002,12,1,44.2
205625156323401,2002,12,1,44.2
205632156322001,2002,12,1,44.2
205635156313901,2002,12,1,44.2
205639156310001,2002,12,1,44.2
205644156304401,2002,12,1,44.2
07319500,1113,12,2,266.5
07320000,1113,12,2,266.5
07320500,1113,12,2,266.5
07321000,1113,12,2,266.5
07321500,1113,12,2,266.5
07322000,1113,12,2,266.5
07322500,1113,12,2,266.5
07323000,1113,12,2,266.5
07324000,1113,12,2,266.5
14179000,1709,12,5,280.4
12116100,1711,12,4,290.8
12116400,1711,12,4,290.8
12116500,1711,12,4,290.8
12116700,1711,12,4,290.8
12116800,1711,12,4,290.8
12117000,1711,12,4,290.8
14185900,1709,12,5,304.9
443226122260700,1709,12,5,304.9
443253122255000,1709,12,5,304.9
443317122252600,1709,12,5,304.9
443340122250500,1709,12,5,304.9
443342122250200,1709,12,5,304.9
11236080,1804,12,4,345.9
11237000,1804,12,4,345.9
11238100,1804,12,4,345.9
11238270,1804,12,4,345.9
11238380,1804,12,4,345.9
11238400,1804,12,4,345.9
11238500,1804,12,4,345.9
11238550,1804,12,4,345.9
06715000,1019,12,4,372.9
394308105413800,1019,12,4,372.9
394359105411900,1019,12,4,372.9
09073400,1401,12,6,395.0
09073500,1401,12,6,395.0
11119660,1806,12,3,405.9
11119700,1806,12,3,405.9
11119745,1806,12,3,405.9
11119750,1806,12,3,405.9
11119760,1806,12,3,405.9
11119780,1806,12,3,405.9
12328500,1701,12,9,569.7
12329000,1701,12,9,569.7
12329500,1701,12,9,569.7
14133400,1708,12,9,663.2
14133450,1708,12,9,663.2
14133500,1708,12,9,663.2
14136500,1708,12,9,663.2
11230000,1804,12,6,709.3
11230070,1804,12,6,709.3
11230200,1804,12,6,709.3
11230215,1804,12,6,709.3
11230560,1804,12,6,709.3
11230600,1804,12,6,709.3
11230650,1804,12,6,709.3
11230670,1804,12,6,709.3
11231551,1804,12,6,709.3
11426500,1802,12,10,907.7
11427000,1802,12,10,907.7
11038500,1807,12,8,936.0
11039100,1807,12,8,936.0
11039600,1807,12,8,936.0
11462500,1801,12,12,966.4
09277500,1406,12,13,972.8
09277501,1406,12,13,972.8
09146200,1402,12,11,1000.5
09147025,1402,12,11,1000.5
10155400,1602,12,15,1052.1
10155500,1602,12,15,1052.1
09442667,1504,12,11,1080.9
09442669,1504,12,11,1080.9
09442677,1504,12,11,1080.9
09442680,1504,12,11,1080.9
09442681,1504,12,11,1080.9
09442682,1504,12,11,1080.9
09442683,1504,12,11,1080.9
09442684,1504,12,11,1080.9
11308900,1804,12,17,1081.8
11309500,1804,12,17,1081.8
12039516,1710,12,12,1123.5
1203951610,1710,12,12,1123.5
12039517,1710,12,12,1123.5
12039518,1710,12,12,1123.5
09163310,1401,12,12,1133.5
09163340,1401,12,12,1133.5
09163490,1401,12,12,1133.5
09163492,1401,12,12,1133.5
12096000,1711,12,12,1136.4
12096500,1711,12,12,1136.4
12096505,1711,12,12,1136.4
10014000,1601,12,11,1151.2
10016900,1601,12,11,1151.2
12323600,1701,12,12,1155.3
06290500,1008,12,10,1159.5
14159000,1709,12,13,1166.4
11092450,1807,12,12,1207.2
11097000,1807,12,12,1207.2
11097260,1807,12,12,1207.2
09294000,1406,12,16,1275.0
09294500,1406,12,16,1275.0
06264000,1008,12,13,1320.7
06264500,1008,12,13,1320.7
12089208,1711,12,18,1405.0
12089500,1711,12,18,1405.0
09131500,1402,12,17,1442.1
09132500,1402,12,17,1442.1
385553107243301,1402,12,17,1442.1
11454000,1802,12,18,1589.3
11454210,1802,12,18,1589.3
06479525,1017,12,16,1593.5
06612000,1018,12,18,1647.7
06612500,1018,12,18,1647.7
06613000,1018,12,18,1647.7
09361200,1408,12,22,1687.6
13245000,1705,12,23,1701.7
07052250,1101,12,22,1918.8
14197500,1709,12,31,1997.1
13121500,1704,12,21,1997.7
13122000,1704,12,21,1997.7
13122500,1704,12,21,1997.7
13123000,1704,12,21,1997.7
13123500,1704,12,21,1997.7
13124000,1704,12,21,1997.7
13124500,1704,12,21,1997.7
13125000,1704,12,21,1997.7
06429997,1012,12,14,2004.5
06430000,1012,12,14,2004.5
06430500,1012,12,14,2004.5
10374500,1712,12,21,2110.3
13349210,1706,12,28,2304.8
14020760,1707,12,33,2367.2
14020850,1707,12,33,2367.2
14021000,1707,12,33,2367.2
14022000,1707,12,33,2367.2
11185500,1803,12,26,2509.7
11186500,1803,12,26,2509.7
11186750,1803,12,26,2509.7
11403000,1802,12,34,2661.9
07177800,1107,12,29,2694.2
07178000,1107,12,29,2694.2
13152000,1704,12,26,2854.0
11138100,1806,12,38,2966.1
13192000,1705,12,53,3382.6
13192200,1705,12,53,3382.6
07066500,1101,12,37,3564.4
07066510,1101,12,37,3564.4
07138075,1103,12,32,3833.5
06280000,1008,12,37,3894.5
06014500,1002,12,44,4037.7
06077500,1003,12,54,4110.1
06605850,1023,12,47,4127.9
08223000,1301,12,64,4296.2
06167500,1005,12,48,4453.2
06661585,1018,12,41,4489.2
06346500,1013,12,54,4531.2
06040000,1002,12,45,4548.9
06040010,1002,12,45,4548.9
06058000,1003,12,68,4863.4
07147800,1103,12,45,4863.4
07182280,1107,12,41,4927.5
11488510,1801,12,52,5044.6
09482410,1505,12,59,5605.7
09482440,1505,12,59,5605.7
09482490,1505,12,59,5605.7
09482495,1505,12,59,5605.7
06025250,1002,12,69,5694.5
06113500,1004,12,58,5699.6
06427500,1012,12,49,6568.8
09415700,1501,12,72,6839.3
08048600,1203,12,75,7151.4
08048850,1203,12,75,7151.4
08351500,1302,12,76,7392.9
10395500,1712,12,82,7925.7
10402000,1712,12,82,7925.7
09504000,1506,12,92,8234.2
07312500,1113,12,79,8635.7
07312580,1113,12,79,8635.7
07170990,1107,12,84,8859.7
06799315,1022,12,114,10984.5
09426000,1503,12,139,11637.9
13228000,1705,12,128,12133.7
13233300,1705,12,128,12133.7
06882500,1027,12,132,12385.1
06882510,1027,12,132,12385.1
06447000,1014,12,156,12936.2
06296100,1010,12,162,13926.8
12439500,1702,12,206,17491.6
07299530,1112,12,145,17580.6
07157000,1104,12,179,17940.9
06828000,1025,12,194,20304.6
08139500,1209,12,211,23010.5
08140500,1209,12,211,23010.5
16506000,2002,11,1,42.6
16507000,2002,11,1,42.6
16508000,2002,11,1,42.6
16509000,2002,11,1,42.6
16510000,2002,11,1,42.6
16511000,2002,11,1,42.6
16512000,2002,11,1,42.6
16513000,2002,11,1,42.6
16514000,2002,11,1,42.6
16515000,2002,11,1,42.6
204902156063101,2002,11,1,42.6
204934156061901,2002,11,1,42.6
16516000,2002,11,1,48.6
16517000,2002,11,1,48.6
16518000,2002,11,1,48.6
16519000,2002,11,1,48.6
16520000,2002,11,1,48.6
16521000,2002,11,1,48.6
204952156073501,2002,11,1,48.6
204959156072201,2002,11,1,48.6
205008156082901,2002,11,1,48.6
205022156080901,2002,11,1,48.6
205025156080901,2002,11,1,48.6
205036156080501,2002,11,1,48.6
08302200,1302,11,1,105.4
08302300,1302,11,1,105.4
08302400,1302,11,1,105.4
08302500,1302,11,1,105.4
08304100,1302,11,1,105.4
08304200,1302,11,1,105.4
08304300,1302,11,1,105.4
08304400,1302,11,1,105.4
08305000,1302,11,1,105.4
08305030,1302,11,1,105.4
08308025,1302,11,1,105.4
08308050,1302,11,1,105.4
09046490,1401,11,2,179.6
09046530,1401,11,2,179.6
09034900,1401,11,2,186.4
09035500,1401,11,2,186.4
09035700,1401,11,2,186.4
09035800,1401,11,2,186.4
10260780,1809,11,2,192.7
10260822,1809,11,2,192.7
10260865,1809,11,2,192.7
10260950,1809,11,2,192.7
10261000,1809,11,2,192.7
12119730,1711,11,2,261.2
12119731,1711,11,2,261.2
12119732,1711,11,2,261.2
12121700,1711,11,2,261.2
12121720,1711,11,2,261.2
12121810,1711,11,2,261.2
12121815,1711,11,2,261.2
12121830,1711,11,2,261.2
11414190,1802,11,3,267.3
11414194,1802,11,3,267.3
11414195,1802,11,3,267.3
11414196,1802,11,3,267.3
11421710,1802,11,3,267.3
11421720,1802,11,3,267.3
11421725,1802,11,3,267.3
11421750,1802,11,3,267.3
11421760,1802,11,3,267.3
11421770,1802,11,3,267.3
11421780,1802,11,3,267.3
11421790,1802,11,3,267.3
11395500,1802,11,4,278.7
11396090,1802,11,4,278.7
11396200,1802,11,4,278.7
11396290,1802,11,4,278.7
11396300,1802,11,4,278.7
11396350,1802,11,4,278.7
09523200,1503,11,3,306.2
09523202,1503,11,3,306.2
09523400,1503,11,3,306.2
09523600,1503,11,3,306.2
09524500,1503,11,3,306.2
09524700,1503,11,3,306.2
09525000,1503,11,3,306.2
09529600,1503,11,3,306.2
09529700,1503,11,3,306.2
09529800,1503,11,3,306.2
09529900,1503,11,3,306.2
09530000,1503,11,3,306.2
11048000,1807,11,3,357.8
11048540,1807,11,3,357.8
11048550,1807,11,3,357.8
11048553,1807,11,3,357.8
11048555,1807,11,3,357.8
11048600,1807,11,3,357.8
11293650,1804,11,3,380.0
11294300,1804,11,3,380.0
09062600,1401,11,6,424.8
09063000,1401,11,6,424.8
11441002,1802,11,5,459.6
11441780,1802,11,5,459.6
11441800,1802,11,5,459.6
11441900,1802,11,5,459.6
11442000,1802,11,5,459.6
11376040,1802,11,6,502.9
11376043,1802,11,6,502.9
11376046,1802,11,6,502.9
11376050,1802,11,6,502.9
11376140,1802,11,6,502.9
11376150,1802,11,6,502.9
11376160,1802,11,6,502.9
13155350,1705,11,8,572.9
13155400,1705,11,8,572.9
13155500,1705,11,8,572.9
13155620,1705,11,8,572.9
08255500,1302,11,6,614.4
08256000,1302,11,6,614.4
08257500,1302,11,6,614.4
08258000,1302,11,6,614.4
08260500,1302,11,6,614.4
08261000,1302,11,6,614.4
06048650,1002,11,8,665.4
06048700,1002,11,8,665.4
06048800,1002,11,8,665.4
06048900,1002,11,8,665.4
06049000,1002,11,8,665.4
454305111020101,1002,11,8,665.4
12167000,1711,11,9,737.1
06406500,1012,11,9,779.6
11462080,1801,11,11,872.0
102512531,1809,11,11,881.6
102512533,1809,11,11,881.6
102512535,1809,11,11,881.6
1025125356,1809,11,11,881.6
102512537,1809,11,11,881.6
1025125372,1809,11,11,881.6
10251255,1809,11,11,881.6
09383595,1502,11,16,913.9
13293800,1706,11,15,927.9
13294500,1706,11,15,927.9
06803000,1020,11,13,1102.6
06803080,1020,11,13,1102.6
10130500,1602,11,14,1110.1
09303500,1405,11,13,1142.4
09304000,1405,11,13,1142.4
06749000,1019,11,18,1152.8
07194760,1111,11,15,1214.9
07194800,1111,11,15,1214.9
06666000,1018,11,14,1344.2
06666500,1018,11,14,1344.2
06666600,1018,11,14,1344.2
06667000,1018,11,14,1344.2
06479500,1017,11,15,1467.9
06479512,1017,11,15,1467.9
06479520,1017,11,15,1467.9
13244000,1705,11,21,1591.3
10125600,1601,11,19,1675.9
10152000,1602,11,22,1740.9
10152001,1602,11,22,1740.9
14194000,1709,11,29,1818.7
14194150,1709,11,29,1818.7
09174000,1403,11,24,1878.9
11387990,1802,11,26,2010.4
11388000,1802,11,26,2010.4
11388500,1802,11,26,2010.4
10312210,1605,11,9,2211.1
1031221775,1605,11,9,2211.1
10312218,1605,11,9,2211.1
1031221902,1605,11,9,2211.1
10312250,1605,11,9,2211.1
10312265,1605,11,9,2211.1
10312267,1605,11,9,2211.1
10312270,1605,11,9,2211.1
10312274,1605,11,9,2211.1
10312277,1605,11,9,2211.1
12481500,1703,11,21,2227.6
06170500,1005,11,23,2243.2
06171000,1005,11,23,2243.2
11268500,1804,11,29,2435.2
14378200,1710,11,35,2562.1
07211000,1108,11,27,2607.3
13151500,1704,11,25,2709.6
07351755,1114,11,37,2900.1
11136800,1806,11,37,2907.8
11137000,1806,11,37,2907.8
06120500,1004,11,34,3185.2
06108000,1003,11,37,3255.2
06167000,1005,11,34,3322.5
06077200,1003,11,45,3344.7
06085500,1003,11,44,3350.8
06756500,1019,11,31,3472.1
07139000,1103,11,31,3711.7
462107111312301,1003,11,56,3801.9
07194500,1111,11,44,3840.8
06014000,1002,11,43,3886.8
13012490,1704,11,38,3914.6
13012500,1704,11,38,3914.6
06345780,1013,11,49,4007.0
06331650,1011,11,46,4009.9
06469005,1016,11,39,4085.8
06469015,1016,11,39,4085.8
08221500,1301,11,62,4160.1
11349000,1802,11,46,4216.6
415954121312100,1801,11,47,4312.4
06928500,1029,11,40,4508.2
06426000,1012,11,33,4528.1
06426500,1012,11,33,4528.1
07064000,1101,11,46,4581.5
07076634,1101,11,48,4663.1
06113000,1004,11,46,4715.8
12415075,1701,11,52,4777.6
12415135,1701,11,52,4777.6
12415140,1701,11,52,4777.6
12415250,1701,11,52,4777.6
07182260,1107,11,40,4827.3
06467500,1017,11,56,5204.2
06025000,1002,11,64,5228.9
06767970,1020,11,47,5368.2
06767998,1020,11,47,5368.2
06767999,1020,11,47,5368.2
06768000,1020,11,47,5368.2
08287000,1302,11,57,5452.1
08350500,1302,11,62,6092.6
09431000,1504,11,58,6403.1
08053090,1203,11,70,6448.7
09415639,1501,11,68,6474.0
094156395,1501,11,68,6474.0
09415640,1501,11,68,6474.0
09415645,1501,11,68,6474.0
07305000,1112,11,100,11164.8
09425500,1503,11,138,11505.8
06779500,1021,11,113,12925.7
06862850,1026,11,135,15160.5
06863000,1026,11,135,15160.5
07299512,1112,11,141,17092.8
07299514,1112,11,141,17092.8
07156900,1104,11,177,17654.1
08123900,1208,11,272,30289.2
16301050,2006,10,1,45.6
16302000,2006,10,1,45.6
16303000,2006,10,1,45.6
16303003,2006,10,1,45.6
16304200,2006,10,1,45.6
16306000,2006,10,1,45.6
213323157535501,2006,10,1,45.6
213340157535501,2006,10,1,45.6
213358157533701,2006,10,1,45.6
213407157533801,2006,10,1,45.6
213425157531701,2006,10,1,45.6
16308000,2006,10,1,65.6
16308990,2006,10,1,65.6
16309000,2006,10,1,65.6
16310000,2006,10,1,65.6
214052157572002,2006,10,1,65.6
214103157573101,2006,10,1,65.6
214129157580701,2006,10,1,65.6
214130157571801,2006,10,1,65.6
214130157572601,2006,10,1,65.6
214137157571501,2006,10,1,65.6
214150157580501,2006,10,1,65.6
14211500,1709,10,2,135.5
14211542,1709,10,2,135.5
14211546,1709,10,2,135.5
14211550,1709,10,2,135.5
12203000,1711,10,2,170.4
12203500,1711,10,2,170.4
14178470,1709,10,3,201.1
14178480,1709,10,3,201.1
14178490,1709,10,3,201.1
14178500,1709,10,3,201.1
14178610,1709,10,3,201.1
14178620,1709,10,3,201.1
14178625,1709,10,3,201.1
444649121594701,1709,10,3,201.1
08330565,1302,10,3,341.2
08330567,1302,10,3,341.2
08330569,1302,10,3,341.2
08330580,1302,10,3,341.2
08330600,1302,10,3,341.2
08330775,1302,10,3,341.2
08330800,1302,10,3,341.2
11183500,1805,10,4,373.7
11183600,1805,10,4,373.7
11183670,1805,10,4,373.7
11185000,1805,10,4,373.7
11185100,1805,10,4,373.7
06301850,1009,10,4,420.5
06302000,1009,10,4,420.5
06302200,1009,10,4,420.5
10344299,1605,10,7,446.5
10344400,1605,10,7,446.5
10344401,1605,10,7,446.5
10344500,1605,10,7,446.5
10344501,1605,10,7,446.5
09311500,1406,10,6,451.3
09311700,1406,10,6,451.3
11172945,1805,10,5,519.7
11172955,1805,10,5,519.7
11173000,1805,10,5,519.7
11173510,1805,10,5,519.7
11173575,1805,10,5,519.7
11174160,1805,10,5,519.7
10257499,1810,10,7,523.1
10257500,1810,10,7,523.1
10257501,1810,10,7,523.1
06406000,1012,10,6,528.6
11461000,1801,10,6,533.4
11462000,1801,10,6,533.4
09406700,1501,10,5,556.8
09406900,1501,10,5,556.8
09407000,1501,10,5,556.8
09407150,1501,10,5,556.8
09407200,1501,10,5,556.8
09407201,1501,10,5,556.8
09407600,1501,10,5,556.8
10134500,1602,10,6,615.7
10135500,1602,10,6,615.7
07081200,1102,10,6,622.7
07081800,1102,10,6,622.7
07083700,1102,10,6,622.7
07083710,1102,10,6,622.7
09277000,1406,10,10,672.5
09306255,1405,10,8,679.2
11390010,1802,10,9,701.3
10371500,1712,10,10,711.8
10373000,1712,10,10,712.0
10375000,1712,10,10,712.0
06732300,1019,10,11,714.4
06733000,1019,10,11,714.4
06735500,1019,10,11,714.4
07220600,1108,10,8,759.3
09342600,1408,10,15,898.2
06411500,1012,10,11,953.3
06411900,1012,10,11,953.3
06412000,1012,10,11,953.3
06412200,1012,10,11,953.3
06412220,1012,10,11,953.3
06412250,1012,10,11,953.3
06748000,1019,10,15,962.6
09097900,1401,10,15,1001.2
09359500,1408,10,12,1012.9
11147500,1806,10,14,1050.9
13200000,1705,10,18,1098.5
09293500,1406,10,14,1102.0
09293600,1406,10,14,1102.0
11109800,1807,10,13,1133.8
11109801,1807,10,13,1133.8
11110000,1807,10,13,1133.8
06756100,1019,10,11,1192.2
06619000,1018,10,16,1219.5
12086500,1711,10,17,1263.3
12088400,1711,10,17,1263.3
12088500,1711,10,17,1263.3
11023100,1807,10,15,1279.9
324622117121200,1807,10,15,1279.9
10125500,1601,10,15,1333.5
13303300,1706,10,13,1355.8
13304185,1706,10,13,1355.8
13304200,1706,10,13,1355.8
10386000,1712,10,15,1372.9
10386500,1712,10,15,1372.9
06213500,1007,10,14,1457.5
06214000,1007,10,14,1457.5
07048600,1101,10,18,1490.4
08078080,1204,10,4,1602.5
08079000,1204,10,4,1602.5
08079005,1204,10,4,1602.5
08079010,1204,10,4,1602.5
08079120,1204,10,4,1602.5
13073500,1704,10,19,1698.3
11369000,1802,10,22,1701.9
14378000,1710,10,24,1765.4
09489499,1506,10,24,1780.0
09489500,1506,10,24,1780.0
14210000,1709,10,25,1780.4
11473900,1801,10,27,1949.8
11473980,1801,10,27,1949.8
11268200,1804,10,24,1951.9
13151000,1704,10,20,2019.8
11520000,1801,10,25,2107.0
13099500,1704,10,27,2270.3
13100000,1704,10,27,2270.3
13100500,1704,10,27,2270.3
13101000,1704,10,27,2270.3
13101500,1704,10,27,2270.3
11375871,1802,10,30,2442.1
11376000,1802,10,30,2442.1
06890500,1027,10,34,2463.2
14327055,1710,10,31,2468.0
06045000,1002,10,30,2485.2
06045200,1002,10,30,2485.2
07125000,1102,10,33,2511.4
07177500,1107,10,28,2579.6
07177600,1107,10,28,2579.6
07177650,1107,10,28,2579.6
07177700,1107,10,28,2579.6
06076690,1003,10,34,2697.4
06077100,1003,10,34,2697.4
12494000,1703,10,29,2859.8
12498690,1703,10,29,2859.8
12499000,1703,10,29,2859.8
12176000,1711,10,32,2938.1
06165500,1005,10,32,3130.9
06166000,1005,10,32,3130.9
06166500,1005,10,32,3130.9
06345500,1013,10,40,3300.6
09522850,1503,10,3,3385.3
09522880,1503,10,3,3385.3
09522900,1503,10,3,3385.3
09525500,1503,10,3,3385.3
09526000,1503,10,3,3385.3
09530200,1503,10,3,3385.3
09532600,1503,10,3,3385.3
09534000,1503,10,3,3385.3
09534300,1503,10,3,3385.3
09534500,1503,10,3,3385.3
09534550,1503,10,3,3385.3
06057000,1003,10,50,3418.1
07165600,1111,10,38,3428.0
14113000,1707,10,34,3500.9
09471070,1505,10,44,3516.6
06331600,1011,10,40,3540.1
07138064,1103,10,30,3545.7
06605600,1023,10,40,3555.6
06039500,1002,10,35,3659.5
07174400,1107,10,35,3780.2
07174470,1107,10,35,3780.2
07174500,1107,10,35,3780.2
13079901,1704,10,43,3820.4
07063000,1101,10,38,3827.8
11348500,1802,10,44,4016.2
420036121333700,1801,10,46,4145.9
420037121334100,1801,10,46,4145.9
06917060,1029,10,43,4282.1
07076620,1101,10,45,4323.7
07182250,1107,10,38,4596.3
06466700,1017,10,50,4619.4
06919900,1029,10,46,4910.5
08286500,1302,10,53,4989.2
06905500,1028,10,54,5011.4
07145500,1103,10,44,5501.6
09430815,1504,10,52,5684.0
09430820,1504,10,52,5684.0
09430825,1504,10,52,5684.0
07335300,1114,10,71,6098.8
06639000,1018,10,59,6664.9
14080500,1707,10,84,6778.3
09396500,1502,10,74,6914.6
07340000,1114,10,76,7450.9
07170500,1107,10,71,7465.8
06810000,1024,10,81,7676.3
07312330,1113,10,73,8010.0
06884500,1027,10,92,9286.2
06799000,1022,10,97,9311.3
06446500,1014,10,129,10636.6
06790500,1021,10,104,10984.8
07151000,1106,10,108,11601.2
07159400,1105,10,123,11864.2
06882000,1027,10,128,11883.7
06779000,1021,10,107,12489.9
06459000,1015,10,123,13594.3
06358000,1013,10,200,14064.1
08207000,1211,10,153,14207.8
07156800,1104,10,166,16173.5
16561000,2002,9,1,43.2
16565000,2002,9,1,43.2
16565500,2002,9,1,43.2
16566000,2002,9,1,43.2
16567000,2002,9,1,43.2
16570000,2002,9,1,43.2
16574000,2002,9,1,43.2
16574500,2002,9,1,43.2
16577000,2002,9,1,43.2
16582000,2002,9,1,43.2
16641000,2002,9,1,60.1
16643000,2002,9,1,60.1
16643100,2002,9,1,60.1
16644000,2002,9,1,60.1
16645000,2002,9,1,60.1
16646200,2002,9,1,60.1
204917156364901,2002,9,1,60.1
204918156364902,2002,9,1,60.1
205159156384201,2002,9,1,60.1
205206156383901,2002,9,1,60.1
14206900,1709,9,1,82.0
14206950,1709,9,1,82.0
452348122454701,1709,9,1,82.0
452559122472401,1709,9,1,82.0
452631122463101,1709,9,1,82.0
452712122474101,1709,9,1,82.0
452718122474700,1709,9,1,82.0
452727122474801,1709,9,1,82.0
452738122474100,1709,9,1,82.0
452842122450101,1709,9,1,82.0
16219000,2006,9,1,82.5
16223000,2006,9,1,82.5
16224500,2006,9,1,82.5
16225000,2006,9,1,82.5
16225800,2006,9,1,82.5
16225900,2006,9,1,82.5
16226000,2006,9,1,82.5
16226200,2006,9,1,82.5
16226400,2006,9,1,82.5
16227000,2006,9,1,82.5
10336730,1605,9,1,103.6
10336740,1605,9,1,103.6
10336756,1605,9,1,103.6
10336757,1605,9,1,103.6
10336758,1605,9,1,103.6
103367585,1605,9,1,103.6
10336759,1605,9,1,103.6
103367592,1605,9,1,103.6
10336760,1605,9,1,103.6
10336765,1605,9,1,103.6
10167105,1602,9,2,104.7
10167106,1602,9,2,104.7
10167141,1602,9,2,104.7
10167142,1602,9,2,104.7
10167700,1602,9,2,104.7
10167800,1602,9,2,104.7
10168000,1602,9,2,104.7
09078040,1401,9,1,109.3
09078050,1401,9,1,109.3
09078060,1401,9,1,109.3
09078100,1401,9,1,109.3
09078141,1401,9,1,109.3
09078150,1401,9,1,109.3
09078200,1401,9,1,109.3
09078300,1401,9,1,109.3
09078475,1401,9,1,109.3
09078500,1401,9,1,109.3
09041900,1401,9,1,109.4
09043000,1401,9,1,109.4
09044000,1401,9,1,109.4
09044300,1401,9,1,109.4
09044500,1401,9,1,109.4
09044800,1401,9,1,109.4
09045000,1401,9,1,109.4
09045500,1401,9,1,109.4
09046400,1401,9,1,109.4
392547106023400,1401,9,1,109.4
12109500,1711,9,2,188.3
12110000,1711,9,2,188.3
12110003,1711,9,2,188.3
12110400,1711,9,2,188.3
12110500,1711,9,2,188.3
12112500,1711,9,2,188.3
12112550,1711,9,2,188.3
12112600,1711,9,2,188.3
453030122560101,1709,9,3,196.8
453104122551201,1709,9,3,196.8
09139200,1402,9,3,230.0
09139500,1402,9,3,230.0
09142000,1402,9,3,230.0
09111500,1402,9,3,233.1
385106106571000,1402,9,3,233.1
11023450,1807,9,3,243.7
12148500,1711,9,5,253.2
12148700,1711,9,5,253.2
09306248,1405,9,4,361.5
09306250,1405,9,4,361.5
11167500,1805,9,4,376.0
11167660,1805,9,4,376.0
11167700,1805,9,4,376.0
11167800,1805,9,4,376.0
11169000,1805,9,4,376.0
11169025,1805,9,4,376.0
11389740,1802,9,6,391.2
11389747,1802,9,6,391.2
11389750,1802,9,6,391.2
11389775,1802,9,6,391.2
11389780,1802,9,6,391.2
11389800,1802,9,6,391.2
11390000,1802,9,6,391.2
12485012,1703,9,6,414.2
12504512,1703,9,6,414.2
12508755,1703,9,6,414.2
12508769,1703,9,6,414.2
12508775,1703,9,6,414.2
12508779,1703,9,6,414.2
12508790,1703,9,6,414.2
12508840,1703,9,6,414.2
06728350,1019,9,6,434.5
400118105134600,1019,9,6,434.5
12166185,1711,9,6,445.1
12166240,1711,9,6,445.1
12166300,1711,9,6,445.1
12166400,1711,9,6,445.1
12166495,1711,9,6,445.1
06893100,1030,9,4,475.9
06893150,1030,9,4,475.9
09274000,1406,9,7,490.4
11465000,1801,9,7,564.6
11465050,1801,9,7,564.6
11465200,1801,9,7,564.6
11465240,1801,9,7,564.6
11465350,1801,9,7,564.6
12105500,1711,9,9,572.0
07220000,1108,9,6,574.2
07220100,1108,9,6,574.2
11478000,1801,9,7,574.3
11478400,1801,9,7,574.3
11478500,1801,9,7,574.3
16703000,2001,9,4,577.1
16704000,2001,9,4,577.1
16705000,2001,9,4,577.1
16707000,2001,9,4,577.1
16708000,2001,9,4,577.1
16709000,2001,9,4,577.1
16713000,2001,9,4,577.1
06894000,1030,9,8,581.6
11073440,1807,9,6,599.5
07327500,1113,9,7,625.5
07327550,1113,9,7,625.5
13255060,1705,9,8,632.9
12162000,1711,9,7,656.6
12162500,1711,9,7,656.6
12164500,1711,9,7,656.6
10155100,1602,9,11,723.8
10155200,1602,9,11,723.8
10155300,1602,9,11,723.8
09342500,1408,9,12,727.6
11458000,1805,9,8,732.3
11458200,1805,9,8,732.3
11458300,1805,9,8,732.3
08388000,1306,9,7,749.8
06260400,1008,9,8,773.7
06260500,1008,9,8,773.7
06261000,1008,9,8,773.7
06261500,1008,9,8,773.7
14056500,1707,9,10,775.1
14057000,1707,9,10,775.1
14357500,1710,9,10,795.0
11036700,1807,9,7,805.8
11037650,1807,9,7,805.8
11037700,1807,9,7,805.8
11037701,1807,9,7,805.8
06755800,1019,9,9,865.9
06755840,1019,9,9,865.9
06755860,1019,9,9,865.9
06755880,1019,9,9,865.9
06755950,1019,9,9,865.9
06755960,1019,9,9,865.9
06756000,1019,9,9,865.9
11030500,1807,9,10,892.0
09405490,1501,9,9,926.5
09405499,1501,9,9,926.5
09405500,1501,9,9,926.5
09405501,1501,9,9,926.5
11308600,1804,9,14,936.7
06071300,1003,9,15,1026.6
06795500,1020,9,10,1075.3
413038097241801,1020,9,10,1075.3
07108500,1102,9,15,1231.8
07108800,1102,9,15,1231.8
07108900,1102,9,15,1231.8
07109000,1102,9,15,1231.8
381312104321001,1102,9,15,1231.8
06707000,1019,9,9,1232.5
06879820,1027,9,13,1389.9
06098100,1003,9,14,1433.8
06098120,1003,9,14,1433.8
14231000,1708,9,16,1440.7
11335000,1804,9,17,1469.2
13042500,1704,9,16,1522.5
13043500,1704,9,16,1522.5
13073000,1704,9,18,1542.1
06012500,1002,9,17,1568.9
06013000,1002,9,17,1568.9
11368000,1802,9,21,1614.9
11368500,1802,9,21,1614.9
11401109,1802,9,19,1615.8
11401110,1802,9,19,1615.8
11401112,1802,9,19,1615.8
14145110,1709,9,19,1683.7
14145500,1709,9,19,1683.7
14146700,1709,9,19,1683.7
10150500,1602,9,21,1689.1
06230500,1008,9,16,1711.8
06231000,1008,9,16,1711.8
11519500,1801,9,19,1712.0
13054000,1704,9,24,1718.3
13054200,1704,9,24,1718.3
14209710,1709,9,24,1729.3
11472500,1801,9,22,1835.1
14369500,1710,9,27,1859.1
06119600,1004,9,22,1863.1
12479500,1703,9,18,1915.8
07124410,1102,9,26,2004.9
07124500,1102,9,26,2004.9
093710009,1408,9,31,2077.9
13301900,1706,9,25,2151.6
13301990,1706,9,25,2152.6
13302000,1706,9,25,2152.6
13302005,1706,9,25,2152.6
06195600,1007,9,29,2210.2
13028500,1704,9,23,2307.0
13027500,1704,9,23,2307.0
13028000,1704,9,23,2307.0
06890400,1027,9,31,2368.4
13061000,1704,9,33,2415.2
13066000,1704,9,33,2415.2
13066500,1704,9,33,2415.2
06638090,1018,9,21,2460.8
06316400,1009,9,21,2472.9
06316500,1009,9,21,2472.9
08285500,1302,9,29,2562.3
07165570,1111,9,29,2613.1
12409000,1702,9,26,2633.4
11348000,1802,9,30,2836.6
11348200,1802,9,30,2836.6
07056700,1101,9,31,2877.3
07057000,1101,9,31,2877.3
461411111280601,1003,9,43,3011.5
13238000,1705,9,41,3077.6
12460500,1702,9,38,3077.8
12461000,1702,9,38,3077.8
06660500,1018,9,28,3118.5
09332700,1407,9,37,3125.1
07138063,1103,9,27,3127.5
07138065,1103,9,27,3127.5
07138070,1103,9,27,3127.5
10241000,1603,9,43,3197.2
09471000,1505,9,41,3261.9
09471040,1505,9,41,3261.9
06913500,1029,9,31,3332.5
06605100,1023,9,38,3437.2
06038800,1002,9,32,3473.0
06486000,1023,9,32,3594.6
06466010,1017,9,41,3658.9
09513000,1507,9,46,3721.9
06138580,1005,9,39,3859.0
06139000,1005,9,39,3859.0
06139500,1005,9,39,3859.0
06468500,1016,9,37,3918.1
12361700,1701,9,46,3975.1
09168730,1403,9,52,4072.7
06024580,1002,9,52,4236.6
06677300,1018,9,42,4409.9
06677500,1018,9,42,4409.9
06677100,1018,9,42,4409.9
06905000,1028,9,48,4429.5
08169740,1210,9,44,4539.4
07116500,1102,9,52,4813.8
06187550,1007,9,44,5215.6
09339500,1407,9,47,5243.6
09396100,1502,9,57,5634.8
09457000,1504,9,59,5828.1
09403850,1501,9,70,6119.2
06185000,1006,9,66,6476.7
06185110,1006,9,66,6476.7
14046000,1707,9,92,6606.9
06869500,1026,9,66,7452.4
06446200,1014,9,91,7516.1
06441590,1014,9,98,8420.6
06441592,1014,9,98,8420.6
06441595,1014,9,98,8420.6
06884400,1027,9,89,8826.7
06847500,1025,9,83,9949.1
06881500,1027,9,112,10310.8
07150870,1106,9,103,11136.2
06778000,1021,9,102,11955.1
08131600,1209,9,123,13359.2
08136010,1209,9,123,13359.2
06357800,1013,9,197,13802.5
07156500,1104,9,144,13832.2
06862700,1026,9,130,14522.5
06336000,1011,9,159,16087.9
07299500,1112,9,137,16513.1
07234500,1110,9,246,25113.2
16403600,2005,8,1,42.6
16403900,2005,8,1,42.6
16404000,2005,8,1,42.6
16404200,2005,8,1,42.6
16405000,2005,8,1,42.6
16405100,2005,8,1,42.6
16405500,2005,8,1,42.6
16406000,2005,8,1,42.6
16408000,2005,8,1,42.6
10336650,1605,8,1,77.5
10336655,1605,8,1,77.5
10336658,1605,8,1,77.5
10336660,1605,8,1,77.5
10336670,1605,8,1,77.5
10336672,1605,8,1,77.5
10336674,1605,8,1,77.5
10336675,1605,8,1,77.5
10336676,1605,8,1,77.5
10167125,1602,8,2,95.3
10167127,1602,8,2,95.3
10167147,1602,8,2,95.3
10167148,1602,8,2,95.3
10167149,1602,8,2,95.3
10170250,1602,8,2,95.3
16053000,2007,8,1,99.0
16053400,2007,8,1,99.0
16053600,2007,8,1,99.0
16053800,2007,8,1,99.0
16054000,2007,8,1,99.0
16054200,2007,8,1,99.0
16054500,2007,8,1,99.0
16055000,2007,8,1,99.0
16056800,2007,8,1,99.0
11162940,1805,8,1,99.9
11162950,1805,8,1,99.9
11163000,1805,8,1,99.9
11163200,1805,8,1,99.9
11163500,1805,8,1,99.9
11164000,1805,8,1,99.9
11164500,1805,8,1,99.9
11165000,1805,8,1,99.9
11165500,1805,8,1,99.9
11180810,1805,8,2,120.0
11180825,1805,8,2,120.0
11181000,1805,8,2,120.0
11181004,1805,8,2,120.0
11181006,1805,8,2,120.0
11181008,1805,8,2,120.0
12201950,1711,8,1,147.4
12201960,1711,8,1,147.4
12202000,1711,8,1,147.4
12202050,1711,8,1,147.4
12202300,1711,8,1,147.4
12202310,1711,8,1,147.4
12202400,1711,8,1,147.4
12202420,1711,8,1,147.4
12202450,1711,8,1,147.4
09021500,1401,8,2,150.8
09022000,1401,8,2,150.8
09022100,1401,8,2,150.8
09023500,1401,8,2,150.8
09024000,1401,8,2,150.8
09031900,1401,8,2,150.8
07099230,1102,8,3,205.5
07099235,1102,8,3,205.5
07099238,1102,8,3,205.5
382628104493700,1102,8,3,205.5
382629104493000,1102,8,3,205.5
14162000,1709,8,3,238.4
14162050,1709,8,3,238.4
14162200,1709,8,3,238.4
10349300,1605,8,4,318.1
11046300,1807,8,3,345.6
11046310,1807,8,3,345.6
11046325,1807,8,3,345.6
11046350,1807,8,3,345.6
11046358,1807,8,3,345.6
11046359,1807,8,3,345.6
11046360,1807,8,3,345.6
11046370,1807,8,3,345.6
11046372,1807,8,3,345.6
11428800,1802,8,4,347.6
14203500,1709,8,5,352.5
11160500,1806,8,3,352.5
11161000,1806,8,3,352.5
11161500,1806,8,3,352.5
11046500,1807,8,4,457.7
11046501,1807,8,4,457.7
11046530,1807,8,4,457.7
11046550,1807,8,4,457.7
11047350,1807,8,4,457.7
11176090,1805,8,5,461.3
11176180,1805,8,5,461.3
11176200,1805,8,5,461.3
11176300,1805,8,5,461.3
07254500,1111,8,5,470.5
07255000,1111,8,5,470.5
06893940,1030,8,7,477.7
06893970,1030,8,7,477.7
14158850,1709,8,5,502.3
14158955,1709,8,5,502.3
06170050,1005,8,6,506.4
06170080,1005,8,6,506.4
11313510,1804,8,6,506.6
11314000,1804,8,6,506.6
11314500,1804,8,6,506.6
14354200,1710,8,7,518.6
14313700,1710,8,10,593.8
10210500,1603,8,8,597.4
11426195,1802,8,7,657.2
11426196,1802,8,7,657.2
08386900,1306,8,6,665.7
08387000,1306,8,6,665.7
11482500,1801,8,6,731.4
06323500,1009,8,7,751.2
06062000,1003,8,10,762.8
06297500,1009,8,7,767.6
06298000,1009,8,7,767.6
06299000,1009,8,7,767.6
12191800,1711,8,7,770.3
12192600,1711,8,7,770.3
12193400,1711,8,7,770.3
12193500,1711,8,7,770.3
06889500,1027,8,7,773.8
11029500,1807,8,9,779.7
10137600,1602,8,10,791.4
11312968,1804,8,7,794.8
11313240,1804,8,7,794.8
11313315,1804,8,7,794.8
11313405,1804,8,7,794.8
11313431,1804,8,7,794.8
11313434,1804,8,7,794.8
13329765,1706,8,11,801.5
13329770,1706,8,11,801.5
06071100,1003,8,13,839.0
07206500,1108,8,9,865.3
07207000,1108,8,9,865.3
11070150,1807,8,9,901.2
06320200,1009,8,10,964.8
14377000,1710,8,14,990.1
14377100,1710,8,14,990.1
14226500,1708,8,10,993.4
14228500,1708,8,10,993.4
14230000,1708,8,10,993.4
12039504,1710,8,11,1001.7
12039507,1710,8,11,1001.7
12039509,1710,8,11,1001.7
12039511,1710,8,11,1001.7
12039514,1710,8,11,1001.7
07191288,1107,8,12,1004.7
07191297,1107,8,12,1004.7
10384100,1712,8,12,1096.8
10384500,1712,8,12,1096.8
10385000,1712,8,12,1096.8
10385500,1712,8,12,1096.8
11374000,1802,8,13,1106.5
06706400,1019,8,8,1111.5
06706500,1019,8,8,1111.5
06706600,1019,8,8,1111.5
13136000,1704,8,16,1116.5
13138500,1704,8,16,1116.5
11022480,1807,8,13,1119.9
11022500,1807,8,13,1119.9
11023000,1807,8,13,1119.9
12021800,1710,8,11,1132.8
12023500,1710,8,11,1132.8
09249500,1405,8,15,1187.0
09249750,1405,8,15,1187.0
09172500,1403,8,17,1238.7
09496500,1506,8,16,1243.1
09496600,1506,8,16,1243.1
09496700,1506,8,16,1243.1
06638000,1018,8,12,1285.6
13072400,1704,8,15,1292.4
11334500,1804,8,15,1337.2
14202000,1709,8,20,1368.4
10115200,1601,8,17,1388.9
09413000,1501,8,16,1399.7
10239000,1603,8,20,1444.0
10239500,1603,8,20,1444.0
09485450,1505,8,17,1559.2
09485500,1505,8,17,1559.2
08105400,1207,8,15,1604.5
10148500,1602,8,20,1623.6
08382500,1306,8,17,1637.3
08283500,1302,8,20,1790.4
08284100,1302,8,20,1790.4
06310500,1009,8,16,1805.6
09372200,1408,8,26,1857.2
09332600,1407,8,24,1912.2
11387000,1802,8,24,1915.4
11387200,1802,8,24,1915.4
11387500,1802,8,24,1915.4
07179730,1107,8,19,2015.0
07179750,1107,8,19,2015.0
10401500,1712,8,21,2044.9
10293050,1605,8,22,2071.6
13118975,1704,8,22,2143.7
13119000,1704,8,22,2143.7
13119500,1704,8,22,2143.7
403134095431101,1024,8,23,2171.7
403135095431201,1024,8,23,2171.7
403455095462401,1024,8,23,2171.7
09222000,1404,8,19,2282.6
11375815,1802,8,28,2283.5
12335000,1701,8,38,2340.2
12335100,1701,8,38,2340.2
06022000,1002,8,30,2499.8
06022500,1002,8,30,2499.8
06023000,1002,8,30,2499.8
06925000,1029,8,30,2663.9
08328950,1302,8,30,2690.4
08329000,1302,8,30,2690.4
06913000,1029,8,26,2728.8
12448500,1702,8,28,2784.8
12448620,1702,8,28,2784.8
06660000,1018,8,26,2846.7
11394500,1802,8,32,2872.6
08042539,1204,8,5,2932.0
07062575,1101,8,31,2941.2
06918060,1029,8,32,2954.9
06918065,1029,8,32,2954.9
06277500,1008,8,28,2977.2
09378600,1408,8,37,3027.3
09403780,1501,8,40,3126.6
08086500,1206,8,32,3326.8
07182000,1107,8,29,3501.7
08220000,1301,8,52,3510.9
13323500,1706,8,53,3552.2
07076517,1101,8,37,3577.6
12345500,1701,8,42,3672.1
12346000,1701,8,42,3672.1
07144200,1103,8,33,3682.9
06024540,1002,8,45,3704.2
07186000,1107,8,37,3724.6
06904500,1028,8,41,3785.3
08343500,1302,8,36,3788.9
06468460,1016,8,36,3812.6
12361600,1701,8,45,3835.4
09403010,1501,8,45,3925.4
09403013,1501,8,45,3925.4
09403015,1501,8,45,3925.4
09403016,1501,8,45,3925.4
11508500,1801,8,45,4049.8
06450500,1014,8,48,4069.6
07116000,1102,8,47,4331.4
08169500,1210,8,43,4391.4
06177000,1006,8,42,4441.9
08053010,1203,8,51,4507.2
08053030,1203,8,51,4507.2
06919020,1029,8,42,4546.5
06820500,1024,8,50,4608.1
08435000,1307,8,43,4680.5
06274000,1008,8,40,4894.5
07312100,1113,8,48,5423.4
13176400,1705,8,69,5547.7
09503700,1506,8,61,5666.7
14079800,1707,8,74,5757.8
09401400,1502,8,56,5861.1
09401500,1502,8,56,5861.1
06868850,1026,8,60,6782.6
260552097100701,1211,8,10,7348.9
06835500,1025,8,75,7917.5
08039500,1202,8,89,9079.0
06357600,1013,8,125,9099.3
12442500,1702,8,114,9276.4
12443000,1702,8,114,9276.4
12443500,1702,8,114,9276.4
07159100,1105,8,98,9907.3
06789000,1021,8,97,10428.2
07229100,1109,8,98,10526.8
07229200,1109,8,98,10526.8
06777495,1021,8,98,11525.7
06777500,1021,8,98,11525.7
07308500,1113,8,129,13830.0
06386500,1012,8,107,13882.2
06862500,1026,8,127,14144.6
12301850,1701,8,140,23304.5
09035820,1401,7,1,71.8
09035830,1401,7,1,71.8
09035840,1401,7,1,71.8
09035845,1401,7,1,71.8
09035850,1401,7,1,71.8
09035870,1401,7,1,71.8
09035880,1401,7,1,71.8
09035900,1401,7,1,71.8
16845000,2201,7,1,81.1
16846000,2201,7,1,81.1
16847000,2201,7,1,81.1
16848100,2201,7,1,81.1
16848500,2201,7,1,81.1
16850000,2201,7,1,81.1
16854500,2201,7,1,81.1
16855000,2201,7,1,81.1
11201450,1803,7,1,108.0
11201456,1803,7,1,108.0
11201500,1803,7,1,108.0
11201700,1803,7,1,108.0
11201800,1803,7,1,108.0
11201850,1803,7,1,108.0
11202000,1803,7,1,108.0
11202001,1803,7,1,108.0
09073700,1401,7,1,111.6
09073721,1401,7,1,111.6
09073791,1401,7,1,111.6
09073800,1401,7,1,111.6
09073891,1401,7,1,111.6
09073900,1401,7,1,111.6
09074000,1401,7,1,111.6
09074500,1401,7,1,111.6
09077150,1401,7,1,117.4
09077200,1401,7,1,117.4
09077250,1401,7,1,117.4
09077300,1401,7,1,117.4
09077400,1401,7,1,117.4
09077600,1401,7,1,117.4
09077605,1401,7,1,117.4
09077610,1401,7,1,117.4
385407107010901,1402,7,2,140.1
385436107013401,1402,7,2,140.1
385450107015700,1402,7,2,140.1
385508107021201,1402,7,2,140.1
11023250,1807,7,1,149.3
11023310,1807,7,1,149.3
11023315,1807,7,1,149.3
11023318,1807,7,1,149.3
11023320,1807,7,1,149.3
11023325,1807,7,1,149.3
11023330,1807,7,1,149.3
11023340,1807,7,1,149.3
14072500,1707,7,2,153.7
14073000,1707,7,2,153.7
14073001,1707,7,2,153.7
12090340,1711,7,1,155.0
12090355,1711,7,1,155.0
12090360,1711,7,1,155.0
12090365,1711,7,1,155.0
12090380,1711,7,1,155.0
12090400,1711,7,1,155.0
12090452,1711,7,1,155.0
12090480,1711,7,1,155.0
06889000,1027,7,2,190.7
06889635,1027,7,2,190.7
06889640,1027,7,2,190.7
06889690,1027,7,2,190.7
06889700,1027,7,2,190.7
11466200,1801,7,2,200.0
11466320,1801,7,2,200.0
12148000,1711,7,4,209.2
12148300,1711,7,4,209.2
09306235,1405,7,2,218.3
09306237,1405,7,2,218.3
09306240,1405,7,2,218.3
09306241,1405,7,2,218.3
09306242,1405,7,2,218.3
09306244,1405,7,2,218.3
09306246,1405,7,2,218.3
11461400,1801,7,3,271.2
11461500,1801,7,3,271.2
11461501,1801,7,3,271.2
12137500,1711,7,3,271.6
12137800,1711,7,3,271.6
12138000,1711,7,3,271.6
12138150,1711,7,3,271.6
12138160,1711,7,3,271.6
11427200,1802,7,3,293.9
14013600,1707,7,4,294.5
14013700,1707,7,4,294.5
14014500,1707,7,4,294.5
14015000,1707,7,4,294.5
14015350,1707,7,4,294.5
09270500,1406,7,6,300.3
11408700,1802,7,4,302.4
12058000,1711,7,3,303.8
12058500,1711,7,3,303.8
12058790,1711,7,3,303.8
12058800,1711,7,3,303.8
12059000,1711,7,3,303.8
12059500,1711,7,3,303.8
13159800,1705,7,4,333.7
13160000,1705,7,4,333.7
13160500,1705,7,4,333.7
13161000,1705,7,4,333.7
07218475,1108,7,4,337.8
07218525,1108,7,4,337.8
06610792,1023,7,4,348.5
06610793,1023,7,4,348.5
410845095584201,1023,7,4,348.6
072632966,1111,7,3,362.8
072632971,1111,7,3,362.8
072632982,1111,7,3,362.8
07263300,1111,7,3,362.8
09183500,1403,7,4,368.4
09183600,1403,7,4,368.4
09184000,1403,7,4,368.4
09185100,1403,7,4,368.4
10133980,1602,7,4,371.9
11095500,1807,7,5,395.3
11096000,1807,7,5,395.3
09383420,1502,7,8,418.2
09383430,1502,7,8,418.2
13199000,1705,7,7,421.9
06062990,1003,7,6,440.7
06063000,1003,7,6,440.7
06064100,1003,7,6,440.7
06064150,1003,7,6,440.7
12326420,1701,7,7,453.8
12327090,1701,7,7,453.8
09340500,1408,7,8,466.1
09340800,1408,7,8,466.1
09341500,1408,7,8,466.1
11108134,1807,7,5,478.0
11108135,1807,7,5,478.0
11108145,1807,7,5,478.0
06323000,1009,7,5,478.2
06889200,1027,7,4,489.1
14144805,1708,7,4,491.7
454705122451400,1708,7,4,491.7
12037400,1710,7,5,507.3
12037500,1710,7,5,507.3
09093000,1401,7,5,513.7
09093500,1401,7,5,513.7
14223000,1708,7,5,537.3
14223500,1708,7,5,537.3
14223600,1708,7,5,537.3
07327490,1113,7,6,541.4
14313200,1710,7,9,548.5
14313500,1710,7,9,548.5
14313501,1710,7,9,548.5
06071000,1003,7,9,595.8
06408500,1012,7,7,621.1
06061500,1003,7,8,625.2
11069200,1807,7,7,637.2
11069500,1807,7,7,637.2
11069501,1807,7,7,637.2
14330500,1710,7,7,650.2
14331000,1710,7,7,650.2
14331500,1710,7,7,650.2
14332000,1710,7,7,650.2
14332001,1710,7,7,650.2
14334700,1710,7,7,650.2
14150500,1709,7,8,652.7
14151000,1709,7,8,652.7
11026000,1807,7,8,691.3
11029000,1807,7,8,691.3
14054000,1707,7,9,704.7
14054500,1707,7,9,704.7
13349200,1706,7,10,768.9
14241100,1708,7,9,786.5
10129500,1602,7,12,865.7
09372000,1408,7,11,900.0
09082500,1401,7,9,938.2
09083700,1401,7,9,938.2
09083800,1401,7,9,938.2
09489100,1506,7,13,951.1
06479438,1017,7,11,952.3
06479450,1017,7,11,952.3
06479452,1017,7,11,952.3
14347000,1710,7,12,966.0
14348000,1710,7,12,966.0
14201300,1709,7,14,1009.4
14201340,1709,7,14,1009.4
14123500,1707,7,11,1014.6
14170000,1709,7,10,1066.0
08382000,1306,7,11,1066.1
08276300,1302,7,11,1087.7
11109600,1807,7,12,1094.5
09410100,1501,7,13,1133.6
09410400,1501,7,13,1133.6
06699500,1019,7,12,1146.0
11367760,1802,7,16,1148.6
11367800,1802,7,16,1148.6
09332100,1407,7,13,1163.5
09332500,1407,7,13,1163.5
06665000,1018,7,13,1285.2
06665500,1018,7,13,1285.2
06665790,1018,7,13,1285.2
06665800,1018,7,13,1285.2
14366000,1710,7,19,1287.3
07332500,1114,7,14,1305.4
10297500,1605,7,17,1308.9
13048500,1704,7,13,1314.3
13049500,1704,7,13,1314.3
06011500,1002,7,15,1343.0
12513650,1702,7,8,1356.6
09371000,1408,7,21,1370.2
11476000,1801,7,15,1396.7
11476500,1801,7,15,1396.7
06604440,1023,7,17,1405.5
06316000,1009,7,14,1446.2
09230300,1404,7,12,1477.5
09229500,1404,7,12,1477.5
08105300,1207,7,14,1526.8
06309500,1009,7,15,1675.1
11158500,1806,7,17,1711.3
11158600,1806,7,17,1711.3
14157500,1709,7,19,1724.8
07124200,1102,7,23,1740.1
07124350,1102,7,23,1740.1
06053500,1003,7,27,1763.2
06054000,1003,7,27,1763.2
06054500,1003,7,27,1763.2
460709111241001,1003,7,27,1763.2
10268000,1809,7,16,1829.8
08042515,1204,7,3,1964.3
08042520,1204,7,3,1964.3
08249000,1301,7,25,1985.8
06279940,1008,7,18,2020.2
06233900,1008,7,22,2080.8
07349890,1114,7,21,2123.5
07351750,1114,7,29,2192.7
11394000,1802,7,25,2338.2
06842500,1025,7,26,2401.3
06843000,1025,7,26,2401.3
12452500,1702,7,29,2415.2
12452550,1702,7,29,2417.4
07056000,1101,7,26,2476.5
06277000,1008,7,25,2518.9
10318000,1604,7,29,2585.2
12172500,1711,7,28,2608.6
12174500,1711,7,28,2608.6
06165000,1005,7,27,2621.8
12459000,1702,7,34,2638.1
06449500,1014,7,33,2732.5
07062500,1101,7,30,2840.4
13191000,1705,7,45,2855.1
09470920,1505,7,36,2881.5
06696000,1019,7,30,2906.3
06696200,1019,7,30,2906.3
12358000,1701,7,31,2939.6
12358500,1701,7,31,2941.9
07181000,1107,7,25,2965.9
13337000,1706,7,38,3059.7
06468250,1016,7,28,3166.1
10243234,1602,7,34,3225.7
08478300,1303,7,30,3348.6
08478400,1303,7,30,3348.6
11493500,1801,7,29,3374.1
06295500,1010,7,47,3386.2
06295900,1010,7,47,3386.2
06296000,1010,7,47,3386.2
06296003,1010,7,47,3386.2
09387300,1502,7,31,3388.4
06222000,1008,7,34,3399.2
06222100,1008,7,34,3399.2
07144100,1103,7,31,3469.6
375350097262800,1103,7,31,3469.6
08418000,1307,7,34,3522.8
08419000,1307,7,34,3522.8
08343100,1302,7,35,3691.3
09330230,1407,7,40,3801.0
09330250,1407,7,40,3801.0
08379500,1306,7,40,3808.9
09216050,1404,7,34,3956.2
06349500,1013,7,36,3957.9
464556100432200,1013,7,36,3957.9
11485000,1801,7,44,3966.2
11486000,1801,7,44,3966.2
420833121402000,1801,7,44,3966.2
14040500,1707,7,60,4366.9
13289500,1705,7,63,4420.2
09482000,1505,7,48,4456.3
09482001,1505,7,48,4456.3
07059998,1101,7,47,4740.2
07060000,1101,7,47,4740.2
07060001,1101,7,47,4740.2
07311900,1113,7,42,4887.3
09430500,1504,7,48,5137.7
09456800,1504,7,53,5310.7
14079500,1707,7,69,5342.8
09502830,1506,7,60,5583.7
06446000,1014,7,70,5787.8
12467000,1702,7,64,5818.6
07141200,1103,7,52,5915.6
07244000,1110,7,77,6202.4
09415589,1501,7,67,6357.4
09415590,1501,7,67,6357.4
06798800,1022,7,64,6436.7
06884025,1027,7,76,7409.3
13310199,1706,7,99,7451.1
06833500,1025,7,70,7478.4
06834000,1025,7,70,7478.4
13220000,1705,7,89,7872.6
13220500,1705,7,89,7872.6
06357500,1013,7,117,8553.4
07150500,1106,7,81,9072.5
08033500,1202,7,87,9574.2
06457500,1015,7,96,10543.5
06335500,1011,7,112,12126.5
06862000,1026,7,125,13919.0
07299200,1112,7,126,15232.1
07234000,1110,7,203,20503.0
16249500,2006,6,1,52.1
16249900,2006,6,1,52.1
16254000,2006,6,1,52.1
16260500,2006,6,1,52.1
16264600,2006,6,1,52.1
16264690,2006,6,1,52.1
16264850,2006,6,1,52.1
16094200,2007,6,1,58.1
16095000,2007,6,1,58.1
16095200,2007,6,1,58.1
16095900,2007,6,1,58.1
16097000,2007,6,1,58.1
16097300,2007,6,1,58.1
16097500,2007,6,1,58.1
16648000,2002,6,1,63.4
16649000,2002,6,1,63.4
205120156312801,2002,6,1,63.4
205121156321501,2002,6,1,63.4
205123156320501,2002,6,1,63.4
205125156304801,2002,6,1,63.4
205126156315501,2002,6,1,63.4
16077000,2007,6,1,67.0
16078000,2007,6,1,67.0
16079000,2007,6,1,67.0
16080000,2007,6,1,67.0
16080001,2007,6,1,67.0
16082000,2007,6,1,67.0
16088000,2007,6,1,67.0
14211400,1709,6,1,69.0
14211499,1709,6,1,69.0
452736122294900,1709,6,1,69.0
452746122220200,1709,6,1,69.0
452753122233100,1709,6,1,69.0
452755122234100,1709,6,1,69.0
452807122215001,1709,6,1,69.0
07105920,1102,6,1,70.6
07105924,1102,6,1,70.6
07105928,1102,6,1,70.6
07105932,1102,6,1,70.6
07105940,1102,6,1,70.6
384047104510301,1102,6,1,70.6
384048104504901,1102,6,1,70.6
09238700,1405,6,1,72.2
09238705,1405,6,1,72.2
09238710,1405,6,1,72.2
09238750,1405,6,1,72.2
09238770,1405,6,1,72.2
09238800,1405,6,1,72.2
09238900,1405,6,1,72.2
11362800,1802,6,1,80.6
11362880,1802,6,1,80.6
11362890,1802,6,1,80.6
11362900,1802,6,1,80.6
11362940,1802,6,1,80.6
11362945,1802,6,1,80.6
11362950,1802,6,1,80.6
10260550,1809,6,1,87.6
10260620,1809,6,1,87.6
10260630,1809,6,1,87.6
10260650,1809,6,1,87.6
10260700,1809,6,1,87.6
10260782,1809,6,1,87.6
10260820,1809,6,1,87.6
10336770,1605,6,1,105.4
10336775,1605,6,1,105.4
10336778,1605,6,1,105.4
10336779,1605,6,1,105.4
10336780,1605,6,1,105.4
10336785,1605,6,1,105.4
10336790,1605,6,1,105.4
11052500,1807,6,1,109.7
11052504,1807,6,1,109.7
11052790,1807,6,1,109.7
11052800,1807,6,1,109.7
11053000,1807,6,1,109.7
11054000,1807,6,1,109.7
11054001,1807,6,1,109.7
11427800,1802,6,1,122.8
11427940,1802,6,1,122.8
11427960,1802,6,1,122.8
11428000,1802,6,1,122.8
11428001,1802,6,1,122.8
11428300,1802,6,1,122.8
11428400,1802,6,1,122.8
11120500,1806,6,2,122.9
11120510,1806,6,2,122.9
11120520,1806,6,2,122.9
11120530,1806,6,2,122.9
16756000,2001,6,1,145.8
16756100,2001,6,1,145.8
16756300,2001,6,1,145.8
16756500,2001,6,1,145.8
16757000,2001,6,1,145.8
16758000,2001,6,1,145.8
16759000,2001,6,1,145.8
10287262,1809,6,1,150.9
10287281,1809,6,1,150.9
10287289,1809,6,1,150.9
10287290,1809,6,1,150.9
10287291,1809,6,1,150.9
10287300,1809,6,1,150.9
10287400,1809,6,1,150.9
11242350,1804,6,1,151.0
11242400,1804,6,1,151.0
11243300,1804,6,1,151.0
11243500,1804,6,1,151.0
11244000,1804,6,1,151.0
11244050,1804,6,1,151.0
11244100,1804,6,1,151.0
06610742,1023,6,1,153.1
06610750,1023,6,1,153.1
06610760,1023,6,1,153.1
06610765,1023,6,1,153.1
411337096004501,1023,6,1,153.1
411535096020301,1023,6,1,153.1
411613096022601,1023,6,1,153.1
06645150,1018,6,2,154.9
06645160,1018,6,2,154.9
06645161,1018,6,2,154.9
06645164,1018,6,2,154.9
06645166,1018,6,2,154.9
06645174,1018,6,2,154.9
06645178,1018,6,2,154.9
06893350,1030,6,2,193.7
06893390,1030,6,2,193.7
06893400,1030,6,2,193.7
11407810,1802,6,3,196.6
11407815,1802,6,3,196.6
11407900,1802,6,3,196.6
11408500,1802,6,3,196.6
11408501,1802,6,3,196.6
11408550,1802,6,3,196.6
11408599,1802,6,3,196.6
12114500,1711,6,3,211.9
12115000,1711,6,3,211.9
12115800,1711,6,3,211.9
12143600,1711,6,2,224.3
12143700,1711,6,2,224.3
12143800,1711,6,2,224.3
12143900,1711,6,2,224.3
12144000,1711,6,2,224.3
11154100,1806,6,2,224.5
11154200,1806,6,2,224.5
11154500,1806,6,2,224.5
14196500,1709,6,4,233.9
14197000,1709,6,4,233.9
14185880,1709,6,4,239.8
443348122244400,1709,6,4,239.8
443404122240500,1709,6,4,239.8
443502122240500,1709,6,4,239.8
443517122221800,1709,6,4,239.8
443519122225800,1709,6,4,239.8
06889160,1027,6,2,240.0
06889170,1027,6,2,240.0
06889180,1027,6,2,240.0
08380400,1306,6,3,255.1
08380500,1306,6,3,255.1
08381000,1306,6,3,255.1
09270000,1406,6,5,257.5
10133800,1602,6,3,262.4
10133895,1602,6,3,262.4
10133900,1602,6,3,262.4
07052150,1101,6,3,264.7
07052152,1101,6,3,264.7
07052160,1101,6,3,264.7
13241000,1705,6,5,266.6
13241500,1705,6,5,266.6
13242000,1705,6,5,266.6
13242500,1705,6,5,266.6
13243000,1705,6,5,266.6
11438000,1802,6,4,288.3
06321020,1009,6,3,290.8
06321040,1009,6,3,290.8
06321500,1009,6,3,290.8
06321800,1009,6,3,290.8
14128950,1708,6,3,306.5
09265500,1406,6,5,315.0
09266000,1406,6,5,315.0
09266500,1406,6,5,315.0
09267100,1406,6,5,315.0
07048480,1101,6,4,321.9
07048490,1101,6,4,321.9
07048493,1101,6,4,321.9
07048495,1101,6,4,321.9
07048500,1101,6,4,321.9
07048550,1101,6,4,321.9
08236500,1301,6,5,321.9
06726900,1019,6,4,333.0
06727000,1019,6,4,333.0
13311500,1706,6,6,338.6
13312000,1706,6,6,338.6
12323233,1701,6,4,359.1
12323240,1701,6,4,359.1
12323242,1701,6,4,359.1
12323248,1701,6,4,359.1
12323250,1701,6,4,359.1
07327483,1113,6,4,361.4
07214680,1108,6,5,374.1
07214700,1108,6,5,374.1
11141300,1806,6,5,375.3
11141500,1806,6,5,375.3
11136050,1806,6,5,395.4
11136100,1806,6,5,395.4
11136150,1806,6,5,395.4
06893820,1030,6,6,401.0
06893830,1030,6,6,401.0
09357500,1408,6,4,412.8
09358000,1408,6,4,412.8
09359020,1408,6,4,412.8
11406500,1802,6,5,433.9
13153783,1705,6,6,436.2
13153786,1705,6,6,436.2
13154500,1705,6,6,436.2
13154510,1705,6,6,436.2
13155074,1705,6,6,436.2
13155075,1705,6,6,436.2
10310000,1605,6,4,436.7
10310358,1605,6,4,436.7
06407000,1012,6,5,454.6
06407500,1012,6,5,454.6
06408000,1012,6,5,454.6
06279800,1008,6,5,459.8
09403690,1501,6,7,472.5
12182000,1711,6,5,479.5
12182500,1711,6,5,479.5
12183000,1711,6,5,479.5
12183500,1711,6,5,479.5
08266820,1302,6,4,490.8
08267000,1302,6,4,490.8
09510200,1506,6,5,498.7
11482120,1801,6,4,522.3
11482125,1801,6,4,522.3
11482130,1801,6,4,522.3
11482200,1801,6,4,522.3
06647890,1018,6,5,523.4
06647900,1018,6,5,523.4
06647920,1018,6,5,523.4
06648000,1018,6,5,523.4
10396000,1712,6,8,541.9
424325118495900,1712,6,8,541.9
424547118503500,1712,6,8,541.9
07332400,1114,6,6,543.4
06430900,1012,6,4,545.9
06431500,1012,6,4,545.9
06432020,1012,6,4,545.9
09297500,1406,6,5,557.9
09297700,1406,6,5,557.9
11518300,1801,6,6,567.8
11518310,1801,6,6,567.8
14205800,1709,6,8,598.1
453113123003501,1709,6,8,598.1
14216000,1708,6,11,604.5
11277000,1804,6,9,610.0
11277300,1804,6,9,610.0
11278200,1804,6,9,610.0
11278300,1804,6,9,610.0
11278400,1804,6,9,610.0
10154500,1602,6,9,613.8
10155000,1602,6,9,613.8
07206000,1108,6,7,632.7
07206200,1108,6,7,632.7
07206300,1108,6,7,632.7
07206400,1108,6,7,632.7
13325500,1706,6,9,638.3
13327000,1706,6,9,638.3
13327500,1706,6,9,638.3
09263500,1406,6,12,656.4
385903107210800,1402,6,8,664.9
12187000,1711,6,7,671.6
13072000,1704,6,8,672.1
06795250,1020,6,6,676.6
413433097345101,1020,6,6,676.6
06711500,1019,6,9,680.1
08083300,1206,6,7,680.2
08083430,1206,6,7,680.2
06289500,1008,6,5,681.9
10010500,1601,6,6,688.1
10011500,1601,6,6,688.1
13342450,1706,6,6,706.4
11413000,1802,6,8,742.1
13293500,1706,6,12,746.3
06928380,1029,6,7,751.6
06928420,1029,6,7,751.6
06928430,1029,6,7,751.6
10123000,1601,6,8,759.1
10123500,1601,6,8,759.1
09041400,1401,6,9,761.6
09041500,1401,6,9,761.6
14122900,1707,6,8,765.8
14123000,1707,6,8,765.8
11259000,1804,6,8,768.1
11259300,1804,6,8,768.3
09288100,1406,6,11,773.5
09371700,1408,6,9,776.5
13092747,1704,6,8,794.3
13093000,1704,6,8,794.3
13093095,1704,6,8,794.3
11292610,1804,6,10,795.4
11292700,1804,6,10,795.4
11106550,1807,6,7,802.8
06709000,1019,6,12,833.0
06709500,1019,6,12,833.0
06709530,1019,6,12,833.0
06698500,1019,6,8,848.7
06699005,1019,6,8,848.7
06011000,1002,6,10,852.4
11226500,1804,6,9,852.6
09507980,1506,6,10,858.0
11109525,1807,6,10,869.1
11109550,1807,6,10,869.1
09324500,1406,6,9,875.1
09325000,1406,6,9,875.1
11329500,1804,6,12,885.6
09318500,1406,6,8,895.5
14168500,1709,6,9,932.2
14169000,1709,6,9,932.2
14169001,1709,6,9,932.2
12133000,1711,6,10,934.5
13310700,1706,6,12,938.1
07202000,1108,6,10,940.5
08474095,1211,6,1,948.1
08474107,1211,6,1,948.1
08474108,1211,6,1,948.1
08474110,1211,6,1,948.1
08474115,1211,6,1,948.1
08474118,1211,6,1,948.1
08474300,1211,6,1,948.1
08275300,1302,6,10,1003.3
08276000,1302,6,10,1003.3
10293000,1605,6,11,1005.7
09370800,1408,6,17,1012.3
09370820,1408,6,17,1012.3
14101500,1707,6,13,1043.5
06204500,1007,6,9,1044.4
06204700,1007,6,9,1044.4
06315000,1009,6,11,1087.2
06891483,1027,6,10,1100.4
06891486,1027,6,10,1100.4
06891488,1027,6,10,1100.4
06891490,1027,6,10,1100.4
06891500,1027,6,10,1100.4
385548095192701,1027,6,10,1100.4
10296700,1605,6,15,1128.0
10297010,1605,6,15,1128.0
12513500,1702,6,7,1136.1
06631500,1018,6,10,1138.8
13148500,1704,6,14,1206.1
13052200,1704,6,17,1209.3
13053000,1704,6,17,1209.3
06344500,1013,6,13,1212.0
09109000,1402,6,13,1236.3
09110000,1402,6,13,1236.3
10264640,1809,6,14,1251.1
12476000,1703,6,12,1252.8
12477000,1703,6,12,1252.8
13042000,1704,6,14,1278.7
11481000,1801,6,13,1280.3
14209500,1709,6,19,1296.1
06033000,1002,6,16,1297.8
06813000,1024,6,16,1331.7
07146895,1103,6,12,1341.6
06199500,1007,6,16,1366.1
06200000,1007,6,16,1366.1
14157000,1709,6,15,1444.4
13316500,1706,6,19,1492.8
08324000,1302,6,15,1496.6
11399500,1802,6,18,1533.5
14326510,1710,6,19,1538.5
10046000,1601,6,16,1565.5
10059500,1601,6,16,1565.5
07179710,1107,6,15,1597.6
383059096183300,1107,6,15,1597.6
383131096195300,1107,6,15,1597.6
09494000,1506,6,25,1652.2
13026500,1704,6,16,1661.4
09349800,1408,6,20,1752.2
06930000,1029,6,20,1821.4
06930015,1029,6,20,1821.4
06930060,1029,6,20,1821.4
06154490,1005,6,16,1839.8
06154500,1005,6,16,1839.8
06154510,1005,6,16,1839.8
06154550,1005,6,16,1839.8
06890100,1027,6,23,1860.6
11532500,1801,6,21,1862.4
11532650,1801,6,21,1862.4
11401200,1802,6,24,1939.1
11401500,1802,6,24,1939.1
11525500,1801,6,22,1975.0
11525535,1801,6,22,1975.0
11525540,1801,6,22,1975.0
06276000,1008,6,21,2013.6
06276500,1008,6,21,2013.6
07349849,1114,6,20,2041.5
07349860,1114,6,20,2041.5
07349868,1114,6,20,2041.5
07349870,1114,6,20,2041.5
11393500,1802,6,23,2169.2
09386950,1502,6,21,2178.1
09167500,1403,6,29,2178.7
06081000,1003,6,30,2184.9
06082200,1003,6,30,2184.9
08068000,1204,6,20,2208.2
08217000,1301,6,35,2231.7
08217500,1301,6,35,2231.7
06917560,1029,6,23,2240.2
14036000,1707,6,27,2248.4
06904050,1028,6,24,2252.4
09394000,1502,6,36,2321.1
10317500,1604,6,26,2336.6
11529000,1801,6,24,2412.3
06164800,1005,6,26,2459.8
07062050,1101,6,27,2560.3
10323000,1604,6,27,2603.4
06449300,1014,6,31,2626.0
07248500,1111,6,36,2630.9
07144795,1103,6,20,2633.1
07144800,1103,6,20,2633.1
06038500,1002,6,23,2644.6
08343000,1302,6,26,2648.0
13190565,1705,6,43,2672.8
09119000,1402,6,31,2855.1
07334000,1114,6,31,2893.8
13338500,1706,6,35,3050.7
07076000,1101,6,32,3082.4
10189000,1603,6,37,3215.0
06919000,1029,6,32,3295.7
10320000,1604,6,36,3366.3
10320500,1604,6,36,3366.3
06207500,1007,6,36,3431.6
06138500,1005,6,35,3524.7
09215550,1404,6,31,3631.8
09216000,1404,6,31,3631.8
08167900,1210,6,39,3935.0
06677000,1018,6,38,4040.2
06677010,1018,6,38,4040.2
10255885,1810,6,47,4050.3
06766498,1020,6,37,4137.3
06766499,1020,6,37,4137.3
06766500,1020,6,37,4137.3
06922000,1029,6,40,4398.8
11013500,1807,6,46,4448.4
06353000,1013,6,53,4630.1
13336500,1706,6,55,4962.1
07301110,1112,6,50,5146.7
08045500,1203,6,55,5308.8
06457000,1015,6,52,5564.1
06899500,1028,6,60,5628.8
07346085,1114,6,57,5636.7
06798500,1022,6,57,5942.5
06784000,1021,6,70,6008.8
06884000,1027,6,64,6188.9
13341000,1706,6,69,6326.8
07302000,1112,6,58,6696.7
07302520,1112,6,58,6696.7
07303000,1112,6,58,6696.7
07155590,1104,6,86,7328.9
09404112,1501,6,77,7430.6
09404115,1501,6,77,7430.6
08038500,1202,6,72,7570.3
08020500,1201,6,77,8139.5
08020820,1201,6,77,8139.5
07149500,1106,6,70,8148.2
07149520,1106,6,70,8148.2
07158500,1105,6,79,8393.9
06777000,1021,6,82,9635.1
08434000,1307,6,77,9741.8
12404900,1702,6,138,10832.5
12405000,1702,6,138,10832.5
09424000,1503,6,117,10841.5
07229050,1109,6,102,10972.9
06824500,1025,6,116,12441.6
06861000,1026,6,117,13022.4
12301500,1701,6,123,21965.1
07228000,1109,6,230,23484.6
07105945,1102,5,1,50.3
07105950,1102,5,1,50.3
07105960,1102,5,1,50.3
383944104474201,1102,5,1,50.3
384037104472001,1102,5,1,50.3
384220104503701,1102,5,1,50.3
16086000,2007,5,1,54.2
16087000,2007,5,1,54.2
16090000,2007,5,1,54.2
16091000,2007,5,1,54.2
16092000,2007,5,1,54.2
16093200,2007,5,1,54.2
16604500,2002,5,1,57.8
16605500,2002,5,1,57.8
205250156324401,2002,5,1,57.8
205255156322401,2002,5,1,57.8
205256156321601,2002,5,1,57.8
205304156314401,2002,5,1,57.8
13055198,1704,5,1,74.5
13055210,1704,5,1,74.5
13055230,1704,5,1,74.5
13055250,1704,5,1,74.5
13055270,1704,5,1,74.5
13055300,1704,5,1,74.5
09140200,1402,5,1,88.2
09140500,1402,5,1,88.2
09140700,1402,5,1,88.2
09141000,1402,5,1,88.2
09141200,1402,5,1,88.2
09141500,1402,5,1,88.2
09095526,1401,5,1,92.6
09095528,1401,5,1,92.6
09106104,1401,5,1,92.6
09106108,1401,5,1,92.6
09153290,1401,5,1,92.6
09153300,1401,5,1,92.6
12080500,1711,5,1,110.7
12080650,1711,5,1,110.7
12080670,1711,5,1,110.7
12080750,1711,5,1,110.7
12081000,1711,5,1,110.7
12081010,1711,5,1,110.7
10287655,1809,5,1,121.3
10287720,1809,5,1,121.3
10287762,1809,5,1,121.3
10287770,1809,5,1,121.3
10287780,1809,5,1,121.3
10287900,1809,5,1,121.3
12122500,1711,5,1,121.9
12123000,1711,5,1,121.9
12123100,1711,5,1,121.9
12123200,1711,5,1,121.9
12124000,1711,5,1,121.9
12124500,1711,5,1,121.9
12103205,1711,5,1,135.5
12103207,1711,5,1,135.5
12103210,1711,5,1,135.5
12103212,1711,5,1,135.5
12103220,1711,5,1,135.5
12103330,1711,5,1,135.5
11426110,1802,5,1,140.1
11426120,1802,5,1,140.1
11426130,1802,5,1,140.1
11426140,1802,5,1,140.1
11426150,1802,5,1,140.1
11426160,1802,5,1,140.1
11465800,1801,5,1,144.1
11465850,1801,5,1,144.1
11466050,1801,5,1,144.1
11466065,1801,5,1,144.1
11466080,1801,5,1,144.1
11466170,1801,5,1,144.1
11428995,1802,5,2,148.3
11429000,1802,5,2,148.3
11430000,1802,5,2,148.3
11430500,1802,5,2,148.3
09132920,1402,5,2,150.2
09132940,1402,5,2,150.2
09132960,1402,5,2,150.2
07218615,1108,5,2,157.5
07218635,1108,5,2,157.5
07218655,1108,5,2,157.5
07218700,1108,5,2,157.5
07218720,1108,5,2,157.5
06405500,1012,5,2,160.5
06405800,1012,5,2,160.5
10172000,1602,5,3,164.1
10172200,1602,5,3,164.1
10172220,1602,5,3,164.1
402114105350101,1019,5,2,168.8
11400000,1802,5,2,169.1
11400200,1802,5,2,169.1
11400500,1802,5,2,169.1
11400600,1802,5,2,169.1
11401000,1802,5,2,169.1
11401100,1802,5,2,169.1
14349500,1710,5,2,181.0
14350000,1710,5,2,181.0
420628122360400,1710,5,2,181.0
14138850,1708,5,3,194.0
14138870,1708,5,3,194.0
14138900,1708,5,3,194.0
14139500,1708,5,3,194.0
394115105525600,1019,5,2,202.9
09310500,1406,5,3,204.4
09310550,1406,5,3,204.4
09268500,1406,5,4,215.0
10348801,1605,5,2,218.1
11296500,1804,5,2,220.9
11297000,1804,5,2,220.9
11297200,1804,5,2,220.9
11297500,1804,5,2,220.9
11298000,1804,5,2,220.9
11477400,1801,5,3,221.1
11477425,1801,5,3,221.1
11477450,1801,5,3,221.1
11477475,1801,5,3,221.1
11477476,1801,5,3,221.1
11477500,1801,5,3,221.1
09274900,1406,5,3,231.7
09275000,1406,5,3,231.7
09275500,1406,5,3,231.7
09276600,1406,5,3,231.7
14128910,1708,5,2,233.3
453630122021400,1708,5,2,233.3
453604122060000,1708,5,2,233.3
11116500,1807,5,3,238.9
11116550,1807,5,3,238.9
07327447,1113,5,3,243.6
11208720,1803,5,3,246.7
11208730,1803,5,3,246.7
11208731,1803,5,3,246.7
09059500,1401,5,2,249.2
11070256,1807,5,2,255.5
11070262,1807,5,2,255.5
11070263,1807,5,2,255.5
11070270,1807,5,2,255.5
09010500,1401,5,3,263.7
09010501,1401,5,3,263.7
09010600,1401,5,3,263.7
09011000,1401,5,3,263.7
06436190,1012,5,2,269.0
06436198,1012,5,2,269.0
10264500,1809,5,3,269.0
10264501,1809,5,3,269.0
10264502,1809,5,3,269.0
11160200,1806,5,2,273.6
11160300,1806,5,2,273.6
11160430,1806,5,2,273.6
08235700,1301,5,4,278.6
08236000,1301,5,4,278.6
11427760,1802,5,3,287.5
11427770,1802,5,3,287.5
11428600,1802,5,3,287.5
14097200,1707,5,3,291.9
12104500,1711,5,5,292.9
12104700,1711,5,5,292.9
09196940,1404,5,3,304.5
09196960,1404,5,3,304.5
09197000,1404,5,3,304.5
09197500,1404,5,3,304.5
09198000,1404,5,3,304.5
13253000,1705,5,4,306.7
13253500,1705,5,4,306.7
09299400,1406,5,4,322.1
09299500,1406,5,4,322.1
09299600,1406,5,4,322.1
09299700,1406,5,4,322.1
06339000,1013,5,3,325.9
06339010,1013,5,3,325.9
12036500,1710,5,3,337.2
12036650,1710,5,3,337.2
12413150,1701,5,4,337.9
10343200,1605,5,6,352.6
13070300,1704,5,5,395.2
13070500,1704,5,5,395.2
13071000,1704,5,5,395.2
13071010,1704,5,5,395.2
13017500,1704,5,5,406.0
13018350,1704,5,5,406.0
13018500,1704,5,5,406.0
11279500,1804,5,4,422.7
11280000,1804,5,4,422.7
11281000,1804,5,4,422.9
11282500,1804,5,4,422.9
11144600,1806,5,6,423.4
11145000,1806,5,6,423.4
11145500,1806,5,6,423.4
12078705,1711,5,4,441.8
12078720,1711,5,4,441.8
12078730,1711,5,4,441.8
12080000,1711,5,4,441.8
12080010,1711,5,4,441.8
06059000,1003,5,6,450.0
07332390,1114,5,5,456.5
11214540,1803,5,4,459.0
11016200,1807,5,5,470.0
13347500,1706,5,5,477.7
11504000,1801,5,5,489.3
11504100,1801,5,5,489.3
11504107,1801,5,5,489.3
11504115,1801,5,5,489.3
11504290,1801,5,5,489.3
09419673,1501,5,5,504.7
09419674,1501,5,5,504.7
09419676,1501,5,5,504.7
09419677,1501,5,5,504.7
094196775,1501,5,5,504.7
12379500,1701,5,5,504.9
09507950,1506,5,6,528.9
09153400,1401,5,5,536.5
09160000,1401,5,5,536.5
09160500,1401,5,5,536.5
09161000,1401,5,5,536.5
09163050,1401,5,5,536.5
08255000,1302,5,5,541.5
11449255,1802,5,9,544.5
11333500,1804,5,6,550.4
10105900,1601,5,5,562.3
10106000,1601,5,5,562.3
11383500,1802,5,6,574.3
11383515,1802,5,6,574.3
11383600,1802,5,6,574.3
09346000,1408,5,8,574.8
09246400,1405,5,7,577.2
09246500,1405,5,7,577.2
06289000,1008,5,4,585.5
06288975,1008,5,4,585.5
06289100,1008,5,4,585.5
12093900,1711,5,6,592.6
12094000,1711,5,6,592.6
10102200,1601,5,7,592.9
10102220,1601,5,7,592.9
09386919,1502,5,5,600.9
09386925,1502,5,5,600.9
09130500,1402,5,7,604.2
06710605,1019,5,8,610.7
06710992,1019,5,8,610.7
06710995,1019,5,8,610.7
06711040,1019,5,8,610.7
06724000,1019,5,8,613.9
09195500,1404,5,5,613.9
09196000,1404,5,5,613.9
09306007,1405,5,7,616.2
12186000,1711,5,6,619.5
09279100,1406,5,8,624.1
06633000,1018,5,5,624.7
06633500,1018,5,5,624.7
11411500,1802,5,7,630.5
11412000,1802,5,7,630.5
11412500,1802,5,7,630.5
06118000,1004,5,7,653.4
06087000,1003,5,9,663.5
06088500,1003,5,9,663.5
11035500,1807,5,6,674.1
09302800,1405,5,8,675.4
09303000,1405,5,8,675.4
09371500,1408,5,8,683.5
09371520,1408,5,8,683.5
06631000,1018,5,6,693.4
12442300,1702,5,8,723.9
06010000,1002,5,8,725.0
06010500,1002,5,8,725.0
06010600,1002,5,8,725.0
09306415,1405,5,9,745.0
09306417,1405,5,9,745.0
09306420,1405,5,9,745.0
09306425,1405,5,9,745.0
09306430,1405,5,9,745.0
10129300,1602,5,10,746.3
12435810,1702,5,5,755.9
12435840,1702,5,5,755.9
12435850,1702,5,5,755.9
12513000,1702,5,5,755.9
12206900,1711,5,9,760.7
12207200,1711,5,9,760.7
14012000,1707,5,10,767.0
14014000,1707,5,10,767.0
09096500,1401,5,12,778.0
14362250,1710,5,12,786.8
14363000,1710,5,12,786.8
11123500,1806,5,8,787.3
06096000,1003,5,8,787.9
06096500,1003,5,8,787.9
06097000,1003,5,8,787.9
10237000,1603,5,11,794.0
11172100,1805,5,8,811.4
11172175,1805,5,8,811.4
14190500,1709,5,12,816.0
14190610,1709,5,12,816.0
444650123134500,1709,5,12,816.0
12046100,1711,5,14,830.1
12046260,1711,5,14,830.1
12046500,1711,5,14,830.1
12130500,1711,5,9,845.1
12131500,1711,5,9,845.1
09410000,1501,5,10,870.1
14121001,1707,5,12,878.1
09124500,1402,5,8,878.8
08073898,1204,5,9,880.0
08074000,1204,5,9,880.0
08074600,1204,5,9,880.0
14306500,1710,5,13,890.0
12188380,1711,5,10,891.2
12188400,1711,5,10,891.2
12189000,1711,5,10,891.2
06330000,1011,5,10,917.5
06330110,1011,5,10,917.5
08178505,1210,5,9,923.0
09228000,1404,5,8,929.1
09285700,1406,5,10,963.5
09285900,1406,5,10,963.5
13111500,1704,5,13,965.4
13112000,1704,5,13,965.4
11367500,1802,5,13,991.9
11367700,1802,5,13,991.9
11367720,1802,5,13,991.9
09253000,1405,5,10,997.8
10264636,1809,5,11,1017.2
06202600,1007,5,12,1017.6
06202610,1007,5,12,1017.6
11353700,1802,5,10,1019.1
11354300,1802,5,10,1019.1
11354500,1802,5,10,1019.1
11354511,1802,5,10,1019.1
10321970,1604,5,11,1028.5
10322000,1604,5,11,1028.5
06228800,1008,5,10,1053.4
06229000,1008,5,10,1053.4
09187500,1403,5,14,1079.6
09187550,1403,5,14,1079.6
13117020,1704,5,14,1114.2
13117030,1704,5,14,1114.2
07068600,1101,5,10,1123.1
13076200,1704,5,12,1127.3
06344000,1013,5,12,1130.8
06344300,1013,5,12,1130.8
11480750,1801,5,11,1153.8
11480780,1801,5,11,1153.8
13175100,1705,5,13,1177.7
13175500,1705,5,13,1177.7
13176000,1705,5,13,1177.7
13046995,1704,5,12,1204.7
13047500,1704,5,12,1204.7
13047600,1704,5,12,1204.7
06146500,1005,5,12,1213.7
06151500,1005,5,12,1213.7
06152000,1005,5,12,1213.7
06152500,1005,5,12,1213.7
07147070,1103,5,11,1221.3
07147100,1103,5,11,1221.3
07147190,1103,5,11,1221.3
09349500,1408,5,13,1226.2
11276500,1804,5,14,1249.3
11276600,1804,5,14,1249.3
11013000,1807,5,15,1286.5
09095000,1401,5,15,1319.1
391953108130201,1401,5,15,1319.1
13167500,1705,5,16,1333.6
06659500,1018,5,13,1350.3
06659501,1018,5,13,1350.3
06659502,1018,5,13,1350.3
11472150,1801,5,15,1368.6
13306500,1706,5,20,1379.3
09493500,1506,5,22,1417.8
09484600,1505,5,15,1437.0
09367400,1408,5,17,1504.3
09367500,1408,5,17,1504.3
09354500,1408,5,23,1507.0
12365000,1701,5,22,1546.7
12365500,1701,5,22,1546.7
12365700,1701,5,22,1546.7
06336600,1011,5,19,1564.8
06216900,1007,5,15,1582.0
06217000,1007,5,15,1582.0
06076560,1003,5,21,1604.7
06923950,1029,5,20,1613.5
06924000,1029,5,20,1613.5
06037500,1002,5,12,1648.0
07138062,1103,5,14,1703.6
09447000,1504,5,21,1719.9
06193500,1007,5,22,1733.5
06820410,1024,5,18,1746.3
08101500,1207,5,17,1764.2
07351600,1114,5,22,1772.1
13065500,1704,5,26,1863.1
14308700,1710,5,28,1959.5
14308910,1710,5,28,1959.5
06904000,1028,5,22,1961.9
06904010,1028,5,22,1961.9
06807000,1024,5,20,1969.4
11136710,1806,5,25,1981.8
13096000,1704,5,24,1983.5
13096500,1704,5,24,1983.5
13097500,1704,5,24,1983.5
11393000,1802,5,21,2010.2
06021500,1002,5,25,2066.3
07113000,1102,5,22,2074.1
07113500,1102,5,22,2074.1
10322800,1604,5,21,2081.6
11528700,1801,5,21,2089.0
09167450,1403,5,28,2119.6
13237500,1705,5,29,2123.2
12451700,1702,5,27,2171.4
06044000,1002,5,27,2199.9
06044100,1002,5,27,2199.9
06044200,1002,5,27,2199.9
08061500,1203,5,22,2205.6
06257000,1008,5,21,2219.6
06863990,1026,5,18,2230.2
06841000,1025,5,25,2254.1
11185600,1803,5,23,2254.9
11186000,1803,5,23,2254.9
11186001,1803,5,23,2254.9
13338000,1706,5,26,2276.6
12334510,1701,5,35,2303.4
12413000,1701,5,24,2320.4
06468170,1016,5,20,2361.6
07231000,1109,5,29,2396.6
06453620,1017,5,27,2403.0
09367683,1408,5,21,2431.7
07180400,1107,5,21,2433.0
06695000,1019,5,25,2499.6
13190500,1705,5,42,2609.3
13190505,1705,5,42,2609.3
14041500,1707,5,38,2619.1
08180850,1210,5,28,2747.7
09395650,1502,5,25,2771.1
10183500,1603,5,39,2808.9
08052000,1203,5,33,2847.3
07232000,1109,5,33,2894.0
09512800,1507,5,35,2937.6
07144050,1103,5,27,2974.8
12344000,1701,5,34,3102.9
06792000,1021,5,29,3183.1
06792100,1021,5,29,3183.1
06339500,1013,5,38,3244.5
12360600,1701,5,39,3280.0
08153990,1209,5,30,3314.1
08154000,1209,5,30,3314.1
06921755,1029,5,31,3364.3
06921760,1029,5,31,3364.3
08173500,1210,5,31,3369.5
08415000,1307,5,33,3455.2
08416500,1307,5,33,3455.2
08418010,1307,5,33,3455.2
07353000,1114,5,38,3479.5
14078260,1707,5,45,3541.2
13286700,1705,5,52,3591.5
06445700,1014,5,46,3795.5
09481770,1505,5,41,3948.9
09401250,1502,5,42,4138.4
09401260,1502,5,42,4138.4
09401280,1502,5,42,4138.4
11501000,1801,5,48,4169.9
06351200,1013,5,47,4238.3
06808820,1024,5,44,4278.1
08044135,1203,5,45,4428.2
09430000,1504,5,42,4476.8
09430030,1504,5,42,4476.8
07141300,1103,5,42,4496.2
06456500,1015,5,43,4598.8
08111010,1207,5,45,4878.1
06874000,1026,5,48,5086.7
07243500,1110,5,64,5205.9
13309500,1706,5,74,5507.9
06479010,1017,5,67,5537.0
06782500,1021,5,67,5666.7
07155500,1104,5,70,5786.3
06883570,1027,5,60,5817.4
08368000,1304,5,44,6029.4
08368300,1304,5,44,6029.4
09418700,1501,5,69,6320.8
06872500,1026,5,57,6517.5
09424450,1503,5,83,6710.9
13219000,1705,5,77,6819.5
13177845,1705,5,76,6972.5
06881000,1027,5,75,7121.7
10353650,1604,5,51,7454.3
311323098470500,1209,5,74,8023.5
06441500,1014,5,96,8226.2
07308200,1113,5,83,8789.5
08132500,1209,5,82,9311.9
06788500,1021,5,88,9622.4
07229000,1109,5,103,11117.9
16745500,2001,4,1,43.1
16747500,2001,4,1,43.1
16750900,2001,4,1,43.1
16751000,2001,4,1,43.1
16755000,2001,4,1,43.1
16633000,2002,4,1,46.9
16634000,2002,4,1,46.9
16636000,2002,4,1,46.9
16638000,2002,4,1,46.9
16638500,2002,4,1,46.9
16114000,2007,4,1,48.5
16114800,2007,4,1,48.5
16115000,2007,4,1,48.5
16116000,2007,4,1,48.5
16117000,2007,4,1,48.5
07103977,1102,4,1,48.9
07103980,1102,4,1,48.9
07103985,1102,4,1,48.9
07103987,1102,4,1,48.9
07103990,1102,4,1,48.9
16228900,2006,4,1,48.9
16229000,2006,4,1,48.9
16229300,2006,4,1,48.9
16231700,2006,4,1,48.9
16232000,2006,4,1,48.9
16010000,2007,4,1,50.0
16011000,2007,4,1,50.0
16012000,2007,4,1,50.0
16013000,2007,4,1,50.0
16015000,2007,4,1,50.0
11089000,1807,4,1,51.5
11089500,1807,4,1,51.5
11090000,1807,4,1,51.5
11090200,1807,4,1,51.5
11090400,1807,4,1,51.5
16620000,2002,4,1,55.7
16621000,2002,4,1,55.7
16623000,2002,4,1,55.7
210047156362401,2002,4,1,55.7
210052156362201,2002,4,1,55.7
06731800,1019,4,1,65.2
06732000,1019,4,1,65.2
401707105395000,1019,4,1,65.2
401723105400000,1019,4,1,65.2
401733105392404,1019,4,1,65.2
16032000,2007,4,1,68.4
16036000,2007,4,1,68.4
16037100,2007,4,1,68.4
215806159390201,2007,4,1,68.4
215808159390001,2007,4,1,68.4
16057000,2007,4,1,68.9
16057900,2007,4,1,68.9
16058000,2007,4,1,68.9
16060000,2007,4,1,68.9
16061200,2007,4,1,68.9
16039000,2007,4,1,69.5
16043000,2007,4,1,69.5
16044000,2007,4,1,69.5
16047000,2007,4,1,69.5
16049000,2007,4,1,69.5
08329888,1302,4,1,72.4
08329890,1302,4,1,72.4
08329900,1302,4,1,72.4
08329911,1302,4,1,72.4
08329914,1302,4,1,72.4
12125800,1711,4,1,74.5
12125900,1711,4,1,74.5
12125950,1711,4,1,74.5
12126000,1711,4,1,74.5
12126100,1711,4,1,74.5
06714400,1019,4,1,78.1
06714500,1019,4,1,78.1
06714600,1019,4,1,78.1
06714800,1019,4,1,78.1
393647105425317,1019,4,1,78.1
10172963,1602,4,1,82.8
10172964,1602,4,1,82.8
10172965,1602,4,1,82.8
10172967,1602,4,1,82.8
10172968,1602,4,1,82.8
14070615,1707,4,1,84.0
14070621,1707,4,1,84.0
14070624,1707,4,1,84.0
14070700,1707,4,1,84.0
14070900,1707,4,1,84.0
12102500,1711,4,1,88.2
12102900,1711,4,1,88.2
12102920,1711,4,1,88.2
12103000,1711,4,1,88.2
12103020,1711,4,1,88.2
453004122510301,1709,4,1,97.8
453250122494501,1709,4,1,97.8
453302122491600,1709,4,1,97.8
453312122485800,1709,4,1,97.8
453320122483701,1709,4,1,97.8
14222920,1708,4,1,100.0
14222930,1708,4,1,100.0
14222950,1708,4,1,100.0
14222970,1708,4,1,100.0
14222980,1708,4,1,100.0
10348460,1605,4,1,102.1
10348500,1605,4,1,102.1
10348520,1605,4,1,102.1
10348550,1605,4,1,102.1
10348570,1605,4,1,102.1
09372400,1408,4,1,102.5
09372500,1408,4,1,102.5
09378100,1408,4,1,102.5
09378170,1408,4,1,102.5
09378200,1408,4,1,102.5
11293372,1804,4,1,113.1
11293462,1804,4,1,113.1
11293500,1804,4,1,113.1
11293590,1804,4,1,113.1
11293600,1804,4,1,113.1
14202850,1709,4,1,115.4
14202920,1709,4,1,115.4
14202980,1709,4,1,115.4
14203000,1709,4,1,115.4
452731123092100,1709,4,1,115.4
09012400,1401,4,1,118.7
09012410,1401,4,1,118.7
09012420,1401,4,1,118.7
09012500,1401,4,1,118.7
401530105475401,1401,4,1,118.7
14194300,1709,4,2,120.0
11471000,1801,4,1,120.3
11471099,1801,4,1,120.3
11471100,1801,4,1,120.3
11471105,1801,4,1,120.3
11471106,1801,4,1,120.3
11433060,1802,4,1,126.7
11433065,1802,4,1,126.7
11433080,1802,4,1,126.7
11433085,1802,4,1,126.7
11433100,1802,4,1,126.7
06637750,1018,4,1,127.7
06637800,1018,4,1,127.7
06637850,1018,4,1,127.7
06637900,1018,4,1,127.7
06637910,1018,4,1,127.7
08294195,1302,4,1,128.1
08294210,1302,4,1,128.1
08294300,1302,4,1,128.1
08295000,1302,4,1,128.1
08295200,1302,4,1,128.1
09280500,1602,4,1,129.1
09281000,1602,4,1,129.1
09281500,1602,4,1,129.1
10157000,1602,4,1,129.1
10157500,1602,4,1,129.1
06301480,1009,4,1,137.6
06301485,1009,4,1,137.6
06301490,1009,4,1,137.6
06301495,1009,4,1,137.6
06301500,1009,4,1,137.6
11084950,1807,4,1,139.8
11099500,1807,4,1,139.8
11100000,1807,4,1,139.8
11100500,1807,4,1,139.8
11100760,1807,4,1,139.8
16212601,2006,4,1,142.2
16212700,2006,4,1,142.2
16212800,2006,4,1,142.2
16212900,2006,4,1,142.2
16213000,2006,4,1,142.2
09058500,1401,4,1,143.5
09058600,1401,4,1,143.5
09058610,1401,4,1,143.5
09058700,1401,4,1,143.5
09058800,1401,4,1,143.5
08329700,1302,4,1,152.1
08329720,1302,4,1,152.1
08330200,1302,4,1,152.1
08330540,1302,4,1,152.1
350403106392410,1302,4,1,152.1
09383300,1502,4,3,152.4
09383400,1502,4,3,152.4
07327445,1113,4,2,158.7
073274458,1113,4,2,158.7
11293580,1804,4,1,159.4
11293700,1804,4,1,159.4
11293710,1804,4,1,159.4
11293760,1804,4,1,159.4
11294000,1804,4,1,159.4
10310300,1605,4,1,162.1
10310350,1605,4,1,162.1
10310400,1605,4,1,162.1
10310402,1605,4,1,162.1
10310403,1605,4,1,162.1
11073200,1807,4,2,168.0
11073300,1807,4,2,168.0
11073360,1807,4,2,168.0
13196500,1705,4,3,171.7
13197000,1705,4,3,171.7
13197500,1705,4,3,171.7
06068500,1003,4,3,178.1
06069000,1003,4,3,178.1
13016450,1704,4,2,183.1
06724970,1019,4,4,188.4
06725000,1019,4,4,188.4
12386500,1701,4,2,190.0
12385000,1701,4,2,190.1
12387100,1701,4,2,190.1
11509105,1801,4,1,192.7
11509200,1801,4,1,192.7
11509250,1801,4,1,192.7
420219121474500,1801,4,1,192.7
420448121503100,1801,4,1,192.7
14314600,1710,4,4,199.4
14314700,1710,4,4,199.4
11094000,1807,4,3,212.8
11094500,1807,4,3,212.8
11095000,1807,4,3,212.8
13342200,1706,4,2,216.0
13342245,1706,4,2,216.0
13342250,1706,4,2,216.0
13342340,1706,4,2,216.0
11429300,1802,4,3,217.0
11429800,1802,4,3,217.0
11441000,1802,4,3,217.0
06051000,1002,4,2,219.8
06051200,1002,4,2,219.8
06051300,1002,4,2,219.8
09145000,1402,4,3,232.1
09146000,1402,4,3,232.1
09146020,1402,4,3,232.1
09146500,1402,4,3,254.2
09146550,1402,4,3,254.2
09147000,1402,4,3,254.2
11085560,1807,4,2,259.9
11086000,1807,4,2,259.9
11086500,1807,4,2,259.9
12445939,1702,4,2,263.4
12445940,1702,4,2,263.4
12445941,1702,4,2,263.4
12445942,1702,4,2,263.4
12445944,1702,4,2,263.4
12143000,1711,4,4,266.6
06748500,1019,4,5,269.1
06748600,1019,4,5,269.1
14052500,1707,4,4,269.7
14053000,1707,4,4,269.7
08379200,1306,4,3,272.5
06610780,1023,4,3,280.1
06610785,1023,4,3,280.1
06340520,1013,4,3,283.2
14182400,1709,4,5,292.8
14182500,1709,4,5,292.8
09510170,1506,4,2,293.0
12381000,1701,4,3,299.8
12381400,1701,4,3,299.8
12381500,1701,4,3,299.8
11376410,1802,4,4,310.2
11376420,1802,4,4,310.2
11376430,1802,4,4,310.2
11376440,1802,4,4,310.2
11376460,1802,4,4,310.2
12325500,1701,4,5,315.1
11307550,1804,4,5,322.8
11308000,1804,4,5,322.8
11016000,1807,4,4,338.3
06290000,1008,4,4,341.0
11216400,1803,4,4,343.0
11218000,1803,4,4,343.0
12154500,1711,4,3,355.0
12155300,1711,4,3,355.0
06627600,1018,4,3,360.8
06627800,1018,4,3,360.8
06628000,1018,4,3,360.8
12165800,1711,4,5,369.4
12166150,1711,4,5,369.4
09344300,1408,4,5,370.4
09344400,1408,4,5,370.4
06422650,1012,4,5,373.9
06423010,1012,4,5,373.9
06403300,1012,4,4,376.3
06403500,1012,4,4,376.3
14240500,1708,4,4,378.7
14240525,1708,4,4,378.7
07332348,1114,4,4,389.0
12446500,1702,4,4,390.6
12446995,1702,4,4,390.6
12447000,1702,4,4,390.6
08265000,1302,4,3,399.2
10150000,1602,4,7,403.1
11317000,1804,4,6,403.7
11283500,1804,4,4,407.3
10259000,1810,4,5,407.7
10256400,1810,4,5,419.8
09113500,1402,4,6,427.8
09113980,1402,4,6,427.8
09278700,1406,4,6,429.8
09279000,1406,4,6,429.8
08254500,1302,4,4,433.4
07263570,1111,4,4,439.9
07263580,1111,4,4,439.9
07263594,1111,4,4,439.9
07263605,1111,4,4,439.9
12502500,1703,4,5,442.1
06292500,1008,4,4,450.7
06293000,1008,4,4,450.7
09190000,1404,4,3,451.4
09190500,1404,4,3,451.4
06617100,1018,4,6,453.1
16700000,2001,4,2,460.8
16700600,2001,4,2,460.8
16701200,2001,4,2,460.8
16701300,2001,4,2,460.8
16701600,2001,4,2,460.8
13315765,1706,4,6,465.4
06116000,1004,4,5,466.0
12210220,1711,4,6,480.3
14312900,1710,4,8,483.7
11447330,1802,4,8,492.7
08284500,1302,4,5,498.7
06655000,1018,4,4,502.8
10154200,1602,4,7,504.6
06209500,1007,4,5,510.2
06209510,1007,4,5,510.2
09296000,1406,4,4,513.6
09296500,1406,4,4,513.6
09296800,1406,4,4,513.6
09297000,1406,4,4,513.6
13261500,1705,4,5,515.1
071912213,1107,4,7,518.7
06104500,1003,4,6,521.0
14034608,1707,4,7,524.5
11402000,1802,4,7,524.8
11402500,1802,4,7,524.8
09370600,1408,4,8,526.5
11035000,1807,4,5,531.5
06812000,1024,4,7,535.6
06619450,1018,4,5,539.5
06619500,1018,4,5,539.5
08078910,1204,4,2,539.5
08078930,1204,4,2,539.5
08078935,1204,4,2,539.5
08078940,1204,4,2,539.5
06646500,1018,4,5,551.7
06646600,1018,4,5,551.7
06722000,1019,4,7,553.3
07099100,1102,4,7,554.3
10108000,1601,4,7,555.8
10108400,1601,4,7,555.8
10108500,1601,4,7,555.8
10109000,1601,4,7,555.8
10109001,1601,4,7,555.8
09363200,1408,4,8,572.8
06747500,1019,4,8,580.8
09123450,1402,4,5,592.6
09123500,1402,4,5,592.6
11258980,1804,4,7,609.2
11268000,1804,4,6,623.7
11268001,1804,4,6,623.7
09484500,1505,4,6,626.3
13169450,1705,4,7,631.7
13169500,1705,4,7,631.7
14320700,1710,4,6,636.8
06758300,1019,4,6,645.4
11121900,1806,4,7,653.0
11122010,1806,4,7,653.0
11123000,1806,4,7,653.0
12441500,1702,4,7,659.7
06426400,1012,4,5,660.5
14122000,1707,4,7,664.6
14122500,1707,4,7,664.6
14225000,1708,4,6,675.9
06611300,1018,4,8,677.9
06611500,1018,4,8,677.9
06624000,1018,4,8,678.7
06624500,1018,4,8,678.7
06625000,1018,4,8,678.7
13167000,1705,4,10,686.0
10382600,1712,4,9,693.3
10383500,1712,4,9,693.3
10384000,1712,4,9,693.3
13041000,1704,4,9,697.9
13041010,1704,4,9,697.9
07251500,1111,4,9,701.1
11292615,1804,4,9,702.0
11292680,1804,4,9,702.0
06618480,1018,4,9,708.2
06618500,1018,4,9,708.2
10308000,1605,4,8,715.6
14201000,1709,4,10,724.6
09409880,1501,4,8,725.3
14112500,1707,4,7,725.3
11475800,1801,4,7,727.4
06312000,1009,4,6,735.7
10251250,1809,4,10,742.9
09442662,1504,4,8,744.5
12083500,1711,4,12,750.0
12084000,1711,4,12,750.0
07068510,1101,4,6,752.3
10206000,1603,4,8,754.1
11328000,1804,4,10,757.7
14120000,1707,4,10,757.9
06879100,1027,4,7,764.5
06879150,1027,4,7,764.5
06879500,1027,4,7,764.5
390439096445000,1027,4,7,764.5
09171500,1403,4,12,764.5
06342260,1013,4,6,769.1
11467295,1801,4,8,773.2
11467500,1801,4,8,773.2
11467510,1801,4,8,773.2
12035000,1710,4,7,776.3
10146500,1602,4,9,789.8
06410500,1012,4,10,828.9
08226600,1301,4,9,839.6
13306370,1706,4,14,843.8
07326000,1113,4,9,850.1
11265500,1804,4,11,850.5
11266500,1804,4,11,850.5
06110000,1004,4,9,865.5
06110020,1004,4,9,865.5
07257693,1111,4,8,881.5
13337500,1706,4,11,898.1
09237450,1405,4,11,898.5
09237500,1405,4,11,898.5
11156500,1806,4,9,911.9
09256000,1405,4,9,913.1
09256500,1405,4,9,913.1
13076110,1704,4,10,918.8
12337800,1701,4,15,920.4
11042520,1807,4,11,940.6
11042600,1807,4,11,940.6
11042631,1807,4,11,940.6
355422119223201,1803,4,10,946.1
07075500,1101,4,11,970.0
06092020,1003,4,8,1000.1
06036905,1002,4,7,1000.7
07346980,1114,4,10,1005.1
07347500,1114,4,10,1005.1
07347700,1114,4,10,1005.1
09446500,1504,4,12,1006.8
08405400,1306,4,9,1007.9
08405500,1306,4,9,1007.9
08406000,1306,4,9,1007.9
09306850,1405,4,13,1027.5
14038530,1707,4,13,1037.5
14020700,1707,4,16,1038.0
14020740,1707,4,16,1038.0
07107500,1102,4,14,1081.4
10265500,1809,4,10,1093.2
11473000,1801,4,15,1102.9
11473500,1801,4,15,1102.9
12408000,1702,4,10,1107.4
11375810,1802,4,13,1115.9
08028200,1201,4,10,1145.5
07066000,1101,4,12,1150.8
11391100,1802,4,3,1160.9
09393000,1502,4,19,1191.1
09337500,1407,4,12,1191.5
07250000,1111,4,14,1198.5
07249985,1111,4,14,1198.5
13300000,1706,4,12,1200.2
09504500,1506,4,11,1204.8
07187500,1107,4,12,1212.1
09242500,1405,4,15,1223.3
06197500,1007,4,15,1226.7
11140000,1806,4,15,1230.2
07055814,1101,4,14,1257.9
11472000,1801,4,14,1267.1
08243500,1301,4,14,1287.7
07061500,1101,4,14,1298.0
07061600,1101,4,14,1298.0
13118700,1704,4,14,1300.4
10315600,1604,4,15,1329.9
06076500,1003,4,17,1335.4
08477530,1303,4,12,1336.6
08106300,1207,4,10,1345.9
07174310,1107,4,12,1349.3
09429003,1503,4,9,1407.7
09429160,1503,4,9,1407.7
09429220,1503,4,9,1407.7
09429225,1503,4,9,1407.7
09429230,1503,4,9,1407.7
13298000,1706,4,17,1428.1
13065000,1704,4,21,1456.9
12508500,1703,4,13,1459.4
1250862050,1703,4,13,1459.4
06753990,1019,4,15,1495.7
09166500,1403,4,20,1500.2
06468000,1016,4,13,1522.2
13341500,1706,4,14,1537.3
13341570,1706,4,14,1537.3
13164600,1705,4,17,1550.5
06425500,1012,4,17,1577.3
06175510,1006,4,15,1580.6
06175520,1006,4,15,1580.6
06020600,1002,4,20,1583.7
06021000,1002,4,20,1583.7
12455000,1702,4,23,1594.7
12457000,1702,4,23,1594.7
09367676,1408,4,14,1596.7
09367680,1408,4,14,1596.7
07138020,1103,4,13,1607.2
06481500,1017,4,15,1612.7
06024450,1002,4,21,1634.9
09513910,1507,4,16,1670.9
14307620,1710,4,23,1698.8
06188000,1007,4,15,1729.9
13319000,1706,4,26,1784.7
06911400,1029,4,16,1790.5
07311000,1113,4,21,1794.9
08051130,1203,4,22,1889.1
06921500,1029,4,18,1894.4
11392500,1802,4,20,1969.4
08189710,1210,4,19,2009.9
09487000,1505,4,28,2040.4
09330000,1407,4,21,2048.9
07260500,1111,4,21,2055.7
14111400,1707,4,19,2058.5
06090610,1003,4,26,2067.5
07338905,1114,4,21,2074.3
07338920,1114,4,21,2074.3
07338960,1114,4,21,2074.3
07339000,1114,4,21,2074.3
12451620,1702,4,26,2081.4
12451650,1702,4,26,2081.4
08180640,1210,4,21,2091.1
08060000,1203,4,21,2095.2
08061000,1203,4,21,2095.2
12333500,1701,4,32,2104.0
12334500,1701,4,32,2104.0
06449100,1014,4,24,2129.4
06183450,1006,4,25,2189.1
06183500,1006,4,25,2189.1
07189000,1107,4,27,2220.0
09395630,1502,4,19,2238.6
06453020,1017,4,26,2249.1
07144780,1103,4,17,2264.2
07141175,1103,4,20,2351.5
06469825,1016,4,23,2415.6
06469830,1016,4,23,2415.6
13285000,1705,4,36,2419.8
13285500,1705,4,36,2419.8
07143310,1103,4,20,2425.0
12357500,1701,4,26,2447.8
10254670,1810,4,8,2490.8
10254730,1810,4,8,2490.8
10180000,1603,4,35,2492.9
12395000,1701,4,33,2539.2
13011000,1704,4,24,2540.9
08063020,1203,4,28,2657.5
14063500,1707,4,40,2672.9
10247050,1606,4,24,2747.0
06207000,1007,4,29,2748.0
12414500,1701,4,28,2748.5
13309220,1706,4,38,2751.6
10359100,1808,4,27,2778.8
07263115,1111,4,30,2820.5
13275000,1705,4,40,2845.6
11261000,1804,4,29,2946.7
08435800,1307,4,26,3042.5
07069500,1101,4,27,3052.0
12465000,1702,4,37,3139.5
06355500,1013,4,38,3180.6
12359800,1701,4,38,3182.5
09481740,1505,4,33,3197.1
11497550,1801,4,39,3314.5
06351500,1013,4,40,3512.9
08167600,1210,4,34,3516.7
09415558,1501,4,38,3540.2
06352500,1013,4,42,3563.0
06445685,1014,4,44,3628.6
09424900,1503,4,44,3711.0
13177800,1705,4,43,3712.2
07336500,1114,4,48,3806.3
09456200,1504,4,36,3813.4
421010121271200,1801,4,42,3841.3
06845200,1025,4,32,4013.3
12355500,1701,4,52,4058.2
06808500,1024,4,43,4156.4
06455900,1015,4,40,4308.3
09418500,1501,4,46,4329.8
06479000,1017,4,52,4343.3
07142015,1103,4,40,4441.1
07142020,1103,4,40,4441.1
08120700,1208,4,42,4748.4
06130000,1004,4,51,4761.3
06868200,1026,4,44,5019.4
06334500,1011,4,41,5100.1
07155000,1104,4,62,5120.3
06177825,1006,4,58,5180.8
06325500,1009,4,44,5245.3
08143600,1209,4,50,5363.8
06181000,1006,4,55,5559.6
08032700,1202,4,56,6282.5
06897500,1028,4,75,6415.0
06827500,1025,4,70,6997.4
09404110,1501,4,74,7095.7
07308000,1113,4,74,7590.9
09489000,1505,4,72,8021.5
08364000,1303,4,87,8430.4
08132200,1209,4,81,9272.1
12404500,1702,4,131,10061.3
09379250,1408,4,114,10612.5
07228940,1109,4,104,11174.5
07228650,1109,4,121,12348.5
06361000,1013,4,203,13583.2
07227500,1109,4,158,16149.8
