vpuid,site_no,nwis_drain_area_km2,wbd_upstream_hu12_area_sqkm,wbd_over_nwis_ratio,wbd_minus_nwis_pct
0101,01010000,3465.4041,3519.575,1.0156,1.56
0101,01010070,502.4577,506.2198,1.0075,0.75
0101,01010100,422.1681,428.7169,1.0155,1.55
0101,01010500,6980.018,10368.9248,1.4855,48.55
0101,01011000,3180.5054,3195.8702,1.0048,0.48
0101,01012500,12338.7034,12362.493,1.0019,0.19
0101,01012515,32.6339,178.0666,5.4565,445.65
0101,01012520,4.3253,178.0666,41.1688,4016.88
0101,01012525,2.8231,178.0666,63.0751,6207.51
0101,01012570,182.0762,333.5889,1.8321,83.21
0101,01012960,2017.6007,2304.4352,1.1422,14.22
0101,01013500,2253.2897,2304.4352,1.0227,2.27
0101,01014000,14700.7725,14762.4743,1.0042,0.42
0101,01015000,21170.5628,2786.9875,0.1316,-86.84
0101,01015010,21331.1421,3346.6642,0.1569,-84.31
0101,01015800,2315.4494,2316.121,1.0003,0.03
0101,01016500,852.1061,344.0367,0.4037,-59.63
0101,01017000,4281.2503,4388.5746,1.0251,2.51
0101,01017060,14.8147,5029.9467,339.5233,33852.33
0101,01017290,603.4672,637.6595,1.0567,5.67
0101,01017500,5959.5626,5976.034,1.0028,0.28
0101,01017550,10.2823,89.8494,8.7383,773.83
0101,01017900,3.9886,91.1618,22.8557,2185.57
0101,01017960,226.365,223.1868,0.986,-1.4
0101,01018000,453.2479,701.1321,1.5469,54.69
0101,01018009,17.8191,701.1321,39.3472,3834.72
0101,01018035,660.447,701.1321,1.0616,6.16
0102,01027200,577.5673,664.0609,1.1498,14.98
0102,01027240,473.9678,1355.6414,2.8602,186.02
0102,01028000,5477.8249,5516.5593,1.0071,0.71
0102,01029100,1276.8641,1335.637,1.046,4.6
0102,01029200,450.6579,451.4953,1.0019,0.19
0102,01029500,2812.7271,2897.3458,1.0301,3.01
0102,01030000,8692.0001,8830.5505,1.0159,1.59
0102,01030350,126.6504,163.819,1.2935,29.35
0102,01030500,3675.1931,3912.4156,1.0645,6.45
0102,01031000,3903.1121,3912.4156,1.0024,0.24
0102,01031300,297.8486,682.8312,2.2925,129.25
0102,01031450,246.0489,246.3502,1.0012,0.12
0102,01031500,766.6365,915.0927,1.1936,19.36
0102,01031510,69.1527,88.121,1.2743,27.43
0102,01031600,10.5931,1148.557,108.4255,10742.55
0102,01033000,841.7461,906.7203,1.0772,7.72
0102,01033500,836.5662,862.6121,1.0311,3.11
0102,01034000,3009.5662,3052.0732,1.0141,1.41
0102,01034500,17277.8107,18381.5632,1.0639,6.39
0102,01035000,769.2265,1027.6316,1.3359,33.59
0102,01035500,73.8147,116.0356,1.572,57.2
0102,01036000,18129.9168,18381.5632,1.0139,1.39
0102,01036390,644.907,21260.803,32.9672,3196.72
0102,01036500,455.8379,565.4725,1.2405,24.05
0102,01037000,505.0477,565.4725,1.1196,11.96
0102,01037050,21064.3733,21260.803,1.0093,0.93
0102,442810068480101,22255.7678,22282.8051,1.0012,0.12
0102,443409068471801,21867.2696,22282.8051,1.019,1.9
0102,443810068502201,21382.9418,21838.2194,1.0213,2.13
0103,01039000,1833.7116,1868.9648,1.0192,1.92
0103,01041000,3284.1049,297.5808,0.0906,-90.94
0103,01042500,4118.0811,833.2717,0.2023,-79.77
0103,01043500,1344.2038,1483.4799,1.1036,10.36
0103,01044550,515.4076,502.699,0.9753,-2.47
0103,01045000,2245.5197,2269.8251,1.0108,1.08
0103,01046000,233.6169,235.0214,1.006,0.6
0103,01046500,7055.1276,3805.3811,0.5394,-46.06
0103,01047000,911.6758,1036.6791,1.1371,13.71
0103,01047150,8433.0013,6811.3197,0.8077,-19.23
0103,01047200,65.0087,150.9608,2.3222,132.22
0103,01047500,626.7771,823.7904,1.3143,31.43
0103,01047730,118.6215,282.8618,2.3846,138.46
0103,01048000,1336.4339,1540.0696,1.1524,15.24
0103,01048220,50.7638,62.8239,1.2376,23.76
0103,01048500,10950.4697,7665.5589,0.7,-30.0
0103,01049000,1481.4732,1509.743,1.0191,1.91
0103,01049130,7.1743,178.1605,24.8333,2383.33
0103,01049205,13413.5484,10934.3268,0.8152,-18.48
0103,01049218,2.0979,215.9307,102.9275,10192.75
0103,01049221,0.5698,215.9307,378.9605,37796.05
0103,01049265,14019.6056,10934.3268,0.7799,-22.01
0103,01049270,7.3815,45.6799,6.1885,518.85
0103,01049300,2.9008,55.2492,19.0463,1804.63
0103,01049320,14301.9143,11982.3183,0.8378,-16.22
0103,01049330,14312.2743,11982.3183,0.8372,-16.28
0103,01049373,84.6926,223.0178,2.6333,163.33
0103,01049396,35.4828,44.0248,1.2407,24.07
0103,01049500,559.4374,561.1673,1.0031,0.31
0103,01049505,14918.3315,11982.3183,0.8032,-19.68
0103,01049550,61.3827,107.4165,1.7499,74.99
0104,01054200,181.5582,181.763,1.0011,0.11
0104,01054300,339.2884,425.274,1.2534,25.34
0104,01054500,5353.5054,5705.7423,1.0658,6.58
0104,01055000,249.6749,250.6134,1.0038,0.38
0104,01055100,6443.8904,6528.2527,1.0131,1.31
0104,01055220,215.228,232.3671,1.0796,7.96
0104,01055500,440.298,462.2043,1.0498,4.98
0104,01056400,20.7458,50.4838,2.4334,143.34
0104,01056480,2.849,50.4838,17.7199,1671.99
0104,01056505,47.3968,7537.1597,159.0226,15802.26
0104,01057000,191.4001,197.5549,1.0322,3.22
0104,01057510,78.4766,363.8241,4.6361,363.61
0104,01058005,123.5424,654.6208,5.2988,429.88
0104,01058500,849.5161,916.7972,1.0792,7.92
0104,01059000,8458.9012,8775.5347,1.0374,3.74
0104,01059010,8451.1312,8775.5347,1.0384,3.84
0104,01059090,23.1545,81.8106,3.5332,253.32
0104,01059160,187.7741,187.9118,1.0007,0.07
0104,01059500,96.6066,182.4921,1.889,88.9
0104,01052500,393.6782,396.4371,1.007,0.7
0104,01053500,2709.1276,3139.3914,1.1588,15.88
0104,01053600,3048.416,3139.3914,1.0298,2.98
0104,01054000,3524.9738,3547.9636,1.0065,0.65
0104,01054114,119.8387,120.5276,1.0057,0.57
0105,01018500,1061.8951,1200.4849,1.1305,13.05
0105,01019000,580.1573,591.4424,1.0195,1.95
0105,01020000,3405.8344,3502.8086,1.0285,2.85
0105,01021000,3537.9238,3665.8327,1.0362,3.62
0105,01021050,3750.3028,3903.5982,1.0409,4.09
0105,01021200,240.6099,338.9897,1.4089,40.89
0105,01021230,84.6926,89.701,1.0591,5.91
0105,01021466,4.2994,170.1952,39.586,3858.6
0105,01021470,16.6277,836.1192,50.2846,4928.46
0105,01021480,77.4406,278.9255,3.6018,260.18
0105,01021500,1186.2146,2093.291,1.7647,76.47
0105,01022000,650.087,803.7671,1.2364,23.64
0105,01022210,56.2027,161.3703,2.8712,187.12
0105,01022250,23.6984,161.3703,6.8093,580.93
0105,01022260,160.8383,161.3703,1.0033,0.33
0105,01022294,0.1088,207.9889,1912.0226,191102.26
0105,01022295,0.1554,207.9889,1338.4158,133741.58
0105,01022330,264.1788,632.2345,2.3932,139.32
0105,01022500,587.9273,632.2345,1.0754,7.54
0105,01022800,4.2994,56.2365,13.0801,1208.01
0105,01022805,6.4491,56.2365,8.7201,772.01
0105,01022835,0.2849,31.9088,112.0004,11100.04
0105,01022840,3.5224,31.9088,9.0589,805.89
0105,01022860,0.6216,76.2304,122.6364,12163.64
0105,010228955,22.4293,3239.8934,144.4492,14344.92
0105,01023000,383.3182,473.2037,1.2345,23.45
0105,01024200,27.1949,26.132,0.9609,-3.91
0105,01025000,121.7294,1253.2324,10.2952,929.52
0105,01026000,80.2896,79.9202,0.9954,-0.46
0105,01037380,39.1088,89.6515,2.2924,129.24
0105,01037700,0.8029,117.3206,146.1217,14512.17
0105,01038000,378.1383,653.9694,1.7294,72.94
0106,01059800,37.0368,48.9491,1.3216,32.16
0106,01060000,367.7783,425.5231,1.157,15.7
0106,01063100,388.4982,392.5332,1.0104,1.04
0106,01063310,3.367,63.2205,18.7766,1777.66
0106,01063452,0.9065,1141.2612,1258.9812,125798.12
0106,01064000,1142.1848,1488.5786,1.3033,30.33
0106,01064118,1494.4231,1673.2026,1.1196,11.96
0106,01064140,1548.8129,1673.2026,1.0803,8.03
0106,01064158,71.4837,71.4981,1.0002,0.02
0106,01065500,1170.6746,1173.0768,1.0021,0.21
0106,01066000,3351.4446,3499.7459,1.0442,4.42
0106,01066500,435.118,480.8463,1.1051,10.51
0106,01067000,4071.4613,4087.6507,1.004,0.4
0106,01067500,4131.031,4195.9169,1.0157,1.57
0106,01067851,3.108,4398.3675,1415.1827,141418.27
0106,01067853,3.5742,4398.3675,1230.5936,122959.36
0106,01067950,67.5987,152.7653,2.2599,125.99
0106,01068910,116.2905,126.667,1.0892,8.92
0106,01068980,58.0157,254.6587,4.3895,338.95
0106,01069500,255.8908,303.561,1.1863,18.63
0106,01069700,23.802,81.6578,3.4307,243.07
0106,01069800,7.0966,161.7008,22.7858,2178.58
0106,01072500,362.5983,572.8316,1.5798,57.98
0106,010642505,235.6889,492.9256,2.0914,109.14
0106,01064300,28.2309,148.894,5.2742,427.42
0106,01064400,12.1211,695.0973,57.3458,5634.58
0106,01064485,198.9111,296.649,1.4914,49.14
0106,01064500,997.1454,1082.564,1.0857,8.57
0106,01064800,14.0118,395.5143,28.2272,2722.72
0106,01064801,175.0832,395.5143,2.259,125.9
0106,01065000,854.6961,854.6917,1.0,-0.0
0106,01072100,279.7187,572.8316,2.0479,104.79
0106,01072800,206.9401,480.7588,2.3232,132.32
0106,01072850,19.0105,107.2943,5.6439,464.39
0106,01072870,190.6231,191.7819,1.0061,0.61
0106,01072880,461.0179,480.7588,1.0428,4.28
0106,01073000,31.3389,80.3543,2.564,156.4
0106,01073319,144.2623,239.5655,1.6606,66.06
0106,01073460,92.2036,149.6289,1.6228,62.28
0106,01073500,479.1478,553.6569,1.1555,15.55
0106,010735562,41.6988,82.6023,1.9809,98.09
0106,01073587,164.4642,186.8293,1.136,13.6
0106,01073600,12.8722,41.0591,3.1897,218.97
0106,01073750,5.957,330.4638,55.4751,5447.51
0106,01073785,36.5188,45.1158,1.2354,23.54
0106,01073810,13.9341,42.9541,3.0827,208.27
0106,01073848,9.3499,59.2803,6.3402,534.02
0107,01094400,166.2772,224.533,1.3504,35.04
0107,01094500,284.8987,342.7967,1.2032,20.32
0107,01095000,5.0505,101.8599,20.1684,1916.84
0107,01095220,75.3687,101.8599,1.3515,35.15
0107,01095375,119.9164,148.2513,1.2363,23.63
0107,01095434,8.1067,339.3024,41.8548,4085.48
0107,01095503,284.8987,339.3024,1.191,19.1
0107,01096000,164.9822,188.1129,1.1402,14.02
0107,01096500,818.4362,1379.8883,1.686,68.6
0107,01096503,154.3633,157.2293,1.0186,1.86
0107,010965995,17.1716,103.5293,6.0291,502.91
0107,01096835,156.6943,232.7757,1.4855,48.55
0107,01096840,166.2772,232.7757,1.3999,39.99
0107,01096885,227.919,232.7757,1.0213,2.13
0107,01096906,3.4188,460.716,134.7602,13376.02
0107,01096910,4.144,460.716,111.1772,11017.72
0107,01097000,300.4386,460.716,1.5335,53.35
0107,01097300,33.1518,121.1224,3.6536,265.36
0107,01097380,124.3194,121.1224,0.9743,-2.57
0107,01097480,90.9086,90.374,0.9941,-0.59
0107,01098320,18.8292,301.0511,15.9885,1498.85
0107,01098340,8.9096,301.0511,33.7897,3278.97
0107,01098360,1.3986,301.0511,215.2527,21425.27
0107,01098450,5.439,301.0511,55.3507,5435.07
0107,01098500,45.3248,301.0511,6.6421,564.21
0107,01098530,274.5387,301.0511,1.0966,9.66
0107,01098710,4.662,419.7862,90.0446,8904.46
0107,01099500,795.1263,1035.6828,1.3025,30.25
0107,01100000,11450.3374,12279.8052,1.0724,7.24
0107,01100500,11546.167,12279.8052,1.0635,6.35
0107,01100568,5.5167,69.9887,12.6868,1168.68
0107,01100571,18.622,69.9887,3.7584,275.84
0107,0110057120,1.4504,69.9887,48.255,4725.5
0107,0110057380,0.9065,69.9887,77.208,7620.8
0107,01100574,15.2291,69.9887,4.5957,359.57
0107,01100580,5.8275,69.9887,12.0101,1101.01
0107,01100600,94.5346,159.3772,1.6859,68.59
0107,01100627,188.5511,201.6673,1.0696,6.96
0107,01100700,14.1672,12963.164,915.0102,91401.02
0107,01074500,269.3588,301.776,1.1203,12.03
0107,01074520,297.8486,301.776,1.0132,1.32
0107,01075000,499.8677,515.2004,1.0307,3.07
0107,01075500,152.2913,149.4033,0.981,-1.9
0107,01075800,7.6146,407.9733,53.578,5257.8
0107,01076000,370.3683,407.9733,1.1015,10.15
0107,01076500,1610.9726,1667.682,1.0352,3.52
0107,01077000,149.1833,168.6715,1.1306,13.06
0107,01077400,55.4257,77.171,1.3923,39.23
0107,01078000,222.221,227.6317,1.0243,2.43
0107,01079600,12.9499,683.5194,52.7817,5178.17
0107,01079602,16.5241,683.5194,41.3649,4036.49
0107,01079900,18.104,127.3002,7.0316,603.16
0107,01080500,940.1657,937.2232,0.9969,-0.31
0107,01081000,1219.8844,1256.8714,1.0303,3.03
0107,01081500,3903.1121,3986.6937,1.0214,2.14
0107,01082000,176.3782,347.7496,1.9716,97.16
0107,01083000,113.9595,123.9747,1.0879,8.79
0107,01083500,435.118,429.9996,0.9882,-1.18
0107,01084000,141.9313,167.2559,1.1784,17.84
0107,01084500,143.4853,312.7941,2.18,118.0
0107,01085000,953.1156,950.4185,0.9972,-0.28
0107,01085500,1105.9249,1526.8458,1.3806,38.06
0107,01085800,14.8924,167.4925,11.2468,1024.68
0107,01086000,378.1383,384.8658,1.0178,1.78
0107,01087000,334.1085,349.8065,1.047,4.7
0107,01088000,1983.9309,1980.0461,0.998,-0.2
0107,01088500,6285.9011,6563.0229,1.0441,4.41
0107,01089000,198.9111,236.8097,1.1905,19.05
0107,01089100,212.12,236.8097,1.1164,11.64
0107,01089500,406.6281,662.7105,1.6298,62.98
0107,01089925,621.5971,662.7105,1.0661,6.61
0107,01090500,7391.8261,7392.6063,1.0001,0.01
0107,01090800,163.4282,197.5374,1.2087,20.87
0107,01091000,269.3588,269.1689,0.9993,-0.07
0107,01091500,523.1776,563.5193,1.0771,7.71
0107,01092000,8008.2432,8001.27,0.9991,-0.09
0107,01093000,72.0017,76.14,1.0575,5.75
0107,01093800,9.324,86.9177,9.322,832.2
0107,01093852,266.7688,305.8676,1.1466,14.66
0107,01093875,308.2086,571.0899,1.8529,85.29
0107,01094000,442.888,571.0899,1.2895,28.95
0107,0109650657,5.5426,1379.8883,248.9616,24796.16
0107,01096508,9013.1586,11982.8401,1.3295,32.95
0107,010965817,61.9007,140.6792,2.2727,127.27
0107,010965844,78.4766,140.6792,1.7926,79.26
0107,010965852,123.8014,140.6792,1.1363,13.63
0107,01096587,1.3986,48.4785,34.6623,3366.23
0107,01100505,42.7348,58.0836,1.3592,35.92
0107,01100549,13.1053,200.4847,15.2979,1429.79
0107,01100561,160.8383,200.4847,1.2465,24.65
0108,01183950,6.5268,24987.4616,3828.4575,382745.75
0108,01183994,27.9719,25211.1654,901.3042,90030.42
0108,01184000,25019.2851,25211.1654,1.0077,0.77
0108,01184100,26.9359,115.408,4.2845,328.45
0108,01184205,29.5259,51.9867,1.7607,76.07
0108,01184250,4.2217,25211.1654,5971.8315,597083.15
0108,01184280,70.1887,126.3918,1.8007,80.07
0108,01184300,9.4276,126.3918,13.4066,1240.66
0108,01184455,2.0461,40.8806,19.9799,1897.99
0108,01184470,30.3029,40.8806,1.3491,34.91
0108,01184490,40.1448,40.8806,1.0183,1.83
0108,01184500,254.3368,294.4646,1.1578,15.78
0108,01186000,339.2884,612.7895,1.8061,80.61
0108,01186100,47.9148,82.4952,1.7217,72.17
0108,01186400,90.3906,96.7974,1.0709,7.09
0108,01186500,220.149,225.6426,1.025,2.5
0108,01187000,562.0274,612.7895,1.0903,9.03
0108,01187300,51.5408,54.1068,1.0498,4.98
0108,01187400,18.2076,171.0078,9.3921,839.21
0108,01187680,21.3156,933.7513,43.806,4280.6
0108,01187800,60.8647,82.8069,1.3605,36.05
0108,01187830,6.993,82.8069,11.8415,1084.15
0108,01187850,1.5281,82.8069,54.1897,5318.97
0108,01187980,932.3957,933.7513,1.0015,0.15
0108,01188000,10.619,1179.5076,111.0757,11007.57
0108,01188090,979.0155,1179.5076,1.2048,20.48
0108,01189000,118.6215,149.4123,1.2596,25.96
0108,01189180,3.5742,1570.723,439.4634,43846.34
0108,01189200,13.2866,1570.723,118.2182,11721.82
0108,01189210,27.7129,1570.723,56.6785,5567.85
0108,01189390,102.3045,187.2309,1.8301,83.01
0108,01189500,174.5652,187.2309,1.0726,7.26
0108,01189995,1494.4231,1570.723,1.0511,5.11
0108,01189999,1522.913,1570.723,1.0314,3.14
0108,01190055,30.8209,52.6107,1.707,70.7
0108,01190057,33.4108,52.6107,1.5747,57.47
0108,01190070,27161.2053,27380.1761,1.0081,0.81
0108,01190095,5.8534,199.9411,34.1583,3315.83
0108,01190100,37.8138,199.9411,5.2875,428.75
0108,01190200,6.8635,199.9411,29.1312,2813.12
0108,01190300,37.8138,45.9648,1.2156,21.56
0108,01190500,103.3405,199.9411,1.9348,93.48
0108,01190600,14.3485,74.6199,5.2005,420.05
0108,01190620,18.0522,74.6199,4.1336,313.36
0108,01190650,11.8621,74.6199,6.2906,529.06
0108,01191000,69.4117,74.6199,1.075,7.5
0108,01191500,187.7741,199.9411,1.0648,6.48
0108,01192370,5.698,199.7666,35.0592,3405.92
0108,01192480,30.3029,199.7666,6.5923,559.23
0108,01192500,190.1051,199.7666,1.0508,5.08
0108,01192600,2.4346,52.2523,21.4625,2046.25
0108,01192610,20.5386,52.2523,2.5441,154.41
0108,01192650,62.9367,67.251,1.0685,6.85
0108,01192692,17.2234,78.7485,4.5722,357.22
0108,01192700,120.4344,281.916,2.3408,134.08
0108,01192704,124.5784,281.916,2.263,126.3
0108,01192883,77.1816,100.8686,1.3069,30.69
0108,01192890,89.8726,100.8686,1.1224,12.24
0108,011929115,28153.1708,28333.7718,1.0064,0.64
0108,01193050,28223.1004,28333.7718,1.0039,0.39
0108,01193348,1.5022,100.7086,67.0411,6604.11
0108,01193463,213.674,386.1143,1.807,80.7
0108,01193500,258.9988,386.1143,1.4908,49.08
0108,01193630,287.4887,386.1143,1.3431,34.31
0108,01193800,6.7858,28867.5632,4254.133,425313.3
0108,01194000,52.0588,161.6943,3.106,210.6
0108,01194500,57.7567,58.3956,1.0111,1.11
0108,01161280,17430.62,17468.5039,1.0022,0.22
0108,01161500,46.1018,291.7579,6.3286,532.86
0108,01162000,211.861,291.7579,1.3771,37.71
0108,01162500,50.2458,61.0736,1.2155,21.55
0108,01163000,51.7998,159.6929,3.0829,208.29
0108,01163200,88.3186,159.6929,1.8081,80.81
0108,01165300,52.5768,844.7702,16.0674,1506.74
0108,01165500,31.3389,919.2773,29.3335,2833.35
0108,01166105,13.5197,919.2773,67.9952,6699.52
0108,01166500,963.4756,1008.2645,1.0465,4.65
0108,01168151,657.857,721.8798,1.0973,9.73
0108,01168250,16.7572,81.9668,4.8914,389.14
0108,01168500,934.9857,1048.4056,1.1213,12.13
0108,01168639,0.0259,55.1199,2128.1928,212719.28
0108,01168640,0.1813,55.1199,304.0275,30302.75
0108,01169000,230.5089,240.6279,1.0439,4.39
0108,01169900,62.4187,68.1166,1.0913,9.13
0108,01170000,1442.6234,1718.1709,1.191,19.1
0108,01170100,107.2255,231.9168,2.1629,116.29
0108,01170500,20357.3065,20572.4248,1.0106,1.06
0108,01170930,53.6128,126.9746,2.3684,136.84
0108,01171300,94.0166,145.0391,1.5427,54.27
0108,01171500,136.2334,147.856,1.0853,8.53
0108,01171800,14.4003,218.2227,15.154,1415.4
0108,01172000,21520.2112,23461.2284,1.0902,9.02
0108,01172003,21520.2112,23461.2284,1.0902,9.02
0108,01172010,21579.7809,23461.2284,1.0872,8.72
0108,01172500,142.7083,396.4465,2.778,177.8
0108,01172680,4.2217,80.1572,18.987,1798.7
0108,01172800,14.1931,80.1572,5.6476,464.76
0108,01173000,249.4159,396.4465,1.5895,58.95
0108,01173180,297.8486,396.4465,1.331,33.1
0108,01173260,11.9916,396.4465,33.0602,3206.02
0108,01173500,510.2277,1123.4683,2.2019,120.19
0108,01174000,8.7801,358.1994,40.7969,3979.69
0108,01174050,12.5614,22.6583,1.8038,80.38
0108,01174500,113.1825,113.1232,0.9995,-0.05
0108,01174565,32.6339,559.2782,17.138,1613.8
0108,01174570,3.0821,559.2782,181.461,18046.1
0108,01174575,2.7454,559.2782,203.7156,20271.56
0108,01174600,1.554,559.2782,359.8976,35889.76
0108,01174900,6.6045,559.2782,84.6818,8368.18
0108,01175500,489.5078,559.2782,1.1425,14.25
0108,01175670,22.8178,106.7114,4.6767,367.67
0108,01176000,388.4982,432.5509,1.1134,11.34
0108,01176780,35.2238,1872.0149,53.1462,5214.62
0108,01177000,1784.5018,1872.0149,1.049,4.9
0108,01178000,85.9876,87.3626,1.016,1.6
0108,01178500,284.8987,581.6917,2.0417,104.17
0108,01179500,416.9881,581.6917,1.395,39.5
0108,01180000,4.4807,581.6917,129.8222,12882.22
0108,01180500,136.4924,136.8318,1.0025,0.25
0108,01180800,7.6146,247.5473,32.5097,3150.97
0108,01181000,243.4589,247.5473,1.0168,1.68
0108,01183450,58.5337,63.2162,1.08,8.0
0108,01183500,1287.2241,1343.4075,1.0436,4.36
0108,01185100,42.7348,153.6124,3.5945,259.45
0108,01185500,237.5019,612.7895,2.5801,158.01
0108,01127880,16.4723,215.3459,13.0732,1207.32
0108,01128500,214.969,441.5285,2.0539,105.39
0108,01129200,657.857,681.6251,1.0361,3.61
0108,01129440,95.0526,146.2282,1.5384,53.84
0108,01129500,2069.4005,2408.7081,1.164,16.4
0108,01130000,600.8772,652.0539,1.0852,8.52
0108,01131500,3921.242,4015.6054,1.0241,2.41
0108,01137500,226.883,226.7425,0.9994,-0.06
0108,01137940,745.9166,794.0073,1.0645,6.45
0108,01138000,1023.0453,1042.7805,1.0193,1.93
0108,01140500,8028.9631,8189.7379,1.02,2.0
0108,01141800,11.9139,47.8861,4.0193,301.93
0108,01144500,10598.2313,11897.3106,1.1226,12.26
0108,01145000,208.494,397.7813,1.9079,90.79
0108,01150500,396.2682,504.5235,1.2732,27.32
0108,01152010,119.3985,323.3656,2.7083,170.83
0108,01152500,696.7068,714.2472,1.0252,2.52
0108,01154500,14226.8047,14605.9365,1.0266,2.66
0108,01154950,193.2131,263.2527,1.3625,36.25
0108,01155000,214.192,263.2527,1.2291,22.91
0108,01157000,184.1482,186.3201,1.0118,1.18
0108,01158000,261.5888,611.2381,2.3366,133.66
0108,01158110,297.8486,611.2381,2.0522,105.22
0108,01158500,109.5565,122.2722,1.1161,11.61
0108,01158600,122.2474,258.0264,2.1107,111.07
0108,01159000,29.0079,258.0264,8.895,789.5
0108,01159500,82.1026,258.0264,3.1427,214.27
0108,01159600,15.3845,258.0264,16.7718,1577.18
0108,01160000,93.2396,195.0675,2.0921,109.21
0108,01160350,818.4362,922.046,1.1266,12.66
0108,01161000,1087.795,1093.2554,1.005,0.5
0108,01133000,139.3414,209.024,1.5001,50.01
0108,01133500,613.8272,637.0017,1.0378,3.78
0108,01134500,194.7671,201.8103,1.0362,3.62
0108,01134800,20.8494,335.673,16.0999,1509.99
0108,01135000,331.5185,335.7699,1.0128,1.28
0108,01135100,0.4662,120.4758,258.4219,25742.19
0108,01135150,8.4175,120.4758,14.3126,1331.26
0108,01135300,111.1105,120.4758,1.0843,8.43
0108,01135500,1129.2348,1306.4038,1.1569,15.69
0108,01136000,57.4977,120.0105,2.0872,108.72
0108,01138500,6847.9286,7417.5636,1.0832,8.32
0108,01139000,254.8548,259.6717,1.0189,1.89
0108,01139500,7316.7164,7417.5636,1.0138,1.38
0108,01139800,23.1804,227.6183,9.8194,881.94
0108,01139830,0.2849,227.6183,798.9448,79794.48
0108,01139833,2.849,227.6183,79.8945,7889.45
0108,01139838,9.4276,227.6183,24.1439,2314.39
0108,01140000,113.4415,116.5436,1.0273,2.73
0108,01140570,1.5022,8189.7379,5451.8543,545085.43
0108,01140575,0.9583,8189.7379,8546.1499,854514.99
0108,01140580,3.6778,8189.7379,2226.8137,222581.37
0108,01140590,4.2476,8189.7379,1928.0948,192709.48
0108,01140600,21.2379,8189.7379,385.619,38461.9
0108,01140820,1.554,154.7,99.55,9855.0
0108,01141500,336.6985,354.718,1.0535,5.35
0108,01142000,624.1871,700.9417,1.123,12.3
0108,01142500,78.9946,96.3105,1.2192,21.92
0108,01143500,1693.8522,1778.8794,1.0502,5.02
0108,01144000,1787.0918,1778.8794,0.9954,-0.46
0108,01150800,8.5729,114.8744,13.3998,1239.98
0108,01150900,60.6057,114.8744,1.8954,89.54
0108,01151000,326.3385,373.6792,1.1451,14.51
0108,01151500,572.3874,578.4207,1.0105,1.05
0108,01152800,295.2586,308.5434,1.045,4.5
0108,01153000,409.2181,528.995,1.2927,29.27
0108,01153500,266.7688,302.8115,1.1351,13.51
0108,01153550,290.0787,302.8115,1.0439,4.39
0108,01154000,186.9971,202.0189,1.0803,8.03
0108,01155200,25.8999,41.2124,1.5912,59.12
0108,01155300,23.9574,261.475,10.9142,991.42
0108,01155500,463.6079,460.8378,0.994,-0.6
0108,01156000,797.7163,796.029,0.9979,-0.21
0108,01156500,16228.8655,17468.5039,1.0764,7.64
0108,01167800,16.5241,144.804,8.7632,776.32
0109,01100890,17.1457,56.209,3.2783,227.83
0109,01101000,55.1667,56.209,1.0189,1.89
0109,01101300,10.4636,107.2013,10.2452,924.52
0109,01101344,47.9148,107.2013,2.2373,123.73
0109,01101400,34.4468,107.2013,3.1121,211.21
0109,01101500,115.2545,195.317,1.6947,69.47
0109,01102000,323.7485,402.8516,1.2443,24.43
0109,01102029,1.4245,116.8601,82.0363,8103.63
0109,011020308,1.3727,121.6378,88.6125,8761.25
0109,01102065,27.7129,170.8463,6.1649,516.49
0109,01102345,53.8718,114.6416,2.128,112.8
0109,01102500,61.9007,66.2198,1.0698,6.98
0109,01103025,21.6523,172.454,7.9647,696.47
0109,01103050,162.3923,172.454,1.062,6.2
0109,01103220,2.9785,136.3325,45.7724,4477.24
0109,01103280,170.1622,230.9748,1.3574,35.74
0109,01103305,217.559,230.9748,1.0617,6.17
0109,01103455,9.6348,482.8844,50.119,4911.9
0109,01103500,473.9678,482.8844,1.0188,1.88
0109,01104200,546.4875,681.1122,1.2463,24.63
0109,01104370,26.4179,61.8059,2.3395,133.95
0109,01104405,5.5944,61.8059,11.0479,1004.79
0109,01104410,0.9065,61.8059,68.1811,6718.11
0109,01104415,1.0619,61.8059,58.2034,5720.34
0109,01104420,1.8907,61.8059,32.6896,3168.96
0109,01104430,17.7673,61.8059,3.4786,247.86
0109,01104440,21.9372,61.8059,2.8174,181.74
0109,01104453,5.7757,61.8059,10.7011,970.11
0109,01104455,1.2432,61.8059,49.7154,4871.54
0109,01104460,56.9797,61.8059,1.0847,8.47
0109,01104475,2.2015,61.8059,28.0746,2707.46
0109,01104480,61.3827,61.8059,1.0069,0.69
0109,01104500,587.9273,681.1122,1.1585,15.85
0109,01104615,639.7271,1007.6933,1.5752,57.52
0109,01104630,0.9324,1007.6933,1080.7571,107975.71
0109,01104640,12.1729,1007.6933,82.7814,8178.14
0109,01104660,3.885,1007.6933,259.3817,25838.17
0109,01104683,15.3586,1007.6933,65.6109,6461.09
0109,01104687,33.9806,1007.6933,29.6549,2865.49
0109,01104715,805.4863,1007.6933,1.251,25.1
0109,01104850,15.5399,113.9415,7.3322,633.22
0109,01105000,89.8726,113.9415,1.2678,26.78
0109,01105500,70.4477,74.2467,1.0539,5.39
0109,01105554,216.782,303.3247,1.3992,39.92
0109,01105557,9.8679,309.15,31.329,3032.9
0109,01105583,74.3327,117.8596,1.5856,58.56
0109,01105585,10.6449,117.8596,11.072,1007.2
0109,01105600,11.6549,47.67,4.0901,309.01
0109,01105606,32.1159,47.67,1.4843,48.43
0109,01105608,32.3749,47.67,1.4724,47.24
0109,011056081,32.3749,47.67,1.4724,47.24
0109,01105638,36.5188,252.0341,6.9015,590.15
0109,01105660,12.5873,50.2777,3.9943,299.43
0109,01105700,11.1369,185.4809,16.6546,1565.46
0109,01105730,78.4766,185.4809,2.3635,136.35
0109,01105800,3.5742,185.4809,51.8946,5089.46
0109,01105870,40.6628,79.0772,1.9447,94.47
0109,011058756,14.7888,262.0037,17.7163,1671.63
0109,01105876,38.0728,262.0037,6.8816,588.16
0109,01105880,24.3459,1525.8608,62.6743,6167.43
0109,0110588364,7.7182,1525.8608,197.6974,19669.74
0109,011058837,6.6822,1525.8608,228.3481,22734.81
0109,0110588374,4.7397,1525.8608,321.9334,32093.34
0109,01105883757,4.662,1525.8608,327.299,32629.9
0109,01105885,23.6725,84.8046,3.5824,258.24
0109,01105895,145.2983,237.6101,1.6353,63.53
0109,01105917,62.1597,127.1833,2.0461,104.61
0109,01105933,67.8577,110.6874,1.6312,63.12
0109,01106500,104.8945,199.0514,1.8976,89.76
0109,01106900,37.8138,90.7341,2.3995,139.95
0109,01107000,12.0952,356.225,29.4517,2845.17
0109,01107200,471.3778,484.0384,1.0269,2.69
0109,01107400,24.1387,181.6811,7.5266,652.66
0109,01108000,675.9869,821.5936,1.2154,21.54
0109,01108320,47.3968,116.716,2.4625,146.25
0109,01108410,112.6645,116.716,1.036,3.6
0109,01108500,50.5048,113.0105,2.2376,123.76
0109,01109000,112.1465,113.0105,1.0077,0.77
0109,01109060,218.336,220.9232,1.0118,1.18
0109,01109070,27.4539,1462.0376,53.2543,5225.43
0109,01109090,10.9556,90.3715,8.2488,724.88
0109,01109200,11.2664,134.2483,11.9158,1091.58
0109,01109220,80.0306,134.2483,1.6775,67.75
0109,01109439,47.1378,84.4429,1.7914,79.14
0109,01109500,81.8436,84.4429,1.0318,3.18
0109,01109730,184.9252,184.8992,0.9999,-0.01
0109,01110000,66.3037,98.0306,1.4785,47.85
0109,01110500,365.1883,531.6277,1.4558,45.58
0109,01111000,75.3687,145.5651,1.9314,93.14
0109,01111050,147.6293,145.5651,0.986,-1.4
0109,01111212,631.9571,1047.0444,1.6568,65.68
0109,01111225,18.8033,1047.0444,55.684,5468.4
0109,01111230,681.1669,1047.0444,1.5371,53.71
0109,415560070032501,1.2432,1734.4162,1395.1288,139412.88
0109,415601070030701,0.6475,1734.4162,2678.6473,267764.73
0109,01106000,20.7458,216.9835,10.4591,945.91
0109,01109403,137.5284,144.2887,1.0492,4.92
0109,01111300,41.4398,117.3724,2.8324,183.24
0109,01111400,45.0658,55.4304,1.23,23.0
0109,01111410,49.7278,55.4304,1.1147,11.47
0109,01111500,236.2069,241.7007,1.0233,2.33
0109,01112268,85.7286,88.9997,1.0382,3.82
0109,01112382,32.6339,1229.8205,37.6854,3668.54
0109,01112500,1077.4351,1229.8205,1.1414,14.14
0109,01112700,5.9829,1229.8205,205.5569,20455.69
0109,01113695,9.1945,74.1277,8.0622,706.22
0109,01113760,69.6707,74.1277,1.064,6.4
0109,01113895,1227.6544,1229.8205,1.0018,0.18
0109,01114000,59.8287,59.7337,0.9984,-0.16
0109,01114500,99.1965,192.2613,1.9382,93.82
0109,01115098,12.8463,57.4508,4.4722,347.22
0109,01115100,7.9254,57.4508,7.249,624.9
0109,01115110,16.1356,57.4508,3.5605,256.05
0109,01115114,12.1729,57.4508,4.7196,371.96
0109,01115120,0.7252,57.4508,79.2211,7822.11
0109,01115170,8.4175,57.4508,6.8252,582.52
0109,01115183,5.0764,243.1802,47.9043,4690.43
0109,01115184,3.1598,243.1802,76.961,7596.1
0109,01115185,11.1887,85.3843,7.6313,663.13
0109,01115187,37.2958,85.3843,2.2894,128.94
0109,01115190,12.6909,85.3843,6.728,572.8
0109,01115265,22.5847,85.3843,3.7806,278.06
0109,01115275,1.6058,243.1802,151.4394,15043.94
0109,01115276,13.4161,243.1802,18.1259,1712.59
0109,01115278,4.3512,243.1802,55.8883,5488.83
0109,01115280,4.6361,243.1802,52.4539,5145.39
0109,01115297,11.1887,243.1802,21.7344,2073.44
0109,01115500,264.1788,279.6462,1.0585,5.85
0109,01115630,21.3156,73.4277,3.4448,244.48
0109,01115670,11.37,73.4277,6.458,545.8
0109,01115770,18.9846,73.4277,3.8677,286.77
0109,01115900,23.6466,145.6826,6.1608,516.08
0109,01116000,162.6513,188.7753,1.1606,16.06
0109,01116300,10.8521,600.6999,55.3536,5435.36
0109,01116500,517.9976,600.6999,1.1597,15.97
0109,01116905,41.4398,64.0937,1.5467,54.67
0109,01117000,59.3107,64.0937,1.0806,8.06
0109,01117100,16.5759,117.7422,7.1032,610.32
0110,01118668,31.0799,69.5827,2.2388,123.88
0110,01118700,38.3318,69.5827,1.8153,81.53
0110,01119260,23.2063,42.5036,1.8316,83.16
0110,01119280,137.7874,584.2917,4.2405,324.05
0110,01119320,37.8138,57.0399,1.5084,50.84
0110,01119382,249.4159,584.2917,2.3426,134.26
0110,01119384,253.8188,584.2917,2.302,130.2
0110,01119480,10.4895,584.2917,55.7028,5470.28
0110,01119500,313.3886,584.2917,1.8644,86.44
0110,01119600,7.2261,206.7285,28.6087,2760.87
0110,01119820,63.9727,79.6231,1.2446,24.46
0110,01120000,193.7311,206.7285,1.0671,6.71
0110,01120500,10.7485,43.4478,4.0422,304.22
0110,01120790,172.2342,455.7615,2.6462,164.62
0110,01120800,175.8602,455.7615,2.5916,159.16
0110,01121000,74.0737,94.8914,1.281,28.1
0110,01121330,47.3968,89.0298,1.8784,87.84
0110,01122000,450.6579,455.7615,1.0113,1.13
0110,01122500,1046.3552,3279.2655,3.134,213.4
0110,01123000,77.6996,112.1734,1.4437,44.37
0110,011230695,1326.0739,3279.2655,2.4729,147.29
0110,01124000,401.4482,435.0388,1.0837,8.37
0110,01124151,445.478,1219.9481,2.7385,173.85
0110,01125100,261.5888,290.294,1.1097,10.97
0110,01125415,52.3178,101.4709,1.9395,93.95
0110,01125490,92.7216,101.4709,1.0944,9.44
0110,01125500,849.5161,1219.9481,1.4361,43.61
0110,01125600,28.7489,87.932,3.0586,205.86
0110,01126000,149.7013,197.7118,1.3207,32.07
0110,01126500,216.523,230.5704,1.0649,6.49
0110,01126600,44.0298,72.9421,1.6567,65.67
0110,01126910,5.9829,98.8937,16.5295,1552.95
0110,01126923,10.5413,98.8937,9.3816,838.16
0110,01126950,137.2694,163.5046,1.1911,19.11
0110,01127000,1846.6615,1915.1473,1.0371,3.71
0110,01127680,13.4679,3811.7584,283.0246,28202.46
0110,01127729,45.5838,73.6325,1.6153,61.53
0110,01127750,27.4539,57.1236,2.0807,108.07
0110,011277696,7.2002,43.158,5.994,499.4
0110,011277905,45.5838,78.3631,1.7191,71.91
0110,011277914,14.6852,78.3631,5.3362,433.62
0110,011277916,4.8174,78.3631,16.2668,1526.68
0110,0112779610,7.1484,75.9123,10.6195,961.95
0110,01127821,15.4881,75.9123,4.9013,390.13
0110,01195000,29.0079,45.0467,1.5529,55.29
0110,01195117,46.8788,126.3085,2.6944,169.44
0110,01195146,15.3327,126.3085,8.2378,723.78
0110,01195200,16.9644,80.362,4.7371,373.71
0110,01195339,46.8788,63.0809,1.3456,34.56
0110,01195399,33.4108,66.2062,1.9816,98.16
0110,01195490,45.0658,246.7432,5.4752,447.52
0110,01195500,45.0658,246.7432,5.4752,447.52
0110,01196000,37.8138,38.3473,1.0141,1.41
0110,01196100,53.0948,52.4732,0.9883,-1.17
0110,01196150,14.3485,246.7432,17.1964,1619.64
0110,01196210,5.3354,246.7432,46.2466,4524.66
0110,01196220,176.8962,246.7432,1.3948,39.48
0110,01196259,30.8209,246.7432,8.0057,700.57
0110,01196500,297.8486,429.1977,1.441,44.1
0110,01196561,22.9991,56.4463,2.4543,145.43
0110,01196580,46.6198,56.4463,1.2108,21.08
0110,01196620,63.4547,99.4902,1.5679,56.79
0110,01196626,94.2756,99.4902,1.0553,5.53
0110,01196680,8.2621,85.8637,10.3925,939.25
0110,01198240,36.2598,119.0887,3.2843,228.43
0110,01198300,44.2888,48.9501,1.1052,10.52
0110,01198500,118.8805,119.0887,1.0018,0.18
0110,01198700,14.4003,111.0775,7.7135,671.35
0110,01198800,46.8788,111.0775,2.3695,136.95
0110,01198851,13.7787,111.0775,8.0615,706.15
0110,01198860,2.7972,111.0775,39.7104,3871.04
0110,01198870,1.7094,111.0775,64.9807,6398.07
0110,01198880,26.1589,111.0775,4.2463,324.63
0110,01199000,1642.0525,1826.4787,1.1123,11.23
0110,01199030,14.219,98.4308,6.9225,592.25
0110,01199033,24.0351,98.4308,4.0953,309.53
0110,01199050,76.1457,98.4308,1.2927,29.27
0110,01199200,9.065,2032.3739,224.2011,22320.11
0110,01199290,1958.031,2032.3739,1.038,3.8
0110,01200500,2579.6282,2918.7721,1.1315,13.15
0110,01200600,2646.9678,2918.7721,1.1027,10.27
0110,01201190,61.6417,131.3756,2.1313,113.13
0110,01201420,34.7058,102.4411,2.9517,195.17
0110,01201470,100.2325,102.4411,1.022,2.2
0110,01201487,161.3563,184.6729,1.1445,14.45
0110,01201500,174.8242,184.6729,1.0563,5.63
0110,01201510,180.2632,184.6729,1.0245,2.45
0110,01201930,23.9315,105.3795,4.4034,340.34
0110,01202500,98.4195,105.3795,1.0707,7.07
0110,01202501,98.6785,105.3795,1.0679,6.79
0110,01203000,341.8784,402.4738,1.1772,17.72
0110,012035055,40.1448,67.6424,1.685,68.5
0110,01203510,64.2317,67.6424,1.0531,5.31
0110,01203600,45.8428,70.1881,1.5311,53.11
0110,01203805,69.4117,70.0901,1.0098,0.98
0110,01204000,194.5081,230.4594,1.1848,18.48
0110,01204800,6.3455,4099.1567,645.9973,64499.73
0110,01205500,3998.9416,4099.1567,1.0251,2.51
0110,01205600,87.5416,87.9709,1.0049,0.49
0110,01205700,35.2238,36.2913,1.0303,3.03
0110,01205890,145.8163,363.0425,2.4897,148.97
0110,01206000,183.8892,363.0425,1.9742,97.42
0110,01206400,50.7638,64.0384,1.2615,26.15
0110,01206500,62.9367,64.0384,1.0175,1.75
0110,01206900,258.4808,363.0425,1.4045,40.45
0110,01208012,53.3538,58.6482,1.0992,9.92
0110,01208171,450.6579,633.1475,1.4049,40.49
0110,01208500,673.3969,805.5611,1.1963,19.63
0110,01208850,30.5619,75.5639,2.4725,147.25
0110,01208872,27.4539,54.3799,1.9808,98.08
0110,01208873,27.4539,54.3799,1.9808,98.08
0110,01208925,74.0737,84.8678,1.1457,14.57
0110,01208990,54.3898,115.2089,2.1182,111.82
0110,01208999,14.2449,115.2089,8.0877,708.77
0110,01209005,89.6136,115.2089,1.2856,28.56
0110,01209105,46.6198,59.6931,1.2804,28.04
0110,01209500,206.6811,238.895,1.1559,15.59
0110,012095493,8.7801,164.9778,18.79,1779.0
0110,01209700,77.6996,164.9778,2.1233,112.33
0110,01209710,85.4696,164.9778,1.9303,93.03
0110,01209753,6.216,164.9778,26.5409,2554.09
0110,01209761,2.59,106.2303,41.0157,4001.57
0110,01209775,6.0347,106.2303,17.6033,1660.33
0110,01209785,21.1602,106.2303,5.0203,402.03
0110,01209900,87.0236,96.5393,1.1093,10.93
0110,01209901,88.0596,96.5393,1.0963,9.63
0110,01211110,5.6721,46.5173,8.2011,720.11
0110,01211600,30.3029,77.4061,2.5544,155.44
0110,01212100,19.1659,77.4061,4.0387,303.87
0110,01212500,66.3037,77.4061,1.1674,16.74
0110,01123360,162.1333,162.3714,1.0015,0.15
0110,01123500,242.4229,269.5984,1.1121,11.21
0110,01123600,244.4949,269.5984,1.1027,10.27
0110,01124350,80.8076,237.6516,2.941,194.1
0110,01124500,70.9657,67.7872,0.9552,-4.48
0110,01124750,1.2691,237.6516,187.2608,18626.08
0110,01125000,222.739,237.6516,1.067,6.7
0110,01197000,149.1833,183.7286,1.2316,23.16
0110,01197015,27.4539,156.4073,5.6971,469.71
0110,01197300,5.4908,735.2876,133.9133,13291.33
0110,01197500,730.3766,735.2876,1.0067,0.67
0110,01198000,132.0894,137.7864,1.0431,4.31
0110,01198030,60.3467,129.7586,2.1502,115.02
0110,01198070,8.288,129.7586,15.6563,1465.63
0110,01198075,66.8217,129.7586,1.9419,94.19
0110,01198122,29.0079,1228.0845,42.3363,4133.63
0110,01198125,1204.3445,1228.0845,1.0197,1.97
0110,01198200,158.2483,159.698,1.0092,0.92
0110,01199490,120.6934,123.7406,1.0252,2.52
0110,01200000,525.7676,546.3909,1.0392,3.92
0110,01117350,24.838,66.595,2.6812,168.12
0110,01117420,93.4986,94.4581,1.0103,1.03
0110,01117430,188.2921,247.9919,1.3171,31.71
0110,01117500,258.9988,628.1015,2.4251,142.51
0110,01118500,761.4565,784.26,1.0299,2.99
0110,01126200,14.2967,90.6141,6.3381,533.81
0202,01331400,19.8652,306.1595,15.4118,1441.18
0202,01331500,120.9524,306.1595,2.5312,153.12
0202,01332000,105.9305,113.0575,1.0673,6.73
0202,01332500,326.3385,544.4468,1.6683,66.83
0202,01333000,110.3335,111.4353,1.01,1.0
0202,01367625,15.2291,77.5563,5.0926,409.26
0202,01367690,14.8665,77.5563,5.2168,421.68
0202,01367770,157.4713,157.5347,1.0004,0.04
0202,01367780,5.1541,157.4374,30.5462,2954.62
0202,01367800,40.9218,157.4374,3.8473,284.73
0202,01367805,46.8788,157.4374,3.3584,235.84
0202,01368000,362.5983,364.1268,1.0042,0.42
0202,01368820,16.7313,173.8916,10.3932,939.32
0202,0131199050,65.2677,65.5434,1.0042,0.42
0202,01311992,3.4965,190.3979,54.4541,5345.41
0202,01312000,497.2777,491.7569,0.9889,-1.11
0202,01313500,414.3981,427.3193,1.0312,3.12
0202,01314000,1085.205,1088.7889,1.0033,0.33
0202,01315000,341.8784,520.2739,1.5218,52.18
0202,01315081,505.0477,520.2739,1.0301,3.01
0202,01315170,17.7673,109.9911,6.1906,519.06
0202,01315226,0.2331,237.1775,1017.497,101649.7
0202,01315227,0.9065,237.1775,261.6421,26064.21
0202,01315500,2051.2706,2311.3843,1.1268,12.68
0202,01316000,56.7207,56.9119,1.0034,0.34
0202,01317000,1364.9237,1377.1163,1.0089,0.89
0202,01318000,3970.4518,4036.8197,1.0167,1.67
0202,01318500,4309.7402,4306.2661,0.9992,-0.08
0202,01319000,295.2586,315.7529,1.0694,6.94
0202,01319500,673.3969,680.7155,1.0109,1.09
0202,01320500,543.8975,580.3308,1.067,6.7
0202,01321000,1271.6842,1349.7425,1.0614,6.14
0202,01321500,227.919,230.2333,1.0102,1.02
0202,01322000,229.7319,247.1148,1.0757,7.57
0202,01322500,1844.0715,2337.3398,1.2675,26.75
0202,01323000,73.2967,173.4269,2.3661,136.61
0202,01325000,2732.4375,2729.6518,0.999,-0.1
0202,01326500,7197.577,7235.1789,1.0052,0.52
0202,01327600,7270.0966,7537.1803,1.0367,3.67
0202,01327750,7277.8666,7537.1803,1.0356,3.56
0202,01327755,7295.9965,7537.1803,1.0331,3.31
0202,01328000,36.5188,58.1817,1.5932,59.32
0202,01328770,7769.9643,9557.5161,1.2301,23.01
0202,01329490,1025.6353,1143.6405,1.1151,11.51
0202,01329500,1025.6353,1143.6405,1.1151,11.51
0202,01329650,8909.5591,9557.5161,1.0727,7.27
0202,01330000,64.4907,67.9094,1.053,5.3
0202,01330500,218.077,486.8791,2.2326,123.26
0202,01331095,9772.0251,11802.4001,1.2078,20.78
0202,01333500,145.2983,194.4071,1.338,33.8
0202,01334500,1320.8939,1629.2565,1.2334,23.34
0202,01335000,1494.4231,1629.2565,1.0902,9.02
0202,01335500,11654.9465,11802.4001,1.0127,1.27
0202,01335754,11926.8952,11944.9134,1.0015,0.15
0202,01335770,11955.3851,11944.9134,0.9991,-0.09
0202,01336000,393.6782,411.1085,1.0443,4.43
0202,01337005,151.5143,238.4289,1.5736,57.36
0202,01338000,372.9583,378.644,1.0152,1.52
0202,01339060,154.8813,161.3558,1.0418,4.18
0202,01342500,9.4794,1444.187,152.3507,15135.07
0202,01342602,1432.2634,1444.187,1.0083,0.83
0202,01342682,47.1378,51.8357,1.0997,9.97
0202,01342730,68.3757,70.6175,1.0328,3.28
0202,01342732,1724.9321,1810.339,1.0495,4.95
0202,01342743,56.2027,67.5803,1.2024,20.24
0202,0134277112,0.1813,281.1534,1550.7705,154977.05
0202,0134277114,0.3108,281.1534,904.6162,90361.62
0202,0134277119,2.1756,281.1534,129.2309,12823.09
0202,0134277121,0.3108,281.1534,904.6162,90361.62
0202,0134277123,0.1813,281.1534,1550.7705,154977.05
0202,01343060,616.4172,633.9335,1.0284,2.84
0202,01343403,157.7303,242.1453,1.5352,53.52
0202,01344000,971.2455,1117.284,1.1504,15.04
0202,01344795,116.0315,130.0468,1.1208,12.08
0202,01346000,1450.3933,1453.2402,1.002,0.2
0202,01346500,3335.9047,3500.409,1.0493,4.93
0202,01347000,3475.764,3500.409,1.0071,0.71
0202,01347500,668.2169,751.5037,1.1246,12.46
0202,01348000,748.5066,751.5037,1.004,0.4
0202,01349000,157.9893,158.8316,1.0053,0.53
0202,01349150,154.6223,175.5243,1.1352,13.52
0202,01349527,5485.5948,5634.9295,1.0272,2.72
0202,01349541,2.9008,69.8614,24.0836,2308.36
0202,01349700,92.2036,94.1921,1.0216,2.16
0202,01349705,250.7108,398.2754,1.5886,58.86
0202,01349711,12.8722,81.0793,6.2988,529.88
0202,01349810,69.9297,81.0793,1.1594,15.94
0202,01349840,5.2577,109.8111,20.8859,1988.59
0202,01349858,17.2493,109.8111,6.3661,536.61
0202,01349900,132.6074,189.1952,1.4267,42.67
0202,01349950,177.6732,189.1952,1.0648,6.48
0202,01350000,613.8272,816.6622,1.3304,33.04
0202,01350032,1.9684,66.6731,33.8719,3287.19
0202,01350035,66.5627,66.6731,1.0017,0.17
0202,01350080,83.9156,89.4048,1.0654,6.54
0202,01350101,818.4362,928.1823,1.1341,13.41
0202,01350120,28.2309,928.1823,32.8783,3187.83
0202,01350140,41.9578,46.2111,1.1014,10.14
0202,01350180,927.2157,928.1823,1.001,0.1
0202,01350200,115.5135,117.5402,1.0175,1.75
0202,01350212,1048.9452,1104.0021,1.0525,5.25
0202,01350355,1149.9547,1305.6285,1.1354,13.54
0202,01350480,46.8788,63.0165,1.3442,34.42
0202,01350500,1383.0537,1454.7375,1.0518,5.18
0202,01350750,1442.6234,1454.7375,1.0084,0.84
0202,01351000,174.0472,174.6664,1.0036,0.36
0202,01351200,256.4088,277.0612,1.0805,8.05
0202,01351298,264.1788,360.0755,1.363,36.3
0202,01351450,2253.2897,2277.8993,1.0109,1.09
0202,01351500,2294.7295,2342.3494,1.0208,2.08
0202,01353900,2380.1991,2402.113,1.0092,0.92
0202,01353995,2390.559,2402.113,1.0048,0.48
0202,0135403025,8106.6628,8122.1782,1.0019,0.19
0202,01354083,8163.6425,8428.3593,1.0324,3.24
0202,01354230,8417.4614,8511.5226,1.0112,1.12
0202,01354330,8469.2611,8758.3543,1.0341,3.41
0202,01354500,8572.8606,8758.3543,1.0216,2.16
0202,01355475,8702.3601,8877.3323,1.0201,2.01
0202,01356000,8730.8499,8877.3323,1.0168,1.68
0202,01356190,41.9578,8877.3323,211.5776,21057.76
0202,0135749950,4.3253,9004.1091,2081.7401,208074.01
0202,01357500,8935.459,9004.1091,1.0077,0.77
0202,01358000,20953.0038,20974.2543,1.001,0.1
0202,01358500,231.5449,249.4455,1.0773,7.73
0202,01359133,33.9288,21437.7415,631.8441,63084.41
0202,01359135,35.7418,21437.7415,599.7941,59879.41
0202,01359139,21465.8215,21437.7415,0.9987,-0.13
0202,01359150,25.2265,41.7485,1.6549,65.49
0202,01359165,21496.9013,22075.3443,1.0269,2.69
0202,01359513,21.1343,355.6281,16.8271,1582.71
0202,01359519,352.2384,355.6281,1.0096,0.96
0202,01359525,422.1681,459.5768,1.0886,8.86
0202,01359528,435.118,459.5768,1.0562,5.62
0202,01359750,81.8436,83.0716,1.015,1.5
0202,0135980207,22258.3578,22604.4172,1.0155,1.55
0202,01359902,95.8296,144.9581,1.5127,51.27
0202,01359918,7.511,170.6223,22.7164,2171.64
0202,01359924,159.5433,170.6223,1.0694,6.94
0202,01360640,24.5531,104.3213,4.2488,324.88
0202,01361000,852.1061,1342.8767,1.576,57.6
0202,01361200,156.9533,162.8119,1.0373,3.73
0202,01361500,248.1209,249.2123,1.0044,0.44
0202,01361570,94.7936,94.906,1.0012,0.12
0202,01362000,699.2968,1070.3904,1.5307,53.07
0202,01362090,1048.9452,1070.3904,1.0204,2.04
0202,01362100,71.2247,102.1858,1.4347,43.47
0202,01362182,549.0775,596.0139,1.0855,8.55
0202,01362192,3.9886,123.1009,30.8633,2986.33
0202,0136219503,76.6636,123.1009,1.6057,60.57
0202,013621955,32.3749,123.1009,3.8024,280.24
0202,0136219702,28.7489,272.6445,9.4837,848.37
0202,01362198,154.1043,272.6445,1.7692,76.92
0202,01362200,164.9822,272.6445,1.6526,65.26
0202,01362232,23.7243,272.6445,11.4922,1049.22
0202,01362286,13.4679,272.6445,20.244,1924.4
0202,01362295,7.6664,272.6445,35.5637,3456.37
0202,01362297,9.1427,272.6445,29.8211,2882.11
0202,0136230002,53.3538,272.6445,5.1101,411.01
0202,0136230005,53.8718,272.6445,5.061,406.1
0202,01362312,5.8534,84.0207,14.3542,1335.42
0202,01362322,4.6879,84.0207,17.923,1692.3
0202,01362330,19.4249,84.0207,4.3254,332.54
0202,01362332,20.9012,84.0207,4.0199,301.99
0202,01362336,23.9574,84.0207,3.5071,250.71
0202,01362342,5.0505,84.0207,16.6362,1563.62
0202,01362345,12.0175,84.0207,6.9915,599.15
0202,01362347,39.8858,84.0207,2.1065,110.65
0202,01362349,42.4758,84.0207,1.9781,97.81
0202,01362350,45.3248,84.0207,1.8537,85.37
0202,01362352,45.3248,84.0207,1.8537,85.37
0202,01362354,6.0347,84.0207,13.923,1292.3
0202,0136235575,18.2853,84.0207,4.595,359.5
0202,0136235580,18.8033,84.0207,4.4684,346.84
0202,0136235585,19.1659,84.0207,4.3839,338.39
0202,01362356,22.2739,84.0207,3.7722,277.22
0202,01362357,22.5588,84.0207,3.7245,272.45
0202,01362358,23.3099,84.0207,3.6045,260.45
0202,01362359,68.8937,84.0207,1.2196,21.96
0202,01362365,8.0549,84.0207,10.4311,943.11
0202,01362368,9.9197,84.0207,8.4701,747.01
0202,01362370,80.0306,84.0207,1.0499,4.99
0202,01362380,81.5846,84.0207,1.0299,2.99
0202,01362398,83.9156,84.0207,1.0013,0.13
0202,01362465,2.6418,496.8461,188.0719,18707.19
0202,01362487,64.7497,496.8461,7.6733,667.33
0202,01362497,42.7348,496.8461,11.6263,1062.63
0202,01362500,497.2777,496.8461,0.9991,-0.09
0202,01363382,44.0298,702.5064,15.9552,1495.52
0202,01363500,619.0072,702.5064,1.1349,13.49
0202,01363556,722.6067,841.0741,1.1639,16.39
0202,01364000,821.0262,841.0741,1.0244,2.44
0202,01364500,1085.205,1098.1811,1.012,1.2
0202,01364800,54.1308,67.9454,1.2552,25.52
0202,01364959,13.8823,123.8567,8.9219,792.19
0202,01365000,99.1965,123.8567,1.2486,24.86
0202,01365500,54.1308,246.1982,4.5482,354.82
0202,01365550,55.6847,246.1982,4.4213,342.13
0202,01366500,258.9988,610.6035,2.3576,135.76
0202,01366650,136.7514,262.5325,1.9198,91.98
0202,01367500,991.9654,3075.1912,3.1001,210.01
0202,01368050,393.6782,987.1795,2.5076,150.76
0202,01368500,154.6223,155.2127,1.0038,0.38
0202,01369000,253.8188,264.9041,1.0437,4.37
0202,01369500,25.2265,72.1936,2.8618,186.18
0202,01370000,984.1955,987.1795,1.003,0.3
0202,01370500,1074.8451,1109.115,1.0319,3.19
0202,01370520,1111.1049,1185.3368,1.0668,6.68
0202,01370600,21.7559,1185.3368,54.4835,5348.35
0202,01371000,269.3588,382.0663,1.4184,41.84
0202,01371500,1800.0417,1941.2299,1.0784,7.84
0202,01372007,3069.1359,3075.1912,1.002,0.2
0202,01372040,46.8788,50.379,1.0747,7.47
0202,01372051,48.6918,48.8043,1.0023,0.23
0202,01372065,26.1589,30803.2524,1177.5448,117654.48
0202,01372100,87.0236,86.2391,0.991,-0.9
0202,01372200,239.3149,259.1861,1.083,8.3
0202,01372300,85.2106,86.5936,1.0162,1.62
0202,01372400,40.1448,455.6117,11.3492,1034.92
0202,01372500,468.7878,544.3366,1.1612,16.12
0202,01372800,148.4063,226.3647,1.5253,52.53
0202,01372850,19.0882,226.3647,11.8589,1085.89
0202,01373500,492.0977,501.7569,1.0196,1.96
0202,01373600,33.1518,79.8201,2.4077,140.77
0202,01373690,29.0079,57.291,1.975,97.5
0202,01329000,393.6782,579.2745,1.4714,47.14
0202,01334000,287.4887,409.6078,1.4248,42.48
0203,01377000,150.2193,292.4572,1.9469,94.69
0203,01377370,34.7058,76.1736,2.1948,119.48
0203,01377451,50.7638,76.1736,1.5006,50.06
0203,01377500,76.6636,76.1736,0.9936,-0.64
0203,01378387,22.507,292.4572,12.9941,1199.41
0203,01378500,292.6687,389.7126,1.3316,33.16
0203,01378560,18.1299,389.7126,21.4956,2049.56
0203,01378690,22.8696,146.4531,6.4038,540.38
0203,01378780,2.7713,61.5016,22.1924,2119.24
0203,01379000,143.4853,146.4531,1.0207,2.07
0203,01379200,53.8718,53.5875,0.9947,-0.53
0203,01379500,258.9988,264.0933,1.0197,1.97
0203,01379530,28.4899,339.3093,11.9098,1090.98
0203,01379580,341.8784,1915.4451,5.6027,460.27
0203,01379630,4.2476,135.2659,31.8454,3084.54
0203,01379680,57.2387,135.2659,2.3632,136.32
0203,01379699,62.6777,135.2659,2.1581,115.81
0203,01379700,63.1957,135.2659,2.1404,114.04
0203,01379773,19.8134,135.2659,6.827,582.7
0203,01379780,23.7243,135.2659,5.7016,470.16
0203,01379790,32.6339,135.2659,4.145,314.5
0203,01379845,134.9384,135.2659,1.0024,0.24
0203,01379868,11.0333,263.5894,23.8902,2289.02
0203,01380000,12.7427,59.6851,4.6838,368.38
0203,01380100,57.4977,59.6851,1.038,3.8
0203,01380450,300.4386,534.1406,1.7779,77.79
0203,01381000,308.2086,534.1406,1.733,73.3
0203,01381400,36.2598,62.7575,1.7308,73.08
0203,01381500,76.1457,180.1178,2.3654,136.54
0203,01381800,177.4142,180.1178,1.0152,1.52
0203,01381900,903.9059,1915.4451,2.1191,111.91
0203,01381940,906.4958,1915.4451,2.113,111.3
0203,01381950,919.4458,1915.4451,2.0833,108.33
0203,01382000,934.9857,1915.4451,2.0486,104.86
0203,01382170,49.9868,96.6033,1.9326,93.26
0203,01382210,70.9657,501.2879,7.0638,606.38
0203,01382270,82.8796,501.2879,6.0484,504.84
0203,01382310,27.1949,501.2879,18.4332,1743.32
0203,01382381,145.5573,501.2879,3.4439,244.39
0203,01382385,147.8883,501.2879,3.3896,238.96
0203,01382500,164.9822,501.2879,3.0384,203.84
0203,01382800,217.3,501.2879,2.3069,130.69
0203,01383500,70.1887,106.5107,1.5175,51.75
0203,01384000,104.6355,274.241,2.6209,162.09
0203,01384500,46.3608,46.6216,1.0056,0.56
0203,01385000,11.3182,274.241,24.23,2323.0
0203,01385500,2.6418,274.241,103.8089,10280.89
0203,01386000,30.5619,274.241,8.9733,797.33
0203,01386500,2.6159,274.241,104.8367,10383.67
0203,01387000,234.1349,274.241,1.1713,17.13
0203,01387500,310.7986,319.1603,1.0269,2.69
0203,01387890,370.3683,416.7489,1.1252,12.52
0203,01387905,375.5483,416.7489,1.1097,10.97
0203,01387940,383.3182,416.7489,1.0872,8.72
0203,01388000,414.3981,416.7489,1.0057,0.57
0203,01388100,414.3981,416.7489,1.0057,0.57
0203,01388500,919.4458,980.0997,1.066,6.6
0203,01388700,31.8569,980.0997,30.7657,2976.57
0203,01388910,979.0155,980.0997,1.0011,0.11
0203,01389000,981.6055,980.0997,0.9985,-0.15
0203,01389005,1916.5912,1974.1793,1.03,3.0
0203,01389010,1916.5912,1974.1793,1.03,3.0
0203,01389130,3.5483,1974.1793,556.3758,55537.58
0203,01389138,17.7673,1974.1793,111.113,11011.3
0203,01389492,1973.5709,1974.1793,1.0003,0.03
0203,01389500,1973.5709,2064.5838,1.0461,4.61
0203,01389534,11.5254,2064.5838,179.1326,17813.26
0203,01389550,20.2537,2064.5838,101.9361,10093.61
0203,01389765,10.0751,2064.5838,204.9204,20392.04
0203,01389800,2017.6007,2064.5838,1.0233,2.33
0203,01389802,2017.6007,2064.5838,1.0233,2.33
0203,01389890,2084.9404,2285.8742,1.0964,9.64
0203,01390450,28.2309,111.5327,3.9507,295.07
0203,01390500,55.9437,111.5327,1.9937,99.37
0203,01391000,42.4758,52.9852,1.2474,24.74
0203,01391100,52.3178,52.9852,1.0128,1.28
0203,01391102,112.1465,111.5327,0.9945,-0.55
0203,01391500,141.4134,157.9135,1.1167,11.67
0203,01391550,156.4353,157.9135,1.0094,0.94
0203,01392000,11.5254,2285.8742,198.3328,19733.28
0203,01392170,19.9688,2347.2825,117.5474,11654.74
0203,01392210,30.5619,2347.2825,76.8043,7580.43
0203,01392500,30.0439,2422.5794,80.6348,7963.48
0203,01392590,2390.559,2422.5794,1.0134,1.34
0203,01393000,7.5369,57.1947,7.5887,658.87
0203,01393450,43.7708,57.1947,1.3067,30.67
0203,01393500,46.6198,57.1947,1.2268,22.68
0203,01393800,2.1497,83.8014,38.983,3798.3
0203,01393890,13.2348,83.8014,6.3319,533.19
0203,01393895,18.363,83.8014,4.5636,356.36
0203,01394000,18.3889,83.8014,4.5572,355.72
0203,01394500,66.0447,83.8014,1.2689,26.89
0203,01394620,82.8796,83.8014,1.0111,1.11
0203,01395000,105.9305,214.7016,2.0268,102.68
0203,01396000,55.9437,57.2058,1.0226,2.26
0203,01396001,55.9437,57.2058,1.0226,2.26
0203,01396085,12.3024,111.7922,9.087,808.7
0203,01396091,13.1571,111.7922,8.4967,749.67
0203,01396152,5.1023,42.4102,8.312,731.2
0203,01396190,80.2896,111.7922,1.3924,39.24
0203,01396500,169.1262,387.2942,2.29,129.0
0203,01396550,14.6852,107.6588,7.3311,633.11
0203,01396580,29.2669,107.6588,3.6785,267.85
0203,01396582,31.8569,107.6588,3.3795,237.95
0203,01396660,30.5619,107.6588,3.5227,252.27
0203,01396800,106.9665,107.6588,1.0065,0.65
0203,01397000,380.7283,387.2942,1.0172,1.72
0203,01397420,492.0977,644.2261,1.3091,30.91
0203,01397500,5.8016,80.0734,13.802,1280.2
0203,01398000,66.5627,80.0734,1.203,20.3
0203,01398045,5.1282,143.8788,28.0565,2705.65
0203,01398102,686.3468,721.7742,1.0516,5.16
0203,01398107,23.3099,721.7742,30.9643,2996.43
0203,01398500,67.8577,74.116,1.0922,9.22
0203,01398900,105.6715,423.362,4.0064,300.64
0203,01399100,17.2752,423.362,24.5069,2350.69
0203,01399190,19.0882,96.0671,5.0328,403.28
0203,01399200,28.2309,96.0671,3.4029,240.29
0203,01399500,84.9516,96.0671,1.1308,13.08
0203,01399510,5.6462,96.0671,17.0146,1601.46
0203,01399525,3.1598,257.3856,81.4567,8045.67
0203,01399670,29.2669,97.2718,3.3236,232.36
0203,01399690,34.1878,97.2718,2.8452,184.52
0203,01399700,96.0886,97.2718,1.0123,1.23
0203,01399780,258.9988,257.3856,0.9938,-0.62
0203,01399830,450.6579,1211.5325,2.6884,168.84
0203,01400000,492.0977,1211.5325,2.462,146.2
0203,01400010,492.0977,1211.5325,2.462,146.2
0203,01400300,10.8521,1274.8815,117.4784,11647.84
0203,01400350,1.9943,1274.8815,639.2656,63826.56
0203,01400360,19.0882,1274.8815,66.7889,6578.89
0203,01400500,1269.0942,1274.8815,1.0046,0.46
0203,01400510,1287.2241,736.4046,0.5721,-42.79
0203,01400730,170.4212,267.532,1.5698,56.98
0203,01400932,6.5268,127.7095,19.567,1856.7
0203,01400953,1.813,127.7095,70.4413,6944.13
0203,01401000,115.2545,127.7095,1.1081,10.81
0203,01401500,442.888,736.4046,1.6627,66.27
0203,01401600,69.9297,128.4739,1.8372,83.72
0203,01401650,13.8823,56.9624,4.1032,310.32
0203,01401750,593.1073,736.4046,1.2416,24.16
0203,01402000,668.2169,736.4046,1.102,10.2
0203,01402500,683.7569,736.4046,1.077,7.7
0203,01402540,701.8868,736.4046,1.0492,4.92
0203,01402590,0.7511,42.4933,56.575,5557.5
0203,01402600,3.108,42.4933,13.6723,1267.23
0203,01402630,21.6005,42.4933,1.9672,96.72
0203,01402900,743.3266,736.4046,0.9907,-0.93
0203,01403000,2017.6007,2440.7325,1.2097,20.97
0203,01403060,2004.6508,2440.7325,1.2175,21.75
0203,01403150,5.1541,44.9954,8.7301,773.01
0203,01403200,44.5478,44.9954,1.01,1.0
0203,01403385,61.9007,168.5689,2.7232,172.32
0203,01403400,16.1356,168.5689,10.447,944.7
0203,01403500,25.2524,168.5689,6.6754,567.54
0203,01403535,4.0663,168.5689,41.4553,4045.53
0203,01403540,14.2708,168.5689,11.8121,1081.21
0203,01403570,17.8191,168.5689,9.46,846.0
0203,01403600,47.1378,168.5689,3.5761,257.61
0203,01403900,125.3554,168.5689,1.3447,34.47
0203,01404000,126.9094,168.5689,1.3283,32.83
0203,01404100,2263.6496,2440.7325,1.0782,7.82
0203,01404500,75.1097,120.6593,1.6064,60.64
0203,01405000,89.0956,120.6593,1.3543,35.43
0203,01405030,116.2905,120.6593,1.0376,3.76
0203,01405300,113.7005,114.7592,1.0093,0.93
0203,01405400,105.4125,113.6581,1.0782,7.82
0203,01405500,245.0129,347.5235,1.4184,41.84
0203,01406000,20.9012,41.8083,2.0003,100.03
0203,01406050,41.4398,41.8083,1.0089,0.89
0203,01406500,13.5974,347.5235,25.558,2455.8
0203,01407000,15.8248,40.823,2.5797,157.97
0203,01407290,16.6277,126.9691,7.636,663.6
0203,01407500,127.4274,196.9205,1.5454,54.54
0203,01300500,11.6549,74.138,6.3611,536.11
0203,01301000,58.5337,74.138,1.2666,26.66
0203,01301500,14.9701,50.1362,3.3491,234.91
0203,01302000,73.0377,152.885,2.0932,109.32
0203,01302020,99.4555,152.885,1.5372,53.72
0203,01302050,1.7612,34.0331,19.3239,1832.39
0203,01302125,1.3468,34.0331,25.2697,2426.97
0203,01302500,37.2958,64.3764,1.7261,72.61
0203,01303000,22.2221,70.3863,3.1674,216.74
0203,01303500,20.2796,136.3636,6.7242,572.42
0203,01304000,69.9297,110.0327,1.5735,57.35
0203,01304500,193.4721,248.5404,1.2846,28.46
0203,01305000,189.3281,221.6236,1.1706,17.06
0203,01305500,20.9012,406.4102,19.4443,1844.43
0203,01306000,34.7058,47.2041,1.3601,36.01
0203,01306440,42.2168,90.3984,2.1413,114.13
0203,01306460,42.2168,90.3984,2.1413,114.13
0203,01306495,71.6391,90.3984,1.2619,26.19
0203,01306500,63.4547,90.3984,1.4246,42.46
0203,01307000,13.4161,719.5878,53.636,5263.6
0203,01307500,13.5974,54.7721,4.0281,302.81
0203,01308000,58.7927,59.5844,1.0135,1.35
0203,01308500,91.6856,100.2758,1.0937,9.37
0203,01309000,10.0751,72.377,7.1838,618.38
0203,01309500,99.9735,108.6662,1.0869,8.69
0203,01309680,5.8275,203.4212,34.9073,3390.73
0203,01310000,36.8814,458.1888,12.4233,1142.33
0203,01310500,74.3327,84.7857,1.1406,14.06
0203,01311000,26.1589,89.8408,3.4344,243.44
0203,01311500,9.7643,104.4828,10.7005,970.05
0203,01311810,33.4108,104.4828,3.1272,212.72
0203,01374420,27.4539,46.0162,1.6761,67.61
0203,01374440,45.0658,46.0162,1.0211,2.11
0203,01374480,39.1088,49.2417,1.2591,25.91
0203,0137449480,160.8383,171.5794,1.0668,6.68
0203,01374505,210.307,239.3156,1.1379,13.79
0203,01374531,223.775,239.3156,1.0694,6.94
0203,01374559,28.4899,449.3296,15.7716,1477.16
0203,01374581,58.0157,449.3296,7.745,674.5
0203,01374598,10.2046,449.3296,44.0323,4303.23
0203,0137462010,111.1105,449.3296,4.044,304.4
0203,01374654,35.4828,68.7774,1.9383,93.83
0203,01374701,208.235,449.3296,2.1578,115.78
0203,01374781,33.4108,63.4535,1.8992,89.92
0203,01374821,61.6417,63.4535,1.0294,2.94
0203,01374890,44.2888,80.3894,1.8151,81.51
0203,01374901,77.4406,80.3894,1.0381,3.81
0203,01374918,48.4328,139.0022,2.87,187.0
0203,01374930,34.9648,83.7828,2.3962,139.62
0203,01374941,51.0228,83.7828,1.6421,64.21
0203,01374976,7.7959,986.5656,126.5499,12554.99
0203,01374987,45.5838,47.2414,1.0364,3.64
0203,0137499350,19.2177,986.5656,51.3363,5033.63
0203,01375000,979.0155,986.5656,1.0077,0.77
0203,01375500,1.036,986.5656,952.2878,95128.78
0203,01376270,12.1988,1730.6214,141.8677,14086.77
0203,01376275,24.3977,1730.6214,70.9338,6993.38
0203,01376280,27.7129,1730.6214,62.4483,6144.83
0203,01376500,66.3037,67.5982,1.0195,1.95
0203,01376534,4.1958,101.1459,24.1066,2310.66
0203,01376558,3.108,2953.6512,950.3426,94934.26
0203,01376600,34.1878,118.9894,3.4805,248.05
0203,01376800,79.5126,118.9894,1.4965,49.65
0203,01376850,15.255,118.9894,7.8,680.0
0203,01376900,115.5135,118.9894,1.0301,3.01
0203,01377200,10.8521,76.1736,7.0193,601.93
0203,01377300,25.4596,76.1736,2.9919,199.19
0203,01387095,26.9359,114.311,4.2438,324.38
0203,01387250,155.6583,319.1603,2.0504,105.04
0203,01387300,47.1378,47.1785,1.0009,0.09
0203,01387400,225.07,319.1603,1.418,41.8
0203,01387420,240.8689,319.1603,1.325,32.5
0203,01387450,31.8569,67.2429,2.1108,111.08
0203,01387480,53.6128,67.2429,1.2542,25.42
0203,01390200,5.439,111.5327,20.5062,1950.62
0203,01390300,5.9052,111.5327,18.8873,1788.73
0204,01477800,19.3213,26.3875,1.3657,36.57
0204,01478000,53.0948,101.8827,1.9189,91.89
0204,01478040,105.1535,555.5283,5.283,428.3
0204,01478500,172.7522,204.4199,1.1833,18.33
0204,01478650,178.7092,204.4199,1.1439,14.39
0204,01478950,15.255,416.9645,27.3329,2633.29
0204,01479000,230.7679,416.9645,1.8069,80.69
0204,01479197,9.1686,416.9645,45.4777,4447.77
0204,01480000,121.7294,141.1079,1.1592,15.92
0204,01480015,135.7154,141.1079,1.0397,3.97
0204,01480017,2.3051,141.1079,61.2158,6021.58
0204,01480065,559.4374,1456.3114,2.6032,160.32
0204,01480095,13.5715,25.2204,1.8583,85.83
0204,01480100,17.3529,25.2204,1.4534,45.34
0204,01480120,613.8272,1456.3114,2.3725,137.25
0204,01481500,813.2563,839.4447,1.0322,3.22
0204,01482100,28567.5689,35223.7165,1.233,23.3
0204,01482200,6.2678,31.9029,5.09,409.0
0204,01482298,7.9772,32.478,4.0714,307.14
0204,01483153,22.9214,124.3217,5.4238,442.38
0204,01483155,4.4807,124.3217,27.7462,2674.62
0204,01483158,54.1308,124.3217,2.2967,129.67
0204,01483165,4.6361,124.3217,26.8161,2581.61
0204,01483170,12.1211,124.3217,10.2566,925.66
0204,01483200,10.5154,90.5736,8.6135,761.35
0204,01483500,24.2164,73.8915,3.0513,205.13
0204,01483511,45.5838,73.8915,1.621,62.1
0204,01483670,23.2063,99.3039,4.2792,327.92
0204,01483700,82.6206,99.3039,1.2019,20.19
0204,01483740,171.7162,256.4448,1.4934,49.34
0204,01483750,197.8751,256.4448,1.296,29.6
0204,01484000,33.4108,53.9803,1.6157,61.57
0204,01484018,32.1159,50.6079,1.5758,57.58
0204,01484050,7.5369,72.4426,9.6118,861.18
0204,01484080,214.451,253.4925,1.1821,18.21
0204,01484085,269.3588,253.4925,0.9411,-5.89
0204,01484100,7.8218,69.9803,8.9469,794.69
0204,01484270,17.7414,217.4332,12.2557,1125.57
0204,01484300,18.3371,81.3237,4.4349,343.49
0204,01484500,13.5715,161.5355,11.9025,1090.25
0204,01484525,159.8023,161.5355,1.0108,1.08
0204,01484534,13.5456,237.7004,17.5481,1654.81
0204,01484548,35.2238,94.7861,2.691,169.1
0204,01484600,8.9873,84.0558,9.3528,835.28
0204,01484654,17.8709,74.9204,4.1923,319.23
0204,01484668,1.3468,240.7911,178.7884,17778.84
0204,01484689,1.1137,84.0558,75.4747,7447.47
0204,01484695,5.8016,88.9049,15.3243,1432.43
0204,0148471320,16.5241,113.8215,6.8882,588.82
0204,01484719,3.1598,130.3532,41.2538,4025.38
0204,01408000,113.9595,163.9925,1.439,43.9
0204,01408029,163.9462,211.3576,1.2892,28.92
0204,01408120,90.3906,100.1618,1.1081,10.81
0204,01408140,67.3397,179.9298,2.672,167.2
0204,01408150,71.2247,179.9298,2.5262,152.62
0204,01408151,76.4046,179.9298,2.355,135.5
0204,01408500,318.5685,419.6208,1.3172,31.72
0204,01408900,129.2404,141.8914,1.0979,9.79
0204,01409000,138.0464,141.8914,1.0279,2.79
0204,01409095,19.2436,1342.3426,69.7552,6875.52
0204,01409210,52.8358,96.9774,1.8355,83.55
0204,01409280,40.9218,65.3981,1.5981,59.81
0204,01409400,120.9524,215.143,1.7787,77.87
0204,0140940810,27.9719,113.1224,4.0442,304.42
0204,01409416,24.7862,658.9341,26.5847,2558.47
0204,01409500,175.6012,182.8233,1.0411,4.11
0204,01409510,190.6231,182.8233,0.9591,-4.09
0204,01409810,217.818,413.1543,1.8968,89.68
0204,01410000,187.7741,187.0954,0.9964,-0.36
0204,01410150,21.0048,57.0376,2.7155,171.55
0204,01410225,21.3674,77.704,3.6366,263.66
0204,01410500,46.3608,68.2825,1.4729,47.29
0204,01410784,39.1088,80.5492,2.0596,105.96
0204,01410787,4.2476,80.5492,18.9635,1796.35
0204,01410810,20.0465,80.5492,4.0181,301.81
0204,01410820,96.6066,324.7716,3.3618,236.18
0204,01411000,147.8883,324.7716,2.1961,119.61
0204,01411300,79.7716,79.1957,0.9928,-0.72
0204,01411400,5.9311,111.5275,18.8039,1780.39
0204,01411456,25.3042,120.1087,4.7466,374.66
0204,01411485,228.178,467.8537,2.0504,105.04
0204,01411495,32.3749,467.8537,14.4511,1345.11
0204,01411500,290.0787,467.8537,1.6129,61.29
0204,01411800,494.6877,558.1137,1.1282,12.82
0204,01411955,8.2621,50.3653,6.096,509.6
0204,01412000,60.0877,101.4333,1.6881,68.81
0204,01412080,70.9657,93.6799,1.3201,32.01
0204,01412800,72.5197,118.3099,1.6314,63.14
0204,01438399,18.0522,9177.1222,508.3654,50736.54
0204,01439800,59.0517,126.9667,2.1501,115.01
0204,01440000,165.7592,170.6352,1.0294,2.94
0204,01440200,9971.4542,10761.3525,1.0792,7.92
0204,01442750,10748.4507,10761.3525,1.0012,0.12
0204,01442760,9.2204,10761.3525,1167.1296,116612.96
0204,01443250,29.5259,166.8654,5.6515,465.15
0204,01443280,33.6698,166.8654,4.9559,395.59
0204,01443500,326.3385,364.7597,1.1177,11.77
0204,01443900,13.8305,458.7686,33.1707,3217.07
0204,01445000,80.2896,100.5383,1.2522,25.22
0204,01445160,13.2089,213.2009,16.1406,1514.06
0204,01445430,239.5739,405.1808,1.6913,69.13
0204,01445500,274.5387,405.1808,1.4759,47.59
0204,01445900,26.4179,94.1621,3.5643,256.43
0204,01446000,95.0526,94.1621,0.9906,-0.94
0204,01446500,11745.5961,15749.4411,1.3409,34.09
0204,01446995,12216.9739,15749.4411,1.2891,28.91
0204,01455030,5.3095,16470.6273,3102.1194,310111.94
0204,01455090,24.838,16470.6273,663.1225,66212.25
0204,01455120,4.662,58.1748,12.4786,1147.86
0204,01455135,23.8279,58.1748,2.4415,144.15
0204,01455145,38.0728,58.1748,1.528,52.8
0204,01455149,4.8174,58.1748,12.076,1107.6
0204,01455160,6.0606,58.1748,9.5989,859.89
0204,01455200,86.2466,148.2157,1.7185,71.85
0204,01455240,15.9025,148.2157,9.3203,832.03
0204,01455290,144.7803,148.2157,1.0237,2.37
0204,01455355,4.4548,94.1268,21.1294,2012.94
0204,01455500,65.5267,94.1268,1.4365,43.65
0204,01456000,178.4502,211.8296,1.1871,18.71
0204,01456050,190.3641,211.8296,1.1128,11.28
0204,01456060,4.144,211.8296,51.1174,5011.74
0204,01456550,295.2586,402.8916,1.3645,36.45
0204,01457000,365.1883,402.8916,1.1032,10.32
0204,01457400,404.0381,402.8916,0.9972,-0.28
0204,01457500,16389.4448,16470.6273,1.005,0.5
0204,01458500,16627.7237,16745.567,1.0071,0.71
0204,01460860,21.9113,61.0053,2.7842,178.42
0204,01460880,59.3107,61.0053,1.0286,2.86
0204,01461300,68.8937,69.1064,1.0031,0.31
0204,01461500,17238.9609,17302.4555,1.0037,0.37
0204,01462000,17301.1206,17406.0342,1.0061,0.61
0204,01462500,17443.5699,17503.0732,1.0034,0.34
0204,01463500,17560.1194,17803.6437,1.0139,1.39
0204,01463587,17.1716,92.0545,5.3609,436.09
0204,01463620,88.8366,92.0545,1.0362,3.62
0204,01463657,2.0202,238.1252,117.8726,11687.26
0204,01463690,10.3082,238.1252,23.1007,2210.07
0204,01463740,10.3341,238.1252,23.0428,2204.28
0204,01463850,27.7129,34.2529,1.236,23.6
0204,01463882,204.0911,238.1252,1.1668,16.68
0204,01464000,234.6529,238.1252,1.0148,1.48
0204,01464020,236.7249,238.1252,1.0059,0.59
0204,01464040,17793.2183,18371.6656,1.0325,3.25
0204,01464290,60.8647,67.1134,1.1027,10.27
0204,01464330,11.7844,67.1134,5.6951,469.51
0204,01464500,211.084,220.3194,1.0438,4.38
0204,01464504,253.8188,374.4994,1.4755,47.55
0204,01464515,45.0658,68.2545,1.5146,51.46
0204,01464525,2.1756,374.4994,172.1369,17113.69
0204,01464527,23.0768,61.0891,2.6472,164.72
0204,01464529,11.4218,61.0891,5.3484,434.84
0204,01464578,7.3038,119.4326,16.3522,1535.22
0204,01465806,5.1541,88.1588,17.1047,1610.47
0204,01465847,29.2669,434.6023,14.8496,1384.96
0204,01465850,167.0542,434.6023,2.6016,160.16
0204,01465854,171.9752,434.6023,2.5271,152.71
0204,01465870,51.7998,121.6526,2.3485,134.85
0204,0146587310,38.5908,121.6526,3.1524,215.24
0204,01465880,122.2474,198.129,1.6207,62.07
0204,01465900,196.8391,198.129,1.0066,0.66
0204,01465950,34.9648,323.2588,9.2453,824.53
0204,01465965,4.8433,323.2588,66.7438,6574.38
0204,01465980,83.3976,323.2588,3.8761,287.61
0204,01465991,29.2669,70.3539,2.4039,140.39
0204,01465995,4.8433,70.3539,14.5261,1352.61
0204,01466000,7.3038,70.3539,9.6326,863.26
0204,01466100,73.5557,193.6984,2.6334,163.34
0204,01466200,64.4907,193.6984,3.0035,200.35
0204,01466500,6.0865,193.6984,31.8244,3082.44
0204,01466600,14.1931,193.6984,13.6473,1264.73
0204,01466800,35.4828,193.6984,5.4589,445.89
0204,01466900,201.7601,193.6984,0.96,-4.0
0204,01466950,297.8486,323.2588,1.0853,8.53
0204,01467000,305.6186,323.2588,1.0577,5.77
0204,01467002,326.3385,383.0836,1.1739,17.39
0204,01467003,341.8784,383.0836,1.1205,12.05
0204,01467005,362.5983,383.0836,1.0565,5.65
0204,01467016,846.9261,901.8272,1.0648,6.48
0204,01467019,10.6708,901.8272,84.5139,8351.39
0204,01467021,23.6207,901.8272,38.1795,3717.95
0204,01467024,888.3659,901.8272,1.0152,1.52
0204,01467081,23.2581,91.6541,3.9407,294.07
0204,01467150,44.0298,105.2562,2.3906,139.06
0204,01467359,48.6918,50.4327,1.0358,3.58
0204,01475001,16.1615,129.9119,8.0383,703.83
0204,01476600,10.3082,26979.7159,2617.3182,261631.82
0204,01477070,10.9556,118.1338,10.7829,978.29
0204,01477120,69.6707,118.1338,1.6956,69.56
0204,01477500,47.9148,27138.6715,566.3946,56539.46
0204,01482500,37.8138,149.2381,3.9467,294.67
0204,01482530,7.8736,149.2381,18.9543,1795.43
0204,01483000,52.5768,90.5558,1.7224,72.24
0204,01413088,34.9648,178.9401,5.1177,411.77
0204,01413398,120.9524,122.2005,1.0103,1.03
0204,01413408,212.897,213.1393,1.0011,0.11
0204,01413500,422.1681,551.7149,1.3069,30.69
0204,01414000,90.3906,91.4479,1.0117,1.17
0204,01414500,65.2677,65.4997,1.0036,0.36
0204,01415000,85.9876,97.0707,1.1289,12.89
0204,01415460,20.4868,83.2804,4.0651,306.51
0204,01415500,35.2238,83.2804,2.3643,136.43
0204,01416500,72.5197,83.2804,1.1484,14.84
0204,01417000,963.4756,1128.2158,1.171,17.1
0204,01417500,1186.2146,1971.8705,1.6623,66.23
0204,01418000,105.6715,129.4494,1.225,22.5
0204,01418500,212.12,593.9361,2.8,180.0
0204,01419000,106.7075,242.8423,2.2758,127.58
0204,01419500,162.1333,242.8423,1.4978,49.78
0204,01420000,52.0588,78.3288,1.5046,50.46
0204,01420500,624.1871,774.5181,1.2408,24.08
0204,01420980,1983.9309,2066.4462,1.0416,4.16
0204,01421000,2030.5507,2066.4462,1.0177,1.77
0204,01421500,2173.0,2174.8982,1.0009,0.09
0204,01421610,41.4398,83.2452,2.0088,100.88
0204,01421614,1.9684,83.2452,42.291,4129.1
0204,01421618,37.0368,83.2452,2.2476,124.76
0204,01421900,347.0584,508.9688,1.4665,46.65
0204,01422000,367.7783,508.9688,1.3839,38.39
0204,01422389,1.9684,135.0188,68.5935,6759.35
0204,01422500,128.9814,135.0188,1.0468,4.68
0204,01422700,663.037,786.8427,1.1867,18.67
0204,01422738,1.5799,64.8152,41.025,4002.5
0204,01422747,63.9727,64.8152,1.0132,1.32
0204,01422779,57.7567,913.6137,15.8183,1481.83
0204,01423000,859.8761,913.6137,1.0625,6.25
0204,01423500,20.9789,1178.4524,56.1732,5517.32
0204,01424000,51.7998,128.1398,2.4738,147.38
0204,0142400103,52.3178,128.1398,2.4493,144.93
0204,01424108,3.367,128.1398,38.0577,3705.77
0204,01424500,128.2044,128.1398,0.9995,-0.05
0204,01424998,1181.0346,1490.0632,1.2617,26.17
0204,01425000,1181.0346,1490.0632,1.2617,26.17
0204,01425500,3.8591,79.6173,20.6311,1963.11
0204,01425642,21.9113,1490.0632,68.0043,6700.43
0204,01425675,12.147,90.2238,7.4276,642.76
0204,01425805,150.7373,174.7936,1.1596,15.96
0204,01426000,175.0832,174.7936,0.9983,-0.17
0204,01426500,1541.0429,1585.1905,1.0286,2.86
0204,01427000,1683.4923,1726.4023,1.0255,2.55
0204,01427301,4320.1002,4432.2991,1.026,2.6
0204,01427405,4423.6997,4432.2991,1.0019,0.19
0204,01427500,284.8987,290.0577,1.0181,1.81
0204,01428000,118.1035,125.958,1.0665,6.65
0204,01428500,5231.776,5255.0399,1.0044,0.44
0204,01432900,198.3931,306.5509,1.5452,54.52
0204,01433005,300.4386,539.7145,1.7964,79.64
0204,01433500,517.9976,539.7145,1.0419,4.19
0204,0143400680,23.1286,160.4811,6.9386,593.86
0204,01434013,48.1738,160.4811,3.3313,233.13
0204,01434017,59.3107,160.4811,2.7058,170.58
0204,01434021,2.1497,89.1541,41.473,4047.3
0204,0143402265,20.435,89.1541,4.3628,336.28
0204,01434025,9.6348,89.1541,9.2534,825.34
0204,01434072,0.8029,89.1541,111.0406,11004.06
0204,01434073,0.6216,89.1541,143.4274,14242.74
0204,01434076,1.036,89.1541,86.0565,8505.65
0204,01434080,0.259,89.1541,344.2258,34322.58
0204,01434084,0.3108,89.1541,286.8548,28585.48
0204,01434086,0.3367,89.1541,264.7891,26378.91
0204,01434087,0.3367,89.1541,264.7891,26378.91
0204,01434092,1.5281,89.1541,58.3434,5734.34
0204,01434105,7.0966,89.1541,12.563,1156.3
0204,01434176,65.5267,89.1541,1.3606,36.06
0204,01434498,87.5416,89.1541,1.0184,1.84
0204,01434500,160.5793,239.3198,1.4904,49.04
0204,01435000,172.4932,239.3198,1.3874,38.74
0204,01435500,177.9322,239.3198,1.345,34.5
0204,01436000,239.8329,437.6573,1.8248,82.48
0204,01436500,292.6687,437.6573,1.4954,49.54
0204,01436655,73.5557,78.4813,1.067,6.7
0204,01436690,442.888,790.5951,1.7851,78.51
0204,01437000,577.5673,790.5951,1.3688,36.88
0204,01437100,26.6769,64.0832,2.4022,140.22
0204,01437349,164.9822,187.6479,1.1374,13.74
0204,01437400,182.0762,187.6479,1.0306,3.06
0204,01437500,795.1263,903.6469,1.1365,13.65
0204,01427195,121.4704,148.8232,1.2252,22.52
0204,01427207,4118.0811,4324.1244,1.05,5.0
0204,01427510,4713.7784,4785.6004,1.0152,1.52
0204,01427650,18.1817,55.6169,3.0589,205.89
0204,01428750,105.1535,238.6591,2.2696,126.96
0204,01429000,154.6223,238.6591,1.5435,54.35
0204,01429301,120.1754,419.8787,3.4939,249.39
0204,01429500,167.3132,419.8787,2.5095,150.95
0204,01430000,424.7581,745.3947,1.7549,75.49
0204,01430500,533.5376,745.3947,1.3971,39.71
0204,01431000,203.0551,212.812,1.0481,4.81
0204,01431500,751.0966,745.3947,0.9924,-0.76
0204,01431620,1.7612,174.7463,99.2204,9822.04
0204,01431673,40.4038,41.6964,1.032,3.2
0204,01431683,0.8806,588.4458,668.2358,66723.58
0204,01431685,21.1861,588.4458,27.7751,2677.51
0204,01432000,590.5173,588.4458,0.9965,-0.35
0204,01432055,1403.7736,1547.4149,1.1023,10.23
0204,01432110,1525.503,1547.4149,1.0144,1.44
0204,01432160,6886.7784,7312.2413,1.0618,6.18
0204,01432495,192.9541,221.0875,1.1458,14.58
0204,01432805,7303.7665,7312.2413,1.0012,0.12
0204,01434000,7966.8034,8868.7781,1.1132,11.32
0204,01438302,13.5197,9177.1222,678.7944,67779.44
0204,01438396,63.4547,63.3173,0.9978,-0.22
0204,01438500,9013.1586,9177.1222,1.0182,1.82
0204,01438712,55.9437,62.7608,1.1219,12.19
0204,01438890,33.9288,43.7586,1.2897,28.97
0204,01439400,24.1905,9695.3046,400.7899,39978.99
0204,01439500,303.0286,408.6858,1.3487,34.87
0204,01439590,18.8292,85.4006,4.5355,353.55
0204,01439680,84.4336,85.4006,1.0115,1.15
0204,01440090,9919.6545,10761.3525,1.0849,8.49
0204,01440272,14.9183,107.8231,7.2276,622.76
0204,01440304,108.2615,295.1482,2.7263,172.63
0204,01440400,170.6802,295.1482,1.7292,72.92
0204,01440485,17.068,112.5245,6.5927,559.27
0204,01441000,169.1262,297.9912,1.7619,76.19
0204,01441495,100.7505,128.0985,1.2714,27.14
0204,01441500,106.1895,128.0985,1.2063,20.63
0204,01442500,670.8069,743.2499,1.108,10.8
0204,01446600,26.9359,115.2975,4.2804,328.04
0204,01446700,12007.1849,15749.4411,1.3117,31.17
0204,01446775,80.5486,127.2096,1.5793,57.93
0204,01446776,80.5486,127.2096,1.5793,57.93
0204,01447120,46.1018,156.1659,3.3874,238.74
0204,01447500,237.5019,806.9583,3.3977,239.77
0204,01447530,58.7927,197.2662,3.3553,235.53
0204,01447550,2.4864,67.789,27.264,2626.4
0204,01447680,51.7998,81.9377,1.5818,58.18
0204,01447720,305.6186,333.9533,1.0927,9.27
0204,01447800,751.0966,806.9583,1.0744,7.44
0204,01448000,833.9762,1168.7146,1.4014,40.14
0204,01448500,6.1901,99.3386,16.048,1504.8
0204,01449000,1530.683,1628.4618,1.0639,6.39
0204,01449360,129.2404,287.1069,2.2215,122.15
0204,01449500,43.5118,60.3898,1.3879,38.79
0204,01449800,249.6749,287.1069,1.1499,14.99
0204,01450000,282.3087,287.1069,1.017,1.7
0204,01450020,287.4887,287.1069,0.9987,-0.13
0204,01450500,198.6521,202.6558,1.0202,2.02
0204,01451000,2302.4994,2436.6385,1.0583,5.83
0204,01451380,55.1667,177.149,3.2112,221.12
0204,01451400,61.3827,61.3959,1.0002,0.02
0204,01451420,132.6074,177.149,1.3359,33.59
0204,01451467,10.3082,491.2792,47.6593,4665.93
0204,01451500,209.271,491.2792,2.3476,134.76
0204,01451630,37.5548,491.2792,13.0817,1208.17
0204,01451650,254.3368,491.2792,1.9316,93.16
0204,01451800,137.2694,213.0813,1.5523,55.23
0204,01452000,196.3211,213.0813,1.0854,8.54
0204,01452300,13.8564,40.7958,2.9442,194.42
0204,01452500,115.2545,127.4747,1.106,10.6
0204,01453000,3312.5948,3524.1458,1.0639,6.39
0204,01453500,31.3389,149.849,4.7816,378.16
0204,01454000,26.6769,149.849,5.6172,461.72
0204,01454500,68.8937,149.849,2.1751,117.51
0204,01454700,3519.7938,3524.1458,1.0012,0.12
0204,01454720,3532.7438,3524.1458,0.9976,-0.24
0204,01457790,76.1457,76.5436,1.0052,0.52
0204,01458900,38.0728,62.3129,1.6367,63.67
0204,01458920,62.1597,62.3129,1.0025,0.25
0204,01459500,252.2648,289.8416,1.149,14.9
0204,01460000,277.1287,17302.4555,62.4347,6143.47
0204,01460200,17016.2219,17302.4555,1.0168,1.68
0204,01460800,16.809,17302.4555,1029.3552,102835.52
0204,01462100,31.3389,17406.0342,555.4138,55441.38
0204,01463450,17560.1194,17803.6437,1.0139,1.39
0204,01464600,18552.0848,19210.8198,1.0355,3.55
0204,01464645,41.9578,81.7651,1.9487,94.87
0204,01464710,30.0439,81.7651,2.7215,172.15
0204,01464720,81.5846,81.7651,1.0022,0.22
0204,01464741,7.9772,346.4091,43.4251,4242.51
0204,01464750,235.6889,346.4091,1.4698,46.98
0204,01464899,30.0439,111.4978,3.7112,271.12
0204,01464907,69.4117,111.4978,1.6063,60.63
0204,01464930,11.2405,111.4978,9.9193,891.93
0204,01464984,103.7549,111.4978,1.0746,7.46
0204,01465000,347.0584,435.6629,1.2553,25.53
0204,01465050,36.2598,435.6629,12.015,1101.5
0204,01465200,406.6281,435.6629,1.0714,7.14
0204,01465770,13.1571,55.9089,4.2493,324.93
0204,01465780,34.1878,55.9089,1.6353,63.53
0204,01465785,5.6203,55.9089,9.9477,894.77
0204,01465790,13.8305,55.9089,4.0424,304.24
0204,01465798,55.4257,55.9089,1.0087,0.87
0204,014670261,20201.9073,20353.4725,1.0075,0.75
0204,01467031,9.0132,71.2749,7.9079,690.79
0204,01467036,11.2923,71.2749,6.3118,531.18
0204,01467039,57.4977,71.2749,1.2396,23.96
0204,01467040,61.4863,71.2749,1.1592,15.92
0204,014670413,91.4266,145.1618,1.5877,58.77
0204,01467042,98.1605,145.1618,1.4788,47.88
0204,01467043,3.108,145.1618,46.7061,4570.61
0204,01467045,110.8515,145.1618,1.3095,30.95
0204,01467048,128.9814,145.1618,1.1254,12.54
0204,01467049,2.7454,145.1618,52.8748,5187.48
0204,01467050,8.6765,145.1618,16.7305,1573.05
0204,01467083,13.5974,82.9721,6.102,510.2
0204,01467084,2.9785,82.9721,27.8571,2685.71
0204,0146708450,24.4754,82.9721,3.39,239.0
0204,01467085,3.0303,82.9721,27.3809,2638.09
0204,01467086,43.2528,82.9721,1.9183,91.83
0204,01467089,87.5416,82.9721,0.9478,-5.22
0204,01467200,20701.775,20819.9158,1.0057,0.57
0204,01467470,70.1887,320.6116,4.5679,356.79
0204,01467471,70.4477,65.9841,0.9366,-6.34
0204,01467492,66.0447,65.9841,0.9991,-0.09
0204,01467500,138.3054,320.6116,2.3181,131.81
0204,01467688,44.2888,140.1783,3.1651,216.51
0204,01467752,62.4187,140.1783,2.2458,124.58
0204,01467861,48.1738,48.3756,1.0042,0.42
0204,01467950,135.9744,140.1783,1.0309,3.09
0204,01468500,344.4684,885.6642,2.5711,157.11
0204,01469000,414.3981,885.6642,2.1372,113.72
0204,01469500,111.1105,114.6622,1.032,3.2
0204,01469700,170.1622,265.6124,1.5609,56.09
0204,01470000,315.9785,354.3222,1.1213,12.13
0204,01470500,919.4458,1658.6717,1.804,80.4
0204,01470720,19.3213,405.0599,20.9644,1996.44
0204,01470729,14.7629,143.0546,9.6901,869.01
0204,01470736,52.8358,143.0546,2.7075,170.75
0204,01470755,406.6281,559.4076,1.3757,37.57
0204,01470756,411.8081,559.4076,1.3584,35.84
0204,01470761,502.4577,559.4076,1.1133,11.33
0204,01470779,182.3352,232.2071,1.2735,27.35
0204,01470853,10.8262,80.5209,7.4376,643.76
0204,01470960,453.2479,569.6223,1.2568,25.68
0204,01471000,546.4875,569.6223,1.0423,4.23
0204,01471500,2279.1895,2586.7136,1.1349,13.49
0204,01471510,2279.1895,2586.7136,1.1349,13.49
0204,01471520,40.4038,40.6569,1.0063,0.63
0204,01471667,48.4328,57.2649,1.1824,18.24
0204,01471700,17.3011,66.7154,3.8561,285.61
0204,01471710,6.4491,66.7154,10.345,934.5
0204,01471800,24.8898,61.013,2.4513,145.13
0204,01471835,23.5171,61.013,2.5944,159.44
0204,01471845,24.061,237.0029,9.8501,885.01
0204,01471875,147.3703,237.0029,1.6082,60.82
0204,01471900,159.5433,237.0029,1.4855,48.55
0204,01471980,221.444,237.0029,1.0703,7.03
0204,01472000,2970.7164,3091.1497,1.0405,4.05
0204,01472100,36.2598,37.5592,1.0358,3.58
0204,01472104,3079.4959,3091.1497,1.0038,0.38
0204,014721254,7.4851,59.4352,7.9405,694.05
0204,014721259,4.3253,59.4352,13.7413,1274.13
0204,01472157,153.0683,180.9457,1.1821,18.21
0204,01472174,15.4881,100.5403,6.4914,549.14
0204,01472186,2.7454,100.5403,36.6216,3562.16
0204,014721884,71.2247,100.5403,1.4116,41.16
0204,01472198,98.4195,535.7652,5.4437,444.37
0204,01472199,59.5697,61.6365,1.0347,3.47
0204,01472280,45.0658,44.9696,0.9979,-0.21
0204,01472500,393.6782,535.7652,1.3609,36.09
0204,01472620,10.4895,157.7788,15.0417,1404.17
0204,01472810,152.0323,157.7788,1.0378,3.78
0204,01473000,722.6067,936.9695,1.2967,29.67
0204,01473120,139.0824,144.3056,1.0376,3.76
0204,01473169,53.8718,60.4268,1.1217,12.17
0204,01473470,52.8358,54.8553,1.0382,3.82
0204,01473500,4558.3791,4559.0484,1.0001,0.01
0204,01473800,4713.7784,4862.5012,1.0316,3.16
0204,01473870,3.0562,164.8098,53.9266,5292.66
0204,01473900,105.6715,164.8098,1.5596,55.96
0204,01473950,138.8234,164.8098,1.1872,18.72
0204,01473980,153.3273,164.8098,1.0749,7.49
0204,01474000,165.7592,164.8098,0.9943,-0.57
0204,01474500,4902.8475,4948.1121,1.0092,0.92
0204,01474501,4895.0775,4948.1121,1.0108,1.08
0204,01474703,25824.7714,26361.5302,1.0208,2.08
0204,01475300,13.3384,197.3048,14.7922,1379.22
0204,01475430,40.6628,197.3048,4.8522,385.22
0204,01475530,12.3801,57.586,4.6515,365.15
0204,01475540,24.9934,57.586,2.304,130.4
0204,01475543,32.3749,57.586,1.7787,77.87
0204,01475545,2.849,57.586,20.2128,1921.28
0204,014755456,4.403,57.586,13.0789,1207.89
0204,01475548,51.5408,57.586,1.1173,11.73
0204,01475550,56.9797,57.586,1.0106,1.06
0204,01475553,162.1333,197.3048,1.2169,21.69
0204,01475845,32.3749,99.5132,3.0738,207.38
0204,01475850,40.9218,99.5132,2.4318,143.18
0204,01476000,86.2466,99.5132,1.1538,15.38
0204,01476030,2.9785,99.5132,33.4107,3241.07
0204,01476470,70.7067,97.8315,1.3836,38.36
0204,01476480,78.9946,97.8315,1.2385,23.85
0204,01476500,82.6206,97.8315,1.1841,18.41
0204,01476950,46.6198,49.4467,1.0606,6.06
0204,01477000,158.2483,171.7613,1.0854,8.54
0204,01477050,26676.8775,26979.7159,1.0114,1.14
0204,01478100,7.2261,86.8513,12.0192,1101.92
0204,01478120,29.2669,86.8513,2.9676,196.76
0204,01478137,3.4706,86.8513,25.025,2402.5
0204,01478185,12.1211,35.3012,2.9124,191.24
0204,01478200,32.8928,35.3012,1.0732,7.32
0204,01478220,25.6927,25.7222,1.0012,0.12
0204,01478245,153.3273,204.4199,1.3332,33.32
0204,01479676,0.0777,45.4283,584.666,58366.6
0204,01479678,0.1813,45.4283,250.5712,24957.12
0204,01479800,26.4179,71.5023,2.7066,170.66
0204,01479820,73.2967,141.1079,1.9252,92.52
0204,01480300,48.4328,163.1465,3.3685,236.85
0204,01480400,11.7844,163.1465,13.8442,1284.42
0204,01480500,118.6215,163.1465,1.3754,37.54
0204,01480617,142.4493,163.1465,1.1453,14.53
0204,014806318,29.0079,56.1031,1.9341,93.41
0204,01480637,1.554,668.6503,430.2789,42927.89
0204,01480638,16.55,668.6503,40.4018,3940.18
0204,01480650,16.0579,211.6599,13.181,1218.1
0204,01480675,22.1962,52.5679,2.3683,136.83
0204,01480680,46.1018,52.5679,1.1403,14.03
0204,01480685,52.5768,52.5679,0.9998,-0.02
0204,01480700,156.9533,211.6599,1.3486,34.86
0204,01480775,42.7348,46.5006,1.0881,8.81
0204,01480800,211.343,319.2844,1.5107,51.07
0204,01480870,232.8399,319.2844,1.3713,37.13
0204,01480878,6.8376,53.4916,7.8232,682.32
0204,01480887,37.5548,53.4916,1.4244,42.44
0204,01480890,41.4398,53.4916,1.2908,29.08
0204,01481000,743.3266,745.2344,1.0026,0.26
0205,01578000,42.4758,104.2309,2.4539,145.39
0205,01578310,70188.6778,70246.1474,1.0008,0.08
0205,01578475,458.4279,458.1844,0.9995,-0.05
0205,01578500,499.8677,544.4585,1.0892,8.92
0205,01579000,13.7528,544.4585,39.5888,3858.88
0205,01579500,543.8975,544.4585,1.001,0.1
0205,01579550,70706.6754,70246.1474,0.9935,-0.65
0205,01579905,158.7663,238.2613,1.5007,50.07
0205,01580000,244.4949,336.6404,1.3769,37.69
0205,01580200,323.7485,336.6404,1.0398,3.98
0205,01580500,365.1883,442.3977,1.2114,21.14
0205,01580520,424.7581,442.3977,1.0415,4.15
0205,01496500,264.1788,266.0503,1.0071,0.71
0205,01497000,210.825,237.3826,1.126,12.6
0205,01497500,903.9059,1703.3739,1.8845,88.45
0205,01498500,432.528,456.4309,1.0553,5.53
0205,01498620,1756.0119,2047.8521,1.1662,16.62
0205,01499000,279.7187,282.4197,1.0097,0.97
0205,01499050,10.9297,2184.3867,199.857,19885.7
0205,01499470,23.6207,70.2993,2.9762,197.62
0205,01500000,266.7688,283.3845,1.0623,6.23
0205,01500500,2543.3683,4113.8757,1.6175,61.75
0205,01501000,515.4076,898.252,1.7428,74.28
0205,01501015,12.0175,898.252,74.745,7374.5
0205,01501500,1.5799,67.4008,42.6616,4166.16
0205,01502000,154.6223,202.2646,1.3081,30.81
0205,01502500,1346.7938,1453.7118,1.0794,7.94
0205,01502632,4169.8809,4455.6121,1.0685,6.85
0205,01502731,4713.7784,4858.4775,1.0307,3.07
0205,01503000,5780.8535,5823.9287,1.0075,0.75
0205,01503500,5912.9429,5922.6116,1.0016,0.16
0205,01505000,681.1669,745.7781,1.0949,9.49
0205,01505500,149.9603,160.3929,1.0696,6.96
0205,01505810,1186.2146,1196.8607,1.009,0.9
0205,01507000,1535.8629,1823.5851,1.1873,18.73
0205,01507470,18.2853,211.183,11.5493,1054.93
0205,01507500,213.156,269.9287,1.2663,26.63
0205,01507975,6.9153,312.2101,45.1479,4414.79
0205,01508000,8.1844,36.7554,4.4909,349.09
0205,01508500,17.6378,502.2994,28.4785,2747.85
0205,01508803,185.1841,260.6584,1.4076,40.76
0205,01508962,37.0368,38.6243,1.0429,4.29
0205,01509000,756.2765,999.5215,1.3216,32.16
0205,01509150,26.9359,41.6515,1.5463,54.63
0205,01509520,1173.2646,1855.4755,1.5815,58.15
0205,01510000,380.7283,515.9709,1.3552,35.52
0205,01510500,562.0274,668.7647,1.1899,18.99
0205,01511500,1890.6913,1977.3066,1.0458,4.58
0205,01512500,3840.9524,4160.2353,1.0831,8.31
0205,01513500,10207.1431,10663.891,1.0447,4.47
0205,01513719,33.1518,120.5295,3.6357,263.57
0205,01513720,39.8858,120.5295,3.0219,202.19
0205,01513790,234.9119,293.9825,1.2515,25.15
0205,01513831,10919.3899,11838.0791,1.0841,8.41
0205,01513840,22.248,11838.0791,532.0964,53109.64
0205,01514000,479.1478,890.1916,1.8579,85.79
0205,01514500,20.7976,71.6404,3.4446,244.46
0205,01520500,1996.8808,3585.8819,1.7957,79.57
0205,01521500,79.2536,138.3679,1.7459,74.59
0205,01522000,242.6819,727.6897,2.9985,199.85
0205,01522500,70.9657,71.543,1.0081,0.81
0205,01523500,149.9603,153.4891,1.0235,2.35
0205,01524500,409.2181,727.6897,1.7782,77.82
0205,01525000,246.8259,247.9804,1.0047,0.47
0205,01525500,880.596,925.058,1.0505,5.05
0205,01525750,24.4236,133.2091,5.4541,445.41
0205,01525981,264.1788,332.1727,1.2574,25.74
0205,01526000,295.2586,332.1727,1.125,12.5
0205,01526495,13.1053,3585.8819,273.6199,27261.99
0205,01526500,3566.4136,3585.8819,1.0055,0.55
0205,01526980,12.0434,343.0601,28.4852,2748.52
0205,01527000,135.1974,343.0601,2.5375,153.75
0205,01527050,9.0132,343.0601,38.0621,3706.21
0205,01527500,393.6782,504.1065,1.2805,28.05
0205,01528000,173.0112,177.6781,1.027,2.7
0205,01528320,818.4362,923.9757,1.129,12.9
0205,01529000,198.3931,210.3689,1.0604,6.04
0205,01529500,1217.2944,1542.7289,1.2673,26.73
0205,01529950,5195.5161,5285.5284,1.0173,1.73
0205,01530332,5599.5543,6197.7809,1.1068,10.68
0205,01530380,53.3538,132.5117,2.4836,148.36
0205,01530500,200.7241,206.3902,1.0282,2.82
0205,01531000,6490.5102,6677.7143,1.0288,2.88
0205,01513550,47.9148,50.6469,1.057,5.7
0205,01514850,147.3703,189.574,1.2864,28.64
0205,01515000,12362.0133,12744.6853,1.031,3.1
0205,01515050,12354.2433,12787.249,1.035,3.5
0205,01516350,396.2682,1088.8748,2.7478,174.78
0205,01516500,31.5979,59.0189,1.8678,86.78
0205,01517000,26.4179,71.6566,2.7124,171.24
0205,01518000,730.3766,1088.8748,1.4908,49.08
0205,01518420,192.4361,258.328,1.3424,34.24
0205,01518500,315.9785,338.4716,1.0712,7.12
0205,01518700,1155.1347,1973.1026,1.7081,70.81
0205,01518862,234.6529,518.2988,2.2088,120.88
0205,01519200,608.6472,692.3597,1.1375,13.75
0205,01520000,771.8165,778.7835,1.009,0.9
0205,01531250,22.8696,70.2367,3.0712,207.12
0205,01531325,242.4229,302.2412,1.2468,24.68
0205,01531500,20194.1373,21234.8896,1.0515,5.15
0205,015319015,46.1018,72.0125,1.562,56.2
0205,01531908,290.0787,718.9694,2.4785,147.85
0205,01532000,556.8474,718.9694,1.2911,29.11
0205,01532850,14.6852,71.5607,4.873,387.3
0205,01533400,22584.6963,23013.2495,1.019,1.9
0205,01533500,91.1676,103.5329,1.1356,13.56
0205,01533800,19.1141,54.1239,2.8316,183.16
0205,01533950,32.6339,92.6922,2.8404,184.04
0205,01534000,991.9654,1070.716,1.0794,7.94
0205,01534090,24449.4878,24470.2837,1.0009,0.09
0205,01534300,100.4915,225.237,2.2414,124.14
0205,01534500,279.7187,312.3092,1.1165,11.65
0205,01534860,450.6579,840.1114,1.8642,86.42
0205,01535500,683.7569,840.1114,1.2287,22.87
0205,01536000,859.8761,899.7922,1.0464,4.64
0205,01536500,25796.2816,25970.5604,1.0068,0.68
0205,01537000,83.9156,94.5111,1.1263,12.63
0205,01537500,40.6628,47.125,1.1589,15.89
0205,01537524,3.4188,19.6201,5.7389,473.89
0205,01537535,10.4377,19.6201,1.8797,87.97
0205,01537544,7.6146,19.6201,2.5767,157.67
0205,01537560,18.881,36.2028,1.9174,91.74
0205,01538000,113.4415,135.4255,1.1938,19.38
0205,01538500,126.9094,452.6554,3.5668,256.68
0205,01538700,27350.2744,28733.7471,1.0506,5.06
0205,01538720,137.7874,297.1095,2.1563,115.63
0205,01538960,274.5387,294.0137,1.0709,7.09
0205,01539000,709.6567,997.6349,1.4058,40.58
0205,01539200,4.4548,997.6349,223.9471,22294.71
0205,01539210,5.1541,997.6349,193.5623,19256.23
0205,01539500,146.3343,176.7589,1.2079,20.79
0205,01540008,28230.8704,28733.7471,1.0178,1.78
0205,01540200,4.5843,43.2523,9.4349,843.49
0205,01540500,29059.6666,29048.7946,0.9996,-0.04
0205,01541000,815.8463,908.5338,1.1136,11.36
0205,01541200,950.5256,2314.5236,2.435,143.5
0205,01541248,198.1341,201.3678,1.0163,1.63
0205,01541303,1227.6544,2314.5236,1.8853,88.53
0205,01541308,17.5342,146.9808,8.3825,738.25
0205,01541490,118.3625,115.0714,0.9722,-2.78
0205,01541500,960.8856,1018.3285,1.0598,5.98
0205,01541880,1.3727,3870.372,2819.5452,281854.52
0205,01542000,178.1912,465.5541,2.6127,161.27
0205,01542500,3786.5626,3870.372,1.0221,2.21
0205,01542810,13.5715,48.8933,3.6026,260.26
0205,01543000,704.4768,824.0655,1.1698,16.98
0205,01543500,1774.1419,2679.3148,1.5102,51.02
0205,01543693,127.4274,141.8919,1.1135,11.35
0205,01543700,471.3778,561.6323,1.1915,19.15
0205,01544000,634.5471,693.4311,1.0928,9.28
0205,01544500,352.2384,494.2707,1.4032,40.32
0205,01545000,603.4672,638.4927,1.058,5.8
0205,01545500,7705.2146,7799.1861,1.0122,1.22
0205,01545600,119.6575,227.7107,1.903,90.3
0205,01545800,8663.5102,10857.7031,1.2533,25.33
0205,01546000,308.2086,878.0576,2.8489,184.89
0205,01546400,151.5143,378.2667,2.4966,149.66
0205,01546500,225.847,378.2667,1.6749,67.49
0205,01547000,352.2384,378.2667,1.0739,7.39
0205,01547100,367.7783,378.2667,1.0285,2.85
0205,01547200,686.3468,878.0576,1.2793,27.93
0205,01547400,766.6365,878.0576,1.1453,14.53
0205,01547500,878.006,878.0576,1.0001,0.01
0205,01547700,114.2185,115.6217,1.0123,1.23
0205,01547770,53.8718,102.0543,1.8944,89.44
0205,01547800,31.5979,47.9644,1.518,51.8
0205,01547950,393.6782,444.2569,1.1285,12.85
0205,01548000,1447.8034,2003.7024,1.384,38.4
0205,01548005,1455.5733,2003.7024,1.3766,37.66
0205,01548030,144.5213,150.6777,1.0426,4.26
0205,01548303,16.7831,210.226,12.526,1152.6
0205,01548309,42.2168,43.1821,1.0229,2.29
0205,01548408,32.6339,59.6541,1.828,82.8
0205,01548417,1.4763,59.6541,40.408,3940.8
0205,01548422,0.8288,59.6541,71.9768,7097.68
0205,01548500,1564.3528,1798.8182,1.1499,14.99
0205,01549000,1942.4911,1961.3698,1.0097,0.97
0205,01549100,2.7972,152.0005,54.3405,5334.05
0205,01549300,71.4837,152.0005,2.1264,112.64
0205,01549350,13.8305,152.0005,10.9902,999.02
0205,01549500,97.6426,152.0005,1.5567,55.67
0205,01549700,2444.9488,2540.5632,1.0391,3.91
0205,01549755,138.0464,144.3172,1.0454,4.54
0205,01549760,13532.6879,13939.0176,1.03,3.0
0205,01549780,17.6119,230.7948,13.1045,1210.45
0205,01550000,448.0679,511.1197,1.1407,14.07
0205,01550500,694.1168,704.2505,1.0146,1.46
0205,01551000,8.1326,16054.1615,1974.0594,197305.94
0205,01551500,14716.3124,16054.1615,1.0909,9.09
0205,01552000,1126.6448,1282.7773,1.1386,13.86
0205,01552500,61.6417,105.8718,1.7175,71.75
0205,01553005,541.3075,527.425,0.9744,-2.56
0205,01553025,16824.5628,17159.5741,1.0199,1.99
0205,01553120,46.1018,117.0045,2.538,153.8
0205,01553130,12.7686,117.0045,9.1634,816.34
0205,01553140,103.5995,117.0045,1.1294,12.94
0205,01553170,52.0588,56.0314,1.0763,7.63
0205,01553240,17676.6689,17332.9925,0.9806,-1.94
0205,01553500,17733.6486,18083.0089,1.0197,1.97
0205,01553600,24.5531,138.8567,5.6554,465.54
0205,01553700,132.8664,138.8567,1.0451,4.51
0205,01553850,262.1068,289.464,1.1044,10.44
0205,01553990,47396.7824,49234.6849,1.0388,3.88
0205,01554000,47396.7824,49234.6849,1.0388,3.88
0205,01554010,47738.6608,49234.6849,1.0313,3.13
0205,01554500,140.3774,164.3547,1.1708,17.08
0205,01555000,779.5864,847.8235,1.0875,8.75
0205,01555275,49732.9517,49751.7826,1.0004,0.04
0205,01555400,115.7725,116.0277,1.0022,0.22
0205,01555500,419.5781,426.1847,1.0157,1.57
0205,01555539,11.4995,89.6311,7.7943,679.43
0205,01555710,50952.8361,51104.8443,1.003,0.3
0205,01555725,50955.4261,51104.8443,1.0029,0.29
0205,01555830,12.9499,225.8016,17.4365,1643.65
0205,01556000,753.6865,1024.6823,1.3596,35.96
0205,01556500,242.6819,887.6885,3.6578,265.78
0205,01557000,261.5888,887.6885,3.3935,239.35
0205,01557100,4.3512,887.6885,204.011,20301.1
0205,01557500,114.2185,136.4188,1.1944,19.44
0205,01558000,569.7974,887.6885,1.5579,55.79
0205,01558098,277.1287,282.8679,1.0207,2.07
0205,01558500,120.1754,163.2701,1.3586,35.86
0205,01559000,2113.4303,2122.1873,1.0041,0.41
0205,01559500,331.5185,343.2173,1.0353,3.53
0205,01559700,13.6751,63.7223,4.6597,365.97
0205,01559790,341.8784,417.2616,1.2205,22.05
0205,01559795,42.9938,168.9956,3.9307,293.07
0205,01560000,445.478,926.3217,2.0794,107.94
0205,01560500,494.6877,926.3217,1.8725,87.25
0205,01561000,95.3116,222.805,2.3376,133.76
0205,01562000,1958.031,2027.8461,1.0357,3.57
0205,01562500,219.113,221.276,1.0099,0.99
0205,01563000,2478.6186,2493.1421,1.0059,0.59
0205,01563200,2486.3886,2495.2491,1.0036,0.36
0205,01563500,5257.6759,5349.8275,1.0175,1.75
0205,01564000,450.6579,837.3846,1.8581,85.81
0205,01564500,530.9476,837.3846,1.5772,57.72
0205,01564512,779.5864,837.3846,1.0741,7.41
0205,01564895,6524.18,6529.4389,1.0008,0.08
0205,01564997,148.6653,494.7296,3.3278,232.78
0205,01565000,424.7581,494.7296,1.1647,16.47
0205,01565700,16.8867,103.3394,6.1196,511.96
0205,01566000,554.2575,699.8508,1.2627,26.27
0205,01566500,148.1473,166.1679,1.1216,12.16
0205,01567000,8686.8201,8822.4957,1.0156,1.56
0205,01567150,8751.5698,8822.4957,1.0081,0.81
0205,01567500,38.8498,51.0403,1.3138,31.38
0205,01568000,536.1275,633.4673,1.1816,18.16
0205,01568500,58.2747,117.1504,2.0103,101.03
0205,01568700,29.7849,91.9542,3.0873,208.73
0205,01568750,56.7207,91.9542,1.6212,62.12
0205,01568800,85.9876,91.9542,1.0694,6.94
0205,01569000,85.9876,91.9542,1.0694,6.94
0205,01569775,2.9785,49.6918,16.6836,1568.36
0205,01569800,55.9437,56.4773,1.0095,0.95
0205,01569980,1155.1347,1211.1762,1.0485,4.85
0205,01570000,1217.2944,1211.1762,0.995,-0.5
0205,01570010,2.6677,46.1356,17.2942,1629.42
0205,01570030,3.2634,46.1356,14.1374,1313.74
0205,01570060,4.0145,46.1356,11.4923,1049.23
0205,01570064,1258.7342,1311.6553,1.042,4.2
0205,01570076,1263.9142,1311.6553,1.0378,3.78
0205,01570078,1263.9142,1311.6553,1.0378,3.78
0205,01570100,1.9943,1311.6553,657.7051,65670.51
0205,01570180,0.0777,1311.6553,16881.0976,1688009.76
0205,01570200,1.9684,1311.6553,666.3591,66535.91
0205,01570230,1.813,1311.6553,723.4756,72247.56
0205,01570260,1.6835,1311.6553,779.1276,77812.76
0205,01570300,0.9842,1311.6553,1332.7182,133171.82
0205,01570450,62418.7135,64786.9848,1.0379,3.79
0205,01570500,62418.7135,64786.9848,1.0379,3.79
0205,01571000,29.0079,70.9583,2.4462,144.62
0205,01571005,30.0439,70.9583,2.3618,136.18
0205,01571090,70.4477,64786.9848,919.6469,91864.69
0205,01571184,35.7418,123.3067,3.4499,244.99
0205,01571490,32.6339,564.6601,17.3029,1630.29
0205,01571500,551.6675,564.6601,1.0236,2.36
0205,0157155010,6.6822,125.8292,18.8306,1783.06
0205,0157155014,7.5628,125.8292,16.638,1563.8
0205,01571774,2.9785,125.8292,42.246,4124.6
0205,01571778,9.2981,125.8292,13.5329,1253.29
0205,01571820,112.1465,125.8292,1.122,12.2
0205,01571827,119.9164,125.8292,1.0493,4.93
0205,01571919,188.0331,433.3361,2.3046,130.46
0205,01572000,88.8366,92.1024,1.0368,3.68
0205,01572025,300.4386,433.3361,1.4423,44.23
0205,01572030,321.1585,433.3361,1.3493,34.93
0205,01572190,432.528,433.3361,1.0019,0.19
0205,01572950,14.1931,1164.1601,82.0228,8102.28
0205,01573000,872.826,1164.1601,1.3338,33.38
0205,01573086,20.3832,198.4108,9.734,873.4
0205,01573095,18.9069,198.4108,10.4941,949.41
0205,01573160,192.1771,198.4108,1.0324,3.24
0205,01573208,1131.8248,1164.1601,1.0286,2.86
0205,01573482,22.248,83.4735,3.752,275.2
0205,01573500,34.9648,83.4735,2.3874,138.74
0205,01573560,1250.9643,1476.9985,1.1807,18.07
0205,01573600,1473.7032,1476.9985,1.0022,0.22
0205,01573660,45.3248,46.0815,1.0167,1.67
0205,01573684,13.4679,136.0034,10.0983,909.83
0205,01573695,53.0948,136.0034,2.5615,156.15
0205,01573710,123.0244,136.0034,1.1055,10.55
0205,01573810,0.9842,501.5216,509.5752,50857.52
0205,01573816,27.1949,501.5216,18.4418,1744.18
0205,01573825,564.6174,568.7959,1.0074,0.74
0205,01573849,26.4179,285.293,10.7992,979.92
0205,01574000,1320.8939,1334.9821,1.0107,1.07
0205,01574800,13.3902,115.2013,8.6034,760.34
0205,01575000,303.0286,302.4804,0.9982,-0.18
0205,01575500,574.9774,615.285,1.0701,7.01
0205,01575585,691.5268,718.9227,1.0396,3.96
0205,01575598,717.4267,718.9227,1.0021,0.21
0205,01575730,7.3297,76.6239,10.4539,945.39
0205,01575732,15.0737,76.6239,5.0833,408.33
0205,01575735,32.6339,76.6239,2.348,134.8
0205,01575741,54.9336,76.6239,1.3948,39.48
0205,01575744,12.9499,76.6239,5.9169,491.69
0205,01575746,75.1097,76.6239,1.0202,2.02
0205,01575900,279.7187,326.316,1.1666,16.66
0205,01576000,67313.791,67314.4257,1.0,0.0
0205,01576007,83.6566,88.4791,1.0576,5.76
0205,01576045,40.9218,49.3785,1.2067,20.67
0205,0157608335,3.6778,293.1043,79.6959,7869.59
0205,01576085,15.0737,293.1043,19.4447,1844.47
0205,01576087,10.878,293.1043,26.9448,2594.48
0205,01576105,127.4274,293.1043,2.3002,130.02
0205,01576381,33.1518,91.2822,2.7535,175.35
0205,01576500,839.1561,1229.7617,1.4655,46.55
0205,01576516,0.9324,145.9929,156.5782,15557.82
0205,015765185,2.7195,145.9929,53.684,5268.4
0205,015765195,4.3512,145.9929,33.5525,3255.25
0205,01576520,17.3011,145.9929,8.4383,743.83
0205,01576521,4.5843,145.9929,31.8464,3084.64
0205,015765265,0.8288,145.9929,176.1505,17515.05
0205,01576527,0.9324,145.9929,156.5782,15557.82
0205,01576529,3.6778,145.9929,39.6959,3869.59
0205,01576540,140.3774,145.9929,1.04,4.0
0205,01576697,22.4552,94.7281,4.2185,321.85
0205,01576754,1217.2944,1229.7617,1.0102,1.02
0205,01576767,181.2992,257.6871,1.4213,42.13
0205,01576771,1.5281,257.6871,168.6332,16763.32
0205,01576772,1.4504,257.6871,177.6671,17666.71
0205,01576782,0.5957,400.8376,672.8882,67188.82
0205,01576783,0.4662,400.8376,859.8016,85880.16
0205,01576787,383.3182,400.8376,1.0457,4.57
0205,01576788,0.518,400.8376,773.8214,77282.14
0205,01576980,69256.2821,69419.5327,1.0024,0.24
0205,01577000,69411.6814,69419.5327,1.0001,0.01
0205,01577300,186.2201,113.3615,0.6088,-39.12
0205,01577400,1.1137,259.3812,232.9015,23190.15
0205,01577500,344.4684,358.3398,1.0403,4.03
0205,01577505,69929.679,69829.5862,0.9986,-0.14
0205,01578400,15.4881,124.3675,8.0299,702.99
0206,01490500,30.0439,241.682,8.0443,704.43
0206,01491000,292.6687,346.7197,1.1847,18.47
0206,01491500,220.667,288.8754,1.3091,30.91
0206,01492000,15.1514,58.7606,3.8782,287.82
0206,01492500,20.953,78.6212,3.7523,275.23
0206,01493000,51.0228,52.259,1.0242,2.42
0206,01493112,15.8507,563.7178,35.5642,3456.42
0206,01493500,32.8928,92.0994,2.8,180.0
0206,01494000,32.3749,142.7667,4.4098,340.98
0206,01494150,24.6049,102.4051,4.162,316.2
0206,01494500,13.96,108.8171,7.7949,679.49
0206,01495000,133.6434,273.5711,2.047,104.7
0206,01495500,69.4117,108.9606,1.5698,56.98
0206,01495800,11.2923,98.8594,8.7545,775.45
0206,01496000,62.9367,145.0184,2.3042,130.42
0206,01496200,23.3876,72.9227,3.118,211.8
0206,01580700,34.1878,81.022,2.3699,136.99
0206,01581000,19.4249,91.7417,4.7229,372.29
0206,01581500,22.0667,91.7417,4.1575,315.75
0206,01581590,54.3898,91.7417,1.6867,68.67
0206,01581649,23.6984,91.7417,3.8712,287.12
0206,01581657,10.7744,39.4274,3.6594,265.94
0206,01581658,13.5197,39.4274,2.9163,191.63
0206,01581690,8.2362,93.7466,11.3823,1038.23
0206,01581700,90.1316,93.7466,1.0401,4.01
0206,01581750,95.3116,143.4449,1.505,50.5
0206,01581752,6.475,143.4449,22.1538,2115.38
0206,0158175320,1.7094,143.4449,83.9157,8291.57
0206,01581757,144.0033,360.3894,2.5026,150.26
0206,01581810,69.9297,80.4977,1.1511,15.11
0206,01581830,19.8911,206.5214,10.3826,938.26
0206,01581870,40.9218,206.5214,5.0467,404.67
0206,01581920,211.084,471.2855,2.2327,123.27
0206,01581940,2.0202,471.2855,233.2876,23228.76
0206,01581960,25.1747,139.7556,5.5514,455.14
0206,01582000,137.0104,139.7556,1.02,2.0
0206,01582500,414.3981,471.2855,1.1373,13.73
0206,01583000,5.4131,164.7887,30.4427,2944.27
0206,01583100,31.8569,50.6684,1.5905,59.05
0206,01583500,154.8813,164.7887,1.064,6.4
0206,01583570,0.3108,221.7175,713.3801,71238.01
0206,01583580,3.8073,221.7175,58.2351,5723.51
0206,01583600,54.1308,221.7175,4.096,309.6
0206,01583800,5.1282,787.5817,153.5793,15257.93
0206,0158397967,5.3354,1058.2234,198.3409,19734.09
0206,01583980,7.511,1058.2234,140.8905,13989.05
0206,01584000,813.2563,1058.2234,1.3012,30.12
0206,01584050,24.3459,1058.2234,43.4662,4246.62
0206,01584500,93.4986,150.8195,1.6131,61.31
0206,01585075,4.7397,1246.1532,262.9194,26191.94
0206,01585090,7.0707,69.9648,9.8951,889.51
0206,01585095,3.4706,69.9648,20.1594,1915.94
0206,01585100,19.7098,69.9648,3.5497,254.97
0206,01585104,6.475,69.9648,10.8054,980.54
0206,01585105,6.8635,69.9648,10.1938,919.38
0206,01585107,5.2577,69.9648,13.3072,1230.72
0206,01585140,1.3727,1246.1532,907.8159,90681.59
0206,01585175,0.2201,34.3977,156.2475,15524.75
0206,01585200,5.5167,80.9748,14.6782,1367.82
0206,01585219,42.2168,80.9748,1.9181,91.81
0206,01585225,0.3885,80.9748,208.4303,20743.03
0206,01585230,9.1168,80.9748,8.882,788.2
0206,01585300,11.5513,217.9292,18.8661,1786.61
0206,01585400,5.1023,217.9292,42.7121,4171.21
0206,01585500,8.5211,107.5542,12.6222,1162.22
0206,01586000,146.5933,382.9565,2.6124,161.24
0206,01586210,36.2598,41.7182,1.1505,15.05
0206,01586500,235.6889,382.9565,1.6248,62.48
0206,01586610,72.5197,114.9653,1.5853,58.53
0206,01587000,427.348,441.046,1.0321,3.21
0206,01587500,166.7952,222.3342,1.333,33.3
0206,01588000,29.5259,47.6345,1.6133,61.33
0206,01588500,650.087,783.5155,1.2052,20.52
0206,01589000,738.1466,783.5155,1.0615,6.15
0206,01589025,779.5864,783.5155,1.005,0.5
0206,01589035,808.0763,895.4512,1.1081,10.81
0206,01589100,6.3973,948.0846,148.2014,14720.14
0206,01589180,0.8288,46.0681,55.5843,5458.43
0206,01589197,10.9556,46.0681,4.205,320.5
0206,01589200,12.6909,46.0681,3.63,263.0
0206,01589230,19.14,46.0681,2.4069,140.69
0206,01589238,0.0777,173.3097,2230.5083,222950.83
0206,01589290,8.3657,173.3097,20.7168,1971.68
0206,01589300,84.1746,173.3097,2.0589,105.89
0206,01589305,9.4276,173.3097,18.3833,1738.33
0206,01589312,2.0461,173.3097,84.7028,8370.28
0206,01589315,6.2937,173.3097,27.5371,2653.71
0206,01589316,1.9166,173.3097,90.426,8942.6
0206,01589317,1.3209,173.3097,131.2064,13020.64
0206,01589320,4.9469,173.3097,35.0342,3403.42
0206,01589330,14.2967,173.3097,12.1223,1112.23
0206,01589351,11.4477,173.3097,15.1392,1413.92
0206,0158935180,6.475,173.3097,26.7661,2576.61
0206,01589352,170.6802,173.3097,1.0154,1.54
0206,01589440,65.2677,149.8564,2.296,129.6
0206,01589464,5.698,149.8564,26.3,2530.0
0206,01589478,142.1903,149.8564,1.0539,5.39
0206,01589480,145.2983,149.8564,1.0314,3.14
0206,01589485,148.9243,1450.2248,9.738,873.8
0206,01589500,12.8722,97.3368,7.5618,656.18
0206,01589501,1.5022,97.3368,64.7964,6379.64
0206,01589512,21.3415,97.3368,4.5609,356.09
0206,01589522,12.406,97.3368,7.8459,684.59
0206,01589795,2.59,65.6259,25.3383,2433.83
0206,01590000,22.0149,54.5954,2.4799,147.99
0206,01590500,17.9227,54.5954,3.0462,204.62
0206,01590700,2.2792,84.2784,36.9774,3597.74
0206,01591000,90.1316,90.9768,1.0094,0.94
0206,01591350,21.6782,71.9453,3.3188,231.88
0206,01591400,59.3107,71.9453,1.213,21.3
0206,01591500,71.7427,71.9453,1.0028,0.28
0206,01591610,203.5731,342.2976,1.6814,68.14
0206,01591700,69.9297,72.4029,1.0354,3.54
0206,01592000,328.9285,342.2976,1.0406,4.06
0206,01592500,341.8784,886.1826,2.5921,159.21
0206,01593370,3.108,322.0434,103.618,10261.8
0206,01593450,6.3973,322.0434,50.3407,4934.07
0206,01593500,98.4195,322.0434,3.2721,227.21
0206,01593710,125.3295,150.323,1.1994,19.94
0206,01594000,254.8548,322.0434,1.2636,26.36
0206,01594400,30.0439,322.0434,10.7191,971.91
0206,01594440,901.3159,989.475,1.0978,9.78
0206,01594500,78.2176,119.7036,1.5304,53.04
0206,01594526,232.3219,288.9608,1.2438,24.38
0206,01594600,9.9715,1822.7303,182.7948,18179.48
0206,01594670,24.2941,70.9293,2.9196,191.96
0206,01594710,8.4434,2064.911,244.5603,24356.03
0206,01594800,17.4306,2298.6407,131.8737,13087.37
0206,01494850,25.097,41.0905,1.6373,63.73
0207,01594930,21.3156,105.9473,4.9704,397.04
0207,01594934,4.0145,105.9473,26.3913,2539.13
0207,01594936,4.9469,105.9473,21.417,2041.7
0207,01594950,5.957,105.9473,17.7854,1678.54
0207,01594963,11.0333,371.4277,33.6641,3266.41
0207,01595000,189.3281,371.4277,1.9618,96.18
0207,01595500,582.7473,594.2364,1.0197,1.97
0207,01596050,20.4091,119.7333,5.8667,486.67
0207,01596500,127.1684,299.4755,2.355,135.5
0207,01597000,43.2528,44.8865,1.0378,3.78
0207,01597500,274.5387,299.4755,1.0908,9.08
0207,01598000,297.8486,299.4755,1.0055,0.55
0207,01598500,1051.5352,1054.9732,1.0033,0.33
0207,01598650,9.2722,97.3695,10.5013,950.13
0207,01599000,186.2201,191.9948,1.031,3.1
0207,01601100,479.1478,588.1249,1.2274,22.74
0207,01601500,639.7271,654.7893,1.0235,2.35
0207,01603000,2271.4196,3315.7176,1.4598,45.98
0207,01604000,230.5089,244.3755,1.0602,6.02
0207,01609000,383.3182,406.5899,1.0607,6.07
0207,01609500,13.1571,406.5899,30.9026,2990.26
0207,01610000,8104.0728,8063.5279,0.995,-0.5
0207,01610155,264.1788,269.3281,1.0195,1.95
0207,01612500,43.7708,65.291,1.4917,49.17
0207,01613000,10525.7117,11873.0384,1.128,12.8
0207,01613095,292.6687,295.3257,1.0091,0.91
0207,01613525,499.8677,551.7954,1.1039,10.39
0207,01614500,1279.4541,1328.332,1.0382,3.82
0207,01617800,48.9508,54.4738,1.1128,11.28
0207,01619000,242.1639,435.4477,1.7982,79.82
0207,01619500,727.7867,753.4836,1.0353,3.53
0207,01620000,16291.0252,16355.768,1.004,0.4
0207,01636765,24483.1576,24794.8475,1.0127,1.27
0207,01636845,10.7744,24794.8475,2301.2846,230028.46
0207,01636846,11.7844,24794.8475,2104.0317,210303.17
0207,01637000,22.8696,216.8772,9.4832,848.32
0207,01637500,173.2702,216.8772,1.2517,25.17
0207,01638500,24995.9753,25140.3801,1.0058,0.58
0207,01639000,448.0679,564.6246,1.2601,26.01
0207,01639140,81.0666,89.1507,1.0997,9.97
0207,01639375,106.9665,229.8079,2.1484,114.84
0207,01639500,264.1788,499.5522,1.891,89.1
0207,01640000,20.9789,85.7976,4.0897,308.97
0207,01640456,2.6159,102.959,39.3591,3835.91
0207,01640500,15.3586,102.959,6.7037,570.37
0207,01640965,5.5426,107.9799,19.4819,1848.19
0207,01640970,10.3859,107.9799,10.3968,939.68
0207,01640975,18.3371,107.9799,5.8886,488.86
0207,01640980,0.9842,107.9799,109.7139,10871.39
0207,01641000,47.6558,107.9799,2.2658,126.58
0207,01641500,18.881,1723.2456,91.2687,9026.87
0207,01641510,1.036,1723.2456,1663.3721,166237.21
0207,01642000,1722.3421,1723.2456,1.0005,0.05
0207,01642190,1820.7616,2112.7966,1.1604,16.04
0207,01642198,11.2664,2112.7966,187.53,18653.0
0207,01642199,18.9846,2112.7966,111.2899,11028.99
0207,01642438,146.5933,157.7858,1.0764,7.64
0207,01642500,213.156,230.2861,1.0804,8.04
0207,01642600,228.437,230.2861,1.0081,0.81
0207,01643000,2116.0203,2511.513,1.1869,18.69
0207,01643020,2116.0203,2511.513,1.1869,18.69
0207,01643395,3.0303,63.6479,21.0039,2000.39
0207,01643495,0.3885,170.8783,439.8433,43884.33
0207,01643500,162.6513,170.8783,1.0506,5.06
0207,01643580,2488.9786,2511.513,1.0091,0.91
0207,01644148,28826.5677,29472.8932,1.0224,2.24
0207,01644371,1.1137,98.8931,88.7973,8779.73
0207,01644372,0.9583,98.8931,103.1968,10219.68
0207,01644375,3.4965,98.8931,28.2836,2728.36
0207,01644380,2.0461,98.8931,48.3327,4733.27
0207,01644388,8.7283,98.8931,11.3302,1033.02
0207,01644390,11.6031,98.8931,8.523,752.3
0207,01644500,106.1895,162.2198,1.5276,52.76
0207,01644600,131.3124,162.2198,1.2354,23.54
0207,01644603,131.3124,162.2198,1.2354,23.54
0207,01645000,261.5888,335.623,1.283,28.3
0207,01645200,9.583,57.7492,6.0262,502.62
0207,01646500,29940.2626,30008.7274,1.0023,0.23
0207,01646502,29940.2626,30008.7274,1.0023,0.23
0207,01646550,10.619,30008.7274,2825.9596,282495.96
0207,01647685,5.8275,105.6858,18.1358,1713.58
0207,01647720,25.2006,105.6858,4.1938,319.38
0207,01647725,2.6159,105.6858,40.4015,3940.15
0207,01647740,32.3749,105.6858,3.2644,226.44
0207,01647850,7.0966,105.6858,14.8925,1389.25
0207,01649150,2.6936,80.8148,30.0027,2900.27
0207,01649190,33.9288,80.8148,2.3819,138.19
0207,01649500,188.5511,193.426,1.0259,2.59
0207,01650050,6.3455,138.2063,21.7803,2078.03
0207,01650085,0.9065,138.2063,152.4622,15146.22
0207,01650450,4.3771,138.2063,31.575,3057.5
0207,01650500,54.3898,138.2063,2.541,154.1
0207,01650800,16.7054,138.2063,8.2731,727.31
0207,01651000,127.9454,138.2063,1.0802,8.02
0207,01651003,132.8664,138.2063,1.0402,4.02
0207,01651730,38.5908,433.3651,11.2297,1022.97
0207,01653500,43.2528,66.5756,1.5392,53.92
0207,01653521,2.4864,179.756,72.296,7129.6
0207,01653560,8.2362,179.756,21.8252,2082.52
0207,01653600,102.3045,179.756,1.7571,75.71
0207,01653620,9.065,47.5463,5.2451,424.51
0207,01658000,141.9313,250.5915,1.7656,76.56
0207,01660920,206.9401,297.3287,1.4368,43.68
0207,01661000,26.9359,104.4006,3.8759,287.59
0207,01661050,47.9148,140.5313,2.9329,193.29
0207,01661350,76.6636,99.8764,1.3028,30.28
0207,01661500,62.1597,84.0966,1.3529,35.29
0207,01661510,16.9126,223.1813,13.1961,1219.61
0207,01601000,378.1383,588.1249,1.5553,55.53
0207,01603500,78.2176,134.2762,1.7167,71.67
0207,01613050,27.7129,295.3257,10.6566,965.66
0207,01613500,409.2181,488.0207,1.1926,19.26
0207,01614090,13.0794,96.2488,7.3588,635.88
0207,01614137,34.1878,178.1732,5.2116,421.16
0207,01614140,163.1693,178.1732,1.092,9.2
0207,01613900,41.1808,107.6541,2.6142,161.42
0207,01614830,39.3678,150.8405,3.8316,283.16
0207,01615000,150.7373,150.8405,1.0007,0.07
0207,01615500,15.255,48.8753,3.2039,220.39
0207,01616000,44.0298,48.8753,1.11,11.0
0207,01616100,28.4899,305.4978,10.723,972.3
0207,01620500,44.8068,102.5356,2.2884,128.84
0207,01621000,189.0691,310.992,1.6449,64.49
0207,01621050,37.0368,81.4154,2.1982,119.82
0207,01621410,28.2309,50.3089,1.7821,78.21
0207,01621470,48.6918,50.3089,1.0332,3.32
0207,01622000,973.8355,1087.0637,1.1163,11.63
0207,01623000,1.7353,370.9442,213.7647,21276.47
0207,01623500,9.9715,370.9442,37.2006,3620.06
0207,01624000,25.4078,370.9442,14.5996,1359.96
0207,01624300,463.6079,597.9526,1.2898,28.98
0207,01624800,189.0691,278.1251,1.471,47.1
0207,01625000,966.0656,968.2644,1.0023,0.23
0207,01625900,105.6715,107.6857,1.0191,1.91
0207,01626000,328.9285,455.7387,1.3855,38.55
0207,01626500,344.4684,455.7387,1.323,32.3
0207,01626850,383.3182,455.7387,1.1889,18.89
0207,01626920,424.7581,455.7387,1.0729,7.29
0207,01627500,549.0775,606.616,1.1048,10.48
0207,01628060,5.0505,2844.2038,563.1555,56215.55
0207,01628150,3.0562,2844.2038,930.6383,92963.83
0207,01628500,2794.5972,2844.2038,1.0178,1.78
0207,01629050,3097.6258,3191.6511,1.0304,3.04
0207,01629500,3553.4637,3638.7203,1.024,2.4
0207,01630700,53.0948,70.7765,1.333,33.3
0207,01631000,4232.0406,4273.3951,1.0098,0.98
0207,01632000,543.8975,598.6409,1.1007,10.07
0207,01632082,118.3625,119.955,1.0135,1.35
0207,0163287828,28.2309,170.0261,6.0227,502.27
0207,01632900,242.4229,272.497,1.1241,12.41
0207,01633000,1315.714,1384.4277,1.0522,5.22
0207,01633500,200.7241,293.6406,1.4629,46.29
0207,01634000,1994.2908,1995.2326,1.0005,0.05
0207,01634500,264.1788,283.8683,1.0745,7.45
0207,01635090,398.8582,407.4688,1.0216,2.16
0207,01635500,224.034,227.372,1.0149,1.49
0207,01636210,36.2598,57.2426,1.5787,57.87
0207,01636242,121.4704,122.4175,1.0078,0.78
0207,0163626650,29.0079,7220.7646,248.9244,24792.44
0207,01636316,55.4257,55.5386,1.002,0.2
0207,01636690,34.9648,24794.8475,709.1366,70813.66
0207,01638350,81.8436,145.9898,1.7838,78.38
0207,01638420,59.8287,145.9898,2.4401,144.01
0207,01638480,231.8039,239.5999,1.0336,3.36
0207,01643590,20.4091,27857.1761,1364.9386,136393.86
0207,01643700,315.9785,436.7544,1.3822,38.22
0207,01643805,98.6785,253.7941,2.5719,157.19
0207,01643880,122.2474,138.4905,1.1329,13.29
0207,01644000,859.8761,901.2383,1.0481,4.81
0207,01644280,197.0981,201.8755,1.0242,2.42
0207,01644290,0.1787,58.7623,328.815,32781.5
0207,01644291,0.2201,58.7623,266.9204,26592.04
0207,01644295,0.8547,58.7623,68.7522,6775.22
0207,01645704,14.219,150.9118,10.6134,961.34
0207,01645762,7.0189,150.9118,21.5009,2050.09
0207,01645784,2.0461,150.9118,73.7561,7275.61
0207,0164578734,3.2893,150.9118,45.8798,4487.98
0207,0164579522,2.9526,150.9118,51.1117,5011.17
0207,01646000,149.7013,150.9118,1.0081,0.81
0207,01646305,5.3095,30008.7274,5651.9192,565091.92
0207,01646580,29966.1624,30008.7274,1.0014,0.14
0207,01652090,2.4139,30855.1863,12782.4614,1278146.14
0207,01652500,32.6339,30855.1863,945.4964,94449.64
0207,01652620,4.9469,117.9849,23.8504,2285.04
0207,01653000,87.8006,117.9849,1.3438,34.38
0207,0165389205,10.3341,240.722,23.2941,2229.41
0207,0165389480,12.6132,240.722,19.0849,1808.49
0207,01654000,61.9007,240.722,3.8888,288.88
0207,01654107,3.0821,240.722,78.1036,7710.36
0207,01654500,9.6348,240.722,24.9848,2398.48
0207,01654670,86.5056,240.722,2.7827,178.27
0207,01655000,96.0886,240.722,2.5052,150.52
0207,01655500,33.9288,74.6983,2.2016,120.16
0207,01655794,13.442,170.3648,12.674,1167.4
0207,01656000,241.9049,281.4817,1.1636,16.36
0207,01656100,401.4482,507.6608,1.2646,26.46
0207,01656102,12.4837,507.6608,40.6658,3966.58
0207,01656120,453.2479,507.6608,1.1201,12.01
0207,01656500,130.0174,193.1784,1.4858,48.58
0207,01656650,232.0629,359.1371,1.5476,54.76
0207,01656700,888.3659,941.1819,1.0595,5.95
0207,01656725,66.5627,99.0941,1.4887,48.87
0207,01656903,10.878,135.6475,12.4699,1146.99
0207,01656960,128.7224,135.6475,1.0538,5.38
0207,01657000,378.1383,502.1565,1.328,32.8
0207,01657020,380.7283,502.1565,1.3189,31.89
0207,01657415,479.1478,502.1565,1.048,4.8
0207,01657500,1476.2932,1534.1943,1.0392,3.92
0207,01657655,10.1528,1534.1943,151.1112,15011.12
0207,01657850,15.7471,57.5077,3.6519,265.19
0207,01657885,2.4864,57.5077,23.129,2212.9
0207,01657895,20.5127,46.7508,2.2791,127.91
0207,01658480,17.845,100.5472,5.6345,463.45
0207,01658500,19.7357,100.5472,5.0947,409.47
0207,01658550,24.7862,100.5472,4.0566,305.66
0207,01658650,43.2528,100.5472,2.3246,132.46
0207,01658698,5.3354,100.5472,18.8454,1784.54
0207,01658705,8.4952,100.5472,11.8358,1083.58
0207,01659000,14.737,86.169,5.8471,484.71
0207,01659500,11.5513,86.169,7.4596,645.96
0207,01660000,6.3714,86.169,13.5244,1252.44
0207,01660100,57.2387,86.169,1.5054,50.54
0207,01660380,26.4179,95.8934,3.6299,262.99
0207,01660400,90.6496,95.8934,1.0578,5.78
0207,01660500,34.1878,48.4986,1.4186,41.86
0207,01595200,125.6144,151.4112,1.2054,20.54
0207,01595300,110.5925,114.5258,1.0356,3.56
0207,01595800,688.9368,1054.9732,1.5313,53.13
0207,01596000,743.3266,1054.9732,1.4193,41.93
0207,01599500,120.9524,138.6111,1.146,14.6
0207,01600000,1572.1228,1605.624,1.0213,2.13
0207,01604500,572.3874,668.9961,1.1688,16.88
0207,01605500,463.6079,507.4222,1.0945,9.45
0207,01605600,11.4736,507.4222,44.225,4322.5
0207,01606000,802.8963,820.3773,1.0218,2.18
0207,01606500,1686.0823,1700.5695,1.0086,0.86
0207,01607500,266.7688,350.3098,1.3132,31.32
0207,01608000,714.8367,742.3564,1.0385,3.85
0207,01608050,12.6132,3180.6738,252.1694,25116.94
0207,01608070,3149.4255,3180.6738,1.0099,0.99
0207,01608400,11.3182,3758.3426,332.0605,33106.05
0207,01608500,3783.9726,3832.052,1.0127,1.27
0207,01609800,277.1287,282.6344,1.0199,1.99
0207,01610200,401.4482,462.0088,1.1509,15.09
0207,01610300,471.3778,700.4451,1.486,48.6
0207,01610400,29.5259,700.4451,23.7231,2272.31
0207,01610500,792.5364,976.9314,1.2327,23.27
0207,01611500,1748.242,1763.0877,1.0085,0.85
0207,01613030,17.3011,38.8747,2.2469,124.69
0207,01614000,608.6472,709.4235,1.1656,16.56
0207,01616400,54.3898,84.6458,1.5563,55.63
0207,01616425,24.061,642.2046,26.6907,2569.07
0207,01616500,704.4768,799.9491,1.1355,13.55
0207,01617000,30.3029,68.5679,2.2628,126.28
0207,01618000,15423.3792,15500.5459,1.005,0.5
0207,01618100,41.4398,42.6285,1.0287,2.87
0207,01636464,55.9437,56.2225,1.005,0.5
0207,01636500,7876.1538,7933.2023,1.0072,0.72
0208,01487000,195.2851,552.6412,2.8299,182.99
0208,01487060,3.2375,67.8451,20.9561,1995.61
0208,01487150,7.6923,552.6412,71.8438,7084.38
0208,01487165,17.6896,552.6412,31.241,3024.1
0208,01487195,0.6475,552.6412,853.5039,85250.39
0208,01487500,43.2528,71.4734,1.6525,65.25
0208,01487698,8.3657,46.0317,5.5025,450.25
0208,01488500,121.2114,166.4899,1.3735,37.35
0208,01484981,9.4794,133.7976,14.1146,1311.46
0208,01484983,7.2002,133.7976,18.5826,1758.26
0208,01484985,33.1518,133.7976,4.0359,303.59
0208,01485000,156.6943,255.2843,1.6292,62.92
0208,01485500,116.2905,180.2205,1.5497,54.97
0208,01486000,12.4319,197.5434,15.89,1489.0
0208,01486500,50.5048,59.9143,1.1863,18.63
0208,01489000,18.3889,408.0864,22.192,2119.2
0208,01489500,31.5979,65.7996,2.0824,108.24
0208,01490000,38.8498,142.1551,3.6591,265.91
0208,01490120,39.6268,83.3952,2.1045,110.45
0208,01490140,78.2176,83.3952,1.0662,6.62
0208,01484800,4.921,86.9821,17.6758,1667.58
0208,01661800,17.5342,162.4366,9.264,826.4
0208,01661900,52.8358,143.6098,2.718,171.8
0208,01661977,125.6144,143.6098,1.1433,14.33
0208,01662000,505.0477,663.7098,1.3142,31.42
0208,01662500,37.8138,108.6234,2.8726,187.26
0208,01662800,66.8217,70.9684,1.0621,6.21
0208,01663000,360.0083,406.3756,1.1288,12.88
0208,01663500,738.1466,908.513,1.2308,23.08
0208,01664000,1603.2026,1794.3476,1.1192,11.92
0208,01664500,1660.1824,1794.3476,1.0808,8.08
0208,01665000,41.6988,125.2257,3.0031,200.31
0208,01665500,297.8486,327.13,1.0983,9.83
0208,01666500,463.6079,503.119,1.0852,8.52
0208,01667000,1152.5447,1212.6671,1.0522,5.22
0208,01667500,1212.1144,1213.4016,1.0011,0.11
0208,01667870,74.5917,83.263,1.1163,11.63
0208,01668000,4131.031,4138.0826,1.0017,0.17
0208,0166818623,37.0368,89.9933,2.4298,142.98
0208,0166818985,72.5197,89.9933,1.241,24.1
0208,01668500,118.1035,118.1386,1.0003,0.03
0208,01668800,39.8858,75.1702,1.8846,88.46
0208,01669000,72.2607,148.6674,2.0574,105.74
0208,01669500,222.739,261.4064,1.1736,17.36
0208,01669520,282.3087,363.9902,1.2893,28.93
0208,01670000,18.5184,81.1902,4.3843,338.43
0208,01670080,62.9367,107.9904,1.7159,71.59
0208,016701405,133.3844,140.4098,1.0527,5.27
0208,01670180,108.5205,151.6343,1.3973,39.73
0208,01670200,133.3844,151.6343,1.1368,13.68
0208,01670300,14.4521,56.561,3.9137,291.37
0208,01670400,885.7759,1101.8026,1.2439,24.39
0208,01671000,1139.5948,1540.1505,1.3515,35.15
0208,01671020,1196.5745,1540.1505,1.2871,28.71
0208,01671025,1209.5244,1540.1505,1.2734,27.34
0208,01671100,277.1287,306.7094,1.1067,10.67
0208,01671200,12.9758,126.2321,9.7282,872.82
0208,01671500,11.2405,78.0321,6.942,594.2
0208,01672000,769.2265,848.9914,1.1037,10.37
0208,01672500,1023.0453,1209.2713,1.182,18.2
0208,01673000,2792.0072,2908.7783,1.0418,4.18
0208,0167300055,2.8231,2908.7783,1030.3537,102935.37
0208,01673500,14.9442,79.2124,5.3005,430.05
0208,01673550,66.0447,79.2124,1.1994,19.94
0208,0167357970,51.0228,68.0012,1.3328,33.28
0208,01673638,22.8178,3684.2205,161.4626,16046.26
0208,01673800,200.9831,239.9999,1.1941,19.41
0208,01674000,663.037,894.0989,1.3485,34.85
0208,01674182,126.9094,127.4667,1.0044,0.44
0208,01674500,1561.7628,1704.4422,1.0914,9.14
0208,01677000,16.291,57.9133,3.5549,255.49
0208,02011400,406.6281,410.1002,1.0085,0.85
0208,02011460,157.7303,249.0928,1.5792,57.92
0208,02011470,195.8031,249.0928,1.2722,27.22
0208,02011480,229.4729,249.0928,1.0855,8.55
0208,02011490,12.6909,70.4802,5.5536,455.36
0208,02011500,347.0584,364.9898,1.0517,5.17
0208,02011800,893.5459,1068.7066,1.196,19.6
0208,02012000,29.0079,1068.7066,36.842,3584.2
0208,02012500,1061.8951,1068.7066,1.0064,0.64
0208,02012800,1134.4148,1147.6507,1.0117,1.17
0208,02013000,419.5781,434.5851,1.0358,3.58
0208,02013100,1585.0727,2120.3075,1.3377,33.77
0208,02014000,396.2682,396.6878,1.0011,0.11
0208,02014500,31.8569,2336.7129,73.3504,7235.04
0208,02015000,32.1159,2336.7129,72.7589,7175.89
0208,02015700,284.8987,285.9285,1.0036,0.36
0208,02016000,1193.9845,1201.5647,1.0063,0.63
0208,02016500,3550.8737,3598.1133,1.0133,1.33
0208,02017000,34.4468,34.9631,1.015,1.5
0208,02017500,271.9488,272.3259,1.0014,0.14
0208,02018000,852.1061,963.5749,1.1308,13.08
0208,02018500,88.8366,135.2762,1.5228,52.28
0208,02019000,269.3588,298.9361,1.1098,10.98
0208,02019500,5369.0454,5417.9659,1.0091,0.91
0208,02020500,365.1883,365.1877,1.0,-0.0
0208,02021000,481.7378,610.8089,1.2679,26.79
0208,02021500,852.1061,866.1925,1.0165,1.65
0208,02022500,90.9086,92.2228,1.0145,1.45
0208,02023000,1245.7843,1366.1407,1.0966,9.66
0208,02023500,290.0787,306.9917,1.0583,5.83
0208,02024000,1675.7223,1786.2774,1.066,6.6
0208,02024300,318.5685,320.5815,1.0063,0.63
0208,02024500,2167.82,2170.1255,1.0011,0.11
0208,02024752,7966.8034,8031.2422,1.0081,0.81
0208,02024915,70.1887,88.3534,1.2588,25.88
0208,02025000,245.0129,276.6985,1.1293,12.93
0208,02025500,8433.0013,8513.6443,1.0096,0.96
0208,02025510,8438.1813,8513.6443,1.0089,0.89
0208,02025652,91.4266,124.8379,1.3654,36.54
0208,02026000,9450.8666,9706.3419,1.027,2.7
0208,02026500,178.7092,179.9909,1.0072,0.72
0208,02027000,240.8689,275.0641,1.142,14.2
0208,02027500,123.5424,123.5653,1.0002,0.02
0208,02027800,383.3182,397.5994,1.0373,3.73
0208,02028000,919.4458,1082.8267,1.1777,17.77
0208,02028500,245.5309,376.0689,1.5317,53.17
0208,02029000,11864.7355,11917.564,1.0045,0.45
0208,02029500,269.3588,299.631,1.1124,11.24
0208,02030000,300.4386,299.631,0.9973,-0.27
0208,02030500,585.3373,635.5669,1.0858,8.58
0208,02031000,246.8259,257.0689,1.0415,4.15
0208,02031500,29.0079,65.4708,2.257,125.7
0208,02032000,46.1018,65.4708,1.4201,42.01
0208,02032250,199.4291,200.1451,1.0036,0.36
0208,02032400,89.3546,93.5356,1.0468,4.68
0208,02032500,556.8474,692.9832,1.2445,24.45
0208,02032515,670.8069,692.9832,1.0331,3.31
0208,02032640,279.7187,314.4533,1.1242,12.42
0208,02032680,450.6579,458.4191,1.0172,1.72
0208,02033500,1302.764,90.9481,0.0698,-93.02
0208,02034000,1717.1621,1718.6357,1.0009,0.09
0208,02034500,678.5769,721.6438,1.0635,6.35
0208,02035000,16192.6057,16348.9715,1.0097,0.97
0208,02035500,177.1552,184.1526,1.0395,3.95
0208,02036000,103.0815,104.7987,1.0167,1.67
0208,02036500,58.0157,17096.9375,294.6948,29369.48
0208,02037000,172.4932,17535.1239,101.6569,10065.69
0208,02037500,17490.1897,17535.1239,1.0026,0.26
0208,0203755233,6.7858,17620.7267,2596.7178,259571.78
0208,02038000,85.7286,156.9126,1.8303,83.03
0208,02038500,138.0464,156.9126,1.1367,13.67
0208,02038830,36.0008,273.565,7.5989,659.89
0208,02038850,22.1185,273.565,12.3682,1136.82
0208,02038880,60.0877,68.1746,1.1346,13.46
0208,02039000,180.2632,300.3304,1.6661,66.61
0208,02039500,782.1764,808.6661,1.0339,3.39
0208,02040000,1877.7414,1932.4019,1.0291,2.91
0208,02040892,2439.7688,2444.2778,1.0018,0.18
0208,02041000,409.2181,459.0827,1.1219,12.19
0208,02041500,3452.4542,3459.4204,1.002,0.2
0208,02041650,3475.764,3609.284,1.0384,3.84
0208,02042000,362.5983,471.0995,1.2992,29.92
0208,02042287,161.0973,172.3524,1.0699,6.99
0208,02042426,96.8656,103.2095,1.0655,6.55
0208,02042500,650.087,717.1073,1.1031,10.31
0208,0204278995,5.2318,125.8412,24.0532,2305.32
0301,02043750,62.1597,551.7654,8.8766,787.66
0301,0204382800,165.7592,1008.0128,6.0812,508.12
0301,02043862,776.9964,1175.9456,1.5135,51.35
0301,02043892,243.4589,458.663,1.8839,88.39
0301,02050160,6656.2694,10976.2966,1.649,64.9
0301,02053244,10909.0299,11271.0983,1.0332,3.32
0301,02053400,9.9974,100.3089,10.0335,903.35
0301,02053450,62.1597,100.3089,1.6137,61.37
0301,02053510,5.2836,344.1204,65.1302,6413.02
0301,0205356401,1.9684,195.1931,99.1638,9816.38
0301,02053573,11921.7153,12478.3067,1.0467,4.67
0301,02053633,12522.5925,12586.1059,1.0051,0.51
0301,02053652,12742.7415,12888.514,1.0114,1.14
0301,02068000,184.9252,186.3033,1.0075,0.75
0301,02071500,2978.4863,2955.3385,0.9922,-0.78
0301,02074218,4604.9989,4696.5813,1.0199,1.99
0301,0207428225,9.7125,73.4428,7.5617,656.17
0301,02075160,84.9516,127.6008,1.502,50.2
0301,02077230,77.4406,146.0784,1.8863,88.63
0301,02077240,19.3472,146.0784,7.5504,655.04
0301,02077250,146.3343,210.657,1.4396,43.96
0301,02077300,494.6877,568.261,1.1487,14.87
0301,02077660,136.4924,157.5867,1.1545,15.45
0301,0208062765,21885.3995,22309.3357,1.0194,1.94
0301,02081000,22457.7869,22829.1739,1.0165,1.65
0301,0208102115,22740.0956,23140.5564,1.0176,1.76
0301,02081022,22817.7953,23140.5564,1.0141,1.41
0301,02081028,23024.9943,23271.4604,1.0107,1.07
0301,0208102855,23102.6939,23992.7689,1.0385,3.85
0301,0208102925,23024.9943,23271.4604,1.0107,1.07
0301,02081054,23491.1922,23992.7689,1.0214,2.14
0301,0208108600,23154.4937,24219.9915,1.046,4.6
0301,02081094,23957.39,24286.634,1.0137,1.37
0301,02081133,743.3266,792.203,1.0658,6.58
0301,02081138,53.6128,73.2294,1.3659,36.59
0301,0208114055,24161.9991,25363.4303,1.0497,4.97
0301,0208114150,25019.2851,25363.4303,1.0138,1.38
0301,02043016,174.0472,288.1564,1.6556,65.56
0301,02043200,62.9367,70.605,1.1218,12.18
0301,02043500,61.1237,103.0641,1.6862,68.62
0301,02043550,106.9665,162.0037,1.5145,51.45
0301,02044000,100.2325,123.1967,1.2291,22.91
0301,02044500,821.0262,861.8172,1.0497,4.97
0301,02045000,922.0358,1077.2899,1.1684,16.84
0301,02045200,39.3678,119.4364,3.0339,203.39
0301,02045320,1209.5244,134.1291,0.1109,-88.91
0301,02045500,1494.4231,1513.9663,1.0131,1.31
0301,02046000,292.6687,333.8824,1.1408,14.08
0301,02046500,12.924,97.7388,7.5626,656.26
0301,02047000,3732.1729,3797.044,1.0174,1.74
0301,02047100,222.998,279.957,1.2554,25.54
0301,02047370,4457.3695,4465.442,1.0018,0.18
0301,02047500,751.0966,840.2083,1.1186,11.86
0301,02047783,1087.795,1223.6358,1.1249,12.49
0301,02048000,1168.0846,1223.6358,1.0476,4.76
0301,02048500,264.1788,267.4564,1.0124,1.24
0301,02049000,1497.0131,1587.7911,1.0606,6.06
0301,02049500,1587.6627,1587.7911,1.0001,0.01
0301,02050000,1719.7521,1720.9289,1.0007,0.07
0301,02050500,23.4653,144.698,6.1665,516.65
0301,02051000,145.0393,230.3804,1.5884,58.84
0301,02051190,862.466,864.9367,1.0029,0.29
0301,02051500,1429.6734,1474.5661,1.0314,3.14
0301,02051600,79.7716,219.86,2.7561,175.61
0301,02052000,1926.9512,1994.1134,1.0349,3.49
0301,02052090,2090.1204,2096.2988,1.003,0.3
0301,02052500,177.9322,201.6066,1.1331,13.31
0301,02053000,248.3799,329.7772,1.3277,32.77
0301,0205373035,1.036,73.306,70.759,6975.9
0301,0205373075,1.7871,73.306,41.0197,4001.97
0301,02053800,282.3087,358.6559,1.2704,27.04
0301,02054500,657.857,821.9041,1.2494,24.94
0301,02054510,699.2968,821.9041,1.1753,17.53
0301,02054530,727.7867,821.9041,1.1293,12.93
0301,02054550,766.6365,821.9041,1.0721,7.21
0301,02054750,911.6758,1326.6456,1.4552,45.52
0301,0205491522,960.8856,1326.6456,1.3806,38.06
0301,0205492550,968.6556,1326.6456,1.3696,36.96
0301,0205494935,994.5554,1326.6456,1.3339,33.39
0301,02055000,994.5554,1326.6456,1.3339,33.39
0301,02055010,997.1454,1326.6456,1.3304,33.04
0301,02055080,1010.0954,1326.6456,1.3134,31.34
0301,02055100,30.3029,86.5388,2.8558,185.58
0301,02055379,162.1333,289.4402,1.7852,78.52
0301,0205551460,13.1312,289.4402,22.0421,2104.21
0301,0205551614,202.0191,289.4402,1.4327,43.27
0301,02056000,1318.3039,1326.6456,1.0063,0.63
0301,02056650,144.5213,151.867,1.0508,5.08
0301,02056900,297.8486,305.5684,1.0259,2.59
0301,02057000,538.7175,544.1259,1.01,1.0
0301,02057500,2634.0179,2653.693,1.0075,0.75
0301,02058000,154.3633,267.3324,1.7318,73.18
0301,02058400,909.0858,1015.5591,1.1171,11.71
0301,02058500,989.3755,1015.5591,1.0265,2.65
0301,02059000,3672.6031,3815.4,1.0389,3.89
0301,02059485,323.7485,355.085,1.0968,9.68
0301,02059500,486.9178,558.6817,1.1474,14.74
0301,02060500,4615.3588,4668.3944,1.0115,1.15
0301,02061000,295.2586,444.5579,1.5057,50.57
0301,02061500,815.8463,846.7723,1.0379,3.79
0301,02062000,937.5757,1003.5037,1.0703,7.03
0301,02062500,6226.3314,6233.6625,1.0012,0.12
0301,02063000,9.9715,89.1708,8.9426,794.26
0301,02063500,127.6864,164.5014,1.2883,28.83
0301,02064000,427.348,441.4783,1.0331,3.31
0301,02064500,101.5275,113.72,1.1201,12.01
0301,02065000,574.9774,612.3423,1.065,6.5
0301,02065200,6946.3481,6942.4004,0.9994,-0.06
0301,02065500,252.7828,293.4605,1.1609,16.09
0301,02066000,7681.9047,7735.9255,1.007,0.7
0301,02066500,349.6484,568.339,1.6255,62.55
0301,02067000,8357.8916,8428.3943,1.0084,0.84
0301,02069700,221.444,371.3055,1.6767,67.67
0301,02070000,279.7187,284.3124,1.0164,1.64
0301,02071530,68.1167,124.5671,1.8287,82.87
0301,02072000,556.8474,750.4206,1.3476,34.76
0301,02072500,670.8069,750.4206,1.1187,11.87
0301,02073000,981.6055,1112.2256,1.1331,13.31
0301,02073500,177.1552,189.1488,1.0677,6.77
0301,02074500,287.4887,312.5227,1.0871,8.71
0301,02075000,5335.3755,5490.5984,1.0291,2.91
0301,02075045,5480.4148,5490.5984,1.0019,0.19
0301,02075500,6700.2992,6738.2766,1.0057,0.57
0301,02076000,7153.5472,7212.7006,1.0083,0.83
0301,02076500,23.7761,169.7333,7.1388,613.88
0301,02077000,1416.7235,1545.3669,1.0908,9.08
0301,02077500,745.9166,746.7532,1.0011,0.11
0301,02078000,1067.0751,1108.7259,1.039,3.9
0301,02079000,19147.7821,10191.1336,0.5322,-46.78
0301,02079500,20372.8465,20699.1714,1.016,1.6
0301,02079640,138.5644,285.4764,2.0602,106.02
0302,02081190,69.4117,113.7078,1.6382,63.82
0302,02081510,12.5614,121.6595,9.6852,868.52
0302,02081511,17.2234,121.6595,7.0636,606.36
0302,02081740,1111.1049,1228.8418,1.106,10.6
0302,02081800,123.8014,168.4911,1.361,36.1
0302,0208194820,1788.6458,1789.511,1.0005,0.05
0302,02082000,1815.5817,2031.4655,1.1189,11.89
0302,02082500,167.8312,171.7473,1.0233,2.33
0302,0208250885,2038.3206,2406.6825,1.1807,18.07
0302,02082610,2408.6889,2535.8154,1.0528,5.28
0302,0208273070,7.4851,39.1063,5.2246,422.46
0302,02082731,34.7058,39.1063,1.1268,12.68
0302,0208281175,681.1669,705.3225,1.0355,3.55
0302,0208331077,1963.211,2317.4549,1.1804,18.04
0302,02083640,492.0977,513.0948,1.0427,4.27
0302,0208378372,169.3852,256.9112,1.5167,51.67
0302,02083800,202.2781,256.9112,1.2701,27.01
0302,02083833,46.6198,45.2652,0.9709,-2.91
0302,02083893,6788.3588,6887.9955,1.0147,1.47
0302,02084070,23.5689,34.7474,1.4743,47.43
0302,02084164,19.4249,145.4464,7.4876,648.76
0302,02084173,7402.186,8189.2754,1.1063,10.63
0302,0208423100,55.1667,216.0839,3.9169,291.69
0302,02084317,2.6418,447.1181,169.2483,16824.83
0302,0208436195,637.1371,629.6315,0.9882,-1.18
0302,02084500,24.838,33.423,1.3456,34.56
0302,02084540,67.3397,101.019,1.5001,50.01
0302,0208455130,0.3771,236.2716,626.5452,62554.52
0302,0208455141,0.2761,137.552,498.2096,49720.96
0302,0208455143,0.1911,137.552,719.6361,71863.61
0302,0208455145,17.0939,137.552,8.0468,704.68
0302,02084556,0.7511,101.5368,135.1848,13418.48
0302,02084558,193.3426,249.9473,1.2928,29.28
0302,0208458600,0.2813,396.707,1410.3998,140939.98
0302,0208458800,0.4196,396.707,945.4902,94449.02
0302,02084903,3.4706,170.8962,49.2413,4824.13
0302,02084904,0.3626,170.8962,471.3099,47030.99
0302,02084905,4.0663,170.8962,42.0276,4102.76
0302,02084908,0.7511,170.8962,227.5289,22652.89
0302,02084909,36.5188,170.8962,4.6797,367.97
0302,0208500600,10.878,294.3803,27.0621,2606.21
0302,0208501535,23.1545,294.3803,12.7137,1171.37
0302,02085039,312.8447,672.6917,2.1502,115.02
0302,02085079,383.3182,672.6917,1.7549,75.49
0302,02085220,208.235,271.6232,1.3044,30.44
0302,02085430,82.4911,95.5208,1.158,15.8
0302,02086000,12.2506,452.9019,36.9696,3596.96
0302,02086799,12.8722,69.7526,5.4188,441.88
0302,02086849,56.7207,69.7526,1.2298,22.98
0302,02087000,1385.6436,1743.605,1.2583,25.83
0302,0208700550,10.4895,1743.605,166.2246,16522.46
0302,0208700780,26.1589,1743.605,66.6544,6565.44
0302,0208705200,16.1356,136.0713,8.433,743.3
0302,0208706575,135.9744,136.0713,1.0007,0.07
0302,0208718210,1996.8808,2226.4788,1.115,11.5
0302,02087190,2051.2706,2226.4788,1.0854,8.54
0302,0208721055,6.2937,2226.4788,353.7647,35276.47
0302,0208721290,2.7713,2226.4788,803.4096,80240.96
0302,0208725055,8.9873,136.3441,15.1708,1417.08
0302,0208726370,11.2405,282.1146,25.0979,2409.79
0302,0208726995,16.0061,282.1146,17.6254,1662.54
0302,0208730025,0.1554,376.3392,2421.7566,242075.66
0302,0208731190,287.4887,376.3392,1.3091,30.91
0302,02087322,308.2086,376.3392,1.2211,22.11
0302,0208732593,10.5672,376.3392,35.6141,3461.41
0302,0208732610,11.37,376.3392,33.0992,3209.92
0302,0208732810,3.7296,376.3392,100.9065,9990.65
0302,0208735460,63.1957,119.1079,1.8847,88.47
0302,0208739674,5.8016,2988.3351,515.0905,51409.05
0302,0208739678,0.5957,2988.3351,5016.5331,501553.31
0302,0208741400,1.3468,2988.3351,2218.8512,221785.12
0302,02087570,3123.5257,3906.1805,1.2506,25.06
0302,0208758440,11.7326,92.7394,7.9044,690.44
0302,0208762750,0.5439,171.51,315.3351,31433.51
0302,0208794555,8.1067,147.0256,18.1364,1713.64
0302,02088090,212.12,263.2588,1.2411,24.11
0302,02088270,435.118,491.2338,1.129,12.9
0302,02088315,12.9758,108.2473,8.3422,734.22
0302,02088470,494.6877,678.2888,1.3711,37.11
0302,0208863200,813.2563,817.256,1.0049,0.49
0302,02088682,6.3714,6234.442,978.5087,97750.87
0302,02089192,6487.9202,6542.9069,1.0085,0.85
0302,02089216,9.842,6758.1377,686.6662,68566.62
0302,02089222,11.0592,61.6034,5.5703,457.03
0302,02090500,611.2372,671.9294,1.0993,9.93
0302,02090504,629.3671,671.9294,1.0676,6.76
0302,0209050750,4.5843,40.3662,8.8054,780.54
0302,02090512,21.2379,40.3662,1.9007,90.07
0302,02090625,5.439,1334.9169,245.4354,24443.54
0302,02090960,49.2098,166.6505,3.3865,238.65
0302,0209096970,7.7959,61.6538,7.9085,690.85
0302,02091700,241.6459,389.3953,1.6114,61.14
0302,0209173200,74.0737,139.1342,1.8783,87.83
0302,02091736,138.9788,139.1342,1.0011,0.11
0302,02091737,375.5483,471.658,1.2559,25.59
0302,02091764,2538.1883,2614.4325,1.03,3.0
0302,02091814,10100.9536,10274.1858,1.0172,1.72
0302,02091836,10463.552,11617.5489,1.1103,11.03
0302,02091960,25.3819,81.8252,3.2238,222.38
0302,02091970,69.9297,81.8252,1.1701,17.01
0302,02092000,471.3778,624.7761,1.3254,32.54
0302,02092020,62.1597,62.055,0.9983,-0.17
0302,02092162,11577.2469,11675.061,1.0084,0.84
0302,02092554,958.2956,970.7872,1.013,1.3
0302,0209257120,29.0079,116.4438,4.0142,301.42
0302,02092760,696.7068,708.2908,1.0166,1.66
0302,0209303205,433.4345,417.4372,0.9631,-3.69
0302,0209319350,2.331,912.2171,391.3433,39034.33
0302,02093229,5.3872,132.9124,24.672,2367.2
0303,0209330990,0.1554,214.8672,1382.6784,138167.84
0303,0209331325,2.849,214.8672,75.4188,7441.88
0303,02093500,435.118,435.6803,1.0013,0.13
0303,0209387778,19.1918,180.8617,9.4239,842.39
0303,02094000,41.1808,180.8617,4.3919,339.19
0303,0209437825,0.0194,342.1499,17613.9771,1761297.71
0303,0209437850,0.03,342.1499,11388.3473,1138734.73
0303,02094412,323.7485,342.1499,1.0568,5.68
0303,0209509100,112.6645,116.7081,1.0359,3.59
0303,0209517912,12.3801,113.0257,9.1296,812.96
0303,0209555450,252.2648,260.2325,1.0316,3.16
0303,0209560800,629.3671,660.735,1.0498,4.98
0303,02096000,114.4775,120.7096,1.0544,5.44
0303,0209647280,12.7427,1797.9934,141.0994,14009.94
0303,0209647295,6.5009,1797.9934,276.5773,27557.73
0303,0209651815,4.921,1797.9934,365.3732,36437.32
0303,0209665940,11.6549,159.8998,13.7195,1271.95
0303,0209665990,25.9776,159.8998,6.1553,515.53
0303,02096700,300.4386,678.939,2.2598,125.98
0303,0209679804,37.3476,41.0545,1.0993,9.93
0303,02096842,1.6576,101.6341,61.3143,6031.43
0303,02096845,2.59,101.6341,39.2411,3824.11
0303,02096850,87.2826,101.6341,1.1644,16.44
0303,0209695780,23.8797,3342.4925,139.9722,13897.22
0303,0209697900,29.7849,3342.4925,112.2212,11122.12
0303,02097000,3392.8844,73.9778,0.0218,-97.82
0303,02097243,4.3512,43.0143,9.8857,888.57
0303,02097280,38.3059,43.0143,1.1229,12.29
0303,02097355,27.0654,65.2595,2.4112,141.12
0303,0209736050,1.0878,65.2595,59.9924,5899.24
0303,0209737400,29.8108,65.2595,2.1891,118.91
0303,02097386,6.0088,65.2595,10.8607,986.07
0303,0209741387,8.4175,122.6402,14.5697,1356.97
0303,02097500,77.9586,154.2966,1.9792,97.92
0303,0209750881,9.1686,154.2966,16.8289,1582.89
0303,0209782150,5.3095,888.5245,167.3469,16634.69
0303,02098000,738.1466,888.5245,1.2037,20.37
0303,02098200,4374.4899,4421.4211,1.0107,1.07
0303,02098206,4379.6699,4421.4211,1.0095,0.95
0303,0209834300,29.7849,81.8325,2.7475,174.75
0303,0209849550,82.6206,159.0182,1.9247,92.47
0303,02098500,83.1386,159.0182,1.9127,91.27
0303,02099238,17.9486,246.6524,13.7421,1274.21
0303,02099480,32.6856,41.6703,1.2749,27.49
0303,02099500,323.7485,323.0103,0.9977,-0.23
0303,02100000,43.2528,68.475,1.5831,58.31
0303,02100634,16.4464,73.142,4.4473,344.73
0303,02101000,354.8284,376.44,1.0609,6.09
0303,0210106600,2224.7998,2276.7337,1.0233,2.33
0303,0210108450,1.7353,115.2761,66.4304,6543.04
0303,02102178,8365.6616,206.7947,0.0247,-97.53
0303,02102897,284.8987,677.1471,2.3768,137.68
0303,0210307850,3.8073,922.4304,242.2805,24128.05
0303,0210307868,7.7441,922.4304,119.1145,11811.45
0303,0210307872,8.6247,922.4304,106.9527,10595.27
0303,0210307880,12.6909,922.4304,72.6842,7168.42
0303,02103500,1188.8045,1245.8901,1.048,4.8
0303,0210382000,2.4294,103.7655,42.7122,4171.22
0303,0210382026,6.6381,103.7655,15.6317,1463.17
0303,0210382035,11.0023,103.7655,9.4313,843.13
0303,0210382050,14.5247,103.7655,7.1441,614.41
0303,0210382068,2.287,103.7655,45.3727,4437.27
0303,0210382103,23.7036,103.7655,4.3776,337.76
0303,0210382325,66.0447,103.7655,1.5711,57.11
0303,0210398250,26.6769,103.7655,3.8897,288.97
0303,02104000,11382.9977,11394.187,1.001,0.1
0303,02104320,109.2975,253.5685,2.32,132.0
0303,0210433959,12.3801,91.9985,7.4311,643.11
0303,0210433975,15.5917,91.9985,5.9005,490.05
0303,0210438680,2.2533,253.5685,112.5326,11153.26
0303,02104387,7.3815,253.5685,34.3521,3335.21
0303,02104390,248.8979,253.5685,1.0188,1.88
0303,02104500,756.2765,253.5685,0.3353,-66.47
0303,02105524,4.6879,142.6986,30.4399,2943.99
0303,02105544,12993.9703,13320.2933,1.0251,2.51
0303,02106000,240.3509,328.2609,1.3658,36.58
0303,02106681,125.0964,149.4787,1.1949,19.49
0303,02107000,981.6055,1046.9422,1.0666,6.66
0303,02107500,279.7187,315.138,1.1266,12.66
0303,02107570,18233.5163,18292.5808,1.0032,0.32
0303,02107571,18259.4162,18338.5135,1.0043,0.43
0303,02107576,18285.3161,18338.5135,1.0029,0.29
0303,02107600,123.0244,214.1455,1.7407,74.07
0303,0210782005,21.4969,59.6955,2.7769,177.69
0303,0210783230,5.8275,480.6617,82.482,8148.2
0303,0210783240,3.8591,480.6617,124.5534,12355.34
0303,0210783273,2.9526,480.6617,162.7934,16179.34
0303,0210783276,23.5948,480.6617,20.3715,1937.15
0303,0210788875,52.0588,100.5933,1.9323,93.23
0303,0210789100,58.5337,100.5933,1.7186,71.86
0303,0210789120,91.9446,100.5933,1.0941,9.41
0303,0210797940,4.1699,83.7661,20.0884,1908.84
0303,02108000,1551.4029,1965.473,1.2669,26.69
0303,02108500,179.4862,179.8795,1.0022,0.22
0303,02108548,20.2019,461.9095,22.8646,2186.46
0303,02108619,3884.9822,3992.895,1.0278,2.78
0303,02108622,28.4899,3992.895,140.1514,13915.14
0303,02108690,4322.6902,4514.567,1.0444,4.44
0303,02108820,23315.073,23469.0183,1.0066,0.66
0303,02108850,23491.1922,23583.3111,1.0039,0.39
0304,02112120,331.5185,361.3051,1.0898,8.98
0304,02112500,300.4386,326.8293,1.0878,8.78
0304,02113500,3175.3254,4003.6146,1.2609,26.09
0304,02115500,57.2387,139.4297,2.4359,143.59
0304,02115750,214.451,472.1823,2.2018,120.18
0304,02115800,30.5619,472.1823,15.4501,1445.01
0304,0211583580,5.0246,108.3207,21.5582,2055.82
0304,02115842,0.1036,181.0356,1747.4556,174645.56
0304,02115850,132.8664,181.0356,1.3625,36.25
0304,02115854,1.295,181.0356,139.7964,13879.64
0304,02115856,169.9032,181.0356,1.0655,6.55
0304,02115900,111.1105,115.1609,1.0365,3.65
0304,02117030,2.7195,335.2912,123.292,12229.2
0304,02117500,261.5888,263.326,1.0066,0.66
0304,02119000,1473.7032,2346.0308,1.5919,59.19
0304,02119400,12.5355,58.8775,4.6968,369.68
0304,02120500,226.365,260.4831,1.1507,15.07
0304,02121000,8935.459,9169.6314,1.0262,2.62
0304,02121180,24.9157,73.0378,2.9314,193.14
0304,02121493,13.3643,47.7852,3.5756,257.56
0304,02122500,10359.9524,10603.0764,1.0235,2.35
0304,02123000,29.2669,219.3003,7.4931,649.31
0304,02123500,885.7759,1004.0745,1.1336,13.36
0304,02123567,8.9096,1004.0745,112.6963,11169.63
0304,02123629,14.5557,84.1063,5.7782,477.82
0304,0212429930,0.9065,111.4773,122.976,12197.6
0304,0212429960,2.59,111.4773,43.0416,4204.16
0304,02124471,116.8085,158.9538,1.3608,36.08
0304,0212501005,160.3203,248.7653,1.5517,55.17
0304,02125500,440.298,497.2853,1.1294,12.94
0304,02125557,22.6624,605.9845,26.7396,2573.96
0304,02125696,10.3082,87.3519,8.4741,747.41
0304,02125699,15.0996,87.3519,5.785,478.5
0304,02125816,227.401,357.7165,1.5731,57.31
0304,02126375,15886.9871,16357.8971,1.0296,2.96
0304,02126500,34.9648,281.3615,8.047,704.7
0304,02127000,284.8987,281.3615,0.9876,-1.24
0304,02127318,393.6782,468.3447,1.1897,18.97
0304,02127500,16368.7249,17363.8878,1.0608,6.08
0304,0212880025,17705.1587,18633.3812,1.0524,5.24
0304,02129375,18285.3161,18633.3812,1.019,1.9
0304,02129500,24.4236,92.663,3.794,279.4
0304,0213228795,0.9324,50.1163,53.75,5275.0
0304,02133651,1087.795,1300.8484,1.1959,19.59
0304,02110525,3185.6854,3262.5907,1.0241,2.41
0304,02129590,68.3757,79.9365,1.1691,16.91
0304,02130450,383.3182,673.1352,1.7561,75.61
0304,02130500,165.7592,166.3547,1.0036,0.36
0304,02130600,150.7373,180.2399,1.1957,19.57
0304,02131130,4.1958,257.4691,61.3638,6036.38
0304,02131150,70.9657,74.3453,1.0476,4.76
0304,02131309,62.9367,108.3248,1.7212,72.12
0304,021313485,27.1949,91.6009,3.3683,236.83
0304,02131452,83.3976,106.2973,1.2746,27.46
0304,02131455,128.9814,163.5753,1.2682,26.82
0304,02131510,1939.9011,2061.7393,1.0628,6.28
0304,02132100,54.1308,330.1314,6.0988,509.88
0304,02132500,1357.1538,1523.8383,1.1228,12.28
0304,02135100,7873.5639,8081.1297,1.0264,2.64
0304,02135300,248.6389,280.4986,1.1281,12.81
0304,02135500,1004.9154,290.9432,0.2895,-71.05
0304,02135501,1074.8451,1164.836,1.0837,8.37
0304,021355015,70.1887,75.9092,1.0815,8.15
0304,02135517,347.0584,493.3395,1.4215,42.15
0304,02135520,26.0553,493.3395,18.9343,1793.43
0304,02135600,479.1478,493.3395,1.0296,2.96
0304,02135625,792.5364,1051.1697,1.3263,32.63
0304,02136010,51.2818,75.2436,1.4673,46.73
0304,02136270,5050.4768,5209.1387,1.0314,3.14
0305,02137000,53.4574,141.0737,2.639,163.9
0305,02138000,445.478,468.9663,1.0527,5.27
0305,0213875850,6.1642,102.9636,16.7036,1570.36
0305,02139200,20.3573,158.0618,7.7644,676.44
0305,02139650,23.1545,1830.7425,79.0664,7806.64
0305,0214042720,3.2375,178.2669,55.0634,5406.34
0305,02141150,74.0737,105.116,1.4191,41.91
0305,02141245,231.8039,254.4104,1.0975,9.75
0305,02141500,2823.087,3027.0997,1.0723,7.23
0305,0214183365,87.8006,121.9706,1.3892,38.92
0305,0214192500,119.3985,156.0126,1.3067,30.67
0305,0214196125,3392.8844,3754.0811,1.1065,10.65
0305,0214244102,3755.4828,4152.7117,1.1058,10.58
0305,02142500,3781.3826,4152.7117,1.0982,9.82
0305,02142600,109.8155,111.9778,1.0197,1.97
0305,0214264790,4636.0787,4836.3813,1.0432,4.32
0305,02142651,6.0865,75.3859,12.3858,1138.58
0305,0214265828,2.331,75.3859,32.3407,3134.07
0305,0214266075,6.9153,4836.3813,699.3773,69837.73
0305,0214267600,4807.0179,4836.3813,1.0061,0.61
0305,0214267602,4817.3779,4836.3813,1.0039,0.39
0305,0214399575,0.4144,81.1975,195.9407,19494.07
0305,0214399580,0.5698,81.1975,142.5023,14150.23
0305,0214620760,11.3959,80.4158,7.0565,605.65
0305,0214620805,0.057,80.4158,1411.3046,141030.46
0305,02146330,113.1825,323.8901,2.8617,186.17
0305,0214635212,0.1554,323.8901,2084.2446,208324.46
0305,0214640410,8.8578,132.0165,14.9041,1390.41
0305,02146420,38.8498,132.0165,3.3981,239.81
0305,0214643770,29.0079,132.0165,4.5511,355.11
0305,0214643840,0.0596,132.0165,2216.1676,221516.76
0305,0214643860,36.7778,132.0165,3.5896,258.96
0305,02146449,45.5838,132.0165,2.8961,189.61
0305,02146450,47.9148,132.0165,2.7552,175.52
0305,02146500,106.1895,132.0165,1.2432,24.32
0305,0214650690,0.3186,132.0165,414.4053,41340.53
0305,02146579,13.6492,38.413,2.8143,181.43
0305,02146614,121.9884,247.2883,2.0271,102.71
0305,0214666925,0.6889,48.7411,70.7483,6974.83
0305,0214668150,5.0246,39.333,7.8281,682.81
0305,0214669980,0.3263,39.333,120.5281,11952.81
0305,0214677974,9.2463,86.6746,9.374,837.4
0305,0214678230,11.7067,86.6746,7.4038,640.38
0305,02146900,198.1341,383.6056,1.9361,93.61
0305,02148500,244.4949,662.1376,2.7082,170.82
0305,02149702,269.3588,353.5847,1.3127,31.27
0305,02150000,450.6579,633.7017,1.4062,40.62
0305,02151000,569.7974,572.7307,1.0051,0.51
0305,02152000,173.5292,172.9085,0.9964,-0.36
0305,02152500,517.9976,672.8616,1.299,29.9
0305,02152610,3.7296,61.4276,16.4704,1547.04
0305,0215329875,175.3422,387.7144,2.2112,121.12
0305,02145910,7821.7641,7975.8565,1.0197,1.97
0305,02147000,9142.658,9323.6662,1.0198,1.98
0305,02147240,172.4932,173.3864,1.0052,0.52
0305,021473423,8.7801,76.9168,8.7604,776.04
0305,021473470,112.9235,112.01,0.9919,-0.81
0305,021474750,266.7688,517.5126,1.9399,93.99
0305,02147500,502.4577,517.5126,1.03,3.0
0305,02147659,38.3318,110.4349,2.881,188.1
0305,02147801,12276.5436,13081.8494,1.0656,6.56
0305,02148071,21.471,13427.0785,625.3587,62435.87
0305,02153480,450.6579,457.6166,1.0154,1.54
0305,02155600,25.8999,94.1287,3.6343,263.43
0305,02155800,813.2563,1071.5279,1.3176,31.76
0305,02156000,828.7962,1071.5279,1.2929,29.29
0305,02156301,195.8031,220.204,1.1246,12.46
0305,02156350,1105.9249,1204.6764,1.0893,8.93
0305,02156370,1302.764,1335.2797,1.025,2.5
0305,02156450,31.8569,53.2917,1.6728,67.28
0305,021569983,49.7278,90.556,1.821,82.1
0305,02157475,118.1035,220.9454,1.8708,87.08
0305,02157490,41.1808,41.5874,1.0099,0.99
0305,02157500,176.8962,220.9454,1.249,24.9
0305,02157530,192.9541,220.9454,1.1451,14.51
0305,02158000,419.5781,448.2745,1.0684,6.84
0305,021584051,26.4179,256.082,9.6935,869.35
0305,02158410,249.4159,256.082,1.0267,2.67
0305,02158500,274.5387,445.2813,1.6219,62.19
0305,02159000,450.6579,445.2813,0.9881,-1.19
0305,02159600,23.2322,86.4745,3.7222,272.22
0305,02159800,44.0298,92.001,2.0895,108.95
0305,02159810,61.1237,92.001,1.5052,50.52
0305,02160000,484.3278,565.2154,1.167,16.7
0305,021603257,35.7418,257.8915,7.2154,621.54
0305,021603273,14.8147,257.8915,17.4078,1640.78
0305,02160500,795.1263,924.1183,1.1622,16.22
0305,021607224,162.3923,250.816,1.5445,54.45
0305,02160750,11836.2457,12246.1056,1.0346,3.46
0305,02160775,21.1343,105.6731,5.0001,400.01
0305,02160800,4.8433,105.6731,21.8185,2081.85
0305,02160991,12302.4435,13116.7746,1.0662,6.62
0305,02161500,12561.4423,13116.7746,1.0442,4.42
0305,02161700,66.0447,86.9449,1.3165,31.65
0305,02162010,126.6504,261.3515,2.0636,106.36
0305,02162080,172.2342,174.6531,1.014,1.4
0305,0216239615,74.3327,195.9188,2.6357,163.57
0305,021624101,673.3969,760.833,1.1298,12.98
0305,02162525,4.144,85.4005,20.6083,1960.83
0305,02162550,883.1859,1241.1799,1.4053,40.53
0305,02163000,1048.9452,1241.1799,1.1833,18.33
0305,021630005,116.5495,1241.1799,10.6494,964.94
0305,02165000,611.2372,1041.7334,1.7043,70.43
0305,02165350,2.331,329.9447,141.5471,14054.71
0305,02166975,3.1857,108.0409,33.9145,3291.45
0305,02167000,3522.3838,3613.213,1.0258,2.58
0305,021671101,62.1597,78.4974,1.2628,26.28
0305,02167500,4214.2474,5601.0034,1.3291,32.91
0305,02167557,42.2168,131.3746,3.1119,211.19
0305,021677090,123.5424,144.5884,1.1704,17.04
0305,02167750,1.3468,49.0209,36.3982,3539.82
0305,02168501,6267.7712,6535.0545,1.0426,4.26
0305,02168900,6500.8702,6535.0545,1.0053,0.53
0305,02169300,20305.5068,20300.1725,0.9997,-0.03
0305,02169506,6.2419,20300.1725,3252.2574,325125.74
0305,02169550,315.9785,369.5997,1.1697,16.97
0305,02169568,5.8534,192.9538,32.9646,3196.46
0305,02169625,21471.0014,21774.766,1.0141,1.41
0305,02169630,25.8999,119.3622,4.6086,360.86
0305,02169670,173.2702,21774.766,125.6694,12466.94
0305,02169672,183.8892,21774.766,118.4125,11741.25
0305,02169750,22066.6987,22056.9142,0.9996,-0.04
0305,02169800,36518.8324,22056.9142,0.604,-39.6
0305,02169810,36518.8324,37995.1345,1.0404,4.04
0305,02170000,37813.8264,37995.1345,1.0048,0.48
0305,02170500,38072.8252,37995.1345,0.998,-0.2
0305,02171001,38072.8252,38066.9923,0.9998,-0.02
0305,02171500,38072.8252,38066.9923,0.9998,-0.02
0305,02171650,38590.8228,38578.8285,0.9997,-0.03
0305,02171680,42.9938,62.6922,1.4582,45.82
0305,02171700,27842.3722,39135.4354,1.4056,40.56
0305,021720368,63.9727,78.2825,1.2237,22.37
0305,02172500,512.8176,904.7315,1.7642,76.42
0305,02172525,186.9971,219.7007,1.1749,17.49
0305,0217252503,193.4721,219.7007,1.1356,13.56
0305,021727610,58.2747,69.1618,1.1868,18.68
0305,021731105,61.3827,111.1074,1.8101,81.01
0305,02173299,942.7557,1341.7535,1.4232,42.32
0305,02173495,3.0562,4211.942,1378.1694,137716.94
0305,02174000,4454.7795,4539.9171,1.0191,1.91
0305,02174055,4869.1776,4898.4318,1.006,0.6
0305,02174075,65.5267,153.1024,2.3365,133.65
0305,02174080,124.3194,153.1024,1.2315,23.15
0305,02174140,68.6347,106.3227,1.5491,54.91
0305,02175025,7329.6664,7504.1286,1.0238,2.38
0305,02175100,101.2685,91.8775,0.9073,-9.27
0305,02175200,167.3132,191.341,1.1436,14.36
0305,02175500,883.1859,2646.3828,2.9964,199.64
0305,02175552,108.0025,283.9049,2.6287,162.87
0305,02176000,2848.9869,3101.7336,1.0887,8.87
0305,02176517,989.3755,1033.6496,1.0447,4.47
0306,02176930,120.9524,172.1875,1.4236,42.36
0306,02178000,663.037,1213.7439,1.8306,83.06
0306,02179000,334.1085,358.231,1.0722,7.22
0306,02180400,62.1597,63.8666,1.0275,2.75
0306,02180500,63.1957,63.8666,1.0106,1.06
0306,02181000,458.4279,490.6569,1.0703,7.03
0306,02181350,468.7878,490.6569,1.0467,4.67
0306,02181500,473.9678,490.6569,1.0352,3.52
0306,02181580,477.5938,490.6569,1.0274,2.74
0306,02182000,84.1746,85.3442,1.0139,1.39
0306,02184000,2354.2992,2563.6045,1.0889,8.89
0306,02187251,5407.8952,5428.3165,1.0038,0.38
0306,02188500,99.4555,111.1706,1.1178,11.78
0306,02188600,186.4791,319.1624,1.7115,71.15
0306,02188680,208.235,319.1624,1.5327,53.27
0306,02189020,19.7616,786.0116,39.7747,3877.47
0306,02189030,1.036,786.0116,758.7019,75770.19
0306,02189050,8.6247,80.7486,9.3625,836.25
0306,02189100,2.4605,80.7486,32.8181,3181.81
0306,02189500,47.3968,80.7486,1.7037,70.37
0306,02189600,9.0909,80.7486,8.8824,788.24
0306,02190000,104.3765,178.439,1.7096,70.96
0306,02190100,9.065,178.439,19.6845,1868.45
0306,02190200,1.9166,178.439,93.1023,9210.23
0306,02190500,25.3819,178.439,7.0302,603.02
0306,02191000,308.2086,344.858,1.1189,11.89
0306,02191200,157.7303,171.7407,1.0888,8.88
0306,02191227,156.4353,238.6079,1.5253,52.53
0306,02191270,21.5228,1763.5617,81.9392,8093.92
0306,02191280,0.9583,68.6285,71.6152,7061.52
0306,02191300,1968.391,1968.9558,1.0003,0.03
0306,02191500,1973.5709,1968.9558,0.9977,-0.23
0306,02191740,123.0244,123.2188,1.0016,0.16
0306,02191743,580.1573,635.1453,1.0948,9.48
0306,02191750,35.7418,46.8449,1.3106,31.06
0306,02191910,6.993,121.4609,17.369,1636.9
0306,02191960,9.2981,57.7851,6.2147,521.47
0306,02191970,5.0505,57.7851,11.4415,1044.15
0306,02192000,3677.7831,3790.3833,1.0306,3.06
0306,02192300,0.2072,142.4378,687.4443,68644.43
0306,02192400,14.219,142.4378,10.0174,901.74
0306,02192420,2.4605,142.4378,57.89,5689.0
0306,02193300,16.8867,150.1496,8.8916,789.16
0306,02193340,87.8006,132.9109,1.5138,51.38
0306,02193400,10.3082,793.1098,76.9401,7594.01
0306,02193500,756.2765,793.1098,1.0487,4.87
0306,02193600,3.3929,85.4249,25.1777,2417.77
0306,02194000,1486.6532,1716.5188,1.1546,15.46
0306,02195000,15928.4269,18448.6785,1.1582,15.82
0306,02195320,274.5387,287.0636,1.0456,4.56
0306,02195470,151.2553,166.9199,1.1036,10.36
0306,02195520,16472.3244,18448.6785,1.12,12.0
0306,02196570,1.7094,18645.254,10907.5346,1090653.46
0306,02196605,4.3253,18645.254,4310.7622,430976.22
0306,02196670,18518.415,18645.254,1.0068,0.68
0306,02196725,2.4087,20361.2921,8453.2676,845226.76
0306,02196730,10.5154,20361.2921,1936.3396,193533.96
0306,02196760,3.9368,20361.2921,5172.065,517106.5
0306,02196820,19.4249,88.6503,4.5637,356.37
0306,02196835,27.1949,88.6503,3.2598,225.98
0306,021968385,34.7058,88.6503,2.5543,155.43
0306,02196850,0.9842,88.6503,90.0738,8907.38
0306,02197020,45.5838,121.9058,2.6743,167.43
0306,021973269,21496.9013,21343.3997,0.9929,-0.71
0306,02197520,144.0033,285.4041,1.9819,98.19
0306,02197550,62.1597,63.3907,1.0198,1.98
0306,02197598,56.4617,165.9482,2.9391,193.91
0306,02197600,72.5197,165.9482,2.2883,128.83
0306,02197830,1225.0644,1336.8245,1.0912,9.12
0306,02198000,1673.1323,1719.9991,1.028,2.8
0306,02198100,79.7716,85.2876,1.0691,6.91
0306,02198532,2.6418,123.8225,46.8707,4587.07
0306,02198690,419.5781,510.0484,1.2156,21.56
0306,02198740,4.1181,26650.8975,6471.6787,647067.87
0306,02198745,26420.4687,26650.8975,1.0087,0.87
0306,02198850,50.2458,27160.0127,540.5433,53954.33
0306,02200120,1173.2646,1249.3271,1.0648,6.48
0306,02200500,2071.9905,2384.9877,1.1511,15.11
0306,02201000,282.3087,380.9998,1.3496,34.96
0306,02201110,22.3516,549.3861,24.5793,2357.93
0306,02201160,19.399,736.0796,37.9442,3694.42
0306,02201830,11.3441,174.8072,15.4095,1440.95
0306,02202000,5024.5769,5264.1629,1.0477,4.77
0306,02202190,6138.2718,6246.9048,1.0177,1.77
0306,02202500,6863.4685,6931.0818,1.0099,0.99
0306,02202600,600.8772,788.824,1.3128,31.28
0306,02202605,14.3485,81.6009,5.6871,468.71
0306,02202680,7692.2647,7823.3661,1.017,1.7
0306,02202810,13.0794,171.1465,13.0852,1208.52
0306,02202910,2.8749,50.8505,17.6878,1668.78
0306,02202950,3.6519,160.9928,44.0849,4308.49
0306,02203000,1437.4434,2382.7529,1.6576,65.76
0306,02203500,2385.379,2480.573,1.0399,3.99
0306,02203518,3444.6842,3592.2289,1.0428,4.28
0306,02203540,1.9166,420.3128,219.3023,21830.23
0306,02203541,0.6216,108.0611,173.8443,17284.43
0306,02203542,3.2893,108.0611,32.8525,3185.25
0306,02203543,2.3828,108.0611,45.3507,4435.07
0306,02203544,0.259,108.0611,417.2263,41622.63
0306,02203557,83.6566,466.8434,5.5805,458.05
0306,02203576,2.4087,442.9494,183.8965,18289.65
0306,02203578,406.6281,554.7649,1.3643,36.43
0306,02184240,54.3898,92.8526,1.7072,70.72
0306,0217689150,448.0679,472.8694,1.0554,5.54
0306,02177000,536.1275,536.0301,0.9998,-0.02
0306,02184475,5.5944,129.2152,23.0973,2209.73
0306,02184500,128.7224,129.2152,1.0038,0.38
0306,02185000,383.3182,421.082,1.0985,9.85
0306,02185010,56.2027,128.7103,2.2901,129.01
0306,02185500,1178.4446,1224.8422,1.0394,3.94
0306,02186645,169.3852,194.0919,1.1459,14.59
0306,02187000,2657.3278,2662.356,1.0019,0.19
0306,02187252,5413.0752,5787.8918,1.0692,6.92
0306,02187500,5778.2635,5787.8918,1.0017,0.17
0306,02188000,691.5268,721.0775,1.0427,4.27
0306,02189000,7448.8058,7350.5762,0.9868,-1.32
0306,02194501,15928.4269,15871.8834,0.9965,-0.35
0306,0219562950,221.703,239.3604,1.0796,7.96
0306,02195665,292.6687,1383.5882,4.7275,372.75
0306,02196250,36.0008,203.1197,5.6421,464.21
0306,02196484,18518.415,18645.254,1.0068,0.68
0306,02197300,225.329,452.5259,2.0083,100.83
0306,021973005,42.2168,136.1587,3.2252,222.52
0306,02197306,35.7418,43.7628,1.2244,22.44
0306,02197309,45.3248,43.7628,0.9655,-3.45
0306,02197310,455.8379,452.5259,0.9927,-0.73
0306,02197315,525.7676,637.4489,1.2124,21.24
0306,02197320,21004.8036,21343.3997,1.0161,1.61
0306,02197330,0.3367,58.0986,172.5539,17155.39
0306,02197332,0.777,58.0986,74.7733,7377.33
0306,02197334,15.4104,58.0986,3.7701,277.01
0306,02197336,18.0263,58.0986,3.223,222.3
0306,02197338,0.7252,58.0986,80.1143,7911.43
0306,02197339,1.4763,58.0986,39.3544,3835.44
0306,02197340,19.5026,58.0986,2.979,197.9
0306,02197342,32.3749,58.0986,1.7946,79.46
0306,02197344,56.9797,58.0986,1.0196,1.96
0306,021973455,5.3354,58.9955,11.0574,1005.74
0306,02197348,54.9077,58.9955,1.0744,7.44
0306,02197380,90.3906,251.4448,2.7818,178.18
0306,02197400,153.5863,251.4448,1.6372,63.72
0306,344108083090600,173.0112,286.4212,1.6555,65.55
0307,02228500,414.3981,443.684,1.0707,7.07
0307,02229000,323.7485,484.5823,1.4968,49.68
0307,02229250,481.7378,484.5823,1.0059,0.59
0307,02229500,149.7013,195.1403,1.3035,30.35
0307,02230000,51.5408,70.372,1.3654,36.54
0307,02230500,404.0381,408.8971,1.012,1.2
0307,02231000,1812.9917,2188.6425,1.2072,20.72
0307,02231250,51.2818,88.0446,1.7169,71.69
0307,02231253,3522.3838,3875.1729,1.1002,10.02
0307,022312672,146.5933,411.6958,2.8084,180.84
0307,02231268,36.2598,119.0037,3.282,228.2
0307,02231280,77.4406,120.0718,1.5505,55.05
0307,02231284,159.0253,198.2928,1.2469,24.69
0307,02231289,709.6567,763.7202,1.0762,7.62
0307,02231291,738.1466,763.7202,1.0346,3.46
0307,02231299,1035.9952,1110.8949,1.0723,7.23
0307,02203600,3.9627,66.2065,16.7075,1570.75
0307,02203603,6.2678,66.2065,10.563,956.3
0307,02203700,27.4539,160.3295,5.84,484.0
0307,02203800,107.2255,160.3295,1.4953,49.53
0307,02203820,22.4552,160.3295,7.14,614.0
0307,02203831,10.7744,160.3295,14.8807,1388.07
0307,02203835,8.5988,265.3621,30.8605,2986.05
0307,02203845,2.3569,265.3621,112.59,11159.0
0307,02203850,19.4249,265.3621,13.6609,1266.09
0307,02203863,22.3516,265.3621,11.8722,1087.22
0307,02203870,9.7643,265.3621,27.1769,2617.69
0307,02203873,20.6422,265.3621,12.8553,1185.53
0307,02203884,4.8692,265.3621,54.4983,5349.83
0307,02203900,256.4088,265.3621,1.0349,3.49
0307,02203950,34.1878,99.7637,2.9181,191.81
0307,02203960,84.4336,99.7637,1.1816,18.16
0307,02203970,0.4403,473.1576,1074.6305,107363.05
0307,02204037,41.6988,473.1576,11.347,1034.7
0307,02204070,471.3778,644.6059,1.3675,36.75
0307,02204118,15.5399,73.0659,4.7018,370.18
0307,02204130,67.3397,73.0659,1.085,8.5
0307,02204285,30.8209,152.9525,4.9626,396.26
0307,02204500,1181.0346,1208.6423,1.0234,2.34
0307,02204520,1212.1144,1209.269,0.9977,-0.23
0307,02205000,3.3152,64.4867,19.4519,1845.19
0307,02205230,0.9065,64.4867,71.1385,7013.85
0307,02205500,6.2937,142.573,22.6534,2165.34
0307,02205522,19.2177,142.573,7.4188,641.88
0307,02205596,18.7256,142.573,7.6138,661.38
0307,02205865,54.3898,183.0602,3.3657,236.57
0307,02205900,7.2002,59.4486,8.2566,725.66
0307,02206000,2.4605,59.4486,24.1613,2316.13
0307,02206020,10.7744,59.4486,5.5176,451.76
0307,02206100,124.5784,183.0602,1.4694,46.94
0307,02206105,0.3885,55.8678,143.8046,14280.46
0307,02206136,0.8547,55.8678,65.3657,6436.57
0307,02206400,321.1585,494.3993,1.5394,53.94
0307,02206465,0.518,494.3993,954.4431,95344.31
0307,02206500,352.2384,494.3993,1.4036,40.36
0307,02207000,13.8046,494.3993,35.814,3481.4
0307,02207120,416.9881,494.3993,1.1856,18.56
0307,02207130,9.4276,74.4467,7.8967,689.67
0307,02207135,5.698,74.4467,13.0655,1206.55
0307,02207160,73.5557,74.4467,1.0121,1.21
0307,02207200,14.7629,594.7018,40.2834,3928.34
0307,02207220,551.6675,594.7018,1.078,7.8
0307,02207300,611.2372,886.5166,1.4504,45.04
0307,02207335,673.3969,886.5166,1.3165,31.65
0307,02207385,44.8068,83.2855,1.8588,85.88
0307,02207400,21.1861,83.2855,3.9311,293.11
0307,02207418,119.9164,213.3944,1.7795,77.95
0307,02207448,212.379,213.3944,1.0048,0.48
0307,02207500,979.0155,1092.6994,1.1161,11.61
0307,02208000,1108.5149,1171.0101,1.0564,5.64
0307,02208050,25.8222,69.5563,2.6937,169.37
0307,02208130,14.1413,69.5563,4.9186,391.86
0307,02208150,79.7716,127.2456,1.5951,59.51
0307,02208200,2.7454,259.871,94.6573,9365.73
0307,02208450,481.7378,497.0296,1.0317,3.17
0307,02208485,25.4078,76.7484,3.0207,202.07
0307,02208487,8.8319,76.7484,8.6899,768.99
0307,02208493,70.4477,76.7484,1.0894,8.94
0307,02208500,590.5173,617.2178,1.0452,4.52
0307,02209000,631.9571,666.5659,1.0548,5.48
0307,02209360,17.845,91.022,5.1007,410.07
0307,02209500,753.6865,808.2243,1.0724,7.24
0307,02210500,3677.7831,3898.2364,1.0599,5.99
0307,02211300,271.9488,581.8064,2.1394,113.94
0307,02211459,6.1124,93.4235,15.2843,1428.43
0307,02211500,815.8463,928.6836,1.1383,13.83
0307,02211800,875.416,928.6836,1.0608,6.08
0307,02212500,5076.3767,5637.88,1.1106,11.06
0307,02212600,186.9971,279.1947,1.493,49.3
0307,02212735,5387.1753,5637.88,1.0465,4.65
0307,02213000,5801.5734,5834.6961,1.0057,0.57
0307,02213050,81.0666,110.8997,1.368,36.8
0307,02213470,404.0381,469.1644,1.1612,16.12
0307,02213500,471.3778,713.8572,1.5144,51.44
0307,02214000,370.3683,517.1822,1.3964,39.64
0307,02214075,590.5173,660.8134,1.119,11.9
0307,02214265,8676.4602,8636.348,0.9954,-0.46
0307,02214500,264.1788,277.6556,1.051,5.1
0307,02214590,398.8582,463.4367,1.1619,16.19
0307,02215000,9841.9548,9980.5766,1.0141,1.41
0307,02215100,422.1681,605.9576,1.4353,43.53
0307,02215230,20.1242,188.8477,9.3841,838.41
0307,02215260,11551.347,11723.2917,1.0149,1.49
0307,02215280,6.6045,333.3321,50.4707,4947.07
0307,02215400,388.4982,398.6079,1.026,2.6
0307,02215500,13416.1384,13591.1553,1.013,1.3
0307,02215900,818.4362,2082.6902,2.5447,154.47
0307,02216000,909.0858,2082.6902,2.291,129.1
0307,02216180,127.4274,207.83,1.631,63.1
0307,02216610,7.0189,15815.8075,2253.3275,225232.75
0307,02217000,48.6918,168.3222,3.4569,245.69
0307,02217250,1.0101,383.9262,380.0891,37908.91
0307,02217274,3.3929,173.2847,51.073,5007.3
0307,02217297,282.3087,346.7887,1.2284,22.84
0307,02217475,859.8761,918.9999,1.0688,6.88
0307,02217500,1030.8153,1225.4173,1.1888,18.88
0307,02217505,3.7296,1225.4173,328.5668,32756.68
0307,02217506,0.4921,1225.4173,2490.1908,248919.08
0307,02217615,257.1858,266.0596,1.0345,3.45
0307,02217643,7.8995,459.6341,58.1855,5718.55
0307,02217660,2.2015,93.9712,42.6853,4168.53
0307,02217730,0.777,780.8049,1004.9015,100390.15
0307,02217750,0.9065,780.8049,861.3441,86034.41
0307,02217770,712.2467,780.8049,1.0963,9.63
0307,02217900,751.0966,780.8049,1.0396,3.96
0307,02217905,1.1396,780.8049,685.1601,68416.01
0307,02217990,0.777,2104.2099,2708.1333,270713.33
0307,02218100,5.6203,2104.2099,374.3963,37339.63
0307,02218300,2434.5888,2492.527,1.0238,2.38
0307,02218450,30.8209,76.7138,2.489,148.9
0307,02218500,2823.087,2812.386,0.9962,-0.38
0307,02218900,367.7783,397.181,1.0799,7.99
0307,02219000,455.8379,484.7061,1.0633,6.33
0307,02219500,1129.2348,1203.2386,1.0655,6.55
0307,02220500,4739.6782,4756.2512,1.0035,0.35
0307,02220550,42.9938,64.4243,1.4985,49.85
0307,02220788,66.8217,70.2847,1.0518,5.18
0307,02220900,678.5769,706.2159,1.0407,4.07
0307,02221000,60.3467,63.0356,1.0446,4.46
0307,02223000,7640.4649,7632.3697,0.9989,-0.11
0307,02223056,8207.6723,8256.858,1.006,0.6
0307,02223110,753.6865,838.2634,1.1122,11.22
0307,02223190,404.0381,486.3528,1.2037,20.37
0307,02223248,9764.2552,10811.8023,1.1073,10.73
0307,02223300,86.7646,144.8572,1.6695,66.95
0307,02223360,476.5578,547.1216,1.1481,14.81
0307,02223382,10618.9513,10811.8023,1.0182,1.82
0307,02223500,11395.9477,11672.9397,1.0243,2.43
0307,02223700,5.1541,86.5746,16.7973,1579.73
0307,02224000,159.2843,178.5416,1.1209,12.09
0307,02224200,41.6988,97.6771,2.3424,134.24
0307,02224500,13234.8392,13478.274,1.0184,1.84
0307,02224940,29525.8645,29697.5972,1.0058,0.58
0307,02225000,30043.8621,30299.8622,1.0085,0.85
0307,02225210,9.4017,261.2509,27.7878,2678.78
0307,02225270,1432.2634,1667.1537,1.164,16.4
0307,02225500,2874.8868,2975.427,1.035,3.5
0307,02226000,35223.8383,36387.1284,1.033,3.3
0307,02226100,538.7175,596.1587,1.1066,10.66
0307,02226110,546.4875,596.1587,1.0909,9.09
0307,02226190,16.5241,350.982,21.2406,2024.06
0307,02226362,2299.9094,2306.4616,1.0028,0.28
0307,02226500,3211.5853,3648.8524,1.1362,13.62
0307,02226600,14.5557,113.9683,7.8298,682.98
0307,02226700,66.3037,101.4871,1.5306,53.06
0307,02226900,264.1788,311.4748,1.179,17.9
0307,02227000,360.0083,392.8189,1.0911,9.11
0307,02227270,986.7855,1105.8775,1.1207,12.07
0307,02227500,1706.8022,2060.5331,1.2072,20.72
0307,02228000,7226.0668,7460.8839,1.0325,3.25
0307,02231175,3082.0859,3296.2523,1.0695,6.95
0308,02231342,136.2334,186.3162,1.3676,36.76
0308,02231350,769.2265,944.2848,1.2276,22.76
0308,02231396,271.9488,226.4928,0.8329,-16.71
0308,02231450,1390.8236,1708.4002,1.2283,22.83
0308,02231454,30.0439,1708.4002,56.8635,5586.35
0308,02231458,22.2739,1708.4002,76.6997,7569.97
0308,02231565,78.2176,107.7802,1.378,37.8
0308,02231600,642.3171,709.8604,1.1052,10.52
0308,02232000,2507.1085,3183.3307,1.2697,26.97
0308,02232155,44.5478,85.4736,1.9187,91.87
0308,02232200,66.5627,84.9452,1.2762,27.62
0308,02232400,3447.2742,3791.0558,1.0997,9.97
0308,02232413,134.6794,162.5722,1.2071,20.71
0308,02232415,140.6364,162.5722,1.156,15.6
0308,02232460,121.7294,162.5344,1.3352,33.52
0308,02232500,3985.9917,4601.6763,1.1545,15.45
0308,02233001,85.2106,96.3283,1.1305,13.05
0308,02233102,4.7397,340.7978,71.9031,7090.31
0308,02233104,336.6985,340.7978,1.0122,1.22
0308,02233200,70.1887,88.1874,1.2564,25.64
0308,02233460,46.6198,60.9713,1.3078,30.78
0308,02233473,183.8892,215.5626,1.1722,17.22
0308,02233475,188.2921,215.5626,1.1448,14.48
0308,02233484,590.5173,694.416,1.1759,17.59
0308,02233500,624.1871,694.416,1.1125,11.25
0308,02234000,5291.3457,5798.7705,1.0959,9.59
0308,02234010,5762.7235,5798.7705,1.0063,0.63
0308,02234100,362.5983,282.7493,0.7798,-22.02
0308,02234180,181.2992,6752.3482,37.2442,3624.42
0308,02234308,53.3538,137.2177,2.5718,157.18
0308,02234324,75.6277,137.2177,1.8144,81.44
0308,02234344,134.6794,137.2177,1.0188,1.88
0308,02234365,20.3573,95.511,4.6917,369.17
0308,02234367,23.7243,95.511,4.0259,302.59
0308,02234384,54.9077,95.511,1.7395,73.95
0308,02234400,33.1518,46.6991,1.4086,40.86
0308,02234435,404.0381,6752.3482,16.7122,1571.22
0308,02234440,6733.9691,7063.9911,1.049,4.9
0308,02234500,6687.3493,7063.9911,1.0563,5.63
0308,02234519,6733.9691,7139.7759,1.0603,6.03
0308,02234635,150.9963,450.768,2.9853,198.53
0308,02234815,34.7058,198.6388,5.7235,472.35
0308,02234990,109.8155,264.7658,2.411,141.1
0308,02234998,115.2545,264.7658,2.2972,129.72
0308,022349993,479.1478,517.8911,1.0809,8.09
0308,02235000,489.5078,517.8911,1.058,5.8
0308,02235200,326.3385,320.6897,0.9827,-1.73
0308,02235495,7122.4673,8315.0706,1.1674,16.74
0308,02236000,7940.9035,8315.0706,1.0471,4.71
0308,02236125,8624.6604,9030.2531,1.047,4.7
0308,02236157,16.0838,88.9928,5.5331,453.31
0308,02236300,85.4696,185.2832,2.1678,116.78
0308,02236350,111.3695,185.2832,1.6637,66.37
0308,02236500,176.1192,185.2832,1.052,5.2
0308,02236600,25.6409,61.031,2.3802,138.02
0308,02236605,38.3318,61.031,1.5922,59.22
0308,02236700,38.0728,61.031,1.603,60.3
0308,02236900,427.348,467.3505,1.0936,9.36
0308,02236901,427.348,467.3505,1.0936,9.36
0308,02237000,471.3778,582.7531,1.2363,23.63
0308,02237001,471.3778,582.7531,1.2363,23.63
0308,02237010,481.7378,582.7531,1.2097,20.97
0308,02237011,481.7378,582.7531,1.2097,20.97
0308,02237050,499.8677,582.7531,1.1658,16.58
0308,02237051,499.8677,582.7531,1.1658,16.58
0308,02237206,538.7175,582.7531,1.0817,8.17
0308,02237207,538.7175,582.7531,1.0817,8.17
0308,02237293,572.3874,582.7531,1.0181,1.81
0308,02237522,924.6258,936.2511,1.0126,1.26
0308,02237700,476.5578,612.8,1.2859,28.59
0308,02237701,476.5578,612.8,1.2859,28.59
0308,02237733,7.252,612.8,84.5012,8350.12
0308,02237734,12.0952,612.8,50.6645,4966.45
0308,02238000,1678.3123,1691.4675,1.0078,0.78
0308,02238001,1678.3123,1691.4675,1.0078,0.78
0308,02238499,2276.5995,2176.2016,0.9559,-4.41
0308,02238500,2276.5995,2176.2016,0.9559,-4.41
0308,02239000,2636.6079,2546.9244,0.966,-3.4
0308,02240000,3097.6258,3052.1925,0.9853,-1.47
0308,02240500,3540.5137,3362.6613,0.9498,-5.02
0308,02240783,89.8726,168.6806,1.8769,87.69
0308,02240806,8.3916,43.9489,5.2373,423.73
0308,02240902,295.2586,621.3301,2.1044,110.44
0308,022409424,1.0619,350.7506,330.3062,32930.62
0308,02240954,106.7075,122.5707,1.1487,14.87
0308,02240976,2.59,295.6027,114.1328,11313.28
0308,02240982,14.6852,295.6027,20.1292,1912.92
0308,02240988,6.8376,295.6027,43.2321,4223.21
0308,02241000,2007.2408,689.87,0.3437,-65.63
0308,02241900,19.1659,229.3381,11.9659,1096.59
0308,02242451,2621.068,1571.9019,0.5997,-40.03
0308,02242460,2615.888,1571.9019,0.6009,-39.91
0308,02243000,2898.1967,1571.9019,0.5424,-45.76
0308,02243300,110.3335,96.5034,0.8747,-12.53
0308,02243500,6881.5984,5019.9988,0.7295,-27.05
0308,02243609,16.4205,142.9074,8.703,770.3
0308,02243800,140.6364,142.9074,1.0161,1.61
0308,02243959,7114.6973,5243.6711,0.737,-26.3
0308,02243960,7114.6973,5243.6711,0.737,-26.3
0308,02244000,7114.6973,5243.6711,0.737,-26.3
0308,02244005,7153.5472,5243.6711,0.733,-26.7
0308,02244040,17042.1218,17012.45,0.9983,-0.17
0308,02244300,141.4134,216.8113,1.5332,53.32
0308,02244320,202.7961,216.8113,1.0691,6.91
0308,02244333,517.9976,859.5627,1.6594,65.94
0308,02244420,240.8689,311.2602,1.2922,29.22
0308,02244440,1515.143,1589.8639,1.0493,4.93
0308,02244450,18373.3757,17012.45,0.9259,-7.41
0308,02244473,111.8875,135.677,1.2126,21.26
0308,02244601,29.7849,237.9731,7.9897,698.97
0308,02244651,38.3318,237.9731,6.2082,520.82
0308,02244690,38.8498,237.9731,6.1255,512.55
0308,02245000,432.528,460.0445,1.0636,6.36
0308,02245050,567.2074,572.7668,1.0098,0.98
0308,02245140,122.5064,730.2143,5.9606,496.06
0308,02245200,903.9059,919.3771,1.0171,1.71
0308,02245255,53.6128,177.8026,3.3164,231.64
0308,02245260,156.6943,177.8026,1.1347,13.47
0308,02245280,37.2958,91.0221,2.4405,144.05
0308,02245315,123.0244,297.5687,2.4188,141.88
0308,02245328,191.6591,297.5687,1.5526,55.26
0308,02245400,90.1316,368.1717,4.0848,308.48
0308,02245500,347.0584,368.1717,1.0608,6.08
0308,02245800,130.7944,267.7585,2.0472,104.72
0308,02245913,40.6628,173.7575,4.2731,327.31
0308,02245918,15.7989,173.7575,10.9981,999.81
0308,02245922,20.9789,173.7575,8.2825,728.25
0308,02245927,22.5329,173.7575,7.7113,671.13
0308,02246000,458.4279,1031.3812,2.2498,124.98
0308,02246010,510.2277,1031.3812,2.0214,102.14
0308,02246025,1043.7652,1260.7017,1.2078,20.78
0308,02246030,80.8076,92.7723,1.1481,14.81
0308,02246100,23.0509,273.4808,11.8642,1086.42
0308,02246150,35.2238,273.4808,7.7641,676.41
0308,02246201,6.3455,273.4808,43.0986,4209.86
0308,02246202,4.1958,273.4808,65.1799,6417.99
0308,02246215,3.0821,20981.5019,6807.5657,680656.57
0308,02246300,80.0306,102.1412,1.2763,27.63
0308,02246318,117.8445,274.0491,2.3255,132.55
0308,02246359,21.8077,83.8367,3.8444,284.44
0308,02246459,59.0517,83.8367,1.4197,41.97
0308,02246500,22921.3948,21400.4467,0.9336,-6.64
0308,02246515,25.615,21760.3,849.5145,84851.45
0308,02246520,7.4074,21760.3,2937.6569,293665.69
0308,02246522,1.4763,21760.3,14739.8225,1473882.25
0308,02246599,8.4693,121.4611,14.3414,1334.14
0308,02246828,66.8217,116.2336,1.7395,73.95
0308,02246832,8.806,116.2336,13.1994,1219.94
0308,02246850,12.8204,225.0568,17.5545,1655.45
0308,02246895,42.7348,63.5482,1.487,48.7
0308,02246900,51.2818,119.0267,2.321,132.1
0308,02247000,29.0079,119.0267,4.1033,310.33
0308,02247012,4.4289,119.0267,26.8751,2587.51
0308,02247015,109.0385,119.0267,1.0916,9.16
0308,02247027,19.1659,508.9204,26.5534,2555.34
0308,02247258,54.3898,80.5896,1.4817,48.17
0308,02247480,75.1097,97.9865,1.3046,30.46
0308,02247496,85.4696,97.9865,1.1464,14.64
0308,02247500,197.3571,344.3154,1.7446,74.46
0308,02247508,9.065,344.3154,37.9831,3698.31
0308,02247509,32.8928,85.3883,2.596,159.6
0308,02247510,198.9111,344.3154,1.731,73.1
0308,02247598,261.5888,344.3154,1.3162,31.62
0308,02248000,86.5056,91.1326,1.0535,5.35
0308,02248025,9.7125,85.3883,8.7916,779.16
0308,02248030,7.0966,350.3863,49.3741,4837.41
0308,02248040,19.6839,155.7507,7.9126,691.26
0308,02248053,157.2123,350.3863,2.2287,122.87
0308,02248060,29.2669,48.3093,1.6506,65.06
0308,02248510,10.619,1197.8447,112.8025,11180.25
0308,02248900,3.108,1197.8447,385.4087,38440.87
0308,02249000,6.9671,1250.074,179.4261,17842.61
0308,02249007,9.842,1250.074,127.0148,12601.48
0308,02249500,32.6339,47.6337,1.4596,45.96
0308,02249510,40.1448,47.6337,1.1865,18.65
0308,02249518,46.8788,47.6337,1.0161,1.61
0308,02250000,247.3439,111.7758,0.4519,-54.81
0308,02250005,258.9988,40.976,0.1582,-84.18
0308,02250030,271.9488,40.976,0.1507,-84.93
0308,02250500,31.0799,41.192,1.3254,32.54
0308,02250600,1.813,1515.5102,835.9168,83491.68
0308,02250700,38.8498,1515.5102,39.0095,3800.95
0308,02251000,90.6496,171.5388,1.8923,89.23
0308,02251210,164.9822,171.5388,1.0397,3.97
0308,02251500,73.8147,91.8593,1.2445,24.45
0308,02251765,203.0551,55.8414,0.275,-72.5
0309,02255600,155.3993,216.5722,1.3936,39.36
0309,02256000,486.9178,630.213,1.2943,29.43
0309,02256500,805.4863,828.4715,1.0285,2.85
0309,02261500,287.4887,83.0911,0.289,-71.1
0309,02262900,216.523,229.331,1.0592,5.92
0309,02263130,3.3152,482.1677,145.4422,14444.22
0309,02263500,797.7163,1102.3735,1.3819,38.19
0309,02263692,53.3538,139.9024,2.6222,162.22
0309,02263800,231.0269,287.3675,1.2439,24.39
0309,02263851,38.3318,340.8415,8.8919,789.19
0309,02263869,6.6304,97.9194,14.7683,1376.83
0309,02263870,6.6304,97.9194,14.7683,1376.83
0309,02264000,75.8867,340.8415,4.4915,349.15
0309,02264003,76.4046,340.8415,4.461,346.1
0309,02264051,1.7871,340.8415,190.7241,18972.41
0309,02264060,84.1746,340.8415,4.0492,304.92
0309,02264100,115.7725,482.1677,4.1648,316.48
0309,02264495,466.1979,287.3675,0.6164,-38.36
0309,02265000,1605.7926,1102.3735,0.6865,-31.35
0309,02266000,224.034,1736.0555,7.7491,674.91
0309,02266025,65.7857,340.8415,5.1811,418.11
0309,02266200,32.1159,340.8415,10.6129,961.29
0309,02266205,33.6698,340.8415,10.1231,912.31
0309,02266291,50.7638,340.8415,6.7143,571.43
0309,02266295,19.5026,340.8415,17.4767,1647.67
0309,02266298,187.7741,340.8415,1.8152,81.52
0309,02266300,219.113,340.8415,1.5556,55.56
0309,02266320,204.8681,482.1677,2.3536,135.36
0309,02266480,59.5697,482.1677,8.0942,709.42
0309,02266495,450.6579,482.1677,1.0699,6.99
0309,02266496,450.6579,482.1677,1.0699,6.99
0309,02266500,458.4279,482.1677,1.0518,5.18
0309,02266550,606.0572,687.428,1.1343,13.43
0309,02266700,59.0517,68.3016,1.1566,15.66
0309,02267000,152.5503,196.7517,1.2897,28.97
0309,02268390,136.7514,137.3005,1.004,0.4
0309,02268903,4162.1109,4003.6073,0.9619,-3.81
0309,02268904,4162.1109,4003.6073,0.9619,-3.81
0309,02269000,4162.1109,4003.6073,0.9619,-3.81
0309,02269100,4949.4673,4580.2258,0.9254,-7.46
0309,02269160,5270.6258,6827.9553,1.2955,29.55
0309,02269500,157.7303,165.2471,1.0477,4.77
0309,02269520,310.7986,803.8328,2.5863,158.63
0309,02270000,100.4915,116.0049,1.1544,15.44
0309,02270500,981.6055,1275.8379,1.2997,29.97
0309,02271000,113.9595,137.8993,1.2101,21.01
0309,02271500,282.3087,374.1143,1.3252,32.52
0309,02272500,7016.2778,7303.9833,1.041,4.1
0309,02272502,7016.2778,7303.9833,1.041,4.1
0309,02272650,99.1965,174.0341,1.7544,75.44
0309,02272676,150.9963,354.2476,2.3461,134.61
0309,02273630,59.8287,130.3349,2.1785,117.85
0309,02274000,147.6293,275.3128,1.8649,86.49
0309,02274005,22.1703,275.3128,12.4181,1141.81
0309,02274010,117.5855,275.3128,2.3414,134.14
0309,02274325,152.0323,275.3128,1.8109,81.09
0309,02274490,81.3256,275.3128,3.3853,238.53
0309,02274495,91.6856,275.3128,3.0028,200.28
0309,02274500,255.6318,275.3128,1.077,7.7
0309,02274505,14.8665,491.8502,33.0844,3208.44
0309,02275000,297.8486,234.1069,0.786,-21.4
0309,02275197,24.3459,491.8502,20.2026,1920.26
0309,02275625,62.6777,491.8502,7.8473,684.73
0309,02276568,44.0298,1239.2663,28.1461,2714.61
0309,02285400,214.969,184.1592,0.8567,-14.33
0309,02289000,255.6318,7375.9731,28.8539,2785.39
0309,022929176,174.5652,215.0955,1.2322,23.22
0309,02293055,177.1552,224.3564,1.2664,26.64
0310,02293681,53.0948,392.5604,7.3936,639.36
0310,02293694,150.2193,392.5604,2.6132,161.32
0310,02293986,414.3981,593.0547,1.4311,43.11
0310,02293987,419.5781,593.0547,1.4135,41.35
0310,02294068,59.5697,82.8201,1.3903,39.03
0310,02294161,530.4296,593.0547,1.1181,11.81
0310,02294217,137.2694,159.4731,1.1618,16.18
0310,02294290,157.9893,159.4731,1.0094,0.94
0310,02294330,55.4257,54.9007,0.9905,-0.95
0310,02294405,48.6918,369.9184,7.5971,659.71
0310,02294491,349.6484,369.9184,1.058,5.8
0310,02294650,1010.0954,1448.2658,1.4338,43.38
0310,02294655,1023.0453,1448.2658,1.4156,41.56
0310,02294775,1025.6353,1448.2658,1.4121,41.21
0310,02294781,1064.4851,1448.2658,1.3605,36.05
0310,02294898,1243.1943,1448.2658,1.165,16.5
0310,02295013,122.2474,165.3287,1.3524,35.24
0310,02295163,111.3695,57.7377,0.5184,-48.16
0310,02295194,1587.6627,2028.3491,1.2776,27.76
0310,02295203,1590.2527,2028.3491,1.2755,27.55
0310,02295420,313.3886,312.43,0.9969,-0.31
0310,02295435,13.7528,2028.3491,147.4859,14648.59
0310,02295440,1952.851,2028.3491,1.0387,3.87
0310,02295607,2092.7104,2028.3491,0.9692,-3.08
0310,02295637,2139.3302,2190.9026,1.0241,2.41
0310,02295755,9.7125,2190.9026,225.5766,22457.66
0310,02295850,38.8498,58.0973,1.4954,49.54
0310,02296057,45.3248,47.1216,1.0396,3.96
0310,02296180,54.9077,94.619,1.7232,72.32
0310,02296191,79.2536,94.619,1.1939,19.39
0310,02296207,98.6785,94.619,0.9589,-4.11
0310,02296222,108.5205,168.955,1.5569,55.69
0310,02296223,108.5205,168.955,1.5569,55.69
0310,02296260,497.2777,553.2881,1.1126,11.26
0310,02296389,168.6082,173.9311,1.0316,3.16
0310,02296500,854.6961,864.2574,1.0112,1.12
0310,02296750,3540.5137,3831.9243,1.0823,8.23
0310,02297100,341.8784,332.4607,0.9725,-2.75
0310,02297105,4325.2801,3831.9243,0.8859,-11.41
0310,02297153,34.9648,100.4982,2.8743,187.43
0310,02297155,108.7795,300.9085,2.7662,176.62
0310,02297220,123.8014,224.3569,1.8122,81.22
0310,02297251,336.6985,436.0803,1.2952,29.52
0310,02297272,39.1088,42.9466,1.0981,9.81
0310,02297290,74.3327,75.4336,1.0148,1.48
0310,02297310,564.6174,627.956,1.1122,11.22
0310,02297350,4610.1788,4599.1512,0.9976,-0.24
0310,02297460,4843.2778,5746.5091,1.1865,18.65
0310,02297635,233.3579,247.1134,1.0589,5.89
0310,02297733,17.1975,639.8452,37.2057,3620.57
0310,02297875,37.2958,168.4532,4.5167,351.67
0310,02298123,603.4672,983.562,1.6299,62.99
0310,02298124,631.9571,983.562,1.5564,55.64
0310,02298170,673.3969,983.562,1.4606,46.06
0310,02298202,966.0656,983.562,1.0181,1.81
0310,02298300,5956.9727,5942.1729,0.9975,-0.25
0310,02298488,75.6277,74.1206,0.9801,-1.99
0310,02298492,15.6694,313.9774,20.0376,1903.76
0310,02298495,10.1787,313.9774,30.8467,2984.67
0310,02298527,22.5588,87.515,3.8794,287.94
0310,02298530,17.068,87.515,5.1274,412.74
0310,02298556,223.516,313.9774,1.4047,40.47
0310,02298608,323.7485,471.7317,1.4571,45.71
0310,02298700,427.348,471.7317,1.1039,10.39
0310,02298760,51.7998,75.55,1.4585,45.85
0310,02298805,567.2074,625.3238,1.1025,10.25
0310,02298830,593.1073,625.3238,1.0543,5.43
0310,02298850,621.5971,625.3238,1.006,0.6
0310,02298880,655.267,710.3454,1.0841,8.41
0310,02298900,668.2169,710.3454,1.063,6.3
0310,02298928,0.518,911.5991,1759.8519,175885.19
0310,02298955,732.9666,911.5991,1.2437,24.37
0310,02299120,82.8796,97.5917,1.1775,17.75
0310,02299160,85.9876,97.5917,1.135,13.5
0310,02299230,927.2157,1465.499,1.5805,58.05
0310,02299360,62.1597,186.8328,3.0057,200.57
0310,02299410,94.5346,174.8141,1.8492,84.92
0310,02299450,209.789,495.8961,2.3638,136.38
0310,02299455,223.257,495.8961,2.2212,122.12
0310,02299470,239.5739,495.8961,2.0699,106.99
0310,02299472,221.962,495.8961,2.2341,123.41
0310,02299484,233.0989,495.8961,2.1274,112.74
0310,02299496,1502.1931,1557.2842,1.0367,3.67
0310,02299680,7.252,59.1334,8.1541,715.41
0310,02299681,4.403,80.8852,18.3706,1737.06
0310,02299684,8.806,80.8852,9.1853,818.53
0310,02299700,98.4195,151.1506,1.5358,53.58
0310,02299710,101.2685,151.1506,1.4926,49.26
0310,02299727,166.5362,151.1506,0.9076,-9.24
0310,02299737,39.8858,333.8271,8.3696,736.96
0310,02299741,12.3542,333.8271,27.0212,2602.12
0310,02299742,0.9065,333.8271,368.261,36726.1
0310,02299750,62.1597,220.5837,3.5487,254.87
0310,02299780,80.5486,220.5837,2.7385,173.85
0310,02299861,12.7168,74.6249,5.8682,486.82
0310,02299950,169.1262,251.0931,1.4846,48.46
0310,02300000,225.588,251.0931,1.1131,11.31
0310,023000095,354.8284,404.9012,1.1411,14.11
0310,02300017,36.2598,111.9772,3.0882,208.82
0310,02300018,131.0534,154.1451,1.1762,17.62
0310,02300029,52.0588,122.7064,2.3571,135.71
0310,02300032,66.8217,122.7064,1.8363,83.63
0310,02300033,66.3296,122.7064,1.8499,84.99
0310,02300034,6.216,122.7064,19.7405,1874.05
0310,023000355,24.1646,122.7064,5.0779,407.79
0310,023000358,117.3265,122.7064,1.0459,4.59
0310,02300036,11.1369,122.7064,11.018,1001.8
0310,02300037,2.4346,217.3329,89.2688,8826.88
0310,02300038,9.7902,217.3329,22.1991,2119.91
0310,02300039,2.9526,217.3329,73.6076,7260.76
0310,02300044,155.1403,217.3329,1.4009,40.09
0310,02300050,6.993,217.3329,31.0788,3007.88
0310,02300056,18.7256,217.3329,11.6062,1060.62
0310,02300062,6.475,217.3329,33.5651,3256.51
0310,02300064,214.969,217.3329,1.011,1.1
0310,02300075,32.3749,47.7246,1.4741,47.41
0310,02300082,46.1018,47.7246,1.0352,3.52
0310,02300092,15.7989,97.7217,6.1853,518.53
0310,02300096,24.3459,97.7217,4.0139,301.39
0310,02300100,81.3256,97.7217,1.2016,20.16
0310,02300130,20.3573,234.2883,11.5088,1050.88
0310,02300210,55.4257,100.7379,1.8175,81.75
0310,02300300,99.4555,100.7379,1.0129,1.29
0310,02300430,9.324,403.3707,43.2618,4226.18
0310,02300500,385.9082,403.3707,1.0453,4.53
0310,02300530,20.9789,535.3333,25.5177,2451.77
0310,02300546,528.3576,586.577,1.1102,11.02
0310,02300700,75.3687,104.205,1.3826,38.26
0310,02300703,94.0166,104.205,1.1084,10.84
0310,02300705,101.7865,104.205,1.0238,2.38
0310,02300882,101.0095,317.0658,3.139,213.9
0310,02300930,67.0807,63.9033,0.9526,-4.74
0310,02300978,81.3256,102.5185,1.2606,26.06
0310,02300995,8.4693,317.0658,37.4372,3643.72
0310,02301000,349.6484,317.0658,0.9068,-9.32
0310,02301150,188.0331,230.3228,1.2249,22.49
0310,02301300,277.1287,358.3351,1.293,29.3
0310,02301314,9.5571,358.3351,37.4943,3649.43
0310,02301325,675.9869,914.4806,1.3528,35.28
0310,02301328,717.4267,914.4806,1.2747,27.47
0310,02301350,22.4034,59.4554,2.6539,165.39
0310,02301400,36.7778,110.4999,3.0045,200.45
0310,02301500,867.646,914.4806,1.054,5.4
0310,02301638,973.8355,1040.3536,1.0683,6.83
0310,02301695,18.4407,1040.3536,56.4161,5541.61
0310,02301718,1072.2551,1040.3536,0.9702,-2.98
0310,02301719,1085.205,1040.3536,0.9587,-4.13
0310,02301721,1082.615,1040.3536,0.961,-3.9
0310,02301738,7.511,107.2764,14.2826,1328.26
0310,02301740,15.773,107.2764,6.8013,580.13
0310,02301745,5.18,107.2764,20.7098,1970.98
0310,02301750,41.6988,107.2764,2.5726,157.26
0310,02301780,41.4398,102.9805,2.4851,148.51
0310,02301793,3.7814,102.9805,27.2335,2623.35
0310,02301800,72.5197,102.9805,1.42,42.0
0310,02301802,75.1097,102.9805,1.3711,37.11
0310,02301900,24.6049,51.6957,2.101,110.1
0310,02301985,122.5064,143.8392,1.1741,17.41
0310,02301988,187.7741,594.3317,3.1651,216.51
0310,02301990,212.379,594.3317,2.7984,179.84
0310,02302280,134.6794,292.4124,2.1712,117.12
0310,02302500,284.8987,292.4124,1.0264,2.64
0310,02303000,569.7974,594.3317,1.0431,4.31
0310,02303090,41.4398,54.7318,1.3208,32.08
0310,02303100,38.8498,54.7318,1.4088,40.88
0310,02303174,5.18,53.9356,10.4123,941.23
0310,02303180,18.7256,53.9356,2.8803,188.03
0310,02303200,62.1597,53.9356,0.8677,-13.23
0310,02303205,70.9657,184.9758,2.6066,160.66
0310,02303250,1.2173,80.2945,65.9615,6496.15
0310,02303271,150.2193,184.9758,1.2314,23.14
0310,02303300,155.3993,184.9758,1.1903,19.03
0310,02303313,15.2809,184.9758,12.105,1110.5
0310,02303325,958.2956,923.8021,0.964,-3.6
0310,02303330,971.2455,1524.0888,1.5692,56.92
0310,02303332,1017.8653,1524.0888,1.4973,49.73
0310,02303348,44.0298,85.6551,1.9454,94.54
0310,02303350,59.5697,85.6551,1.4379,43.79
0310,02303354,1061.8951,1524.0888,1.4353,43.53
0310,02303358,18.4148,99.4707,5.4017,440.17
0310,02303360,1113.6949,1524.0888,1.3685,36.85
0310,02303379,8.7283,99.4707,11.3964,1039.64
0310,02303400,145.0393,157.337,1.0848,8.48
0310,02303408,189.5871,297.4808,1.5691,56.91
0310,02303410,19.9429,297.4808,14.9166,1391.66
0310,02303420,303.0286,436.7677,1.4413,44.13
0310,02303800,414.3981,436.7677,1.054,5.4
0310,02304500,1616.1526,1648.975,1.0203,2.03
0310,02304510,1618.7426,1648.975,1.0187,1.87
0310,02304517,1621.3326,1648.975,1.017,1.7
0310,02304520,1647.2324,1648.975,1.0011,0.11
0310,02305000,6.993,196.2274,28.0607,2706.07
0310,02305500,31.0799,1648.975,53.0561,5205.61
0310,02305780,3.5483,1648.975,464.7247,46372.47
0310,02305851,6.7081,1648.975,245.8196,24481.96
0310,02305855,9.0132,1648.975,182.952,18195.2
0310,023060013,1649.8224,1648.975,0.9995,-0.05
0310,02306006,2.9785,1648.975,553.6285,55262.85
0310,02306021,1.3209,1648.975,1248.378,124737.8
0310,02306028,1797.4517,1648.975,0.9174,-8.26
0310,02306071,3.3411,1748.6852,523.3885,52238.85
0310,02306289,5.698,56.0348,9.8342,883.42
0310,02306500,19.2436,56.0348,2.9119,191.19
0310,02306647,37.0368,56.0348,1.5129,51.29
0310,02306660,3.885,55.6218,14.3171,1331.71
0310,02306774,45.3248,196.2274,4.3294,332.94
0310,02306904,16.0579,196.2274,12.22,1122.0
0310,02306910,18.5443,196.2274,10.5815,958.15
0310,02307000,90.6496,196.2274,2.1647,116.47
0310,02307032,2.331,87.4047,37.4968,3649.68
0310,02307200,12.9758,103.7667,7.9969,699.69
0310,02307243,25.8999,103.7667,4.0065,300.65
0310,02307323,44.0298,103.7667,2.3567,135.67
0310,02307359,77.6996,103.7667,1.3355,33.55
0310,02307362,95.8296,103.7667,1.0828,8.28
0310,02307445,4.144,103.7667,25.0403,2404.03
0310,02307498,168.3492,158.0769,0.939,-6.1
0310,02307668,9.5053,75.1808,7.9094,690.94
0310,02307671,15.9802,75.1808,4.7046,370.46
0310,02307672,0.6993,75.1808,107.5091,10650.91
0310,02307673,17.4306,75.1808,4.3131,331.31
0310,02307674,18.1558,75.1808,4.1409,314.09
0310,02307697,23.3099,75.1808,3.2253,222.53
0310,02307731,4.403,75.1808,17.075,1607.5
0310,02307780,3.2375,75.1808,23.222,2222.2
0310,02308193,9.7384,53.9953,5.5446,454.46
0310,02308773,4.8951,299.7395,61.2328,6023.28
0310,02308776,8.8837,299.7395,33.7405,3274.05
0310,02308861,0.5957,56.1569,94.271,9327.1
0310,02308865,11.9139,56.1569,4.7135,371.35
0310,02308866,11.9139,56.1569,4.7135,371.35
0310,02308870,6.5009,129.6523,19.9438,1894.38
0310,02308889,36.2598,129.6523,3.5756,257.56
0310,02308929,4.4548,129.6523,29.1041,2810.41
0310,02308931,5.18,129.6523,25.0295,2402.95
0310,02308935,6.6045,129.6523,19.631,1863.1
0310,02309011,0.4662,129.6523,278.1058,27710.58
0310,02309110,15.2809,99.559,6.5152,551.52
0310,02309415,1.4763,120.105,81.3558,8035.58
0310,02309421,8.806,120.105,13.6391,1263.91
0310,02309425,10.5931,120.105,11.3381,1033.81
0310,02309445,2.9267,120.105,41.0379,4003.79
0310,02309740,88.0596,155.7051,1.7682,76.82
0310,02309848,44.2888,155.7051,3.5157,251.57
0310,02309980,176.3782,302.8283,1.7169,71.69
0310,02310000,187.7741,302.8283,1.6127,61.27
0310,02310050,210.307,302.8283,1.4399,43.99
0310,02310075,222.739,302.8283,1.3596,35.96
0310,02310147,11.4736,302.8283,26.3934,2539.34
0310,02310175,271.9488,120.105,0.4416,-55.84
0310,02310207,290.0787,120.105,0.414,-58.6
0310,02310210,20.0465,43.4418,2.1671,116.71
0310,02310219,13.1571,148.8291,11.3117,1031.17
0310,02310238,111.3695,232.7706,2.0901,109.01
0310,02310240,111.3695,232.7706,2.0901,109.01
0310,02310280,388.4982,459.2884,1.1822,18.22
0310,02310286,22.7919,459.2884,20.1514,1915.14
0310,02310300,471.3778,459.2884,0.9744,-2.56
0310,02310304,476.5578,459.2884,0.9638,-3.62
0310,02310307,489.5078,459.2884,0.9383,-6.17
0310,02310308,505.0477,459.2884,0.9094,-9.06
0310,02310310,505.0477,459.2884,0.9094,-9.06
0310,02310322,12.4319,137.2519,11.0403,1004.03
0310,02310350,56.9797,137.2519,2.4088,140.88
0310,02310352,75.6277,137.2519,1.8148,81.48
0310,02310368,95.8296,137.2519,1.4323,43.23
0310,02310530,59.5697,98.7671,1.658,65.8
0310,02310673,305.6186,237.4315,0.7769,-22.31
0310,02310674,308.2086,237.4315,0.7704,-22.96
0310,02310680,41.9578,144.1862,3.4365,243.65
0310,02310742,119.1395,177.246,1.4877,48.77
0310,02310800,336.6985,300.819,0.8934,-10.66
0310,02310900,24.6049,582.9242,23.6914,2269.14
0310,02310947,725.1967,924.5092,1.2748,27.48
0310,02311500,1010.0954,1082.1065,1.0713,7.13
0310,02312000,1476.2932,1572.5184,1.0652,6.52
0310,02312180,220.149,208.1564,0.9455,-5.45
0310,02312200,375.5483,365.4142,0.973,-2.7
0310,02312300,1629.1025,1742.1131,1.0694,6.94
0310,02312500,2097.8904,2411.2972,1.1494,14.94
0310,02312558,2113.4303,2411.2972,1.1409,14.09
0310,02312598,2408.6889,2411.2972,1.0011,0.11
0310,02312600,2577.0382,2676.3264,1.0385,3.85
0310,02312632,39.8858,98.158,2.461,146.1
0310,02312635,74.0737,98.158,1.3251,32.51
0310,02312640,103.5995,207.5969,2.0038,100.38
0310,02312645,131.0534,207.5969,1.5841,58.41
0310,02312667,20.7199,141.8442,6.8458,584.58
0310,02312690,98.4195,141.8442,1.4412,44.12
0310,02312700,1087.795,703.2243,0.6465,-35.35
0310,02312719,3936.7819,3711.4569,0.9428,-5.72
0310,02312720,3936.7819,3711.4569,0.9428,-5.72
0310,02312762,4402.9798,3863.8452,0.8776,-12.24
0310,02313000,4726.7283,4291.3978,0.9079,-9.21
0310,02313200,5076.3767,4691.0729,0.9241,-7.59
0310,02313230,5231.776,4810.5679,0.9195,-8.05
0310,274319081452000,0.3108,57.1606,183.9154,18291.54
0310,274906081594500,1.554,161.5734,103.973,10297.3
0310,280809081535800,2.072,110.7859,53.4683,5246.83
0311,02313500,776.9964,476.7976,0.6136,-38.64
0311,02313700,1243.1943,916.9039,0.7375,-26.25
0311,02314200,67.3397,84.5129,1.255,25.5
0311,02314986,129.4994,4977.795,38.4387,3743.87
0311,02315000,5413.0752,4977.795,0.9196,-8.04
0311,02315005,64.7497,70.1691,1.0837,8.37
0311,02315200,229.4729,273.199,1.1905,19.05
0311,02315392,70.9657,5873.3182,82.7628,8176.28
0311,02315500,6293.6711,6014.9981,0.9557,-4.43
0311,02315520,168.3492,6190.8643,36.7739,3577.39
0311,02315550,6811.6687,6303.6957,0.9254,-7.46
0311,02317620,4351.18,4605.9605,1.0586,5.86
0311,02319000,5490.7748,5758.3597,1.0487,4.87
0311,02319300,5801.5734,5758.3597,0.9926,-0.74
0311,02319394,6034.6723,5758.3597,0.9542,-4.58
0311,02319500,18052.2171,17034.1585,0.9436,-5.64
0311,02319800,18622.0145,17504.5056,0.94,-6.0
0311,02320000,18855.1134,18260.5674,0.9685,-3.15
0311,02320500,20409.1063,18845.6262,0.9234,-7.66
0311,02320700,245.7899,477.3689,1.9422,94.22
0311,02321000,494.6877,518.5461,1.0482,4.82
0311,02321500,1489.2432,2075.1938,1.3935,39.35
0311,02321700,119.1395,122.7123,1.03,3.0
0311,02321800,422.1681,482.4282,1.1427,14.27
0311,02321898,2123.7903,2159.5088,1.0168,1.68
0311,02321900,11.6549,2159.5088,185.2869,18428.69
0311,02321975,2224.7998,2283.2748,1.0263,2.63
0311,02322000,2248.1097,2283.2748,1.0156,1.56
0311,02322016,6.7858,115.1487,16.9691,1596.91
0311,02322049,1.2691,55.2018,43.497,4249.7
0311,02322050,0.8288,55.2018,66.6048,6560.48
0311,02322500,2634.0179,2461.1983,0.9344,-6.56
0311,02322616,6.0347,74.7786,12.3915,1139.15
0311,02322700,551.6675,149.5885,0.2712,-72.88
0311,02322800,3558.6437,3003.1354,0.8439,-15.61
0311,02323000,24319.9884,22198.3807,0.9128,-8.72
0311,02323500,24967.4854,22772.6867,0.9121,-8.79
0311,02323592,25829.9514,23468.9007,0.9086,-9.14
0311,02324000,906.4958,725.7598,0.8006,-19.94
0311,02324032,966.0656,725.7598,0.7513,-24.87
0311,02324170,1507.3731,1473.8734,0.9778,-2.22
0311,02324400,155.3993,211.163,1.3588,35.88
0311,02324500,310.7986,329.7478,1.061,6.1
0311,02325000,414.3981,329.7478,0.7957,-20.43
0311,02325495,220.149,362.9982,1.6489,64.89
0311,02325700,18.4666,129.1853,6.9956,599.56
0311,02326000,512.8176,604.8778,1.1795,17.95
0311,02326261,36.0008,104.1602,2.8933,189.33
0311,02326372,1.2432,58.3786,46.9586,4595.86
0311,02326500,1934.7211,1994.3408,1.0308,3.08
0311,02326512,2084.9404,2469.3573,1.1844,18.44
0311,302556082433800,0.4662,63.3624,135.913,13491.3
0311,302623082434200,1.8389,5193.1417,2824.0609,282306.09
0311,02314495,2926.6866,4808.4177,1.643,64.3
0311,02314500,2926.6866,4808.4177,1.643,64.3
0311,02315650,0.259,195.6415,755.3761,75437.61
0311,02315670,7.4333,195.6415,26.3197,2531.97
0311,02315920,1113.6949,1443.9681,1.2966,29.66
0311,02315980,3.108,1530.031,492.2902,49129.02
0311,02316000,1717.1621,1736.2477,1.0111,1.11
0311,02316220,4.0404,95.6772,23.6802,2268.02
0311,02316260,10.5931,2451.6777,231.4421,23044.21
0311,02317000,3366.9845,3440.548,1.0218,2.18
0311,02317500,3548.2837,3552.641,1.0012,0.12
0311,02317710,1.5799,359.268,227.4002,22640.02
0311,02317748,1297.584,1440.8809,1.1104,11.04
0311,023177483,1300.174,1440.8809,1.1082,10.82
0311,02317755,1390.8236,1440.8809,1.036,3.6
0311,023177554,7.6146,1440.8809,189.227,18822.7
0311,02317760,22.1185,82.9894,3.752,275.2
0311,02317765,2.9785,82.9894,27.863,2686.3
0311,02317770,16.7831,82.9894,4.9448,394.48
0311,02317775,2.8749,86.4857,30.0832,2908.32
0311,02317780,6.8376,86.4857,12.6486,1164.86
0311,02317795,16.0838,424.6213,26.4005,2540.05
0311,02317797,334.1085,424.6213,1.2709,27.09
0311,02317905,10.6708,238.5009,22.3509,2135.09
0311,02317910,4.5325,289.7575,63.9291,6292.91
0311,02318000,1494.4231,1829.9158,1.2245,22.45
0311,02318015,4.1699,55.2369,13.2466,1224.66
0311,02318020,0.6475,55.2369,85.3083,8430.83
0311,02318380,2009.8308,1995.9645,0.9931,-0.69
0311,02318500,3833.1824,3986.023,1.0399,3.99
0311,02318700,696.7068,756.6612,1.0861,8.61
0312,02326598,6.5786,638.7432,97.0945,9609.45
0312,02326825,2.0461,41.7961,20.4273,1942.73
0312,02326828,9.7902,41.7961,4.2692,326.92
0312,02326834,3.2375,41.7961,12.91,1191.0
0312,02326835,6.734,41.7961,6.2068,520.68
0312,02326836,4.9469,41.7961,8.449,744.9
0312,0232683603,6.3196,41.7961,6.6138,561.38
0312,02326845,41.1808,218.3538,5.3023,430.23
0312,02326900,1385.6436,1217.1658,0.8784,-12.16
0312,02326993,76.4046,92.2558,1.2075,20.75
0312,0232701150,10.8262,132.7852,12.2652,1126.52
0312,02327012,43.7708,132.7852,3.0336,203.36
0312,023270128,3.2893,132.7852,40.369,3936.9
0312,02327013,8.5211,132.7852,15.5832,1458.32
0312,0232701370,3.9368,132.7852,33.7294,3272.94
0312,02327014,5.6462,132.7852,23.5177,2251.77
0312,02327015,21.3156,132.7852,6.2295,522.95
0312,02327016,12.1988,243.4922,19.9603,1896.03
0312,02327017,126.6504,243.4922,1.9226,92.26
0312,02327033,182.3352,217.4107,1.1924,19.24
0312,02327100,264.1788,451.4862,1.709,70.9
0312,02328522,2595.1681,2574.8682,0.9922,-0.78
0312,02329000,2952.5864,3136.619,1.0623,6.23
0312,02329104,6.1124,115.9951,18.9771,1797.71
0312,02329161,4.2994,115.9951,26.9795,2597.95
0312,02329180,3.7814,115.9951,30.6753,2967.53
0312,02329181,0.6734,115.9951,172.2537,17125.37
0312,02329184,7.9254,115.9951,14.6359,1363.59
0312,02329186,8.029,115.9951,14.4471,1344.71
0312,02329200,111.8875,115.9951,1.0367,3.67
0312,02329500,613.8272,770.7822,1.2557,25.57
0312,02329534,43.5118,53.1126,1.2206,22.06
0312,02329542,56.7207,101.6745,1.7925,79.25
0312,02329558,1.2691,101.6745,80.1158,7911.58
0312,02329600,789.9464,851.8782,1.0784,7.84
0312,02329700,24.6049,78.6129,3.195,219.5
0312,02330000,4402.9798,4510.5616,1.0244,2.44
0312,02330100,326.3385,348.9905,1.0694,6.94
0312,02330119,1.8648,484.8318,259.9925,25899.25
0312,023301191,1.8648,484.8318,259.9925,25899.25
0312,02330150,5387.1753,5519.3834,1.0245,2.45
0312,02330166,5775.6735,6436.736,1.1145,11.45
0312,02327355,673.3969,669.5879,0.9943,-0.57
0312,02327400,8.5729,89.7963,10.4745,947.45
0312,02328000,150.7373,191.944,1.2734,27.34
0312,02329342,44.8068,65.3372,1.4582,45.82
0313,02339225,155.9173,394.9883,2.5333,153.33
0313,02339495,223.775,9172.2653,40.9888,3998.88
0313,02339780,9401.6568,9487.0057,1.0091,0.91
0313,02342200,17.2752,92.0205,5.3267,432.67
0313,02342500,833.9762,862.0788,1.0337,3.37
0313,02342933,290.0787,377.0881,1.3,30.0
0313,02343000,247.0849,256.1102,1.0365,3.65
0313,023432415,19321.3113,19683.199,1.0187,1.87
0313,02343300,378.1383,469.2499,1.2409,24.09
0313,02343500,20823.5044,20765.4095,0.9972,-0.28
0313,02343700,36.2598,38.1166,1.0512,5.12
0313,02344000,21600.5008,21874.9594,1.0127,1.27
0313,02330300,211.602,230.7655,1.0906,9.06
0313,02330400,406.6281,394.4716,0.9701,-2.99
0313,02357700,44288.7967,43671.3681,0.9861,-1.39
0313,02358000,44547.7955,43671.3681,0.9803,-1.97
0313,02358500,149.9603,241.765,1.6122,61.22
0313,02358685,6.3455,43740.4905,6893.1828,689218.28
0313,02358700,45583.7907,43740.4905,0.9596,-4.04
0313,02358754,46101.7884,47118.3063,1.022,2.2
0313,02358784,26.9359,53.2892,1.9784,97.84
0313,02358789,1201.7545,1355.4025,1.1279,12.79
0313,02358998,5.2836,2386.4697,451.677,45067.7
0313,02359000,2022.7807,2386.4697,1.1798,17.98
0313,02359051,3123.5257,3347.6,1.0717,7.17
0313,02359101,3120.9357,3237.6554,1.0374,3.74
0313,02359170,49727.7717,47346.2019,0.9521,-4.79
0313,02359224,2.331,557.2617,239.0666,23806.66
0313,02330450,115.7725,128.6491,1.1112,11.12
0313,02331000,388.4982,402.5868,1.0363,3.63
0313,023312495,243.1999,291.7109,1.1995,19.95
0313,02331500,404.0381,414.2583,1.0253,2.53
0313,02331600,815.8463,865.4717,1.0608,6.08
0313,02332000,1.2173,100.6889,82.7154,8171.54
0313,02332830,47.3968,53.3794,1.1262,12.62
0313,02333500,396.2682,402.2092,1.015,1.5
0313,02334401,2678.0477,2770.8681,1.0347,3.47
0313,02334430,2693.5876,2770.8681,1.0287,2.87
0313,02334480,24.2682,2770.8681,114.177,11317.7
0313,02334500,2745.3874,2770.8681,1.0093,0.93
0313,02334578,13.1053,2852.0887,217.628,21662.8
0313,02334580,21.5746,2852.0887,132.1966,13119.66
0313,02334620,16.5759,2852.0887,172.0621,17106.21
0313,02334652,2823.087,2852.0887,1.0103,1.03
0313,02334653,2823.087,2852.0887,1.0103,1.03
0313,02334654,2823.087,2852.0887,1.0103,1.03
0313,02334770,3.4965,57.1801,16.3536,1535.36
0313,02335000,3030.2861,3042.4861,1.004,0.4
0313,02335075,25.356,33.9483,1.3389,33.89
0313,02335078,31.8569,33.9483,1.0657,6.57
0313,02335353,3107.9857,3188.1533,1.0258,2.58
0313,02335400,3133.8856,3188.1533,1.0173,1.73
0313,02335405,3133.8856,3188.1533,1.0173,1.73
0313,02335450,3159.7855,3188.1533,1.009,0.9
0313,02335500,3185.6854,3188.1533,1.0008,0.08
0313,02335580,96.8656,175.2692,1.8094,80.94
0313,02335757,266.7688,268.7735,1.0075,0.75
0313,02335790,41.6988,43.3351,1.0392,3.92
0313,02335815,3548.2837,3565.0387,1.0047,0.47
0313,02335830,3574.1836,3565.0387,0.9974,-0.26
0313,023358685,32.5562,91.6117,2.814,181.4
0313,02335880,3677.7831,3750.9232,1.0199,1.99
0313,02335910,48.1738,51.5699,1.0705,7.05
0313,02335912,48.6918,51.5699,1.0591,5.91
0313,02335990,3729.5829,3772.8308,1.0116,1.16
0313,02336030,3.9627,101.2378,25.5478,2454.78
0313,02336080,49.4688,101.2378,2.0465,104.65
0313,02336102,5.7757,101.2378,17.5283,1652.83
0313,02336106,81.8436,101.2378,1.237,23.7
0313,02336120,90.1316,101.2378,1.1232,12.32
0313,02336150,14.0636,77.6513,5.5214,452.14
0313,02336152,14.5557,77.6513,5.3348,433.48
0313,02336180,29.2669,77.6513,2.6532,165.32
0313,02336200,2.5382,77.6513,30.5932,2959.32
0313,023362095,8.4434,77.6513,9.1967,819.67
0313,02336238,2.3828,77.6513,32.5884,3158.84
0313,02336240,71.4837,77.6513,1.0863,8.63
0313,02336300,224.811,338.7281,1.5067,50.67
0313,02336325,3.4965,97.3559,27.8439,2684.39
0313,02336340,46.1018,97.3559,2.1118,111.18
0313,02336360,68.8937,97.3559,1.4131,41.31
0313,02336380,90.1316,97.3559,1.0802,8.02
0313,02336410,97.6426,97.3559,0.9971,-0.29
0313,02336500,4143.981,4173.2254,1.0071,0.71
0313,02336517,19.7875,4173.2254,210.902,20990.2
0313,023365218,8.0549,4173.2254,518.1001,51710.01
0313,02336526,34.7058,4173.2254,120.2456,11924.56
0313,02336529,40.1448,4173.2254,103.9543,10295.43
0313,02336644,10.0492,4417.6235,439.6015,43860.15
0313,02336658,16.5241,90.5585,5.4804,448.04
0313,02336690,1.3468,90.5585,67.2401,6624.01
0313,02336697,0.5439,90.5585,166.4993,16549.93
0313,02336700,1.9943,90.5585,45.4089,4440.89
0313,02336705,22.7919,90.5585,3.9733,297.33
0313,02336728,87.8006,90.5585,1.0314,3.14
0313,02336840,253.0418,332.8781,1.3155,31.55
0313,02336870,61.3827,72.7944,1.1859,18.59
0313,02336910,406.6281,683.7147,1.6814,68.14
0313,02336968,115.2545,125.0098,1.0846,8.46
0313,02336986,34.9648,36.6364,1.0478,4.78
0313,02337000,616.4172,683.7147,1.1092,10.92
0313,02337040,678.5769,683.7147,1.0076,0.76
0313,02337081,2.2792,117.0091,51.338,5033.8
0313,02337100,10.878,117.0091,10.7565,975.65
0313,02337160,76.1457,77.8372,1.0222,2.22
0313,02337170,5335.3755,5434.2317,1.0185,1.85
0313,02337197,60.0877,77.3431,1.2872,28.72
0313,02337260,5516.6747,6110.5485,1.1077,10.77
0313,02337320,71.2247,74.1963,1.0417,4.17
0313,02337410,172.2342,202.9631,1.1784,17.84
0313,02337498,89.6136,127.8028,1.4262,42.62
0313,02337500,91.9446,127.8028,1.39,39.0
0313,02338000,6293.6711,6450.0869,1.0249,2.49
0313,02338185,87.5416,90.5185,1.034,3.4
0313,02338280,68.3757,81.3737,1.1901,19.01
0313,02338400,146.8523,153.1189,1.0427,4.27
0313,02338500,6941.1681,7626.0682,1.0987,9.87
0313,02338523,43.5118,73.6673,1.693,69.3
0313,02338660,328.9285,389.972,1.1856,18.56
0313,02338840,235.6889,250.4871,1.0628,6.28
0313,02339000,471.3778,522.1381,1.1077,10.77
0313,02339402,8917.3291,8907.3613,0.9989,-0.11
0313,02339500,9194.4578,9487.0057,1.0318,3.18
0313,02340000,2.0979,112.0476,53.4097,5240.97
0313,02340324,5.18,61.3746,11.8484,1084.84
0313,02340500,159.8023,180.6203,1.1303,13.03
0313,02341200,110.3335,119.4864,1.083,8.3
0313,02341460,11991.645,12079.2734,1.0073,0.73
0313,02341500,12095.2445,12079.2734,0.9987,-0.13
0313,02341505,12095.2445,12079.2734,0.9987,-0.13
0313,02341542,16.9385,92.0524,5.4345,443.45
0313,02341544,4.0922,201.3176,49.1957,4819.57
0313,02341546,0.6475,201.3176,310.9166,30991.66
0313,02341548,3.7296,201.3176,53.9786,5297.86
0313,02341566,12302.4435,13569.205,1.103,10.3
0313,02341665,393.6782,482.8088,1.2264,22.64
0313,02341725,169.6442,198.9894,1.173,17.3
0313,02341750,48.4328,133.7621,2.7618,176.18
0313,02341910,165.2412,171.7447,1.0394,3.94
0313,02342000,1157.7247,1173.6128,1.0137,1.37
0313,02342070,1173.1092,1173.6128,1.0004,0.04
0313,02342850,313.3886,380.2433,1.2133,21.33
0313,02342881,15306.8297,15693.3409,1.0253,2.53
0313,02343200,181.2992,246.8033,1.3613,36.13
0313,02343208,27.7129,69.02,2.4905,149.05
0313,02343225,764.0465,1017.5271,1.3318,33.18
0313,02343241,19321.3113,19683.199,1.0187,1.87
0313,02343260,19606.21,19683.199,1.0039,0.39
0313,02343805,21263.8024,21365.7657,1.0048,0.48
0313,02343940,166.2772,196.0738,1.1792,17.92
0313,02344143,16.8608,125.2863,7.4306,643.06
0313,02344280,40.1448,51.3564,1.2793,27.93
0313,02344300,43.2528,51.3564,1.1874,18.74
0313,02344325,28.7489,106.7336,3.7126,271.26
0313,02344327,68.8937,106.7336,1.5493,54.93
0313,02344350,328.9285,416.2624,1.2655,26.55
0313,02344396,414.3981,416.2624,1.0045,0.45
0313,02344424,32.3749,571.6015,17.6557,1665.57
0313,02344478,33.4108,123.3923,3.6932,269.32
0313,02344500,704.4768,792.2522,1.1246,12.46
0313,02344605,98.6785,102.9572,1.0434,4.34
0313,02344620,62.4187,69.4681,1.1129,11.29
0313,02344630,179.7452,265.4154,1.4766,47.66
0313,02344655,32.6339,265.4154,8.1331,713.31
0313,02344673,47.6558,265.4154,5.5694,456.94
0313,02344700,261.5888,265.4154,1.0146,1.46
0313,02344724,42.2168,107.8364,2.5543,155.43
0313,02344736,107.4845,227.9867,2.1211,112.11
0313,02344748,202.0191,227.9867,1.1285,12.85
0313,02344872,2056.4506,2077.8096,1.0104,1.04
0313,02345000,2496.7485,2505.2012,1.0034,0.34
0313,02345500,2823.087,2979.9693,1.0556,5.56
0313,02346180,3159.7855,3181.246,1.0068,0.68
0313,02346193,8.7024,121.531,13.9653,1296.53
0313,02346210,17.1457,327.1373,19.0798,1807.98
0313,02346310,24.6308,79.353,3.2217,222.17
0313,02346475,461.0179,553.4685,1.2005,20.05
0313,02346500,481.7378,553.4685,1.1489,14.89
0313,02347500,4791.478,4815.4303,1.005,0.5
0313,02348500,182.5942,234.5934,1.2848,28.48
0313,02349000,212.897,234.5934,1.1019,10.19
0313,02349500,7510.9655,7579.666,1.0091,0.91
0313,02349605,7562.7653,7919.2252,1.0471,4.71
0313,02349900,123.0244,140.1441,1.1392,13.92
0313,02350000,8780.0597,8810.7181,1.0035,0.35
0313,02350220,210.307,221.8154,1.0547,5.47
0313,02350300,95.3116,122.6612,1.2869,28.69
0313,02350500,9997.3541,10046.0787,1.0049,0.49
0313,02350512,10049.1539,10226.4745,1.0176,1.76
0313,02350520,9.7643,62.045,6.3543,535.43
0313,02350600,510.2277,673.5294,1.3201,32.01
0313,02350900,1364.9237,1365.6285,1.0005,0.05
0313,02351000,1517.733,1705.4075,1.1237,12.37
0313,02351100,1530.683,1705.4075,1.1141,11.41
0313,02351500,362.5983,365.0202,1.0067,0.67
0313,02351890,937.5757,1038.1809,1.1073,10.73
0313,02351930,122.7654,2853.7835,23.2458,2224.58
0313,02352500,13752.8369,13924.9293,1.0125,1.25
0313,02352790,13830.5365,14177.1117,1.0251,2.51
0313,02352967,40.1448,62.6607,1.5609,56.09
0313,02353000,14866.5318,15044.8619,1.012,1.2
0313,02353265,779.5864,802.9982,1.03,3.0
0313,02353400,468.7878,657.8353,1.4033,40.33
0313,02353500,1605.7926,1715.7175,1.0685,6.85
0313,02354000,22.0149,1715.7175,77.9344,7693.44
0313,02354350,305.6186,375.7596,1.2295,22.95
0313,02354475,58.0157,107.2,1.8478,84.78
0313,02354500,828.7962,855.6323,1.0324,3.24
0313,02354800,2589.9881,2860.9481,1.1046,10.46
0313,02355000,2587.3981,2860.9481,1.1057,10.57
0313,02355350,2693.5876,2860.9481,1.0621,6.21
0313,02355500,10.0233,105.9826,10.5737,957.37
0313,02355662,17948.6176,18151.6491,1.0113,1.13
0313,02356000,19606.21,19539.5592,0.9966,-0.34
0313,02356500,48.6918,60.7067,1.2468,24.68
0313,02356638,732.9666,752.1369,1.0262,2.62
0313,02356980,271.9488,275.9792,1.0148,1.48
0313,02357000,1269.0942,1377.5484,1.0855,8.55
0313,02357150,1478.8832,1622.5376,1.0971,9.71
0314,02360000,224.811,340.8326,1.5161,51.61
0314,02360500,753.6865,817.6849,1.0849,8.49
0314,02361000,1776.7318,1848.9423,1.0406,4.06
0314,02361500,3315.1848,3412.9093,1.0295,2.95
0314,02362000,3486.124,3995.8222,1.1462,14.62
0314,02362240,55.4257,55.2363,0.9966,-0.34
0314,02363000,1289.8141,1400.157,1.0855,8.55
0314,02363500,815.8463,819.352,1.0043,0.43
0314,02364000,2483.7986,2709.4452,1.0908,9.08
0314,02364500,3061.3659,3092.078,1.01,1.0
0314,02364570,67.8577,81.5388,1.2016,20.16
0314,02365000,4019.6615,4025.6833,1.0015,0.15
0314,02367500,295.2586,306.1645,1.0369,3.69
0314,02367800,1193.9845,1232.0558,1.0319,3.19
0314,02369800,227.142,303.9989,1.3384,33.84
0314,02371000,665.6269,803.1786,1.2066,20.66
0314,02371200,22.9732,880.9498,38.3469,3734.69
0314,02371470,11.4736,1256.0947,109.4765,10847.65
0314,02371500,1294.9941,1360.8491,1.0509,5.09
0314,02372000,657.857,1033.8998,1.5716,57.16
0314,02372250,1144.7747,1160.2121,1.0135,1.35
0314,02372422,3297.0549,3358.7894,1.0187,1.87
0314,02372500,3480.944,3508.8328,1.008,0.8
0314,02373000,1217.2944,2350.4478,1.9309,93.09
0314,02373500,795.1263,816.1071,1.0264,2.64
0314,02373800,2634.0179,2715.6949,1.031,3.1
0314,02374000,6462.0203,6493.3674,1.0049,0.49
0314,02374250,6891.9584,8631.6604,1.2524,25.24
0314,02374500,455.8379,575.0667,1.2616,26.16
0314,02374660,852.1061,1099.7249,1.2906,29.06
0314,02374700,1126.6448,1646.2275,1.4612,46.12
0314,02374745,471.3778,483.8802,1.0265,2.65
0314,02374950,499.8677,736.0858,1.4726,47.26
0314,02375000,854.6961,9925.8314,11.6133,1061.33
0314,02377500,238.7969,374.4881,1.5682,56.82
0314,02377560,391.0882,594.3943,1.5198,51.98
0314,02377570,497.2777,594.3943,1.1953,19.53
0314,02377750,673.3969,671.5603,0.9973,-0.27
0314,02377960,146.5933,237.0227,1.6169,61.69
0314,02378170,12.8981,61.4644,4.7654,376.54
0314,02359315,10.2564,142.6589,13.9093,1290.93
0314,02359350,104.8945,172.3034,1.6426,64.26
0314,02359450,181.8172,227.062,1.2488,24.88
0314,02359500,315.9785,988.5025,3.1284,212.84
0314,02359550,174.0472,149.1614,0.857,-14.3
0314,02365200,8311.2718,8346.2298,1.0042,0.42
0314,02365237,13.183,131.8313,10.0001,900.01
0314,02365470,383.3182,462.0128,1.2053,20.53
0314,02365482,429.938,462.0128,1.0746,7.46
0314,02365490,17.8191,462.0128,25.9279,2492.79
0314,02365500,9062.3684,9097.7951,1.0039,0.39
0314,02365769,213.415,219.6374,1.0292,2.92
0314,02365800,66.8217,11316.6779,169.3563,16835.63
0314,02366000,999.7354,1079.3503,1.0796,7.96
0314,02366500,11354.5079,11361.4169,1.0006,0.06
0314,02366650,295.2586,353.7393,1.1981,19.81
0314,02366859,4.8433,134.545,27.7797,2677.97
0314,02366900,29.0079,71.9451,2.4802,148.02
0314,02366996,101.2685,150.9241,1.4903,49.03
0314,02367000,169.9032,222.8575,1.3117,31.17
0314,02367006,216.782,222.8575,1.028,2.8
0314,02367240,109.8155,119.4117,1.0874,8.74
0314,02367242,9.9715,49.8426,4.9985,399.85
0314,02367250,173.5292,219.7441,1.2663,26.63
0314,02367305,58.7927,168.3711,2.8638,186.38
0314,02367307,77.9586,168.3711,2.1597,115.97
0314,02367310,71.4837,168.3711,2.3554,135.54
0314,02367320,160.5793,247.6057,1.542,54.2
0314,02367355,157.4713,168.3711,1.0692,6.92
0314,02367388,37.0368,71.1729,1.9217,92.17
0314,02367390,57.7567,71.1729,1.2323,23.23
0314,02367900,1320.8939,1443.0073,1.0924,9.24
0314,02368000,1616.1526,1709.2506,1.0576,5.76
0314,02368300,20.1242,1709.2506,84.9351,8393.51
0314,02368500,318.5685,392.6425,1.2325,23.25
0314,02368800,245.5309,413.9912,1.6861,68.61
0314,02368990,162.9103,207.0422,1.2709,27.09
0314,02369000,1227.6544,1288.6791,1.0497,4.97
0314,02369500,3133.8856,3247.2205,1.0362,3.62
0314,02369600,3470.5841,3557.185,1.025,2.5
0314,02370000,530.9476,619.5813,1.1669,16.69
0314,02370015,3.7555,619.5813,164.9805,16398.05
0314,02370140,771.8165,792.6774,1.027,2.7
0314,02370200,93.2396,270.001,2.8958,189.58
0314,02370300,102.3045,148.0317,1.447,44.7
0314,02370500,613.8272,634.0047,1.0329,3.29
0314,02370700,167.0542,252.1346,1.5093,50.93
0314,02370750,7.6405,252.1346,32.9999,3199.99
0314,02375500,9885.9846,10011.2762,1.0127,1.27
0314,02376000,195.0261,244.0371,1.2513,25.13
0314,02376033,10740.6807,10830.8512,1.0084,0.84
0314,02376079,12.0952,104.1421,8.6102,761.02
0314,02376100,27.9719,60.8692,2.1761,117.61
0314,02376115,72.0017,125.3183,1.7405,74.05
0314,02376140,29.0079,125.3183,4.3202,332.02
0314,02376293,68.6347,110.7937,1.6143,61.43
0314,02376300,126.9094,199.7519,1.574,57.4
0314,02376500,1020.4553,1018.6588,0.9982,-0.18
0314,02376551,2.3828,1168.6846,490.4692,48946.92
0314,02376700,60.0877,1168.6846,19.4496,1844.96
0315,02397530,11297.5281,11401.2592,1.0092,0.92
0315,02398195,24.6826,93.9326,3.8056,280.56
0315,02398250,175.0832,189.4398,1.082,8.2
0315,02398300,947.9356,1024.5313,1.0808,8.08
0315,02398500,981.6055,1024.5313,1.0437,4.37
0315,02398950,110.8515,128.5137,1.1593,15.93
0315,02399000,323.7485,364.3255,1.1253,12.53
0315,02399200,515.4076,581.0479,1.1274,12.74
0315,02399500,13649.2373,13655.6975,1.0005,0.05
0315,02399800,39.8858,262.9237,6.5919,559.19
0315,02400000,300.4386,383.7579,1.2773,27.73
0315,02400100,652.677,735.836,1.1274,12.74
0315,02400350,14830.2719,15048.6024,1.0147,1.47
0315,02400496,15021.931,15048.6024,1.0018,0.18
0315,02400500,15034.881,15048.6024,1.0009,0.09
0315,02400680,143.4853,144.8569,1.0096,0.96
0315,02401000,471.3778,532.2275,1.1291,12.91
0315,02401370,116.5495,236.8743,2.0324,103.24
0315,02401390,365.1883,583.1953,1.597,59.7
0315,02401450,25.5891,583.1953,22.7908,2179.08
0315,02401460,37.0368,583.1953,15.7464,1474.64
0315,02401470,57.7567,81.8668,1.4174,41.74
0315,02401500,655.267,717.8963,1.0956,9.56
0315,02401700,102.8225,127.6548,1.2415,24.15
0315,02401800,238.7969,287.1006,1.2023,20.23
0315,02401895,560.4734,588.5403,1.0501,5.01
0315,02402500,18308.626,19782.1151,1.0805,8.05
0315,02403200,313.3886,451.1513,1.4396,43.96
0315,02403310,494.6877,715.7853,1.4469,44.69
0315,02403395,574.9774,715.7853,1.2449,24.49
0315,02404000,717.4267,1146.7999,1.5985,59.85
0315,02404400,1245.7843,1323.2123,1.0622,6.22
0315,02404500,1284.6341,1323.2123,1.03,3.0
0315,02405000,19847.0789,20058.4977,1.0107,1.07
0315,02405500,499.8677,538.7419,1.0778,7.78
0315,02405800,180.2632,192.5314,1.0681,6.81
0315,02406000,261.5888,281.4415,1.0759,7.59
0315,02406500,388.4982,452.5714,1.1649,16.49
0315,02406930,42.7348,54.3,1.2706,27.06
0315,02407000,21735.1802,22324.8251,1.0271,2.71
0315,02407500,249.9339,364.3504,1.4578,45.78
0315,02407514,367.7783,482.1097,1.3109,31.09
0315,02407526,22242.8179,22637.2509,1.0177,1.77
0315,02407900,32.8928,92.5604,2.814,181.4
0315,02408000,23750.191,25325.0895,1.0663,6.63
0315,02408150,92.4626,144.755,1.5656,56.56
0315,02408500,603.4672,913.1617,1.5132,51.32
0315,02408540,681.1669,913.1617,1.3406,34.06
0315,02409000,190.1051,192.7609,1.014,1.4
0315,02409500,25459.5831,25325.0895,0.9947,-0.53
0315,02410000,12.7168,127.8942,10.0571,905.71
0315,02411000,26164.0599,26300.2176,1.0052,0.52
0315,02411600,26283.1993,26300.2176,1.0006,0.06
0315,02412000,1160.3147,1430.3319,1.2327,23.27
0315,02412177,24.3459,64.6799,2.6567,165.67
0315,02412500,2051.2706,3610.8505,1.7603,76.03
0315,02413300,1051.5352,1520.4076,1.4459,44.59
0315,02413400,17.7932,50.101,2.8157,181.57
0315,02413500,1530.683,1554.0804,1.0153,1.53
0315,02414000,3768.4327,4194.0986,1.113,11.3
0315,02414500,4338.2301,4372.5746,1.0079,0.79
0315,02414525,55.1667,89.3007,1.6187,61.87
0315,02414715,5330.1955,5509.7062,1.0337,3.37
0315,02414800,20.6422,185.6868,8.9955,799.55
0315,02415000,492.0977,601.7699,1.2229,22.29
0315,02416000,6423.1705,6421.2108,0.9997,-0.03
0315,02416500,505.0477,502.902,0.9958,-0.42
0315,02418000,7728.5245,9970.0301,1.29,29.0
0315,02418230,184.6662,186.2622,1.0086,0.86
0315,02418500,8619.4804,9970.0301,1.1567,15.67
0315,02418760,118.6215,238.7086,2.0124,101.24
0315,02419000,862.466,916.6019,1.0628,6.28
0315,02419500,9766.8452,9970.0301,1.0208,2.08
0315,02419670,315.9785,334.3802,1.0582,5.82
0315,02419790,266.7688,689.998,2.5865,158.65
0315,02419890,12033.0848,12135.9331,1.0085,0.85
0315,02419977,22.766,38853.7229,1706.656,170565.6
0315,02419988,38909.3914,38970.3091,1.0016,0.16
0315,02420000,39075.1506,39123.7324,1.0012,0.12
0315,02421000,751.0966,752.0721,1.0013,0.13
0315,02421115,153.5863,453.8518,2.955,195.5
0315,02421300,27.7129,55.9118,2.0175,101.75
0315,02421350,7.77,42063.2982,5413.5767,541257.67
0315,02421351,42043.277,42962.6574,1.0219,2.19
0315,02421500,318.5685,332.3547,1.0433,4.33
0315,02422000,631.9571,733.4589,1.1606,16.06
0315,02422500,525.7676,715.7024,1.3613,36.13
0315,02423000,44275.8467,44320.9673,1.001,0.1
0315,02423110,32.3749,137.9515,4.2611,326.11
0315,02423130,51.0228,137.9515,2.7037,170.37
0315,02423160,131.5714,137.9515,1.0485,4.85
0315,02423190,101.7865,106.0626,1.042,4.2
0315,02423380,362.5983,507.4964,1.3996,39.96
0315,02423397,44.0298,126.0309,2.8624,186.24
0315,02423398,50.2458,126.0309,2.5083,150.83
0315,02423400,63.1957,126.0309,1.9943,99.43
0315,0242340550,8.2621,126.0309,15.2542,1425.42
0315,02423410,110.5925,126.0309,1.1396,13.96
0315,02423414,121.7294,126.0309,1.0353,3.53
0315,02423425,520.5876,855.9809,1.6443,64.43
0315,02423496,585.3373,855.9809,1.4624,46.24
0315,02423500,595.6973,855.9809,1.4369,43.69
0315,0242354650,37.0368,70.732,1.9098,90.98
0315,0242354750,66.3037,70.732,1.0668,6.68
0315,02423555,867.646,1079.0644,1.2437,24.37
0315,02423571,24.5013,106.736,4.3563,335.63
0315,02423586,70.1887,106.736,1.5207,52.07
0315,02423630,187.2561,358.8933,1.9166,91.66
0315,02423647,1535.8629,2362.7438,1.5384,53.84
0315,02424000,2659.9178,2743.8388,1.0316,3.16
0315,02424500,3548.2837,3579.9275,1.0089,0.89
0315,02424590,3833.1824,3903.4881,1.0183,1.83
0315,02424940,569.7974,610.7609,1.0719,7.19
0315,02425000,4573.919,4720.1348,1.032,3.2
0315,02425200,92.7216,100.7496,1.0866,8.66
0315,02425300,1.4245,212.4913,149.1697,14816.97
0315,02425500,546.4875,898.5594,1.6442,64.42
0315,02426000,247.0849,638.4885,2.5841,158.41
0315,02426500,517.9976,638.4885,1.2326,23.26
0315,02427000,758.8665,833.3386,1.0981,9.81
0315,02427020,852.1061,940.8085,1.1041,10.41
0315,02427250,675.9869,778.3883,1.1515,15.15
0315,02427300,26.6769,778.3883,29.1784,2817.84
0315,02427500,53449.5846,51511.1801,0.9637,-3.63
0315,02427506,53449.5846,51825.3323,0.9696,-3.04
0315,02427700,252.5238,256.6635,1.0164,1.64
0315,02428300,34.1878,51101.4005,1494.7243,149372.43
0315,02428400,55614.8147,49375.366,0.8878,-11.22
0315,02428401,55614.8147,50313.3388,0.9047,-9.53
0315,02428500,639.7271,639.9796,1.0004,0.04
0315,02429000,313.3886,465.2705,1.4846,48.46
0315,02429500,56894.2688,50313.3388,0.8843,-11.57
0315,02429540,57912.1341,50147.1283,0.8659,-13.41
0315,02429595,246.5669,360.9736,1.464,46.4
0315,02379000,223.775,233.2965,1.0425,4.25
0315,02379500,347.0584,351.8446,1.0138,1.38
0315,02380000,238.5379,239.2562,1.003,0.3
0315,02380500,611.2372,628.0439,1.0275,2.75
0315,02381000,81.5846,188.7978,2.3141,131.41
0315,02381090,159.5433,188.7978,1.1834,18.34
0315,02381100,6.2419,188.7978,30.247,2924.7
0315,02381401,968.6556,1345.5966,1.3891,38.91
0315,02381500,968.6556,1345.5966,1.3891,38.91
0315,02381600,25.874,63.4852,2.4536,145.36
0315,02381950,16.5759,33.8518,2.0422,104.22
0315,02382000,55.1667,74.5568,1.3515,35.15
0315,02382300,367.7783,1345.5966,3.6587,265.87
0315,02382500,1349.3838,1452.8906,1.0767,7.67
0315,02382610,37.5548,42.1624,1.1227,12.27
0315,02383000,15.9802,74.1188,4.6382,363.82
0315,02383180,564.6174,628.0364,1.1123,11.23
0315,02383500,2152.2801,2162.1496,1.0046,0.46
0315,02383520,2193.7199,2232.6959,1.0178,1.78
0315,02384500,652.677,841.4689,1.2893,28.93
0315,02384540,21.3415,28.4469,1.3329,33.29
0315,02385000,224.552,258.6753,1.152,15.2
0315,02385170,455.8379,457.6946,1.0041,0.41
0315,02385500,103.5995,134.3941,1.2972,29.72
0315,02385800,165.7592,301.6883,1.82,82.0
0315,02386000,42.7348,21.5452,0.5042,-49.58
0315,02386500,38.3318,42.5241,1.1094,10.94
0315,02386865,60.6057,62.6573,1.0339,3.39
0315,02387000,1779.3218,1883.5528,1.0586,5.86
0315,02387010,1800.0417,1883.5528,1.0464,4.64
0315,02387500,4149.161,4393.0384,1.0588,5.88
0315,02387520,4206.1407,4393.0384,1.0444,4.44
0315,02387600,162.1333,168.929,1.0419,4.19
0315,02387690,91.4266,115.948,1.2682,26.82
0315,02388000,94.2756,144.0173,1.5276,52.76
0315,02388300,38.0728,62.5586,1.6431,64.31
0315,02388320,42.9938,62.5586,1.4551,45.51
0315,02388350,580.1573,583.3794,1.0056,0.56
0315,02388500,5477.8249,5490.5777,1.0023,0.23
0315,02388525,5565.8844,5569.1628,1.0006,0.06
0315,02388530,5568.4744,5569.1628,1.0001,0.01
0315,02388900,180.5222,212.5137,1.1772,17.72
0315,02388975,252.0058,291.5308,1.1568,15.68
0315,02388985,7.8218,291.5308,37.2717,3627.17
0315,02389000,277.1287,291.5308,1.052,5.2
0315,02389050,292.6687,461.7022,1.5776,57.76
0315,02389150,339.2884,461.7022,1.3608,36.08
0315,02389300,56.2027,96.4631,1.7163,71.63
0315,02389500,73.8147,79.3949,1.0756,7.56
0315,02390000,230.5089,253.4685,1.0996,9.96
0315,02390050,717.4267,834.7424,1.1635,16.35
0315,02390140,131.0534,131.1249,1.0005,0.05
0315,02390475,176.6372,199.1547,1.1275,12.75
0315,02390500,198.1341,199.1547,1.0052,0.52
0315,02391000,1235.4243,1307.4956,1.0583,5.83
0315,02391500,165.2412,195.4881,1.183,18.3
0315,02391540,189.5871,195.4881,1.0311,3.11
0315,02391840,21.5746,1592.5542,73.8162,7281.62
0315,02391860,1553.9929,1592.5542,1.0248,2.48
0315,02392000,1587.6627,1592.5542,1.0031,0.31
0315,02392360,146.3343,175.4565,1.199,19.9
0315,02392500,155.3993,166.4463,1.0711,7.11
0315,02392780,360.0083,557.5345,1.5487,54.87
0315,02392920,36.7778,56.3596,1.5324,53.24
0315,02392950,66.0447,130.7259,1.9794,97.94
0315,02392975,89.6136,130.7259,1.4588,45.88
0315,02393377,9.324,52.6267,5.6442,464.42
0315,02393419,38.3318,81.7669,2.1331,113.31
0315,02393501,2905.9667,3339.2046,1.1491,14.91
0315,02394000,2905.9667,3339.2046,1.1491,14.91
0315,02394515,344.4684,364.0769,1.0569,5.69
0315,02394612,99.1965,3486.3155,35.1455,3414.55
0315,02394670,3483.534,3486.3155,1.0008,0.08
0315,02394682,6.5786,3683.0047,559.8488,55884.88
0315,02394820,109.0385,146.2086,1.3409,34.09
0315,02394950,64.7497,71.6899,1.1072,10.72
0315,02394958,110.5925,458.1674,4.1428,314.28
0315,02394969,4138.801,4180.1539,1.01,1.0
0315,02395000,4232.0406,4411.1791,1.0423,4.23
0315,02395120,85.7286,131.6301,1.5354,53.54
0315,02395500,37.0368,45.3247,1.2238,22.38
0315,02395980,4664.5686,4823.3364,1.034,3.4
0315,02395990,0.8806,4823.3364,5477.3547,547635.47
0315,02395996,4711.1884,4823.3364,1.0238,2.38
0315,02396000,4711.1884,4823.3364,1.0238,2.38
0315,02396050,4713.7784,4823.3364,1.0232,2.32
0315,02396515,0.7511,104.0687,138.5557,13755.57
0315,02397000,10463.552,10518.8959,1.0053,0.53
0315,02397075,47.3968,66.8044,1.4095,40.95
0315,02397080,10593.0514,10748.875,1.0147,1.47
0315,02397100,10639.6712,10748.875,1.0103,1.03
0315,02397101,10639.6712,10748.875,1.0103,1.03
0315,02397102,10639.6712,10748.875,1.0103,1.03
0315,02397410,169.1262,307.8199,1.8201,82.01
0315,02397500,297.8486,307.8199,1.0335,3.35
0315,02397750,17.3529,161.8311,9.3259,832.59
0315,02397830,34.4468,63.3166,1.8381,83.81
0315,02397880,297.8486,300.9167,1.0103,1.03
0315,02397950,419.5781,456.8453,1.0888,8.88
0315,02398000,497.2777,530.6695,1.0671,6.71
0315,02398037,727.7867,759.6797,1.0438,4.38
0315,02411800,52.3178,95.0174,1.8162,81.62
0315,02411930,704.4768,705.1213,1.0009,0.09
0315,02413000,246.3079,269.3191,1.0934,9.34
0315,02413205,613.8272,638.5336,1.0402,4.02
0315,02413210,634.5471,638.5336,1.0063,0.63
0315,02413215,12.7686,154.0706,12.0663,1106.63
0315,02384000,279.7187,299.8087,1.0718,7.18
0316,02378300,42.9938,105.6174,2.4566,145.66
0316,02378500,143.2263,170.9647,1.1937,19.37
0316,0237854520,312.3526,524.1782,1.6782,67.82
0316,02437800,33.9288,52.1807,1.5379,53.79
0316,02437810,290.0787,605.2675,2.0866,108.66
0316,02437900,37.0368,70.23,1.8962,89.62
0316,02438000,717.4267,831.434,1.1589,15.89
0316,02438500,792.5364,831.434,1.0491,4.91
0316,02439000,1222.4744,228.762,0.1871,-81.29
0316,02442000,336.6985,474.1296,1.4082,40.82
0316,02442500,639.7271,640.7902,1.0017,0.17
0316,02444000,326.3385,341.9345,1.0478,4.78
0316,02444160,14892.4316,15082.7295,1.0128,1.28
0316,02444161,14892.4316,15082.7295,1.0128,1.28
0316,02444490,136.2334,152.1157,1.1166,11.66
0316,02444500,15384.5294,16414.9204,1.067,6.7
0316,02445000,290.0787,383.0512,1.3205,32.05
0316,02445290,357.4184,518.8038,1.4515,45.15
0316,02445500,730.3766,985.7179,1.3496,34.96
0316,02446000,1069.6651,1233.1903,1.1529,15.29
0316,02446500,1367.5137,1488.9351,1.0888,8.88
0316,02447000,1991.7009,2038.5594,1.0235,2.35
0316,02447025,18725.614,22891.4409,1.2225,22.25
0316,02447026,18725.614,22891.4409,1.2225,22.25
0316,02448500,2841.217,3031.6048,1.067,6.7
0316,02448900,409.2181,542.8501,1.3266,32.66
0316,02449000,22356.7774,22891.4409,1.0239,2.39
0316,02449245,111.8875,144.5938,1.2923,29.23
0316,02449400,30.5619,73.9141,2.4185,141.85
0316,02449500,23128.5938,23163.9224,1.0015,0.15
0316,02449775,284.8987,903.5502,3.1715,217.15
0316,02449838,96.0886,96.1423,1.0006,0.06
0316,02449882,33.6698,61.6154,1.83,83.0
0316,02450000,927.2157,1155.8244,1.2466,24.66
0316,02450180,1261.3242,1381.6972,1.0954,9.54
0316,02450200,33.6698,74.4323,2.2107,121.07
0316,02450215,67.3397,74.4323,1.1053,10.53
0316,02450250,238.5379,339.5853,1.4236,42.36
0316,02450500,932.3957,1328.1554,1.4245,42.45
0316,02450825,261.5888,311.933,1.1925,19.25
0316,02451000,385.9082,1328.1554,3.4416,244.16
0316,02451500,1357.1538,1434.1138,1.0567,5.67
0316,02452000,2509.6985,2579.4014,1.0278,2.78
0316,02452500,2569.2682,2579.4014,1.0039,0.39
0316,02452505,2848.9869,2579.4014,0.9054,-9.46
0316,02453000,468.7878,645.391,1.3767,37.67
0316,02453390,30.5619,164.2599,5.3747,437.47
0316,02453500,4962.4172,5101.2606,1.028,2.8
0316,02453835,6.9412,155.7965,22.4453,2144.53
0316,02454000,347.0584,528.8917,1.5239,52.39
0316,02454055,370.3683,528.8917,1.428,42.8
0316,02454200,220.149,350.7786,1.5934,59.34
0316,02454500,380.7283,555.5127,1.4591,45.91
0316,02454995,33.6698,778.4207,23.1192,2211.92
0316,02455000,784.7664,1394.132,1.7765,77.65
0316,02455185,93.4986,179.7492,1.9225,92.25
0316,02455280,481.7378,495.9335,1.0295,2.95
0316,02455500,1616.1526,1766.463,1.093,9.3
0316,02455900,1831.1216,2073.6225,1.1324,13.24
0316,02455980,70.9657,126.6892,1.7852,78.52
0316,02456000,209.53,221.4806,1.057,5.7
0316,02456330,41.9578,47.726,1.1375,13.75
0316,02456500,2292.1395,2378.5331,1.0377,3.77
0316,02456998,8.0549,205.972,25.5711,2457.11
0316,02457000,61.9007,205.972,3.3275,232.75
0316,02457595,134.4204,205.972,1.5323,53.23
0316,02457670,237.5019,265.1516,1.1164,11.64
0316,02457704,250.9698,265.1516,1.0565,5.65
0316,02458190,8.6765,179.2097,20.6547,1965.47
0316,02458200,40.4038,179.2097,4.4355,343.55
0316,02458300,67.3397,179.2097,2.6613,166.13
0316,02458450,86.7646,179.2097,2.0655,106.55
0316,02458502,95.0526,179.2097,1.8854,88.54
0316,02458600,135.1974,179.2097,1.3255,32.55
0316,02460000,190.6231,246.3323,1.2922,29.22
0316,02461192,34.9648,138.2986,3.9554,295.54
0316,02461405,77.6996,138.2986,1.7799,77.99
0316,02461500,135.9744,246.45,1.8125,81.25
0316,02461630,18.9069,246.45,13.0349,1203.49
0316,02461640,159.0253,246.45,1.5498,54.98
0316,02462000,383.3182,470.0658,1.2263,22.63
0316,02462500,10310.7427,10308.0017,0.9997,-0.03
0316,02462501,10310.7427,10308.0017,0.9997,-0.03
0316,02462600,13.7787,107.9913,7.8375,683.75
0316,02462800,117.3265,285.0053,2.4292,142.92
0316,02462840,226.106,285.0053,1.2605,26.05
0316,02462951,10927.1598,12487.1648,1.1428,14.28
0316,02462952,10927.1598,12487.1648,1.1428,14.28
0316,02462980,9.6607,86.1261,8.9151,791.51
0316,02462990,21.7041,86.1261,3.9682,296.82
0316,02463000,62.6777,86.1261,1.3741,37.41
0316,02463200,75.8867,128.9257,1.6989,69.89
0316,02463500,279.7187,301.6624,1.0784,7.84
0316,02463510,292.6687,301.6624,1.0307,3.07
0316,02463587,119.6575,247.4446,2.0679,106.79
0316,02463900,38.8498,42.5155,1.0944,9.44
0316,02464000,577.5673,626.3202,1.0844,8.44
0316,02464146,15.9543,923.7236,57.898,5689.8
0316,02464360,148.1473,187.6824,1.2669,26.69
0316,02464385,12.0952,187.6824,15.517,1451.7
0316,02464500,963.4756,1099.6897,1.1414,14.14
0316,02464503,2.6677,1099.6897,412.2258,41122.58
0316,02464660,54.1308,66.3856,1.2264,22.64
0316,02464680,2.3828,1099.6897,461.5137,46051.37
0316,02465000,12483.7427,12529.0915,1.0036,0.36
0316,02465005,12486.3327,12529.0915,1.0034,0.34
0316,02465080,29.5259,12529.0915,424.3429,42334.29
0316,02465200,9.6089,12653.751,1316.8842,131588.42
0316,02465205,9.4535,12653.751,1338.5317,133753.17
0316,02465292,27.7129,123.1584,4.4441,344.41
0316,02465400,144.7803,406.1911,2.8056,180.56
0316,02465493,83.6566,151.3473,1.8091,80.91
0316,02465500,190.6231,282.965,1.4844,48.44
0316,02466000,15001.2111,15043.7667,1.0028,0.28
0316,02466030,15047.8309,15043.7667,0.9997,-0.03
0316,02466031,15047.8309,15043.7667,0.9997,-0.03
0316,02467000,39846.9671,39895.6506,1.0012,0.12
0316,02467001,39846.9671,39895.6506,1.0012,0.12
0316,02467500,1572.1228,1641.2066,1.0439,4.39
0316,02468000,161.3563,432.4984,2.6804,168.04
0316,02468500,665.6269,786.2667,1.1812,18.12
0316,02469000,235.4299,361.4463,1.5353,53.53
0316,02469525,45291.1221,45287.9824,0.9999,-0.01
0316,02469550,156.4353,270.0325,1.7262,72.62
0316,02469600,198.3931,293.3182,1.4785,47.85
0316,02469700,383.3182,685.036,1.7871,78.71
0316,02469761,47699.811,47711.2328,1.0002,0.02
0316,02469762,47699.811,47711.2328,1.0002,0.02
0316,02469800,424.7581,551.9834,1.2995,29.95
0316,02470000,49119.1245,293.4569,0.006,-99.4
0316,02470050,49520.5727,49501.8461,0.9996,-0.04
0316,02470072,27.1949,200.2968,7.3652,636.52
0316,02470100,505.0477,640.0497,1.2673,26.73
0316,02470500,111025.0203,52055.4792,0.4689,-53.11
0316,02470805,60.6057,212.6764,3.5092,250.92
0316,02471000,318.5685,364.0371,1.1427,14.27
0316,02471001,323.7485,364.0371,1.1244,12.44
0316,0247100550,60.0877,90.1498,1.5003,50.03
0316,02471013,26.9359,76.8605,2.8535,185.35
0316,02471065,18.8551,88.2173,4.6787,367.87
0316,02471078,42.7348,161.4622,3.7782,277.82
0316,02429900,70.1887,167.0354,2.3798,137.98
0316,02429949,109.2975,131.0662,1.1992,19.92
0316,02429955,108.7795,131.0662,1.2049,20.49
0316,02429980,5.2059,59.4981,11.429,1042.9
0316,02430000,173.2702,173.5215,1.0015,0.15
0316,02430012,176.6372,456.2889,2.5832,158.32
0316,02430038,23.2581,62.8095,2.7005,170.05
0316,02430085,40.6628,56.4586,1.3885,38.85
0316,02430100,305.6186,456.2889,1.493,49.3
0316,02430615,28.7489,50.7476,1.7652,76.52
0316,02430680,339.2884,434.6226,1.281,28.1
0316,02430880,49.4688,66.7184,1.3487,34.87
0316,02431000,1585.0727,1374.2326,0.867,-13.3
0316,02431410,173.3738,182.33,1.0517,5.17
0316,02431500,1828.5316,1374.2326,0.7515,-24.85
0316,02432500,352.2384,395.2196,1.122,12.2
0316,02433000,870.236,869.4377,0.9991,-0.09
0316,02433500,3175.3254,3419.7207,1.077,7.7
0316,02433530,17.0939,1567.6682,91.7091,9070.91
0316,02434250,77.9586,53.0635,0.6807,-31.93
0316,02434500,49.4688,227.3998,4.5968,359.68
0316,02435000,257.7038,558.649,2.1678,116.78
0316,02435020,603.4672,558.649,0.9257,-7.43
0316,02435500,701.8868,804.1992,1.1458,14.58
0316,02435515,748.5066,804.1992,1.0744,7.44
0316,02435775,132.6074,170.8679,1.2885,28.85
0316,02436000,375.5483,578.4842,1.5404,54.04
0316,02436500,1605.7926,1769.0734,1.1017,10.17
0316,02437000,4998.6771,5297.707,1.0598,5.98
0316,02437100,5301.7057,6045.5457,1.1403,14.03
0316,02437500,5622.8642,6045.5457,1.0752,7.52
0316,02437600,73.5557,110.3548,1.5003,50.03
0316,02439400,2066.8105,2142.2853,1.0365,3.65
0316,02439500,2152.2801,2238.2574,1.0399,3.99
0316,02439980,177.4142,172.4969,0.9723,-2.77
0316,02440000,432.528,474.9116,1.098,9.8
0316,02440400,489.5078,617.2198,1.2609,26.09
0316,02440500,1307.944,1341.0716,1.0253,2.53
0316,02441000,2398.329,2394.5583,0.9984,-0.16
0316,02441300,253.8188,307.6772,1.2122,21.22
0316,02443000,800.3063,800.4362,1.0002,0.02
0316,02443500,1851.8415,1859.578,1.0042,0.42
0316,02443710,29.7849,45.8972,1.541,54.1
0316,02447500,1155.1347,1390.3479,1.2036,20.36
0316,02448000,2012.4208,2383.6933,1.1845,18.45
0316,02467200,349.6484,371.972,1.0638,6.38
0317,02479431,52.8358,97.2622,1.8408,84.08
0317,02479500,1323.4839,1444.741,1.0916,9.16
0317,02479945,81.5328,119.2487,1.4626,46.26
0317,02479948,23.8797,119.2487,4.9937,399.37
0317,02479950,22.1185,269.8365,12.1996,1119.96
0317,02479955,7.3815,269.8365,36.556,3555.6
0317,02479960,8.2103,269.8365,32.8658,3186.58
0317,02479980,20.9271,269.8365,12.8941,1189.41
0317,02480000,217.559,269.8365,1.2403,24.03
0317,02480002,21.2897,269.8365,12.6745,1167.45
0317,02471500,442.888,638.2141,1.441,44.1
0317,02472000,1924.3612,2318.344,1.2047,20.47
0317,02472500,787.3564,1674.0817,2.1262,112.62
0317,02472580,228.437,228.7253,1.0013,0.13
0317,02472850,665.6269,665.2586,0.9994,-0.06
0317,02472980,1737.882,1746.1356,1.0047,0.47
0317,02473000,4527.2992,4690.7418,1.0361,3.61
0317,02473260,4685.2885,4847.8764,1.0347,3.47
0317,02473360,4892.4875,6604.5006,1.3499,34.99
0317,02473460,264.1788,486.1559,1.8403,84.03
0317,02473480,78.7356,486.1559,6.1745,517.45
0317,02473500,616.4172,1230.4446,1.9961,99.61
0317,02474000,360.0083,361.2204,1.0034,0.34
0317,02474500,1585.0727,1660.3224,1.0475,4.75
0317,02474560,6583.7498,7818.7113,1.1876,18.76
0317,02474600,890.9559,1090.3804,1.2238,22.38
0317,02475000,9052.0084,9072.0955,1.0022,0.22
0317,02475500,955.7056,2351.7497,2.4607,146.07
0317,02476000,611.2372,909.689,1.4883,48.83
0317,02476500,134.9384,217.8475,1.6144,61.44
0317,02476600,885.7759,909.689,1.027,2.7
0317,02477000,2377.6091,2448.2479,1.0297,2.97
0317,02477045,2499.3385,2498.0362,0.9995,-0.05
0317,02477350,3776.2027,4055.8938,1.0741,7.41
0317,02477500,4273.4804,4382.7199,1.0256,2.56
0317,02477990,1274.2742,1542.9859,1.2109,21.09
0317,02478000,1310.534,1542.9859,1.1774,17.74
0317,02478500,6967.068,7110.0883,1.0205,2.05
0317,02479000,17068.0216,17327.0717,1.0152,1.52
0317,02479020,17301.1206,17327.0717,1.0015,0.15
0317,02479130,919.4458,921.3939,1.0021,0.21
0317,02479155,136.2334,1817.7149,13.3427,1234.27
0317,02479160,1815.5817,1951.2729,1.0747,7.47
0317,02479191,574.9774,791.4849,1.3765,37.65
0317,02479200,64.4907,97.7449,1.5156,51.56
0317,02479300,1142.1848,1149.7523,1.0066,0.66
0317,02479330,21294.8822,21839.9328,1.0256,2.56
0317,02479560,1455.5733,1528.4282,1.0501,5.01
0317,02479600,1673.1323,1672.4151,0.9996,-0.04
0317,02480250,133.9024,141.0115,1.0531,5.31
0317,02480254,140.8954,141.0115,1.0008,0.08
0317,02480285,24597.1171,24654.9674,1.0024,0.24
0317,02480345,2.849,287.755,101.0026,10000.26
0317,02480380,99.1965,199.9829,2.016,101.6
0317,02480500,239.3149,244.7072,1.0225,2.25
0317,02481000,249.1569,249.7271,1.0023,0.23
0317,02481251,68.3757,1535.0105,22.4497,2144.97
0317,02481500,655.267,799.7336,1.2205,22.05
0317,02481510,797.7163,962.4301,1.2065,20.65
0317,02481570,401.4482,415.6043,1.0353,3.53
0317,02481660,543.8975,745.371,1.3704,37.04
0318,02489500,17023.9918,17020.0011,0.9998,-0.02
0318,02490000,31.3389,105.0333,3.3515,235.15
0318,02490105,188.2921,199.2741,1.0583,5.83
0318,02491500,2564.0882,2603.66,1.0154,1.54
0318,02491800,2867.1168,2917.5895,1.0176,1.76
0318,02492000,3141.6556,3135.3226,0.998,-0.2
0318,02492600,21999.359,22253.2823,1.0115,1.15
0318,02481880,1346.7938,1589.8053,1.1804,18.04
0318,02481984,19.1659,139.5979,7.2837,628.37
0318,02482000,2341.3493,3447.378,1.4724,47.24
0318,02482470,642.3171,819.4886,1.2758,27.58
0318,02482500,800.3063,819.4886,1.024,2.4
0318,02482550,3486.124,3593.438,1.0308,3.08
0318,02483000,1064.4851,1488.1381,1.398,39.8
0318,02483001,1064.4851,1488.1381,1.398,39.8
0318,02483500,5130.7664,6382.0713,1.2439,24.39
0318,02484000,784.7664,786.3681,1.002,0.2
0318,02484500,1214.7044,1235.5695,1.0172,1.72
0318,02484630,6733.9691,6828.9987,1.0141,1.41
0318,02484650,6832.3886,6828.9987,0.9995,-0.05
0318,02484760,135.4564,130.8346,0.9659,-3.41
0318,02485498,533.5376,614.5814,1.1519,15.19
0318,02485500,533.5376,614.5814,1.1519,15.19
0318,02485601,7899.4637,7912.6776,1.0017,0.17
0318,02485700,43.5118,73.2513,1.6835,68.35
0318,02485735,8106.6628,8225.7951,1.0147,1.47
0318,02485777,10.6449,8225.7951,772.7487,77174.87
0318,02485950,29.5259,8225.7951,278.5963,27759.63
0318,02486000,8212.8523,8663.0343,1.0548,5.48
0318,02486500,8767.1098,9306.2575,1.0615,6.15
0318,02487500,1100.7449,1102.6189,1.0017,0.17
0318,02488000,11799.9858,11917.168,1.0099,0.99
0318,02488100,388.4982,398.3861,1.0255,2.55
0318,02488500,12931.8106,13676.4326,1.0576,5.76
0318,02488700,336.6985,349.4935,1.038,3.8
0318,02488850,203.3141,250.614,1.2326,23.26
0318,02489000,14814.732,15028.2616,1.0144,1.44
0318,02489240,211.084,321.981,1.5254,52.54
0318,02490500,1274.2742,1408.8769,1.1056,10.56
0318,02492343,222.998,303.7194,1.362,36.2
0318,02492360,453.2479,452.6911,0.9988,-0.12
0401,04028500,255.3728,264.8041,1.0369,3.69
0401,04030000,683.7569,699.6164,1.0232,2.32
0401,04010500,1577.3028,1581.2825,1.0025,0.25
0401,04010505,4.144,100.163,24.1707,2317.07
0401,04010510,18.1299,100.163,5.5247,452.47
0401,04010520,17.3529,100.163,5.7721,477.21
0401,04010528,24.0869,44.3276,1.8403,84.03
0401,04010530,42.7348,44.3276,1.0373,3.73
0401,04012500,290.0787,293.3713,1.0114,1.14
0401,04014500,362.5983,358.4343,0.9885,-1.15
0401,04015330,216.523,223.9693,1.0344,3.44
0401,04015410,25.6409,9650.5917,376.3752,37537.52
0401,04015438,261.5888,351.3165,1.343,34.3
0401,04015455,47.9148,135.6201,2.8304,183.04
0401,04015475,258.9988,270.0417,1.0426,4.26
0401,04015500,58.0157,56.6372,0.9762,-2.38
0401,04016000,382.5412,404.2398,1.0567,5.67
0401,04016500,717.4267,849.3309,1.1839,18.39
0401,04017000,228.696,365.1696,1.5967,59.67
0401,04018000,442.888,491.1652,1.109,10.9
0401,04018750,1846.6615,1873.5692,1.0146,1.46
0401,04018900,103.5995,135.2656,1.3057,30.57
0401,04019000,169.1262,205.2094,1.2134,21.34
0401,04019300,42.2168,43.9238,1.0404,4.04
0401,04019500,290.0787,645.9428,2.2268,122.68
0401,04020000,657.857,645.9428,0.9819,-1.81
0401,04021520,191.6591,261.0421,1.362,36.2
0401,04021530,252.0058,261.0421,1.0359,3.59
0401,04023000,1942.4911,2054.0591,1.0574,5.74
0401,04023150,53.8718,58.2061,1.0805,8.05
0401,04023600,22.0149,8906.5681,404.57,40357.0
0401,04024000,8883.6592,8906.5681,1.0026,0.26
0401,04024015,23.3099,105.4333,4.5231,352.31
0401,04024090,2.7454,184.2133,67.0992,6609.92
0401,04024093,22.8696,184.2133,8.0549,705.49
0401,04024098,19.9429,603.4291,30.2578,2925.78
0401,04024081,12.6909,9650.5917,760.4315,75943.15
0401,04024314,12.9499,80.6293,6.2262,522.62
0401,04024315,11.8362,80.6293,6.8121,581.21
0401,04024318,1.6576,80.6293,48.6424,4764.24
0401,04024320,16.2392,80.6293,4.9651,396.51
0401,04024430,1087.795,1136.316,1.0446,4.46
0401,04025000,292.6687,355.7314,1.2155,21.55
0401,04025500,305.6186,462.2337,1.5125,51.25
0401,04026000,396.2682,514.9336,1.2995,29.95
0401,04026005,468.7878,514.9336,1.0984,9.84
0401,04026157,82.3616,71.601,0.8693,-13.07
0401,04026160,55.9437,71.601,1.2799,27.99
0401,04026190,69.6707,99.0803,1.4221,42.21
0401,04026300,35.4828,183.7477,5.1785,417.85
0401,040263205,19.1659,126.4201,6.5961,559.61
0401,04026347,15.2809,229.6191,15.0265,1402.65
0401,04026348,1.4763,229.6191,155.5376,15453.76
0401,04026349,55.6847,229.6191,4.1236,312.36
0401,040263491,99.1965,229.6191,2.3148,131.48
0401,04026390,58.5337,111.2346,1.9004,90.04
0401,04026450,212.379,551.7543,2.598,159.8
0401,04026500,271.9488,551.7543,2.0289,102.89
0401,04026561,182.5942,202.3226,1.108,10.8
0401,040265935,158.7663,488.1291,3.0745,207.45
0401,04026740,505.0477,563.3885,1.1155,11.55
0401,04026870,57.7567,57.938,1.0031,0.31
0401,04027000,1546.2229,1581.0181,1.0225,2.25
0401,04027086,2.59,175.3954,67.7205,6672.05
0401,04027500,779.5864,754.6082,0.968,-3.2
0401,04027595,2512.2885,2493.5985,0.9926,-0.74
0401,040276505,37.8138,38.4267,1.0162,1.62
0401,04028000,159.0253,264.8041,1.6652,66.52
0401,04029000,202.0191,232.619,1.1515,15.15
0401,04029500,248.6389,232.619,0.9356,-6.44
0401,04029990,678.5769,699.6164,1.031,3.1
0402,04031000,517.9976,516.2116,0.9966,-0.34
0402,04031500,442.888,781.3957,1.7643,76.43
0402,04032000,675.9869,781.3957,1.1559,15.59
0402,04032150,927.2157,942.3775,1.0164,1.64
0402,04032500,254.0778,257.1852,1.0122,1.22
0402,04033000,424.7581,517.8981,1.2193,21.93
0402,04034500,525.7676,517.8981,0.985,-1.5
0402,04035000,704.4768,753.7516,1.0699,6.99
0402,04035500,1737.882,3595.5693,2.0689,106.89
0402,04036000,419.5781,1637.3189,3.9023,290.23
0402,04037500,131.3124,215.1013,1.6381,63.81
0402,04039500,901.3159,991.0938,1.0996,9.96
0402,04040000,3470.5841,3595.5693,1.036,3.6
0402,04040260,38.5908,44.8856,1.1631,16.31
0402,04040304,30.8209,114.8216,3.7255,272.55
0402,04040500,442.888,493.2025,1.1136,11.36
0402,04041500,896.1359,986.6028,1.101,10.1
0402,04042000,942.7557,986.6028,1.0465,4.65
0402,04042500,419.5781,54.6514,0.1303,-86.97
0402,04043000,1825.9416,54.6514,0.0299,-97.01
0402,04043016,51.7998,62.9371,1.215,21.5
0402,04043021,20.7199,2570.4492,124.057,12305.7
0402,04043050,72.5197,111.1878,1.5332,53.32
0402,04043097,114.4775,121.5383,1.0617,6.17
0402,04043126,43.5118,81.7226,1.8782,87.82
0402,04043140,9.065,182.5306,20.1358,1913.58
0402,04043150,167.5722,182.5306,1.0893,8.93
0402,04043238,17.4565,128.5278,7.3627,636.27
0402,04043244,26.4179,128.5278,4.8652,386.52
0402,04043250,111.1105,128.5278,1.1568,15.68
0402,04043275,82.3616,91.9222,1.1161,11.61
0402,04044003,422.1681,423.7473,1.0037,0.37
0402,04044400,133.1254,190.9476,1.4343,43.43
0402,040445315,5.439,141.9741,26.1031,2510.31
0402,04044563,44.0298,61.5118,1.397,39.7
0402,04044573,23.4135,410.7814,17.5446,1654.46
0402,04044583,11.7326,410.7814,35.0118,3401.18
0402,04044595,22.2221,410.7814,18.4853,1748.53
0402,04044599,409.2181,410.7814,1.0038,0.38
0402,04044724,209.789,308.5655,1.4708,47.08
0402,04044755,32.9446,68.6578,2.084,108.4
0402,04045500,2046.0906,1959.9112,0.9579,-4.21
0403,04053000,295.2586,240.3128,0.8139,-18.61
0403,04054500,238.2789,214.0968,0.8985,-10.15
0403,04055500,90.6496,149.1487,1.6453,64.53
0403,04057510,473.9678,567.7939,1.198,19.8
0403,04057800,118.3625,118.3404,0.9998,-0.02
0403,04057801,123.2834,417.5762,3.3871,238.71
0403,04057812,174.5652,417.5762,2.3921,139.21
0403,04057814,174.5652,417.5762,2.3921,139.21
0403,04057820,189.8461,417.5762,2.1996,119.96
0403,04057900,89.0956,134.589,1.5106,51.06
0403,04058000,331.5185,417.5762,1.2596,25.96
0403,04058100,543.8975,932.1834,1.7139,71.39
0403,04058120,21.8077,49.2434,2.2581,125.81
0403,04058130,35.7418,49.2434,1.3778,37.78
0403,04058200,61.1237,74.1851,1.2137,21.37
0403,04058300,36.7778,223.2353,6.0698,506.98
0403,04058400,97.1246,94.7862,0.9759,-2.41
0403,04058500,321.1585,332.4914,1.0353,3.53
0403,04059000,2253.2897,2400.6246,1.0654,6.54
0403,04059034,2382.7891,2400.6246,1.0075,0.75
0403,040590345,2400.919,2400.6246,0.9999,-0.01
0403,04059400,101.0095,174.4233,1.7268,72.68
0403,04059500,1165.4946,1196.8381,1.0269,2.69
0403,04059750,699.2968,729.8497,1.0437,4.37
0403,04060500,238.5379,251.4895,1.0543,5.43
0403,04060993,947.9356,2692.5876,2.8405,184.05
0403,04061000,1007.5054,2692.5876,2.6725,167.25
0403,04061500,1546.2229,1646.9482,1.0651,6.51
0403,04062000,1634.2825,1694.7577,1.037,3.7
0403,04062100,172.2342,345.9179,2.0084,100.84
0403,04062200,344.4684,345.9179,1.0042,0.42
0403,04062230,502.4577,511.3352,1.0177,1.77
0403,04062270,598.2873,678.2881,1.1337,13.37
0403,04062300,621.5971,678.2881,1.0912,9.12
0403,04062400,818.4362,807.2966,0.9864,-1.36
0403,04062500,1699.0322,1767.2343,1.0401,4.01
0403,04063500,4661.9786,6234.7262,1.3374,33.74
0403,04063522,4661.9786,6234.7262,1.3374,33.74
0403,04065000,6267.7712,6388.8197,1.0193,1.93
0403,04065300,145.2983,177.8379,1.2239,22.39
0403,04065393,160.0613,228.7367,1.4291,42.91
0403,04065397,235.1709,602.6736,2.5627,156.27
0403,04065500,613.8272,685.2046,1.1163,11.63
0403,04065600,43.5118,41.5513,0.9549,-4.51
0403,04065650,1007.5054,1114.4196,1.1061,10.61
0403,04065722,7510.9655,7704.333,1.0257,2.57
0403,04066030,8262.0621,8396.1876,1.0162,1.62
0403,04066800,9582.956,9735.3388,1.0159,1.59
0403,04067000,9634.7558,10185.0421,1.0571,5.71
0403,04062011,2641.7879,2723.52,1.0309,3.09
0403,04063000,4558.3791,4717.0588,1.0348,3.48
0403,04063640,72.0017,90.3556,1.2549,25.49
0403,04063700,360.0083,614.8613,1.7079,70.79
0403,04064000,1320.8939,1464.298,1.1086,10.86
0403,04064500,1380.4637,1464.298,1.0607,6.07
0403,04065106,6397.2706,7603.9647,1.1886,18.86
0403,04066000,8054.863,8314.2987,1.0322,3.22
0403,04066003,8132.5627,8314.2987,1.0223,2.23
0403,04066500,660.447,742.6,1.1244,12.44
0403,04067500,10178.6533,10185.0421,1.0006,0.06
0403,04067651,10541.2516,10532.8593,0.9992,-0.08
0403,04067958,1157.7247,1229.4188,1.0619,6.19
0403,04068000,1390.8236,1608.6925,1.1566,15.66
0403,04069416,2641.7879,2724.0753,1.0311,3.11
0403,04069500,2797.1872,3011.7778,1.0767,7.67
0403,04071000,1825.9416,1770.0917,0.9694,-3.06
0403,04071765,2501.9285,2487.4548,0.9942,-0.58
0403,04071775,2543.3683,2487.4548,0.978,-2.2
0403,04071795,92.7216,126.2175,1.3613,36.13
0403,04071858,347.0584,359.3829,1.0355,3.55
0403,04072000,157.2123,175.9014,1.1189,11.89
0403,04072076,12.9758,397.8949,30.6643,2966.43
0403,04072150,279.7187,397.8949,1.4225,42.25
0403,04072220,8.9096,397.8949,44.6593,4365.93
0403,04072410,125.3554,172.1512,1.3733,37.33
0403,04072750,15.5399,126.4963,8.1401,714.01
0403,04072845,336.6985,369.2516,1.0967,9.67
0403,04073050,190.3641,273.3059,1.4357,43.57
0403,04073240,11.1369,130.5344,11.7208,1072.08
0403,04073365,2491.5686,2597.0756,1.0423,4.23
0403,04073405,100.7505,82.5139,0.819,-18.1
0403,04073458,13.7269,266.6234,19.4234,1842.34
0403,040734605,40.6628,266.6234,6.5569,555.69
0403,040734615,17.327,266.6234,15.3877,1438.77
0403,04073462,7.8995,266.6234,33.7521,3275.21
0403,040734644,93.7576,142.2956,1.5177,51.77
0403,04073466,116.8085,142.2956,1.2182,21.82
0403,04073468,138.5644,266.6234,1.9242,92.42
0403,04073473,271.9488,337.7873,1.2421,24.21
0403,04073500,3574.1836,3559.7934,0.996,-0.4
0403,04073970,227.919,230.0564,1.0094,0.94
0403,04074538,119.9164,119.7147,0.9983,-0.17
0403,04074548,147.1113,199.1624,1.3538,35.38
0403,04074950,1199.1645,1201.5954,1.002,0.2
0403,04075000,1256.1442,1500.2809,1.1944,19.44
0403,04075200,15.773,131.7244,8.3512,735.12
0403,04075365,167.0542,194.8533,1.1664,16.64
0403,04075500,1595.4327,2030.7068,1.2728,27.28
0403,04076000,241.3869,425.4956,1.7627,76.27
0403,04076500,422.1681,425.4956,1.0079,0.79
0403,04077000,2040.9106,2909.2789,1.4255,42.55
0403,04077400,2113.4303,2909.2789,1.3766,37.66
0403,04077630,295.2586,526.794,1.7842,78.42
0403,0407809265,197.6161,258.2469,1.3068,30.68
0403,04078500,994.5554,1403.0225,1.4107,41.07
0403,04079000,5853.3731,7392.9488,1.263,26.3
0403,04079602,58.5337,101.5677,1.7352,73.52
0403,04079700,14.4262,744.7305,51.6233,5062.33
0403,04080000,1313.124,1339.9598,1.0204,2.04
0403,04080798,103.5995,282.0002,2.722,172.2
0403,04080950,65.0087,68.1352,1.0481,4.81
0403,04080981,0.0129,233.0496,17996.1875,1799518.75
0403,04080983,0.4403,233.0496,529.2996,52829.96
0403,04081000,686.3468,703.8118,1.0254,2.54
0403,04081800,27.4539,29.9274,1.0901,9.01
0403,04082400,13752.8369,13784.9888,1.0023,0.23
0403,04083000,215.228,445.4056,2.0695,106.95
0403,04083420,13.7269,214.7385,15.6436,1464.36
0403,04083423,14.5039,214.7385,14.8055,1380.55
0403,04083425,14.7629,214.7385,14.5458,1354.58
0403,04083500,203.0551,214.7385,1.0575,5.75
0403,04083545,435.118,445.4056,1.0236,2.36
0403,04084200,13.2089,110.6963,8.3804,738.04
0403,040844152,0.3393,15379.296,45328.0869,4532708.69
0403,040844153,0.8288,15379.296,18556.1856,1855518.56
0403,040844215,7.8477,15379.296,1959.7292,195872.92
0403,04084422,15306.8297,15379.296,1.0047,0.47
0403,04084468,20.7458,15704.0537,756.9749,75597.49
0403,04084475,15488.1289,15704.0537,1.0139,1.39
0403,04084500,15565.8285,15704.0537,1.0089,0.89
0403,04084911,54.9077,90.282,1.6442,64.42
0403,04084927,26.1589,90.282,3.4513,245.13
0403,04085000,15669.4281,16453.6697,1.05,5.0
0403,04085046,118.6215,134.2451,1.1317,13.17
0403,04085059,15824.8274,16453.6697,1.0397,3.97
0403,04085068,51.5408,76.7811,1.4897,48.97
0403,040850684,66.8217,76.7811,1.149,14.9
0403,04085074,32.3749,79.8434,2.4662,146.62
0403,04085078,67.3397,79.8434,1.1857,18.57
0403,04085108,116.0315,381.7011,3.2896,228.96
0403,04085109,121.7294,381.7011,3.1357,213.57
0403,04085118,12.4837,109.16,8.7442,774.42
0403,04085119,38.3318,109.16,2.8478,184.78
0403,040851325,53.82,63.4742,1.1794,17.94
0403,040851378,375.2893,381.7011,1.0171,1.71
0403,040851385,16394.6247,16453.6697,1.0036,0.36
0403,04085139,16394.6247,16453.6697,1.0036,0.36
0403,04085200,328.9285,366.9098,1.1155,11.55
0403,04085281,284.8987,338.7515,1.189,18.9
0403,04085330,388.4982,791.7911,2.0381,103.81
0403,04085395,282.3087,491.0063,1.7393,73.93
0403,04085425,274.5387,279.4451,1.0179,1.79
0403,04085427,1362.3337,1362.8665,1.0004,0.04
0403,0408543802,16.0579,54.2807,3.3803,238.03
0403,040854555,51.7221,53.7016,1.0383,3.83
0403,040854592,27.9719,157.8926,5.6447,464.47
0403,04085480,70.9657,129.6064,1.8263,82.63
0403,0408570038,23.5689,536.3286,22.7558,2175.58
0403,0408570047,23.7243,536.3286,22.6067,2160.67
0403,040857005,24.6049,536.3286,21.7976,2079.76
0403,04085746,62.9367,120.2364,1.9104,91.04
0403,04085813,96.3476,194.5732,2.0195,101.95
0403,04085845,243.7179,264.2708,1.0843,8.43
0403,04086000,1082.615,1138.629,1.0517,5.17
0403,040860041,1105.9249,1138.629,1.0296,2.96
0403,435449087461400,2.59,61.6334,23.7968,2279.68
0403,441520088045002,0.1036,93.0093,897.7773,89677.73
0404,04093000,321.1585,410.0492,1.2768,27.68
0404,04093100,388.4982,410.0492,1.0555,5.55
0404,04093200,15.0737,410.0492,27.2029,2620.29
0404,04093250,17.5083,410.0492,23.4202,2242.02
0404,04093500,414.3981,854.8659,2.0629,106.29
0404,04094000,171.4572,390.2202,2.2759,127.59
0404,04094400,41.6988,42.2002,1.012,1.2
0404,04094500,193.2131,199.7757,1.034,3.4
0404,04095050,8.806,34.9327,3.9669,296.69
0404,04095090,857.2861,854.8659,0.9972,-0.28
0404,04095100,12.0175,34.9327,2.9068,190.68
0404,04095300,140.1184,153.0713,1.0924,9.24
0404,04095380,153.0683,153.0713,1.0,0.0
0404,04096100,44.5478,73.2889,1.6452,64.52
0404,04096015,209.012,253.9648,1.2151,21.51
0404,04086110,5.439,70.2814,12.9218,1192.18
0404,04086120,30.3029,70.2814,2.3193,131.93
0404,04086125,36.0008,70.2814,1.9522,95.22
0404,04086139,146.5933,148.7248,1.0145,1.45
0404,04086149,357.4184,397.294,1.1116,11.16
0404,04086150,357.4184,397.294,1.1116,11.16
0404,04086152,30.3029,397.294,13.1108,1211.08
0404,04086175,24.2164,87.0882,3.5962,259.62
0404,04086200,140.1184,154.3344,1.1015,10.15
0404,04086250,22.3257,635.8065,28.4787,2747.87
0404,04086265,673.3969,1091.0063,1.6202,62.02
0404,04086305,12.6909,180.1181,14.1926,1319.26
0404,040863075,133.1254,180.1181,1.353,35.3
0404,04086340,383.3182,379.6848,0.9905,-0.95
0404,04086360,1118.8749,1148.131,1.0261,2.61
0404,04086443,8.806,134.2948,15.2504,1425.04
0404,04086487,1.9166,328.3702,171.3303,17033.03
0404,04086488,19.0623,328.3702,17.2261,1622.61
0404,04086489,19.0623,328.3702,17.2261,1622.61
0404,04086500,310.7986,328.3702,1.0565,5.65
0404,04086600,1572.1228,1648.1817,1.0484,4.84
0404,040869415,33.8252,56.3493,1.6659,66.59
0404,040869416,34.913,56.3493,1.614,61.4
0404,04087000,1781.9118,2238.3188,1.2561,25.61
0404,04087010,1797.4517,2238.3188,1.2453,24.53
0404,040870115,1802.6317,2238.3188,1.2417,24.17
0404,04087018,49.2098,103.3649,2.1005,110.05
0404,04087019,4.7138,103.3649,21.9283,2092.83
0404,04087030,89.8726,103.3649,1.1501,15.01
0404,04087040,157.0569,155.9566,0.993,-0.7
0404,04087047,7.511,55.2572,7.3569,635.69
0404,04087048,8.029,55.2572,6.8822,588.22
0404,04087050,20.7199,55.2572,2.6669,166.69
0404,04087060,5.0246,55.2572,10.9974,999.74
0404,04087070,51.0228,55.2572,1.083,8.3
0404,04087088,46.8788,50.6875,1.0812,8.12
0404,04087119,26.6769,361.1387,13.5375,1253.75
0404,04087120,318.5685,361.1387,1.1336,13.36
0404,04087125,5.0246,361.1387,71.8745,7087.45
0404,04087138,347.0584,361.1387,1.0406,4.06
0404,04087140,346.5922,361.1387,1.042,4.2
0404,04087142,378.1383,361.1387,0.955,-4.5
0404,040871472,13.9859,64.4995,4.6117,361.17
0404,040871473,2.3051,64.4995,27.9813,2698.13
0404,040871475,5.8275,64.4995,11.0682,1006.82
0404,040871476,0.0777,64.4995,830.1133,82911.33
0404,040871478,15.7989,64.4995,4.0825,308.25
0404,040871488,29.3705,64.4995,2.1961,119.61
0404,04087159,48.6918,64.4995,1.3246,32.46
0404,04087160,52.8358,64.4995,1.2208,22.08
0404,04087161,63.1957,64.4995,1.0206,2.06
0404,04087200,35.7418,69.4521,1.9432,94.32
0404,04087204,64.7497,69.4521,1.0726,7.26
0404,040872118,4.7915,81.0723,16.9201,1592.01
0404,040872125,18.9587,81.0723,4.2763,327.63
0404,04087213,30.7432,81.0723,2.6371,163.71
0404,04087214,38.0728,81.0723,2.1294,112.94
0404,04087220,127.4274,328.7731,2.5801,158.01
0404,04087233,147.6293,172.8445,1.1708,17.08
0404,04087234,328.9285,387.3606,1.1776,17.76
0404,04087240,488.8862,514.4272,1.0522,5.22
0404,04087242,510.2277,514.4272,1.0082,0.82
0404,04087257,99.7145,131.3987,1.3177,31.77
0405,04097970,35.7418,52.4282,1.4669,46.69
0405,04098000,190.3641,245.4936,1.2896,28.96
0405,04099510,216.264,306.2046,1.4159,41.59
0405,04099610,1.6576,145.4156,87.727,8672.7
0405,04099750,795.1263,1023.6767,1.2874,28.74
0405,04099808,237.5019,289.4288,1.2186,21.86
0405,04099850,80.2896,82.4153,1.0265,2.65
0405,04100000,328.9285,304.8377,0.9268,-7.32
0405,04100222,367.7783,422.4653,1.1487,14.87
0405,04100252,49.7278,141.4601,2.8447,184.47
0405,04100295,27.7129,64.5967,2.3309,133.09
0405,04100377,93.4986,118.7637,1.2702,27.02
0405,04100465,113.4415,153.6111,1.3541,35.41
0405,04100500,1538.4529,1815.4844,1.1801,18.01
0405,04101000,8728.2599,8793.8181,1.0075,0.75
0405,04101225,9373.167,9376.0803,1.0003,0.03
0405,04101370,98.4195,96.8366,0.9839,-1.61
0405,04096272,109.8155,111.6474,1.0167,1.67
0405,04096312,53.3538,53.4729,1.0022,0.22
0405,04096325,28.2309,328.6162,11.6403,1064.03
0405,04096340,372.9583,373.3041,1.0009,0.09
0405,04096400,520.5876,501.0383,0.9624,-3.76
0405,04096405,533.5376,573.8882,1.0756,7.56
0405,04096500,155.3993,194.6724,1.2527,25.27
0405,04096515,126.1324,127.5521,1.0113,1.13
0405,04096600,758.8665,765.0324,1.0081,0.81
0405,04096900,419.5781,461.5805,1.1001,10.01
0405,04097060,69.9297,114.6513,1.6395,63.95
0405,04097170,176.6372,183.5516,1.0391,3.91
0405,04097200,18.881,88.7819,4.7022,370.22
0405,04097500,3496.4839,4008.2648,1.1464,14.64
0405,04097528,110.0745,170.6345,1.5502,55.02
0405,040975299,170.9392,222.7004,1.3028,30.28
0405,04097540,274.5387,294.3507,1.0722,7.22
0405,0409754132,65.6976,74.0905,1.1277,12.77
0405,04098500,497.2777,528.1223,1.062,6.2
0405,04098980,112.6645,115.8645,1.0284,2.84
0405,04099000,4832.9178,5910.314,1.2229,22.29
0405,04101500,9494.8964,9626.5636,1.0139,1.39
0405,041015313,36.4852,288.1795,7.8985,689.85
0405,04101535,192.4361,288.1795,1.4975,49.75
0405,04101590,119.5046,191.9417,1.6061,60.61
0405,04101800,660.447,651.1626,0.9859,-1.41
0405,04102000,10569.7415,10586.2745,1.0016,0.16
0405,04102148,147.4403,263.0532,1.7841,78.41
0405,04102320,505.0477,510.9576,1.0117,1.17
0405,04102420,805.4863,1009.3479,1.2531,25.31
0405,04102500,1010.0954,1093.5135,1.0826,8.26
0405,04102533,12095.2445,12203.3806,1.0089,0.89
0405,04102700,216.523,216.3919,0.9994,-0.06
0405,04102776,214.969,217.3103,1.0109,1.09
0405,04102850,378.1383,396.9355,1.0497,4.97
0405,04103010,691.5268,1066.0288,1.5416,54.16
0405,04103490,249.7992,249.9654,1.0007,0.07
0405,04103500,1162.9047,1129.8947,0.9716,-2.84
0405,041035285,28.4873,2122.3102,74.5003,7350.03
0405,04104000,173.5292,383.2179,2.2084,120.84
0405,04104500,461.0179,444.5346,0.9642,-3.58
0405,04104945,125.0964,140.5421,1.1235,12.35
0405,04105000,624.1871,726.4144,1.1638,16.38
0405,04105500,2134.1502,2307.6271,1.0813,8.13
0405,04105700,100.7505,97.862,0.9713,-2.87
0405,04105800,98.6785,97.1315,0.9843,-1.57
0405,04106000,2615.888,2931.5183,1.1207,12.07
0405,04106180,42.7348,133.8173,3.1313,213.13
0405,04106190,48.1738,133.8173,2.7778,177.78
0405,04106300,58.0157,133.8173,2.3066,130.66
0405,04106320,33.6698,65.548,1.9468,94.68
0405,04106400,48.4328,65.548,1.3534,35.34
0405,04106500,121.2114,133.8173,1.104,10.4
0405,04106906,3263.385,3276.9563,1.0042,0.42
0405,04107850,3962.6818,4018.0806,1.014,1.4
0405,04108000,3807.2825,4351.8441,1.143,14.3
0405,04108500,4143.981,4351.8441,1.0502,5.02
0405,04108600,184.9252,306.3831,1.6568,65.68
0405,04108660,5050.4768,5215.2457,1.0326,3.26
0405,04108670,5164.4363,5215.2457,1.0098,0.98
0405,04108800,170.4212,343.7155,2.0169,101.69
0405,04108801,177.4142,343.7155,1.9374,93.74
0405,04108862,61.9007,90.5181,1.4623,46.23
0405,04108872,109.5565,159.7999,1.4586,45.86
0405,04109000,450.6579,1110.5837,2.4644,146.44
0405,04109500,142.4493,258.2626,1.813,81.3
0405,04110000,126.9094,135.5728,1.0683,6.83
0405,04111000,1711.9821,1970.9829,1.1513,15.13
0405,04111379,422.1681,613.0088,1.452,45.2
0405,04111500,42.2168,790.1733,18.717,1771.7
0405,04112000,24.1905,49.2788,2.0371,103.71
0405,04112500,919.4458,1193.1384,1.2977,29.77
0405,04112850,208.753,274.7803,1.3163,31.63
0405,04112904,11.0074,274.7803,24.9631,2396.31
0405,04113000,3185.6854,3317.867,1.0415,4.15
0405,04113097,31.3389,3317.867,105.8707,10487.07
0405,04114000,3587.1335,3647.9098,1.0169,1.69
0405,04114498,725.1967,736.3447,1.0154,1.54
0405,04114500,727.7867,736.3447,1.0118,1.18
0405,04115000,1124.0548,218.72,0.1946,-80.54
0405,04115265,102.8225,180.7126,1.7575,75.75
0405,04116000,7355.5662,7460.1432,1.0142,1.42
0405,04116500,1367.5137,1461.2214,1.0685,6.85
0405,04117000,19.6839,49.3874,2.509,150.9
0405,04117004,25.8999,49.3874,1.9069,90.69
0405,04117500,997.1454,1200.9642,1.2044,20.44
0405,04118000,2002.0608,2146.575,1.0722,7.22
0405,04118500,606.0572,678.0559,1.1188,11.88
0405,04118564,12632.3096,12877.9364,1.0194,1.94
0405,04118997,12703.8917,12877.9364,1.0137,1.37
0405,04119000,12690.9417,12877.9364,1.0147,1.47
0405,04119055,120.6934,147.5278,1.2223,22.23
0405,04119070,12976.8583,13220.4086,1.0188,1.88
0405,04119160,130.7944,131.1044,1.0024,0.24
0405,04119300,13545.6378,14142.2752,1.044,4.4
0405,04119400,13701.0371,14142.2752,1.0322,3.22
0405,04120250,14291.5544,14442.1685,1.0105,1.05
0406,04120293,62.6777,78.6429,1.2547,25.47
0406,04120500,127.4274,239.6881,1.881,88.1
0406,04121000,919.4458,1094.1223,1.19,19.0
0406,04121300,629.3671,870.8138,1.3836,38.36
0406,04121494,7.252,3709.3421,511.4946,51049.46
0406,04121500,3711.453,3878.5772,1.045,4.5
0406,04121507,45.0658,3878.5772,86.0648,8506.48
0406,04121650,4535.0692,4748.716,1.0471,4.71
0406,04121660,4750.0382,4893.2625,1.0302,3.02
0406,04121680,5001.267,6025.934,1.2049,20.49
0406,04121900,313.3886,401.4078,1.2809,28.09
0406,04121944,893.5459,976.4372,1.0928,9.28
0406,04121970,5990.6425,6216.368,1.0377,3.77
0406,04122000,6215.9715,6305.4398,1.0144,1.44
0406,04122001,6215.9715,6305.4398,1.0144,1.44
0406,04122025,6371.3708,6576.6165,1.0322,3.22
0406,04122100,43.2528,80.6369,1.8643,86.43
0406,04122150,6941.1681,7059.8038,1.0171,1.71
0406,04122200,1051.5352,1140.0034,1.0841,8.41
0406,04122500,1763.7819,1784.8239,1.0119,1.19
0406,04123000,328.9285,326.5329,0.9927,-0.73
0406,04124000,2219.6198,2429.3675,1.0945,9.45
0406,04124200,2636.6079,2676.6546,1.0152,1.52
0406,04124500,155.3993,157.9252,1.0163,1.63
0406,04125000,331.5185,484.4781,1.4614,46.14
0406,04125200,502.4577,614.5741,1.2231,22.31
0406,04125210,12.1729,614.5741,50.4869,4948.69
0406,04125450,624.1871,696.0221,1.1151,11.51
0406,04125460,634.5471,696.0221,1.0969,9.69
0406,04125500,650.087,696.0221,1.0707,7.07
0406,04125510,686.3468,696.0221,1.0141,1.41
0406,04125550,3758.0727,3636.0431,0.9675,-3.25
0406,04126000,4343.4101,4364.9117,1.005,0.5
0406,04126200,461.0179,478.0055,1.0368,3.68
0406,04126740,323.7485,326.4922,1.0085,0.85
0406,04126802,116.8085,120.2392,1.0294,2.94
0406,04126970,365.1883,389.7512,1.0673,6.73
0406,04127000,471.3778,625.2629,1.3265,32.65
0406,04127200,634.5471,734.7528,1.1579,15.79
0406,04127499,732.9666,734.7528,1.0024,0.24
0406,04127565,378.1383,515.0396,1.362,36.2
0406,041275685,514.8896,515.0396,1.0003,0.03
0406,041275689,27.1431,712.8757,26.2636,2526.36
0406,04127570,713.0237,712.8757,0.9998,-0.02
0406,04127800,175.8602,333.45,1.8961,89.61
0407,04127997,497.2777,510.1555,1.0259,2.59
0407,04128000,512.8176,510.1555,0.9948,-0.52
0407,04128500,1548.8129,2269.6182,1.4654,46.54
0407,04128990,149.4423,217.9514,1.4584,45.84
0407,04129000,162.1333,217.9514,1.3443,34.43
0407,04129500,360.0083,443.157,1.231,23.1
0407,04130000,2302.4994,3870.1505,1.6808,68.08
0407,04130500,805.4863,929.704,1.1542,15.42
0407,04131000,204.6091,283.5213,1.3857,38.57
0407,04131500,227.66,283.5213,1.2454,24.54
0407,04132000,1546.2229,1493.7171,0.966,-3.4
0407,04132052,3884.9822,3870.1505,0.9962,-0.38
0407,04132500,600.8772,691.1428,1.1502,15.02
0407,04133000,442.888,460.9272,1.0407,4.07
0407,04133500,1522.913,1524.8597,1.0013,0.13
0407,04133501,1517.733,1524.8597,1.0047,0.47
0407,04134000,476.5578,457.5392,0.9601,-3.99
0407,04134500,378.1383,467.1984,1.2355,23.55
0407,04135000,3206.4053,3239.5222,1.0103,1.03
0407,04135500,284.8987,435.273,1.5278,52.78
0407,04135600,196.8391,184.586,0.9378,-6.22
0407,04135700,1038.5852,1036.2709,0.9978,-0.22
0407,04135800,362.5983,1014.1974,2.797,179.7
0407,04136000,2869.7068,3401.0971,1.1852,18.52
0407,04136500,3524.9738,3526.52,1.0004,0.04
0407,04136900,3918.652,3976.2944,1.0147,1.47
0407,04137000,3677.7831,4381.0747,1.1912,19.12
0407,04137005,4138.801,4381.0747,1.0585,5.85
0407,04137020,4374.4899,4458.044,1.0191,1.91
0407,04137025,4392.6198,4458.044,1.0149,1.49
0407,04137030,4449.5996,4509.7759,1.0135,1.35
0407,04137500,4503.9893,5310.0047,1.179,17.9
0407,04137680,613.8272,731.5885,1.1918,19.18
0407,04137716,730.3766,731.5885,1.0017,0.17
0408,04138000,217.559,380.3258,1.7481,74.81
0408,04138030,380.9873,380.3258,0.9983,-0.17
0408,04138500,398.8582,481.3881,1.2069,20.69
0408,04138536,579.8465,632.6244,1.091,9.1
0408,04139000,76.9226,77.3173,1.0051,0.51
0408,04139500,147.1113,301.7878,2.0514,105.14
0408,04140000,55.4257,56.393,1.0175,1.75
0408,04140500,303.0286,301.7878,0.9959,-0.41
0408,04141000,2.9785,596.0584,200.1212,19912.12
0408,04141500,134.6794,178.0073,1.3217,32.17
0408,04142000,828.7962,988.2844,1.1924,19.24
0408,04143220,237.7609,239.9643,1.0093,0.93
0408,04143500,261.5888,276.4594,1.0568,5.68
0408,04143830,127.4274,140.6629,1.1039,10.39
0408,04143900,216.782,212.2945,0.9793,-2.07
0408,04144000,945.3457,996.9924,1.0546,5.46
0408,04144032,22.6365,91.6271,4.0478,304.78
0408,04144500,1393.4136,1431.0155,1.027,2.7
0408,04145000,1649.8224,1612.0152,0.9771,-2.29
0408,04145500,230.5089,897.7731,3.8947,289.47
0408,04145785,266.2663,272.0177,1.0216,2.16
0408,04146000,143.2263,135.9325,0.9491,-5.09
0408,04146063,572.3874,551.9937,0.9644,-3.56
0408,04146500,1217.2944,1353.3968,1.1118,11.18
0408,04147500,1372.6937,1886.539,1.3743,37.43
0408,04147990,89.8726,97.383,1.0836,8.36
0408,04148000,1535.8629,1886.539,1.2283,22.83
0408,04148140,257.4448,298.4088,1.1591,15.91
0408,04148160,16.6536,2450.5166,147.1462,14614.62
0408,04148200,31.3389,83.4293,2.6622,166.22
0408,041482663,49.9868,52.0532,1.0413,4.13
0408,04148295,295.2586,508.4305,1.722,72.2
0408,04148440,140.8954,171.5398,1.2175,21.75
0408,04148500,2476.0286,2566.6068,1.0366,3.66
0408,04148720,53.8718,98.6897,1.8319,83.19
0408,04149000,2986.2563,3447.2056,1.1544,15.44
0408,04150000,616.4172,619.3011,1.0047,0.47
0408,04150500,929.8057,1405.6369,1.5118,51.18
0408,04150800,1670.5423,1725.6033,1.033,3.3
0408,04151000,1838.8916,1871.6341,1.0178,1.78
0408,04151500,2178.18,2288.7807,1.0508,5.08
0408,04152049,482.7738,768.7025,1.5923,59.23
0408,04152238,414.3981,433.7402,1.0467,4.67
0408,04152500,1261.3242,1250.2689,0.9912,-0.88
0408,04153300,2578.3332,6147.3803,2.3842,138.42
0408,04153500,357.4184,480.7833,1.3452,34.52
0408,04153725,466.1979,529.9056,1.1367,13.67
0408,04153905,205.9041,210.9722,1.0246,2.46
0408,04154000,1077.4351,2656.1822,2.4653,146.53
0408,04154500,1546.2229,2656.1822,1.7179,71.79
0408,04154512,1555.5469,2656.1822,1.7076,70.76
0408,04154612,53.1466,60.1658,1.1321,13.21
0408,04155000,745.9166,800.962,1.0738,7.38
0408,04155500,1010.0954,1089.6385,1.0787,7.87
0408,04156000,6215.9715,6147.3803,0.989,-1.1
0408,04156500,6552.6699,6405.8467,0.9776,-2.24
0408,04157005,15695.3279,15934.8298,1.0153,1.53
0408,04157060,16083.8262,16143.8596,1.0037,0.37
0408,04157500,174.3062,171.3086,0.9828,-1.72
0408,04158000,87.8006,269.0062,3.0638,206.38
0408,04158500,137.7874,248.1849,1.8012,80.12
0408,04159000,243.7179,248.1849,1.0183,1.83
0408,04159005,325.4838,407.5459,1.2521,25.21
0408,04159010,323.7485,407.5459,1.2588,25.88
0408,04159046,328.9285,482.8204,1.4679,46.79
0408,041590774,190.491,247.0647,1.297,29.7
0409,04159130,576013.3557,2027.0079,0.0035,-99.65
0409,04159488,53.3538,70.6351,1.3239,32.39
0409,04159492,1201.7545,1241.0754,1.0327,3.27
0409,04159500,1243.1943,1767.1283,1.4214,42.14
0409,04159900,437.708,436.7139,0.9977,-0.23
0409,04160000,538.7175,478.4355,0.8881,-11.19
0409,04160050,1771.5519,1767.1283,0.9975,-0.25
0409,04160398,440.298,504.0145,1.1447,14.47
0409,04160570,46.6198,61.3965,1.317,31.7
0409,04160600,391.0882,500.1468,1.2789,27.89
0409,04160625,551.6675,588.5818,1.0669,6.69
0409,04160800,54.1308,59.7058,1.103,10.3
0409,04160900,205.1271,203.4114,0.9916,-0.84
0409,04161000,318.5685,326.9437,1.0263,2.63
0409,04161100,46.3608,776.4598,16.7482,1574.82
0409,04161500,99.7145,102.8767,1.0317,3.17
0409,04161540,183.6302,188.3088,1.0255,2.55
0409,04161580,66.3037,61.5849,0.9288,-7.12
0409,04161800,176.6372,191.3526,1.0833,8.33
0409,04161810,774.4064,2064.0307,2.6653,166.53
0409,04161820,800.3063,2064.0307,2.5791,157.91
0409,04162010,88.0596,93.7693,1.0648,6.48
0409,04162400,113.4415,93.7693,0.8266,-17.34
0409,04162500,41.4398,366.2335,8.8377,783.77
0409,04162900,60.8647,61.6613,1.0131,1.31
0409,04163000,65.2677,61.6613,0.9447,-5.53
0409,04163400,42.7348,88.9285,2.0809,108.09
0409,04163500,59.3107,88.9285,1.4994,49.94
0409,04164000,1149.9547,2064.0307,1.7949,79.49
0409,04164010,24.7603,56.0593,2.2641,126.41
0409,04164050,128.7224,129.3411,1.0048,0.48
0409,04164100,56.4617,66.8168,1.1834,18.34
0409,04164150,232.0629,469.2466,2.0221,102.21
0409,04164200,25.8999,189.0064,7.2976,629.76
0409,04164250,22.3257,189.0064,8.4659,746.59
0409,04164300,33.6698,117.0251,3.4757,247.57
0409,04164350,38.5908,40.9056,1.06,6.0
0409,04164360,93.4986,117.0251,1.2516,25.16
0409,04164400,32.8928,469.2466,14.2659,1326.59
0409,04164450,14.996,724.1073,48.2866,4728.66
0409,04164500,515.4076,724.1073,1.4049,40.49
0409,04164600,57.4977,205.5886,3.5756,257.56
0409,04164800,106.1895,205.5886,1.9361,93.61
0409,04164980,119.6575,205.5886,1.7181,71.81
0409,04165200,41.4398,60.0027,1.4479,44.79
0409,04165500,1901.0513,2064.0307,1.0857,8.57
0409,04165710,592589.2796,18278.0791,0.0308,-96.92
0409,04166000,86.2466,166.2296,1.9274,92.74
0409,04166040,44.0298,45.33,1.0295,2.95
0409,04166100,227.66,274.1168,1.2041,20.41
0409,04166200,24.579,274.1168,11.1525,1015.25
0409,04166300,45.3248,179.5828,3.9621,296.21
0409,04166315,51.2818,179.5828,3.5019,250.19
0409,04166470,174.3062,179.5828,1.0303,3.03
0409,04166500,484.3278,1020.2768,2.1066,110.66
0409,04166700,67.5987,66.8045,0.9883,-1.17
0409,04166750,157.2123,163.0285,1.037,3.7
0409,04167000,258.7398,282.9335,1.0935,9.35
0409,04167150,284.8987,282.9335,0.9931,-0.69
0409,04167625,141.1544,232.1015,1.6443,64.43
0409,04168000,215.487,232.1015,1.0771,7.71
0409,04168400,235.6889,232.1015,0.9848,-1.52
0409,04168500,238.0199,232.1015,0.9751,-2.49
0409,04168530,1061.8951,1181.6443,1.1128,11.28
0409,04168580,25.8999,139.6365,5.3914,439.14
0409,04168660,49.9868,148.4615,2.97,197.0
0410,04177720,97.1246,101.9752,1.0499,4.99
0410,04177810,253.8188,283.9241,1.1186,11.86
0410,04178500,1901.0513,1946.8319,1.0241,2.41
0410,04179000,1976.1609,1999.1103,1.0116,1.16
0410,04179500,226.106,238.4345,1.0545,5.45
0410,04179520,233.6169,238.4345,1.0206,2.06
0410,04180000,699.2968,704.6837,1.0077,0.77
0410,04180500,2745.3874,2776.8443,1.0115,1.15
0410,04180610,2825.677,2830.212,1.0016,0.16
0410,04181100,203.3141,213.8545,1.0518,5.18
0410,04181120,1433.8692,1493.1251,1.0413,4.13
0410,04181500,1608.3826,1493.1251,0.9283,-7.17
0410,04181635,26.1589,1628.6793,62.261,6126.1
0410,04181755,33.9288,65.8288,1.9402,94.02
0410,04182000,1973.5709,1966.3969,0.9964,-0.36
0410,04182590,56.7207,59.4313,1.0478,4.78
0410,04182769,2127.9342,2054.3671,0.9654,-3.46
0410,04182808,34.9648,39.707,1.1356,13.56
0410,04182810,36.2598,39.707,1.0951,9.51
0410,04182830,4985.7271,5044.849,1.0119,1.19
0410,04182867,4988.3171,5044.849,1.0113,1.13
0410,04182900,4988.3171,5044.849,1.0113,1.13
0410,04182950,4998.6771,5044.849,1.0092,0.92
0410,04183000,5094.5066,5044.849,0.9903,-0.97
0410,04183030,7.1743,49.7075,6.9286,592.86
0410,04183032,7.3038,49.7075,6.8057,580.57
0410,04183038,32.0123,49.7075,1.5528,55.28
0410,04183105,5410.4852,5295.1879,0.9787,-2.13
0410,04174040,1812.9917,1935.9439,1.0678,6.78
0410,04175340,176.1192,321.866,1.8275,82.75
0410,04175600,341.8784,403.1185,1.1791,17.91
0410,04175700,691.5268,688.7012,0.9959,-0.41
0410,04175748,59.0517,183.74,3.1115,211.15
0410,04175957,424.7581,426.5656,1.0043,0.43
0410,04176000,1199.1645,1720.4966,1.4347,43.47
0410,04176063,63.1957,63.6439,1.0071,0.71
0410,04176400,245.0129,335.5544,1.3695,36.95
0410,04176500,2698.7676,2755.2405,1.0209,2.09
0410,04176605,132.0894,177.8096,1.3461,34.61
0410,04177080,183.3712,249.4852,1.3605,36.05
0410,041843678,96.6066,110.5316,1.1441,14.41
0410,04177000,388.4982,447.3246,1.1514,15.14
0410,04177266,263.6608,295.975,1.1226,12.26
0410,04177500,1020.4553,1107.3766,1.0852,8.52
0410,04178000,1579.8927,1667.0294,1.0552,5.52
0410,04180988,880.596,942.1128,1.0699,6.99
0410,04181000,916.8558,942.1128,1.0275,2.75
0410,04181049,999.7354,1017.9396,1.0182,1.82
0410,04183500,5514.0847,5438.3106,0.9863,-1.37
0410,04183979,50.5048,56.1097,1.111,11.1
0410,04184000,5892.223,5823.352,0.9883,-1.17
0410,04184500,533.5376,614.192,1.1512,15.12
0410,04185000,1061.8951,1402.6486,1.3209,32.09
0410,04185318,1458.1633,1755.2045,1.2037,20.37
0410,04185440,10.9556,83.6501,7.6353,663.53
0410,04185500,1906.2312,2014.7111,1.0569,5.69
0410,04185935,520.5876,564.7238,1.0848,8.48
0410,04186500,859.8761,1821.2785,2.1181,111.81
0410,04187100,331.5185,350.4073,1.057,5.7
0410,04187500,414.3981,465.8878,1.1243,12.43
0410,04188000,800.3063,945.7708,1.1818,18.18
0410,04188100,906.4958,945.7708,1.0433,4.33
0410,04188252,20.4609,199.347,9.7428,874.28
0410,04188324,44.5478,72.1252,1.6191,61.91
0410,04188337,365.1883,598.3602,1.6385,63.85
0410,04188399,94.5346,99.3201,1.0506,5.06
0410,04188400,603.4672,711.7069,1.1794,17.94
0410,04188433,48.6918,71.3505,1.4653,46.53
0410,04188496,132.0894,156.3642,1.1838,18.38
0410,04188500,142.4493,156.3642,1.0977,9.77
0410,04189000,896.1359,1008.6855,1.1256,12.56
0410,04189131,1302.764,1615.6303,1.2402,24.02
0410,04189174,182.0762,222.0658,1.2196,21.96
0410,04189260,1626.5125,1808.0865,1.1116,11.16
0410,04189500,1667.9523,1808.0865,1.084,8.4
0410,04189950,1929.5411,2001.468,1.0373,3.73
0410,04190000,1958.031,2001.468,1.0222,2.22
0410,04190500,13.3125,37.2922,2.8013,180.13
0410,04191000,54.9077,137.5366,2.5049,150.49
0410,04191058,1038.5852,1046.8481,1.008,0.8
0410,04191378,372.9583,390.8612,1.048,4.8
0410,04191444,39.6268,46.1467,1.1645,16.45
0410,04192500,14361.4841,14425.1224,1.0044,0.44
0410,04192574,40.1448,41.3081,1.029,2.9
0410,04192599,300.4386,385.7952,1.2841,28.41
0410,04193490,16350.5949,16308.0973,0.9974,-0.26
0410,04193500,16394.6247,16456.5134,1.0038,0.38
0410,04193994,115.7725,131.5517,1.1363,13.63
0410,04193997,115.5135,115.8671,1.0031,0.31
0410,04193999,64.2317,70.2938,1.0944,9.44
0410,04194000,515.4076,530.2391,1.0288,2.88
0410,04194002,520.5876,530.2391,1.0185,1.85
0410,04194082,33.9288,41.5316,1.2241,22.41
0410,04194085,39.8858,189.4154,4.7489,374.89
0410,04194500,872.826,1080.9206,1.2384,23.84
0410,04195000,116.8085,166.7276,1.4274,42.74
0410,04195500,1108.5149,1306.7542,1.1788,17.88
0410,04195600,1108.5149,1306.7542,1.1788,17.88
0410,04195820,1279.4541,1517.5341,1.1861,18.61
0410,04195825,7.6405,1517.5341,198.618,19761.8
0410,04195830,7.3038,1517.5341,207.7742,20677.42
0410,04196000,229.9909,232.0315,1.0089,0.89
0410,04196200,217.041,244.1718,1.125,12.5
0410,04196500,771.8165,770.553,0.9984,-0.16
0410,04196800,593.1073,788.8466,1.33,33.0
0410,04197000,2004.6508,2478.2313,1.2362,23.62
0410,04197020,44.0298,154.9162,3.5184,251.84
0410,04197100,385.9082,464.2576,1.203,20.3
0410,04197137,2501.9285,2663.8786,1.0647,6.47
0410,04197152,39.3678,89.9958,2.286,128.6
0410,04197170,89.6136,89.9958,1.0043,0.43
0410,04197277,110.5925,408.8678,3.6971,269.71
0410,04197300,171.4572,408.8678,2.3847,138.47
0410,04197450,213.415,218.7631,1.0251,2.51
0410,04197500,11.0851,3404.6596,307.137,30613.7
0410,04198000,3240.0751,3404.6596,1.0508,5.08
0410,04198500,221.444,227.1811,1.0259,2.59
0410,04199000,960.8856,1051.476,1.0943,9.43
0410,04199155,57.2387,68.5069,1.1969,19.69
0410,04199287,290.0787,361.7162,1.247,24.7
0410,04199500,678.5769,696.948,1.0271,2.71
0410,411934083075800,3263.385,3404.6596,1.0433,4.33
0410,412122083061400,3263.385,3404.6596,1.0433,4.33
0410,412552083024600,3444.6842,3677.8159,1.0677,6.77
0411,04199750,352.2384,429.0379,1.218,21.8
0411,04200000,562.0274,574.399,1.022,2.2
0411,04200050,212.12,314.268,1.4816,48.16
0411,04200430,450.6579,1025.7152,2.276,127.6
0411,04200500,1025.6353,1216.5956,1.1862,18.62
0411,04201300,308.2086,379.5415,1.2314,23.14
0411,04201400,380.7283,492.3258,1.2931,29.31
0411,04201404,15.514,492.3258,31.7342,3073.42
0411,04201409,8.6247,492.3258,57.0835,5608.35
0411,04201423,40.6628,45.3569,1.1154,11.54
0411,04201429,7.7441,492.3258,63.5746,6257.46
0411,04201484,156.1763,199.4523,1.2771,27.71
0411,04201495,23.0509,199.4523,8.6527,765.27
0411,04201500,691.5268,757.2923,1.0951,9.51
0411,04201506,3.7555,757.2923,201.6498,20064.98
0411,04201515,13.2607,757.2923,57.1079,5610.79
0411,04201526,21.0307,757.2923,36.0089,3500.89
0411,04202000,391.0882,749.7185,1.917,91.7
0411,04202500,543.8975,749.7185,1.3784,37.84
0411,04203000,200.9831,204.8714,1.0193,1.93
0411,04203900,862.466,1038.6688,1.2043,20.43
0411,04204000,44.8068,113.0229,2.5224,152.24
0411,04204500,81.8436,113.0229,1.381,38.1
0411,04205000,25.1747,113.0229,4.4895,348.95
0411,04205500,114.9955,197.3931,1.7165,71.65
0411,04205700,153.3273,197.3931,1.2874,28.74
0411,04206000,1046.3552,1438.8995,1.3752,37.52
0411,04206014,3.7555,76.9859,20.4996,1949.96
0411,04206021,15.2032,76.9859,5.0638,406.38
0411,04206029,44.5478,76.9859,1.7282,72.82
0411,04206038,8.0549,76.9859,9.5577,855.77
0411,04206043,66.3037,76.9859,1.1611,16.11
0411,04206208,32.8928,80.7048,2.4536,145.36
0411,04206210,7.2779,80.7048,11.0891,1008.91
0411,04206211,2.1497,80.7048,37.5425,3654.25
0411,04206212,14.4521,80.7048,5.5843,458.43
0411,04206215,9.1168,80.7048,8.8524,785.24
0411,04206220,79.5126,80.7048,1.015,1.5
0411,04206250,1238.0143,1438.8995,1.1623,16.23
0411,04206413,11.629,69.9746,6.0172,501.72
0411,04206416,42.4758,69.9746,1.6474,64.74
0411,04206420,70.4477,69.9746,0.9933,-0.67
0411,04206425,1437.4434,1799.4235,1.2518,25.18
0411,04206448,45.3248,46.0844,1.0168,1.68
0411,04206500,1509.9631,1799.4235,1.1917,19.17
0411,04207016,9.9456,1799.4235,180.9274,17992.74
0411,04207200,217.3,251.8041,1.1588,15.88
0411,04208000,1831.1216,1893.0836,1.0338,3.38
0411,04208347,33.4108,49.7906,1.4903,49.03
0411,04208460,46.3608,49.7906,1.074,7.4
0411,04208501,35.7418,2039.0247,57.0487,5604.87
0411,042085017,34.4468,96.6107,2.8046,180.46
0411,04208502,91.4266,96.6107,1.0567,5.67
0411,04208504,2040.9106,2099.9673,1.0289,2.89
0411,04208506,2066.8105,2099.9673,1.016,1.6
0411,04208509,2090.1204,2099.9673,1.0047,0.47
0411,04208598,21.2379,116.9741,5.5078,450.78
0411,04208677,13.2866,60.3514,4.5423,354.23
0411,04208684,18.4148,60.3514,3.2773,227.73
0411,04208690,58.5337,60.3514,1.0311,3.11
0411,04208700,59.8287,60.3514,1.0087,0.87
0411,04208923,19.917,638.684,32.0673,3106.73
0411,04208943,1.6317,638.684,391.4243,39042.43
0411,04209000,637.1371,685.1213,1.0753,7.53
0411,04209500,221.185,229.5736,1.0379,3.79
0411,04210000,66.3037,75.8791,1.1444,14.44
0411,04210500,650.087,931.9374,1.4336,43.36
0411,04211000,179.2272,183.2964,1.0227,2.27
0411,04211500,212.379,267.8499,1.2612,26.12
0411,04211820,1429.6734,1503.2495,1.0515,5.15
0411,04212000,1504.7831,1627.675,1.0817,8.17
0411,04212100,1774.1419,1825.8914,1.0292,2.92
0411,04212500,313.3886,353.2009,1.127,12.7
0411,04212680,9.4017,353.2009,37.5679,3656.79
0411,412453081395500,23.9056,2039.0247,85.2949,8429.49
0411,412624081450700,49.7278,96.6107,1.9428,94.28
0412,04213319,90.6496,91.5559,1.01,1.0
0412,04213376,85.2106,104.3795,1.225,22.5
0412,04213394,65.2677,60.4274,0.9258,-7.42
0412,04213401,66.3037,129.8872,1.959,95.9
0412,04213410,204.6091,447.1279,2.1853,118.53
0412,04213440,0.7252,79.5061,109.6339,10863.39
0412,04213450,77.6996,79.5061,1.0232,2.32
0412,04213492,182.3352,266.1171,1.4595,45.95
0412,04213500,1129.2348,1373.0648,1.2159,21.59
0412,04213508,17.327,1373.0648,79.2441,7824.41
0412,04214000,1206.9345,1373.0648,1.1376,13.76
0412,04214060,125.3554,128.2068,1.0227,2.27
0412,04214200,96.3476,132.2816,1.373,37.3
0412,0421422210,159.2843,277.9576,1.745,74.5
0412,04214231,94.7936,106.2549,1.1209,12.09
0412,04214400,199.1701,267.5748,1.3434,34.34
0412,04214500,367.7783,377.1317,1.0254,2.54
0412,04215000,249.6749,329.3559,1.3191,31.91
0412,04215500,349.6484,360.3927,1.0307,3.07
0412,04213000,453.2479,494.0997,1.0901,9.01
0412,04212895,31.8569,164.3234,5.1582,415.82
0412,04213040,6.5527,63.574,9.702,870.2
0412,04213075,11.5254,254.5688,22.0875,2108.75
0412,04213152,96.6066,98.5569,1.0202,2.02
0413,04219767,183.8892,225.0963,1.2241,22.41
0413,04219768,219.631,225.0963,1.0249,2.49
0413,04219915,277.1287,298.0141,1.0754,7.54
0413,04219940,15.0219,161.5365,10.7534,975.34
0413,04220045,378.1383,485.759,1.2846,28.46
0413,0422016550,523.1776,593.2857,1.134,13.4
0413,0422018605,134.6794,704.8691,5.2337,423.37
0413,0422018610,704.4768,704.8691,1.0006,0.06
0413,04220223,221.444,228.0244,1.0297,2.97
0413,0422022305,224.293,228.0244,1.0166,1.66
0413,04220250,80.2896,85.4668,1.0645,6.45
0413,0422026250,26.1589,63.8933,2.4425,144.25
0413,0422027420,20.2796,57.0801,2.8147,181.47
0413,0422027430,20.435,57.0801,2.7933,179.33
0413,04220470,98.4195,116.3225,1.1819,18.19
0413,04220500,186.7381,186.7105,0.9999,-0.01
0413,04221000,745.9166,918.6627,1.2316,23.16
0413,04221500,797.7163,918.6627,1.1516,15.16
0413,04221600,118.8805,151.7892,1.2768,27.68
0413,04221720,224.552,233.3374,1.0391,3.91
0413,04221820,1667.9523,1888.7861,1.1324,13.24
0413,04222000,160.5793,162.1227,1.0096,0.96
0413,04222900,120.4344,128.5253,1.0672,6.72
0413,04223000,2548.5483,2554.2781,1.0022,0.22
0413,04223500,2613.298,2687.1432,1.0283,2.83
0413,04224650,151.2553,208.8674,1.3809,38.09
0413,04224775,230.2499,401.7093,1.7447,74.47
0413,04225000,406.6281,601.6278,1.4796,47.96
0413,04225500,479.1478,601.6278,1.2556,25.56
0413,04226000,176.8962,178.6103,1.0097,0.97
0413,04227000,867.646,885.6206,1.0207,2.07
0413,04227500,3688.1431,3918.7654,1.0625,6.25
0413,04227995,186.4791,238.8473,1.2808,28.08
0413,04228000,186.4791,238.8473,1.2808,28.08
0413,04228500,4351.18,5709.3228,1.3121,31.21
0413,04228900,26.1589,157.7594,6.0308,503.08
0413,04229500,507.6377,599.5915,1.1811,18.11
0413,04230380,102.3045,247.9509,2.4237,142.37
0413,04230500,530.9476,558.8402,1.0525,5.25
0413,04230650,5723.8737,6401.4339,1.1184,11.84
0413,04231000,336.6985,401.9925,1.1939,19.39
0413,04231401,42.9938,57.8946,1.3466,34.66
0413,04231500,6402.4506,6459.4723,1.0089,0.89
0413,04231600,6407.6306,6459.4723,1.0081,0.81
0413,04232000,6428.3505,6459.4723,1.0048,0.48
0413,424057077494301,176.8962,178.6103,1.0097,0.97
0414,01528700,117.8445,456.6021,3.8746,287.46
0414,04232034,101.5275,134.1239,1.3211,32.11
0414,04232040,114.9955,134.1239,1.1663,16.63
0414,04232046,76.4046,349.6167,4.5759,357.59
0414,04232047,248.6389,349.6167,1.4061,40.61
0414,0423204920,18.0263,81.7221,4.5335,353.35
0414,04232050,74.8507,81.7221,1.0918,9.18
0414,0423205010,347.6282,389.0619,1.1192,11.92
0414,0423205023,372.9583,389.0619,1.0432,4.32
0414,0423205025,370.9381,389.0619,1.0489,4.89
0414,0423205040,437.708,436.2498,0.9967,-0.33
0414,04232053,25.097,57.1006,2.2752,127.52
0414,04232076,23.8279,51.8791,2.1772,117.72
0414,04232100,118.8805,211.2263,1.7768,77.68
0414,04232133,211.343,211.2263,0.9994,-0.06
0414,04232200,102.0455,189.3298,1.8553,85.53
0414,0423245850,63.1957,94.3096,1.4923,49.23
0414,04232482,536.1275,538.8812,1.0051,0.51
0414,04232630,35.7418,1968.3257,55.0706,5407.06
0414,04232650,1921.7712,1968.3257,1.0242,2.42
0414,04232730,2033.1407,2035.0161,1.0009,0.09
0414,04233000,91.1676,96.7433,1.0612,6.12
0414,04233255,224.552,223.0452,0.9933,-0.67
0414,04233286,69.9297,83.9146,1.2,20.0
0414,04233300,101.0095,409.3641,4.0527,305.27
0414,04233678,7.0707,105.1875,14.8766,1387.66
0414,0423368620,76.9226,105.1875,1.3674,36.74
0414,04233700,104.3765,105.1875,1.0078,0.78
0414,04234000,326.3385,333.2811,1.0213,2.13
0414,04234018,211.602,230.9769,1.0916,9.16
0414,0423401815,227.142,230.9769,1.0169,1.69
0414,04234055,8.288,4070.7515,491.1644,49016.44
0414,04234061,4050.7414,4070.7515,1.0049,0.49
0414,0423406130,4055.9214,6572.2932,1.6204,62.04
0414,04234200,166.2772,240.0675,1.4438,44.38
0414,04234232,43.5118,240.0675,5.5173,451.73
0414,04234254,297.8486,364.6904,1.2244,22.44
0414,04234270,61.6417,130.0661,2.11,111.0
0414,04234398,63.7137,239.3612,3.7568,275.68
0414,04235000,505.0477,577.0092,1.1425,14.25
0414,04235150,80.2896,105.7588,1.3172,31.72
0414,04235250,264.1788,253.3998,0.9592,-4.08
0414,0423527080,2157.4601,2158.5842,1.0005,0.05
0414,04235271,2188.54,2325.9596,1.0628,6.28
0414,04235276,49.2098,99.3717,2.0193,101.93
0414,04235299,274.5387,304.5194,1.1092,10.92
0414,04235300,274.5387,304.5194,1.1092,10.92
0414,04235440,528.3576,573.7501,1.0859,8.59
0414,04235500,533.5376,573.7501,1.0754,7.54
0414,04235600,7290.8165,7373.4572,1.0113,1.13
0414,04235820,0.6993,113.0704,161.6915,16069.15
0414,04235890,20.7976,113.0704,5.4367,443.67
0414,04236500,196.3211,254.1189,1.2944,29.44
0414,04236800,222.48,254.1189,1.1422,14.22
0414,04237020,7873.5639,7883.2019,1.0012,0.12
0414,04237411,8010.8332,8120.1241,1.0136,1.36
0414,04237496,8106.6628,8958.7749,1.1051,10.51
0414,04237500,8127.3827,8958.7749,1.1023,10.23
0414,04237575,8174.0025,8958.7749,1.096,9.6
0414,04237944,0.6734,107.9257,160.2705,15927.05
0414,04237946,0.8288,107.9257,130.2198,12921.98
0414,04237950,42.4758,107.9257,2.5409,154.09
0414,04237962,91.4266,107.9257,1.1805,18.05
0414,04239000,229.2139,285.2974,1.2447,24.47
0414,04239500,246.0489,285.2974,1.1595,15.95
0414,04240010,284.8987,285.2974,1.0014,0.14
0414,04240100,25.8999,746.4404,28.8202,2782.02
0414,04240105,31.3389,746.4404,23.8184,2281.84
0414,04240120,77.4406,746.4404,9.6389,863.89
0414,04240145,8.1326,109.5603,13.4718,1247.18
0414,0424014980,0.2849,109.5603,384.5588,38355.88
0414,04240150,20.8753,109.5603,5.2483,424.83
0414,0424015305,6.3196,109.5603,17.3367,1633.67
0414,0424016205,9.6607,109.5603,11.3409,1034.09
0414,0424016825,9.5571,109.5603,11.4638,1046.38
0414,0424016975,15.1255,109.5603,7.2434,624.34
0414,04240180,116.8085,190.3157,1.6293,62.93
0414,04240200,218.336,299.3643,1.3711,37.11
0414,04240300,297.8486,299.3643,1.0051,0.51
0414,04240503,743.3266,746.4404,1.0042,0.42
0414,04241200,528.3576,1013.7465,1.9187,91.87
0414,04241500,192.4361,341.9307,1.7769,77.69
0414,04242500,486.9178,488.3597,1.003,0.3
0414,04242640,1043.7652,1082.8683,1.0375,3.75
0414,04243500,292.6687,383.8608,1.3116,31.16
0414,04243783,107.2255,129.4647,1.2074,20.74
0414,04244000,171.7162,196.996,1.1472,14.72
0414,04245000,221.444,446.3133,2.0155,101.55
0414,04245200,83.3976,112.898,1.3537,35.37
0414,04245236,7.6146,187.2004,24.5845,2358.45
0414,04245250,151.7733,187.2004,1.2334,23.34
0414,04245840,103.0815,115.0004,1.1156,11.56
0414,04246500,3579.3636,3833.1482,1.0709,7.09
0414,04247000,3726.9929,3833.1482,1.0285,2.85
0414,04247055,12828.2111,12949.2042,1.0094,0.94
0414,04249000,13208.9394,13168.3609,0.9969,-0.31
0414,0424906215,219.113,221.0737,1.0089,0.89
0414,04249200,213.674,248.768,1.1642,16.42
0414,04249910,43.7708,44.6335,1.0197,1.97
0414,04250000,49.2098,673.2476,13.6812,1268.12
0414,04250200,616.4172,673.2476,1.0922,9.22
0414,0425040001,49.4688,49.1037,0.9926,-0.74
0414,04250516,9.9715,230.3351,23.0994,2209.94
0414,04250750,354.8284,685.4145,1.9317,93.17
0415,04271500,629.3671,658.9528,1.047,4.7
0415,04271815,130.2764,140.1387,1.0757,7.57
0415,04273000,1349.3838,1413.2082,1.0473,4.73
0415,04273500,1574.7128,1587.2338,1.008,0.8
0415,04273700,163.9462,174.5722,1.0648,6.48
0415,04273800,175.6012,192.5065,1.0963,9.63
0415,0427386410,2.5123,253.9584,101.0865,10008.65
0415,04273996,3.367,397.4477,118.0426,11704.26
0415,04274000,300.4386,397.4477,1.3229,32.29
0415,04274051,1.3209,397.4477,300.893,29989.3
0415,04274500,127.9454,129.1761,1.0096,0.96
0415,04275000,512.8176,512.902,1.0002,0.02
0415,04275500,1155.1347,1204.8421,1.043,4.3
0415,04276069,28.2309,64.0072,2.2673,126.73
0415,04276500,699.2968,707.6732,1.012,1.2
0415,04276645,16.7572,6426.8663,383.5281,38252.81
0415,04276770,69.9297,72.6737,1.0392,3.92
0415,04276842,133.6434,160.28,1.1993,19.93
0415,04276895,21.7041,149.345,6.881,588.1
0415,04276920,20.3055,149.345,7.3549,635.49
0415,04278300,56.9797,79.8558,1.4015,40.15
0415,04279001,606.0572,604.3296,0.9971,-0.29
0415,04279040,26.6769,29.9886,1.1241,12.41
0415,04279125,30.0439,64.6074,2.1504,115.04
0415,04280450,432.528,545.654,1.2615,26.15
0418,04001000,34.1878,561.896,16.4355,1543.55
0419,04069530,2848.9869,58186.9712,20.4237,1942.37
0420,04127885,209530.0381,861.6069,0.0041,-99.59
0429,04266500,1867.3814,1988.9133,1.0651,6.51
0429,04268200,110.8515,112.0153,1.0105,1.05
0429,04268800,442.888,516.683,1.1666,16.66
0430,04270700,277.1287,405.4016,1.4629,46.29
0430,04274050,1.0619,397.4477,374.2815,37328.15
0430,04274185,3.1598,397.4477,125.7831,12478.31
0430,04280000,484.3278,492.7846,1.0175,1.75
0430,04280300,7.6405,113.4717,14.8514,1385.14
0430,04280350,181.8172,297.9221,1.6386,63.86
0430,04280800,34.7058,83.1424,2.3956,139.56
0430,04280910,21.471,947.092,44.1103,4311.03
0430,04281500,132.3484,158.9218,1.2008,20.08
0430,04282000,795.1263,947.092,1.1911,19.11
0430,04282500,1626.5125,1961.3202,1.2058,20.58
0430,04282525,297.8486,301.0661,1.0108,1.08
0430,04282538,84.6926,114.3102,1.3497,34.97
0430,04282576,2268.8296,2442.6322,1.0766,7.66
0430,04282581,35.7418,156.9719,4.3918,339.18
0430,04282586,25.7186,156.9719,6.1034,510.34
0430,04282629,92.9806,117.5923,1.2647,26.47
0430,04282650,147.8883,188.5846,1.2752,27.52
0430,04282700,13.7528,100.6869,7.3212,632.12
0430,04282780,199.9471,207.5718,1.0381,3.81
0430,04282795,115.5135,137.3353,1.1889,18.89
0430,04282800,13.8564,190.0363,13.7147,1271.47
0430,04282805,2.6936,190.0363,70.5514,6955.14
0430,04282813,18.5961,190.0363,10.2191,921.91
0430,04282815,2.331,21234.1569,9109.5042,910850.42
0430,04283000,63.4547,126.7625,1.9977,99.77
0430,04284000,100.7505,125.293,1.2436,24.36
0430,04284751,813.2563,818.9472,1.007,0.7
0430,04285500,179.2272,201.6013,1.1248,12.48
0430,04285800,201.5011,201.6013,1.0005,0.05
0430,04286000,1028.2253,1346.3139,1.3094,30.94
0430,04286500,134.6794,138.4777,1.0282,2.82
0430,04287000,197.0981,240.7591,1.2215,22.15
0430,04287300,5.9829,1346.3139,225.028,22402.8
0430,04288000,360.0083,372.7854,1.0355,3.55
0430,04288040,1740.472,1823.2659,1.0476,4.76
0430,04288225,12.0952,140.2659,11.5968,1059.68
0430,04288230,9.842,140.2659,14.2518,1325.18
0430,04288295,172.4932,290.1802,1.6823,68.23
0430,04289000,287.4887,290.1802,1.0094,0.94
0430,04290335,25.6409,2753.8556,107.401,10640.1
0430,04290500,2703.9476,2753.8556,1.0185,1.85
0430,04290575,16.7831,2066.923,123.1549,12215.49
0430,04290580,27.9719,2066.923,73.8929,7289.29
0430,04290610,41.9578,61.1547,1.4575,45.75
0430,04291000,46.6198,50.111,1.0749,7.49
0430,04291500,694.1168,694.8768,1.0011,0.11
0430,04292000,802.8963,803.8581,1.0012,0.12
0430,04292100,10.9038,167.9458,15.4024,1440.24
0430,04292201,1266.5042,1275.7072,1.0073,0.73
0430,04292500,1776.7318,1868.9965,1.0519,5.19
0430,04292700,21.8854,3785.005,172.9466,17194.66
0430,04292750,57.7567,59.8121,1.0356,3.56
0430,04292770,3.9886,59.982,15.0384,1403.84
0430,04292795,18.0004,59.982,3.3323,233.23
0430,04292800,26.4179,59.982,2.2705,127.05
0430,04292810,9.6866,59.982,6.1923,519.23
0430,04293000,339.2884,515.1709,1.5184,51.84
0430,04293200,96.0886,148.5342,1.5458,54.58
0430,04293430,167.8312,170.1241,1.0137,1.37
0430,04293500,1240.6043,1251.7504,1.009,0.9
0430,04293600,203.5731,215.6315,1.0592,5.92
0430,04293700,142.7083,149.8616,1.0501,5.01
0430,04293795,308.2086,310.7156,1.0081,0.81
0430,04293900,48.1738,50.8744,1.0561,5.61
0430,04294000,2201.4899,2214.1181,1.0057,0.57
0430,04294140,29.2669,143.8674,4.9157,391.57
0430,04294300,89.3546,109.3772,1.2241,22.41
0501,03010674,21.471,112.7231,5.25,425.0
0501,03010720,123.5424,123.4907,0.9996,-0.04
0501,03010800,512.8176,535.9118,1.045,4.5
0501,03010820,3025.1061,3180.1907,1.0513,5.13
0501,03011000,354.8284,362.3454,1.0212,2.12
0501,03011020,4164.7009,4490.8942,1.0783,7.83
0501,03011500,4377.0799,4490.8942,1.026,2.6
0501,03011550,73.8147,80.0029,1.0838,8.38
0501,03012834,163.9462,171.4829,1.046,4.6
0501,03013000,751.0966,777.3442,1.0349,3.49
0501,03013800,24.8121,256.089,10.3211,932.11
0501,03014500,502.4577,515.585,1.0261,2.61
0501,03007800,642.3171,697.9626,1.0866,8.66
0501,03008000,20.176,1422.9358,70.5261,6952.61
0501,03009680,414.3981,578.2084,1.3953,39.53
0501,03010000,1372.6937,1422.9358,1.0366,3.66
0501,03010500,1424.4935,1422.9358,0.9989,-0.11
0501,03010655,255.6318,642.1029,2.5118,151.18
0501,03010955,258.9988,368.9773,1.4246,42.46
0501,03011800,100.4915,222.9471,2.2186,121.86
0501,03012545,5646.1741,9045.9612,1.6021,60.21
0501,03012550,5646.1741,9045.9612,1.6021,60.21
0501,03012600,5757.5436,9045.9612,1.5711,57.11
0501,03015000,2113.4303,2140.6021,1.0129,1.29
0501,03015280,33.1518,74.4746,2.2465,124.65
0501,03015310,8109.2528,9045.9612,1.1155,11.55
0501,03015500,831.3862,872.976,1.05,5.0
0501,03015650,9323.9572,9328.2581,1.0005,0.05
0501,03015795,52.5768,157.1955,2.9898,198.98
0501,03015950,9479.3565,9628.9359,1.0158,1.58
0501,03016000,9479.3565,9628.9359,1.0158,1.58
0501,03016110,9557.0561,9628.9359,1.0075,0.75
0501,03016500,331.5185,339.4618,1.024,2.4
0501,03017000,220.926,223.1882,1.0102,1.02
0501,03017500,603.4672,723.8646,1.1995,19.95
0501,03018000,795.1263,847.0725,1.0653,6.53
0501,03019000,1214.7044,1239.2237,1.0202,2.02
0501,03020000,1240.6043,1239.2237,0.9989,-0.11
0501,03020500,732.9666,827.1757,1.1285,12.85
0501,03021000,815.8463,827.1757,1.0139,1.39
0501,03021350,238.2789,272.8564,1.1451,14.51
0501,03021410,135.4564,202.6521,1.4961,49.61
0501,03021500,538.7175,837.2972,1.5542,55.42
0501,03021518,569.7974,837.2972,1.4695,46.95
0501,03021520,572.3874,837.2972,1.4628,46.28
0501,03021700,9.324,66.3744,7.1187,611.87
0501,03021890,1331.2539,1335.5768,1.0032,0.32
0501,03022000,1546.2229,1632.1724,1.0556,5.56
0501,03022500,1629.1025,1632.1724,1.0019,0.19
0501,03022540,80.5486,131.8949,1.6375,63.75
0501,03022554,118.1035,131.8949,1.1168,11.68
0501,03023000,233.6169,251.8014,1.0778,7.78
0501,03023100,2040.9106,2422.5646,1.187,18.7
0501,03023500,2584.8081,3201.6685,1.2386,23.86
0501,03024000,2662.5078,3201.6685,1.2025,20.25
0501,03024500,385.9082,434.299,1.1254,12.54
0501,03025000,429.938,434.299,1.0101,1.01
0501,03025200,14.6852,3201.6685,218.0196,21701.96
0501,03025500,15493.3089,16390.478,1.0579,5.79
0501,03026250,62.1597,67.058,1.0788,7.88
0501,03026480,21.5487,186.6987,8.664,766.4
0501,03026500,20.3055,186.6987,9.1945,819.45
0501,03027200,187.5151,280.5759,1.4963,49.63
0501,03027400,187.5151,280.5759,1.4963,49.63
0501,03027500,189.5871,280.5759,1.4799,47.99
0501,03028000,163.1693,242.1013,1.4837,48.37
0501,03028500,528.3576,627.3717,1.1874,18.74
0501,03028900,158.5073,164.3026,1.0366,3.66
0501,03029000,784.7664,1418.9229,1.8081,80.81
0501,03029400,32.6339,2099.2282,64.3267,6332.67
0501,03029500,2090.1204,2099.2282,1.0044,0.44
0501,03030500,2463.0787,2507.0599,1.0179,1.79
0501,03030852,3012.1562,3233.6342,1.0735,7.35
0501,03031000,3227.1252,3233.6342,1.002,0.2
0501,03031500,19867.7988,20178.6266,1.0156,1.56
0501,03031624,128.4634,255.7326,1.9907,99.07
0501,03031882,849.5161,994.2112,1.1703,17.03
0501,03031950,19.1141,45.6014,2.3857,138.57
0501,03032500,1367.5137,1492.5626,1.0914,9.14
0501,03033000,21727.4103,23225.4786,1.0689,6.89
0501,03033215,38.8498,72.4098,1.8638,86.38
0501,03033222,5.7239,109.5814,19.1446,1814.46
0501,03033225,76.6636,109.5814,1.4294,42.94
0501,03033289,191.4001,464.4915,2.4268,142.68
0501,03034000,409.2181,464.4915,1.1351,13.51
0501,03034500,226.365,295.593,1.3058,30.58
0501,03035000,831.3862,895.5364,1.0772,7.72
0501,03036000,890.9559,895.5364,1.0051,0.51
0501,03036150,22854.0551,23225.4786,1.0163,1.63
0501,03036500,23239.9633,24201.5715,1.0414,4.14
0501,03037400,24.2941,103.6756,4.2675,326.75
0501,03037500,77.6996,103.6756,1.3343,33.43
0501,03037525,86.2466,103.6756,1.2021,20.21
0501,03038000,494.6877,546.9931,1.1057,10.57
0501,03039000,720.0167,753.5383,1.0466,4.66
0501,03039035,24174.949,24201.5715,1.0011,0.11
0501,03039036,24146.4592,24201.5715,1.0023,0.23
0501,03039040,24226.7488,24201.5715,0.999,-0.1
0501,03039041,24190.489,24201.5715,1.0005,0.05
0501,03039200,9.5312,68.1036,7.1454,614.54
0501,03039925,8.9355,127.7667,14.2988,1329.88
0501,03039930,8.4952,51.1717,6.0236,502.36
0501,03040000,1168.0846,1214.8645,1.04,4.0
0501,03040050,16.6795,208.5345,12.5024,1150.24
0501,03040100,128.4634,208.5345,1.6233,62.33
0501,03041029,1756.0119,1829.8571,1.0421,4.21
0501,03041500,1851.8415,1947.5869,1.0517,5.17
0501,03042000,499.8677,1083.7733,2.1681,116.81
0501,03042200,19.0623,45.4773,2.3857,138.57
0501,03042250,130.5354,171.7938,1.3161,31.61
0501,03042280,148.6653,171.7938,1.1556,15.56
0501,03042500,442.888,497.636,1.1236,12.36
0501,03042700,27.1949,41.019,1.5083,50.83
0501,03043000,1010.0954,1083.7733,1.0729,7.29
0501,03043810,3506.8439,3554.9173,1.0137,1.37
0501,03044000,3517.2039,3554.9173,1.0107,1.07
0501,03044810,20.7199,119.4063,5.7629,476.29
0501,03045000,445.478,618.3062,1.388,38.8
0501,03045010,541.3075,618.3062,1.1422,14.22
0501,03045500,686.3468,773.2042,1.1266,12.66
0501,03047000,751.0966,773.2042,1.0294,2.94
0501,03047500,4462.5495,4575.402,1.0253,2.53
0501,03048500,4726.7283,4888.968,1.0343,3.43
0501,03048900,323.7485,441.8386,1.3648,36.48
0501,03049000,354.8284,441.8386,1.2452,24.52
0501,03049500,29551.7643,30000.8759,1.0152,1.52
0501,03049625,29904.0027,30000.8759,1.0032,0.32
0501,03049640,30023.1422,30000.8759,0.9993,-0.07
0501,03049676,20.9012,22.1446,1.0595,5.95
0501,03049680,30302.8609,30370.9531,1.0022,0.22
0501,03049800,14.9701,174.0299,11.6251,1062.51
0501,03049807,148.4063,174.0299,1.1727,17.27
0501,03049819,34.7058,34.6395,0.9981,-0.19
0501,411214079465802,62.1597,67.058,1.0788,7.88
0502,03075500,347.0584,478.6414,1.3791,37.91
0502,03075590,419.5781,478.6414,1.1408,14.08
0502,03075670,13.1571,46.0345,3.4988,249.88
0502,03075800,1.295,68.9297,53.2278,5222.78
0502,03075825,9.1427,68.9297,7.5393,653.93
0502,03075850,2.6677,165.803,62.1523,6115.23
0502,03075905,33.9288,165.803,4.8868,388.68
0502,03076100,647.497,767.1279,1.1848,18.48
0502,03076500,764.0465,767.1279,1.004,0.4
0502,03076600,126.6504,127.786,1.009,0.9
0502,03076700,47.3968,50.8092,1.072,7.2
0502,03076800,39.1088,45.7715,1.1704,17.04
0502,03077940,8.3398,122.2903,14.6635,1366.35
0502,03078000,166.2772,195.379,1.175,17.5
0502,03063000,7044.7677,7038.8973,0.9992,-0.08
0502,03070415,6.475,213.3384,32.9482,3194.82
0502,03070420,2.4087,213.3384,88.5703,8757.03
0502,03070455,19.2695,213.3384,11.0713,1007.13
0502,03071600,3654.4732,3681.6234,1.0074,0.74
0502,03071605,3677.7831,3681.6234,1.001,0.1
0502,03071690,3690.7331,3681.6234,0.9975,-0.25
0502,03072000,593.1073,603.1372,1.0169,1.69
0502,03072500,11414.0776,11807.9333,1.0345,3.45
0502,03072590,42.2168,167.9032,3.9772,297.72
0502,03072655,11499.5472,11807.9333,1.0268,2.68
0502,03072670,15.4104,140.8845,9.1422,814.22
0502,03072818,21.9372,44.7585,2.0403,104.03
0502,03072840,344.4684,874.5243,2.5388,153.88
0502,03072846,1.0878,116.3824,106.9893,10598.93
0502,03073000,466.1979,514.2015,1.103,10.3
0502,03073030,16.0838,514.2015,31.9701,3097.01
0502,03073751,11499.5472,12997.3624,1.1302,13.02
0502,03074000,85.7286,107.5805,1.2549,25.49
0502,03074300,9.842,191.337,19.441,1844.1
0502,03074500,190.8821,281.0779,1.4725,47.25
0502,03074850,56.4617,74.0384,1.3113,31.13
0502,03075000,13501.608,13551.3353,1.0037,0.37
0502,03075070,13830.5365,18571.9158,1.3428,34.28
0502,03075071,13827.9465,18571.9158,1.3431,34.31
0502,03077100,1116.2849,1122.5718,1.0056,0.56
0502,03077500,1129.2348,1122.5718,0.9941,-0.59
0502,03079000,989.3755,990.7289,1.0014,0.14
0502,03080000,313.3886,322.6631,1.0296,2.96
0502,03081000,2665.0978,2881.5478,1.0812,8.12
0502,03081500,2750.5674,2881.5478,1.0476,4.76
0502,03081600,92.9806,106.6324,1.1468,14.68
0502,03081800,14.9183,3446.8259,231.0463,23004.63
0502,03082020,45.014,88.7168,1.9709,97.09
0502,03082120,35.6641,234.555,6.5768,557.68
0502,03082190,22.8696,234.555,10.2562,925.62
0502,03082200,24.0092,234.555,9.7694,876.94
0502,03082237,236.1292,234.555,0.9933,-0.67
0502,03082500,3434.3242,3446.8259,1.0036,0.36
0502,03083000,7.9513,136.1983,17.1291,1612.91
0502,03083500,4441.8296,4559.5661,1.0265,2.65
0502,03084000,11.37,144.0514,12.6694,1166.94
0502,03084500,144.7803,144.0514,0.995,-0.5
0502,03084698,318.5685,381.7801,1.1984,19.84
0502,03084800,46.6198,41.1189,0.882,-11.8
0502,03085000,19002.7428,19094.2062,1.0048,0.48
0502,03085002,19062.3125,19094.2062,1.0017,0.17
0502,03085049,13.7528,19094.2062,1388.3831,138738.31
0502,394337079544201,7044.7677,7038.8973,0.9992,-0.08
0502,394533079581501,593.1073,603.1372,1.0169,1.69
0502,03050000,486.9178,511.2769,1.05,5.0
0502,03050500,707.0668,709.7859,1.0038,0.38
0502,03050800,74.5917,74.5354,0.9992,-0.08
0502,03050900,7.6405,1081.7961,141.5877,14058.77
0502,03051000,1074.8451,1081.7961,1.0065,0.65
0502,03051100,50.5048,99.3666,1.9675,96.75
0502,03051500,318.5685,392.1062,1.2308,23.08
0502,03052000,385.9082,392.1062,1.0161,1.61
0502,03052120,245.2719,517.9787,2.1119,111.19
0502,03052450,562.0274,695.4664,1.2374,23.74
0502,03052500,37.0368,76.4343,2.0637,106.37
0502,03053500,717.4267,800.1119,1.1153,11.53
0502,03054500,2380.1991,2397.0885,1.0071,0.71
0502,03055000,2455.3087,2758.8378,1.1236,12.36
0502,03056000,3074.3159,3074.2407,1.0,-0.0
0502,03056250,250.4519,262.1296,1.0466,4.66
0502,03056500,3379.9345,3432.9049,1.0157,1.57
0502,03057000,3540.5137,3560.2898,1.0056,0.56
0502,03057300,74.5917,261.3654,3.5039,250.39
0502,03057500,65.5267,84.2958,1.2864,28.64
0502,03058000,261.5888,450.514,1.7222,72.22
0502,03058006,269.3588,450.514,1.6725,67.25
0502,03058020,313.3886,450.514,1.4376,43.76
0502,03058500,468.7878,854.75,1.8233,82.33
0502,03058975,953.1156,996.0535,1.0451,4.51
0502,03059000,994.5554,996.0535,1.0015,0.15
0502,03059500,218.854,312.4031,1.4274,42.74
0502,03060100,2.3051,42.521,18.4466,1744.66
0502,03060500,22.0149,42.521,1.9315,93.15
0502,03061000,1965.801,1965.3236,0.9998,-0.02
0502,03061410,2.849,184.7116,64.8341,6383.41
0502,03061435,3.6778,184.7116,50.2236,4922.36
0502,03061495,4.4807,324.4646,72.4142,7141.42
0502,03061500,300.4386,324.4646,1.08,8.0
0502,03062000,6190.0716,6461.7229,1.0439,4.39
0502,03062213,6.2419,55.4929,8.8904,789.04
0502,03062215,30.3029,55.4929,1.8313,83.13
0502,03062225,6534.54,6690.6343,1.0239,2.39
0502,03062235,6570.7998,6690.6343,1.0182,1.82
0502,03062245,6575.9798,6690.6343,1.0174,1.74
0502,03062400,28.7489,6690.6343,232.7269,23172.69
0502,03062445,6679.5793,6945.4665,1.0398,3.98
0502,03062450,6679.5793,6945.4665,1.0398,3.98
0502,03062500,163.1693,163.9773,1.005,0.5
0502,03063500,94.2756,143.0195,1.517,51.7
0502,03063600,16.1874,562.4604,34.7467,3374.67
0502,03064000,120.1754,156.2299,1.3,30.0
0502,03064500,105.4125,164.4536,1.5601,56.01
0502,03065000,898.7259,1295.6287,1.4416,44.16
0502,03065050,24.9934,142.671,5.7084,470.84
0502,03065200,48.1738,142.671,2.9616,196.16
0502,03065400,142.1903,142.671,1.0034,0.34
0502,03065500,153.0683,263.3474,1.7205,72.05
0502,03066000,222.998,263.3474,1.1809,18.09
0502,03066630,3.108,361.1354,116.196,11519.6
0502,03066720,3.6001,361.1354,100.3131,9931.31
0502,03066730,2.8749,361.1354,125.6173,12461.73
0502,03067510,155.6583,296.2047,1.9029,90.29
0502,03068000,295.2586,296.2047,1.0032,0.32
0502,03068500,318.5685,410.2456,1.2878,28.78
0502,03068600,352.2384,410.2456,1.1647,16.47
0502,03068604,2.8749,410.2456,142.6998,14169.98
0502,03068607,3.9627,410.2456,103.5273,10252.73
0502,03068610,13.2089,410.2456,31.0582,3005.82
0502,03068800,388.4982,410.2456,1.056,5.6
0502,03069000,551.6675,555.9573,1.0078,0.78
0502,03069500,1859.6115,2081.0695,1.1191,11.91
0502,03069880,32.1159,2424.413,75.4896,7448.96
0502,03070000,2424.2289,2424.413,1.0001,0.01
0502,0307020015,2514.8785,2628.7848,1.0453,4.53
0502,03070260,2709.1276,2836.2046,1.0469,4.69
0502,03070310,1.4763,3459.2323,2343.1878,234218.78
0502,03070350,2921.5066,3459.2323,1.1841,18.41
0502,03070500,517.9976,538.0887,1.0388,3.88
0502,03071000,3504.2539,3523.0125,1.0054,0.54
0502,03071500,3561.2337,3681.6234,1.0338,3.38
0502,03075650,2.3569,46.0345,19.5319,1853.19
0502,03075680,3.7037,46.0345,12.4294,1142.94
0503,03086500,231.0269,334.9195,1.4497,44.97
0503,03087000,45.0658,81.8368,1.8159,81.59
0503,03087500,78.9946,81.8368,1.036,3.6
0503,03088000,85.9876,97.1387,1.1297,12.97
0503,03088500,453.2479,642.8385,1.4183,41.83
0503,03089000,30.0439,51.785,1.7236,72.36
0503,03089500,49.4688,83.8559,1.6951,69.51
0503,03090500,642.3171,1074.7616,1.6733,67.33
0503,03091500,707.0668,1074.7616,1.52,52.0
0503,03092000,56.7207,65.9855,1.1633,16.33
0503,03092460,211.602,280.1948,1.3242,32.42
0503,03092500,249.4159,280.1948,1.1234,12.34
0503,03093000,252.7828,285.5647,1.1297,12.97
0503,03093500,83.6566,85.9418,1.0273,2.73
0503,03094000,1489.2432,1987.7566,1.3347,33.47
0503,03094500,1538.4529,1987.7566,1.292,29.2
0503,03094704,47.9148,66.8184,1.3945,39.45
0503,03095500,252.5238,357.5447,1.4159,41.59
0503,03096000,357.4184,357.5447,1.0004,0.04
0503,03096500,203.0551,222.6746,1.0966,9.66
0503,03097500,218.336,222.6746,1.0199,1.99
0503,03097550,2211.8498,2326.1979,1.0517,5.17
0503,03098000,2325.8093,2326.1979,1.0002,0.02
0503,03098406,139.0824,202.8659,1.4586,45.86
0503,03098500,171.7162,202.8659,1.1814,18.14
0503,03098513,203.0551,202.8659,0.9991,-0.09
0503,03098600,2533.0084,2751.4829,1.0863,8.63
0503,03098700,36.2598,54.4818,1.5025,50.25
0503,03099500,2779.0572,2949.7722,1.0614,6.14
0503,03102950,250.4519,298.4116,1.1915,19.15
0503,03108985,30.8209,80.2245,2.6029,160.29
0503,03109000,16.032,320.2314,19.9745,1897.45
0503,03109320,8.0031,428.898,53.5917,5259.17
0503,03109500,1284.6341,1302.1241,1.0136,1.36
0503,03110000,380.7283,619.6351,1.6275,62.75
0503,03110500,437.708,619.6351,1.4156,41.56
0503,03110690,61693.5168,12513.0062,0.2028,-79.72
0503,03110955,138.5644,330.5686,2.3857,138.57
0503,03110983,2.5382,70.831,27.9061,2690.61
0503,03111500,318.5685,382.2487,1.1999,19.99
0503,03111534,63848.3869,14647.5043,0.2294,-77.06
0503,03111548,253.0418,278.8819,1.1021,10.21
0503,03113600,65112.3011,15989.6187,0.2456,-75.44
0503,03113950,1.813,69.9157,38.5637,3756.37
0503,03113990,328.9285,421.3894,1.2811,28.11
0503,03114000,347.0584,421.3894,1.2142,21.42
0503,03114250,257.9628,294.2928,1.1408,14.08
0503,03114280,67158.3917,17769.8143,0.2646,-73.54
0503,03114306,67826.6086,18418.0348,0.2715,-72.85
0503,03115400,543.8975,654.1435,1.2027,20.27
0503,03115500,668.2169,815.1475,1.2199,21.99
0503,03115644,257.7038,352.5648,1.3681,36.81
0503,03115712,218.854,275.6177,1.2594,25.94
0503,03115786,673.3969,694.1104,1.0308,3.08
0503,03156000,25.8999,123.4084,4.7648,376.48
0503,03156400,124.8374,863.5361,6.9173,591.73
0503,03156500,233.8759,863.5361,3.6923,269.23
0503,03156600,77.6996,158.8329,2.0442,104.42
0503,03157000,230.5089,236.9072,1.0278,2.78
0503,03157500,1188.8045,1428.575,1.2017,20.17
0503,03158000,38.3318,41.5021,1.0827,8.27
0503,03158195,63.1957,70.6174,1.1174,11.74
0503,03158200,295.2586,300.2625,1.0169,1.69
0503,03158510,153.5863,359.4663,2.3405,134.05
0503,03159000,269.3588,359.4663,1.3345,33.45
0503,03159246,326.3385,359.4663,1.1015,10.15
0503,03159500,2442.3588,2518.6938,1.0313,3.13
0503,03159510,2478.6186,2518.6938,1.0162,1.62
0503,03159534,57.4977,333.9347,5.8078,480.78
0503,03159540,404.0381,572.6432,1.4173,41.73
0503,03159555,97.1246,142.4168,1.4663,46.63
0503,03085213,46.8788,50.2786,1.0725,7.25
0503,03085217,10.2823,142.1911,13.8288,1282.88
0503,03085219,0.9583,142.1911,148.3791,14737.91
0503,03085220,0.9842,142.1911,144.4744,14347.44
0503,03085221,2.331,142.1911,61.0003,6000.03
0503,03085250,207.976,428.401,2.0599,105.99
0503,03085500,665.6269,714.9241,1.0741,7.41
0503,03085550,699.2968,714.9241,1.0223,2.23
0503,03085730,50504.7682,893.1575,0.0177,-98.23
0503,03085734,50504.7682,893.1575,0.0177,-98.23
0503,03085956,65.7857,94.6797,1.4392,43.92
0503,03086000,50504.7682,1077.9636,0.0213,-97.87
0503,03086100,40.4038,78.3457,1.9391,93.91
0503,03100000,393.6782,399.8546,1.0157,1.57
0503,03101000,24.1905,110.272,4.5585,355.85
0503,03101500,432.528,480.7,1.1114,11.14
0503,03102000,468.7878,480.7,1.0254,2.54
0503,03102500,269.3588,283.0981,1.051,5.1
0503,03102850,872.826,930.2113,1.0657,6.57
0503,03103000,437.708,452.8859,1.0347,3.47
0503,03103500,1512.5531,1845.6774,1.2202,22.02
0503,03104000,1574.7128,1845.6774,1.1721,17.21
0503,03104490,2046.0906,2760.9931,1.3494,34.94
0503,03104500,2051.2706,2760.9931,1.346,34.6
0503,03104580,33.6698,131.465,3.9045,290.45
0503,03104760,5.8534,131.075,22.3931,2139.31
0503,03105500,5788.6234,5819.1442,1.0053,0.53
0503,03105927,26.1589,167.0773,6.387,538.7
0503,03106000,922.0358,2169.8441,2.3533,135.33
0503,03106140,224.293,262.4553,1.1701,17.01
0503,03106300,133.3844,150.8152,1.1307,13.07
0503,03106500,1030.8153,1056.8896,1.0253,2.53
0503,03107500,8044.5031,8171.7409,1.0158,1.58
0503,03107698,9.4794,53.3725,5.6304,463.04
0503,03108000,461.0179,476.8564,1.0344,3.44
0503,03108010,5.4649,476.8564,87.2584,8625.84
0503,03108490,56239.0018,10089.1281,0.1794,-82.06
0503,03108500,59466.127,10089.1281,0.1697,-83.03
0503,03111150,26.6769,56.2488,2.1085,110.85
0503,03111200,19.917,56.2488,2.8242,182.42
0503,03111215,4.1958,61.0774,14.5569,1355.69
0503,03111235,0.7252,375.499,517.7892,51678.92
0503,03111585,98.6785,194.8666,1.9748,97.48
0503,03111675,17.0421,72.4792,4.2529,325.29
0503,03111705,21.0825,142.3802,6.7535,575.35
0503,03111890,3.2116,89.0437,27.7258,2672.58
0503,03114094,4.662,135.1565,28.9912,2799.12
0503,03110830,126.6504,128.3458,1.0134,1.34
0503,03111520,63646.3678,14647.5043,0.2301,-76.99
0503,03111955,396.2682,499.2274,1.2598,25.98
0503,03112000,730.3766,770.3974,1.0548,5.48
0503,03112500,64760.0627,15697.586,0.2424,-75.76
0503,03113700,12.8463,15989.6187,1244.6827,124368.27
0503,0311404647,48.1738,147.7071,3.0661,206.61
0503,03114283,66.0447,104.3586,1.5801,58.01
0503,03114350,163.4282,167.4114,1.0244,2.44
0503,03114431,901.3159,931.5147,1.0335,3.35
0503,03114500,1188.8045,1221.016,1.0271,2.71
0503,03114650,10.8521,1221.016,112.5148,11151.48
0503,03115000,69401.3214,20059.5478,0.289,-71.1
0503,03151000,92268.3264,28053.5255,0.304,-69.6
0503,03151400,290.0787,340.0909,1.1724,17.24
0503,03151500,401.4482,559.4153,1.3935,39.35
0503,03151520,422.1681,559.4153,1.3251,32.51
0503,03151600,642.3171,935.4467,1.4564,45.64
0503,03151915,204.8681,207.6226,1.0134,1.34
0503,03152000,1002.3254,1016.3592,1.014,1.4
0503,03152200,7.5369,110.0449,14.6009,1360.09
0503,03152500,372.9583,377.3251,1.0117,1.17
0503,03153000,429.938,477.4994,1.1106,11.06
0503,03153500,2364.6591,2436.0913,1.0302,3.02
0503,03154000,530.9476,637.7104,1.2011,20.11
0503,03154250,7.3297,232.0697,31.6617,3066.17
0503,03154500,206.4221,344.8339,1.6705,67.05
0503,03155000,3926.422,4071.956,1.0371,3.71
0503,03155200,543.8975,647.3873,1.1903,19.03
0503,03155220,593.1073,647.3873,1.0915,9.15
0503,03155410,0.4144,419.854,1013.1659,101216.59
0503,03155500,1173.2646,1368.1624,1.1661,16.61
0503,03155520,0.1554,146.7875,944.5826,94358.26
0503,03159530,101890.1323,32430.2991,0.3183,-68.17
0503,03159823,0.0777,96.8825,1246.8842,124588.42
0503,03159870,103868.8832,33716.1884,0.3246,-67.54
0503,03159900,103962.1227,34236.59,0.3293,-67.07
0503,03160000,105016.2479,34661.969,0.3301,-66.99
0504,03115917,170.1622,388.7472,2.2846,128.46
0504,03115969,0.6734,63.8644,94.8391,9383.91
0504,03115970,4.1181,63.8644,15.5083,1450.83
0504,03115971,5.5167,63.8644,11.5766,1057.66
0504,03115973,9.4535,63.8644,6.7557,575.57
0504,03116000,450.6579,933.3549,2.0711,107.11
0504,03116077,130.5354,368.6984,2.8245,182.45
0504,03116192,7.3556,76.4369,10.3917,939.17
0504,03116196,370.3683,486.1308,1.3126,31.26
0504,03116200,378.1383,486.1308,1.2856,28.56
0504,03116500,1126.6448,1314.7102,1.1669,16.69
0504,03117000,1315.714,1376.5155,1.0462,4.62
0504,03117100,1383.0537,2815.2495,2.0355,103.55
0504,03117500,655.267,1244.7299,1.8996,89.96
0504,03118000,111.6285,374.0173,3.3506,235.06
0504,03118131,111.3695,120.5807,1.0827,8.27
0504,03118299,112.6645,120.7692,1.0719,7.19
0504,03118500,445.478,486.1103,1.0912,9.12
0504,03119000,1245.7843,1303.8379,1.0466,4.66
0504,03119341,33.6698,128.4199,3.8141,281.41
0504,03119971,29.2669,68.9974,2.3575,135.75
0504,03119979,3.7037,68.9974,18.6294,1762.94
0504,03120500,125.0964,128.4199,1.0266,2.66
0504,03120820,98.1605,182.0112,1.8542,85.42
0504,03120869,20.1501,182.0112,9.0328,803.28
0504,03120961,8.7542,182.0112,20.7914,1979.14
0504,03121500,181.2992,182.0112,1.0039,0.39
0504,03121800,19.6062,36.0683,1.8396,83.96
0504,03121850,31.8569,36.0683,1.1322,13.22
0504,03122500,3638.9333,4575.2797,1.2573,25.73
0504,03123000,414.3981,776.482,1.8738,87.38
0504,03124000,776.9964,922.8197,1.1877,18.77
0504,03124500,805.4863,922.8197,1.1457,14.57
0504,03125000,4.2476,56.8449,13.3829,1238.29
0504,03125338,98.1605,316.6005,3.2253,222.53
0504,03125900,94.7936,95.0788,1.003,0.3
0504,03126000,315.9785,728.67,2.3061,130.61
0504,03126395,92.9806,181.202,1.9488,94.88
0504,03126910,181.2992,181.202,0.9995,-0.05
0504,03127000,730.3766,893.8035,1.2238,22.38
0504,03127500,950.5256,1256.1957,1.3216,32.16
0504,03127970,1.7612,64.6434,36.7044,3570.44
0504,03127980,60.3467,64.6434,1.0712,7.12
0504,03127986,34.9648,107.1121,3.0634,206.34
0504,03127989,9.065,184.0156,20.2997,1929.97
0504,03128500,184.1482,249.3125,1.3539,35.39
0504,03128690,21.8077,6294.3191,288.6283,28762.83
0504,03129000,6327.341,6413.3106,1.0136,1.36
0504,03129197,72.5197,156.0648,2.152,115.2
0504,03130000,562.0274,781.0602,1.3897,38.97
0504,03130500,14.0895,76.1023,5.4013,440.13
0504,03131000,101.0095,199.8251,1.9783,97.83
0504,03131122,172.7522,199.8251,1.1567,15.67
0504,03131300,779.5864,871.8359,1.1183,11.83
0504,03131500,903.9059,921.6853,1.0197,1.97
0504,03131965,92.7216,123.4376,1.3313,33.13
0504,03131982,297.8486,351.2847,1.1794,17.94
0504,03132000,352.2384,450.9413,1.2802,28.02
0504,03132500,450.6579,40.4252,0.0897,-91.03
0504,03133500,512.8176,563.5798,1.099,9.9
0504,03134000,310.7986,372.1449,1.1974,19.74
0504,03135000,701.8868,843.749,1.2021,20.21
0504,03135500,890.9559,897.83,1.0077,0.77
0504,03136000,2455.3087,2530.8552,1.0308,3.08
0504,03136175,154.1043,194.2064,1.2602,26.02
0504,03136300,115.2545,117.2244,1.0171,1.71
0504,03136400,119.1395,252.9799,2.1234,112.34
0504,03136500,523.1776,645.4457,1.2337,23.37
0504,03137000,1178.4446,1254.4952,1.0645,6.45
0504,03138500,3897.9321,3963.518,1.0168,1.68
0504,03138791,27.9719,144.2231,5.156,415.6
0504,03138863,492.0977,641.5629,1.3037,30.37
0504,03139000,1201.7545,1493.1419,1.2425,24.25
0504,03139500,1302.764,1493.1419,1.1461,14.61
0504,03139935,4.403,69.6741,15.8243,1482.43
0504,03139940,3.7296,69.6741,18.6815,1768.15
0504,03140000,70.4477,132.5115,1.881,88.1
0504,03140500,12584.7522,12643.3759,1.0047,0.47
0504,03140853,75.3687,75.5455,1.0023,0.23
0504,03140900,73.2967,182.5124,2.4901,149.01
0504,03140950,44.0298,60.3765,1.3713,37.13
0504,03141500,305.6186,389.6593,1.275,27.5
0504,03141700,712.2467,813.1057,1.1416,14.16
0504,03141870,180.0042,237.2306,1.3179,31.79
0504,03142000,1051.5352,1692.8994,1.6099,60.99
0504,03142200,144.0033,144.271,1.0019,0.19
0504,03142240,8.9355,161.0025,18.0184,1701.84
0504,03142295,411.8081,412.8995,1.0027,0.27
0504,03142500,1890.6913,80.5169,0.0426,-95.74
0504,03143500,2180.77,2208.5029,1.0127,1.27
0504,03144000,362.5983,397.9848,1.0976,9.76
0504,03144270,3.2893,159.7378,48.5631,4756.31
0504,03144289,3.4706,159.7378,46.0262,4502.62
0504,03144500,15521.7987,17728.2947,1.1422,14.22
0504,03144816,121.7294,120.6558,0.9912,-0.88
0504,03145000,344.4684,745.663,2.1647,116.47
0504,03145173,468.7878,745.663,1.5906,59.06
0504,03145483,202.5371,265.6901,1.3118,31.18
0504,03145500,214.192,265.6901,1.2404,24.04
0504,03145534,261.5888,265.6901,1.0157,1.57
0504,03146000,300.4386,498.5169,1.6593,65.93
0504,03146277,587.9273,621.6325,1.0573,5.73
0504,03146402,621.5971,621.6325,1.0001,0.01
0504,03146405,624.1871,621.6325,0.9959,-0.41
0504,03146500,1390.8236,1688.6726,1.2142,21.42
0504,03147000,1740.472,1922.8436,1.1048,10.48
0504,03147500,1921.7712,2019.2962,1.0507,5.07
0504,03148150,74.8507,101.1721,1.3517,35.17
0504,03149500,196.0621,375.0023,1.9127,91.27
0504,03150000,19222.8918,19301.5215,1.0041,0.41
0504,03150250,352.2384,368.2905,1.0456,4.56
0504,03150300,19753.8393,20602.5741,1.043,4.3
0504,03150500,20582.6355,20602.5741,1.001,0.1
0504,404613081312800,1341.6138,1376.5155,1.026,2.6
0504,410051081594500,8.5729,144.2231,16.8232,1582.32
0505,03161500,841.7461,849.7783,1.0095,0.95
0505,03163000,2600.3481,2669.2825,1.0265,2.65
0505,03164000,2955.1764,3037.9326,1.028,2.8
0505,03164500,3040.646,3037.9326,0.9991,-0.09
0505,03165000,102.0455,157.7392,1.5458,54.58
0505,03165500,3496.4839,3513.5164,1.0049,0.49
0505,03166000,352.2384,359.4318,1.0204,2.04
0505,03166800,18.5184,703.4702,37.9876,3698.76
0505,03167000,668.2169,703.4702,1.0528,5.28
0505,03167500,691.5268,930.7437,1.3459,34.59
0505,03168000,5729.0537,5883.174,1.0269,2.69
0505,03168500,157.4713,241.8051,1.5356,53.56
0505,03169500,647.497,646.5069,0.9985,-0.15
0505,03170000,776.9964,824.7907,1.0615,6.15
0505,03171000,7166.4971,7205.5563,1.0055,0.55
0505,03171500,7668.9548,7669.501,1.0001,0.01
0505,03172500,712.2467,808.4927,1.1351,13.51
0505,03173000,774.4064,808.4927,1.044,4.4
0505,03175100,4.921,122.1238,24.817,2381.7
0505,03175140,12.1211,122.1238,10.0753,907.53
0505,03175500,577.5673,618.1139,1.0702,7.02
0505,03176500,9764.2552,9791.6715,1.0028,0.28
0505,03177700,102.8225,143.9846,1.4003,40.03
0505,03177710,114.7365,143.9846,1.2549,25.49
0505,03176400,130.5354,137.9542,1.0568,5.68
0505,03177120,189.3281,197.8689,1.0451,4.51
0505,03177480,409.2181,499.9101,1.2216,22.16
0505,03177500,494.6877,499.9101,1.0106,1.06
0505,03178000,515.4076,715.173,1.3876,38.76
0505,03178500,81.3256,103.6025,1.2739,27.39
0505,03179000,1023.0453,1033.9602,1.0107,1.07
0505,03179500,1137.0048,1194.1677,1.0503,5.03
0505,03180000,11970.925,11962.1799,0.9993,-0.07
0505,03180300,173.7882,344.4997,1.9823,98.23
0505,03180500,344.4684,640.4,1.8591,85.91
0505,03181200,7.9254,59.8039,7.5459,654.59
0505,03181500,1051.5352,1400.078,1.3315,33.15
0505,03181949,266.7688,284.0408,1.0647,6.47
0505,03182000,277.1287,284.0408,1.0249,2.49
0505,03182500,1396.0036,1400.078,1.0029,0.29
0505,03182650,313.3886,312.8218,0.9982,-0.18
0505,03182700,370.3683,382.8621,1.0337,3.37
0505,03182950,219.372,236.6977,1.079,7.9
0505,03183000,210.048,301.9373,1.4375,43.75
0505,03183500,3439.5042,3696.3084,1.0747,7.47
0505,03184000,4203.5507,4107.8394,0.9772,-2.28
0505,03184200,20.3055,4107.8394,202.3017,20130.17
0505,03184500,16246.9954,16179.7949,0.9959,-0.41
0505,03185000,136.4924,137.3746,1.0065,0.65
0505,03185400,17487.5997,17394.6409,0.9947,-0.53
0505,03185500,17723.2886,17663.7153,0.9966,-0.34
0505,03186000,17782.8584,17663.7153,0.9933,-0.67
0505,03186500,331.5185,334.367,1.0086,0.86
0505,03187000,611.2372,683.4802,1.1182,11.82
0505,03187300,25.4596,121.5823,4.7755,377.55
0505,03187500,208.235,250.8311,1.2046,20.46
0505,03188000,249.6749,250.8311,1.0046,0.46
0505,03188500,223.516,429.0131,1.9194,91.94
0505,03188900,84.9516,109.6231,1.2904,29.04
0505,03189000,391.0882,429.0131,1.097,9.7
0505,03189100,1367.5137,1585.8301,1.1596,15.96
0505,03189500,1761.1919,3104.7999,1.7629,76.29
0505,03189600,2084.9404,3104.7999,1.4892,48.92
0505,03189650,7.4592,3104.7999,416.2396,41523.96
0505,03189890,422.1681,530.2201,1.2559,25.59
0505,03190000,745.9166,747.6873,1.0024,0.24
0505,03190307,0.5439,945.068,1737.5848,173658.48
0505,03190400,945.3457,945.068,0.9997,-0.03
0505,03191000,3136.4756,3347.5308,1.0673,6.73
0505,03191500,105.4125,135.7491,1.2878,28.78
0505,03191982,3403.2444,3676.6776,1.0803,8.03
0505,03192000,3408.4244,3676.6776,1.0787,7.87
0505,03192200,119.3985,223.6757,1.8734,87.34
0505,03192500,3633.7533,3676.6776,1.0118,1.18
0505,03193000,21717.0503,21826.1585,1.005,0.5
0505,03193742,22354.1874,22500.9489,1.0066,0.66
0505,03193770,22431.887,22500.9489,1.0031,0.31
0505,03193776,2.3828,22642.2734,9502.4246,950142.46
0505,03193778,3.7296,22642.2734,6070.9935,606999.35
0505,03193830,4.403,140.5193,31.9146,3091.46
0505,03194000,442.888,623.6283,1.4081,40.81
0505,03194500,624.1871,696.0903,1.1152,11.52
0505,03194700,688.9368,696.0903,1.0104,1.04
0505,03195000,725.1967,1300.9928,1.794,79.4
0505,03195100,134.1614,164.0407,1.2227,22.27
0505,03195250,120.1754,141.4232,1.1768,17.68
0505,03195500,1403.7736,1532.6277,1.0918,9.18
0505,03195600,16.4982,1532.6277,92.8965,9189.65
0505,03196000,1497.0131,1532.6277,1.0238,2.38
0505,03196100,125.6144,125.5842,0.9998,-0.02
0505,03196500,321.1585,367.9489,1.1457,14.57
0505,03196600,1945.0811,367.9489,0.1892,-81.08
0505,03196750,292.6687,293.2994,1.0022,0.22
0505,03196800,2569.2682,2691.6526,1.0476,4.76
0505,03197000,2965.5364,3665.1839,1.2359,23.59
0505,03197062,0.4662,49.2073,105.5504,10455.04
0505,03197440,71.7427,76.9191,1.0722,7.22
0505,03197500,3338.4947,3665.1839,1.0979,9.79
0505,03197680,3460.2241,3665.1839,1.0592,5.92
0505,03197790,113.1825,130.9546,1.157,15.7
0505,03197937,3936.7819,3968.4027,1.008,0.8
0505,03197950,3967.8618,3968.4027,1.0001,0.01
0505,03198000,27099.0456,29427.0511,1.0859,8.59
0505,03198020,7.0707,122.0006,17.2545,1625.45
0505,03198022,12.2506,122.0006,9.9587,895.87
0505,03198350,163.9462,164.183,1.0014,0.14
0505,03198450,20.0724,1024.3584,51.0332,5003.32
0505,03198500,1010.0954,1024.3584,1.0141,1.41
0505,03198550,1149.9547,2147.4233,1.8674,86.74
0505,03198690,114.4775,214.6329,1.8749,87.49
0505,03199000,696.7068,931.0081,1.3363,33.63
0505,03199300,31.5979,931.0081,29.4643,2846.43
0505,03199320,34.4468,931.0081,27.0274,2602.74
0505,03199400,823.6162,931.0081,1.1304,13.04
0505,03199500,968.6556,992.9271,1.0251,2.51
0505,03199700,2165.2301,2250.3913,1.0393,3.93
0505,03200000,2201.4899,2250.3913,1.0222,2.22
0505,03200500,2222.2098,2250.3913,1.0127,1.27
0505,03200650,29616.514,30431.6718,1.0275,2.75
0505,03201000,616.4172,737.1428,1.1959,19.59
0505,03201300,30585.1696,30751.8777,1.0055,0.55
0505,03201405,71.7427,198.5288,2.7672,176.72
0505,03201410,21.5228,65.6103,3.0484,204.84
0506,03217424,414.3981,458.0351,1.1053,10.53
0506,03217500,665.6269,958.4793,1.44,44.0
0506,03218000,187.5151,242.572,1.2936,29.36
0506,03218500,222.221,242.572,1.0916,9.16
0506,03219000,241.6459,291.8875,1.2079,20.79
0506,03219500,1468.5233,1713.0921,1.1665,16.65
0506,03219590,215.487,216.5517,1.0049,0.49
0506,03219600,0.3108,2457.7829,7907.9608,790696.08
0506,03219781,191.9181,245.4673,1.279,27.9
0506,03220000,461.0179,463.8097,1.0061,0.61
0506,03220510,2535.5984,2706.008,1.0672,6.72
0506,03221000,2538.1883,2706.008,1.0661,6.61
0506,03221646,2719.4875,4170.8684,1.5337,53.37
0506,03222500,127.9454,346.493,2.7081,170.81
0506,03223000,406.6281,542.55,1.3343,33.43
0506,03223425,98.1605,240.1247,2.4462,144.62
0506,03223500,160.0613,240.1247,1.5002,50.02
0506,03224000,65.7857,77.4109,1.1767,17.67
0506,03224500,255.6318,296.1268,1.1584,15.84
0506,03225500,1017.8653,1112.115,1.0926,9.26
0506,03226000,1090.385,1112.115,1.0199,1.99
0506,03226500,1152.5447,1238.7833,1.0748,7.48
0506,03226800,1287.2241,1318.1726,1.024,2.4
0506,03226865,4.2735,1318.1726,308.4541,30745.41
0506,03226870,5.2577,1318.1726,250.7139,24971.39
0506,03226872,6.475,1318.1726,203.5797,20257.97
0506,03226875,0.5698,1401.0425,2458.8433,245784.33
0506,03226885,1341.6138,1401.0425,1.0443,4.43
0506,03227107,1380.4637,1401.0425,1.0149,1.49
0506,03227200,4177.6508,4311.0977,1.0319,3.19
0506,03227500,4219.0906,4311.0977,1.0218,2.18
0506,03228000,28.4899,63.8263,2.2403,124.03
0506,03228039,4392.6198,5867.8831,1.3359,33.59
0506,03228300,261.5888,367.4896,1.4048,40.48
0506,03228500,492.0977,608.975,1.2375,23.75
0506,03228560,73.0377,78.6912,1.0774,7.74
0506,03228689,119.1395,126.5822,1.0625,6.25
0506,03228750,168.0902,168.3381,1.0015,0.15
0506,03228805,315.9785,381.0555,1.206,20.6
0506,03229000,489.5078,518.0905,1.0584,5.84
0506,03229500,1408.9535,1443.9001,1.0248,2.48
0506,03229610,5884.453,6015.8959,1.0223,2.23
0506,03229796,709.6567,738.7065,1.0409,4.09
0506,03230000,6832.3886,8277.3602,1.2115,21.15
0506,03230310,419.5781,461.9156,1.1009,10.09
0506,03230427,31.5979,98.3345,3.1121,211.21
0506,03230450,92.7216,98.3345,1.0605,6.05
0506,03230500,1383.0537,1438.5736,1.0401,4.01
0506,03230700,8331.9918,8501.8169,1.0204,2.04
0506,03230800,590.5173,644.8607,1.092,9.2
0506,03230900,717.4267,802.5365,1.1186,11.86
0506,03231000,862.466,1065.6808,1.2356,23.56
0506,03231500,9968.8642,12972.2082,1.3013,30.13
0506,03232000,644.907,1442.4245,2.2366,123.66
0506,03232300,541.3075,721.1146,1.3322,33.22
0506,03232470,1476.2932,1861.8168,1.2611,26.11
0506,03232500,362.5983,373.9755,1.0314,3.14
0506,03234000,2090.1204,2178.1096,1.0421,4.21
0506,03234300,2942.2265,2957.0515,1.005,0.5
0506,03234500,13289.229,14747.1191,1.1097,10.97
0506,03235000,29.7849,123.7478,4.1547,315.47
0506,03235500,3.4965,60.658,17.3483,1634.83
0506,03236000,740.7366,1435.8636,1.9384,93.84
0506,03236500,197.0981,640.9294,3.2518,225.18
0506,03236800,1429.6734,1435.8636,1.0043,0.43
0506,03237000,14895.0216,15101.8378,1.0139,1.39
0506,03237020,15115.1706,15747.4668,1.0418,4.18
0506,03237041,11.7326,181.9922,15.5116,1451.16
0506,03237060,20.9789,15929.7954,759.3245,75832.45
0507,03207845,10.8262,866.9161,80.0761,7907.61
0507,03207875,30.0439,866.9161,28.855,2785.5
0507,03207905,24.7344,947.5544,38.3092,3730.92
0507,03207915,1.813,947.5544,522.6469,52164.69
0507,03207925,6.2678,947.5544,151.1788,15017.88
0507,03207935,17.3529,947.5544,54.6049,5360.49
0507,03207940,4.3512,1029.6368,236.6339,23563.39
0507,03207962,2.1238,1029.6368,484.811,48381.1
0507,03207965,16.0579,1029.6368,64.1202,6312.02
0507,03208000,1015.2753,1029.6368,1.0141,1.41
0507,03209300,1434.8534,1604.6599,1.1183,11.83
0507,03209325,26.4179,60.7138,2.2982,129.82
0507,03209440,32.6339,85.9278,2.6331,163.31
0507,03209500,3190.8654,3300.1283,1.0342,3.42
0507,03209800,4408.1598,4453.571,1.0103,1.03
0507,03210000,145.8163,257.155,1.7636,76.36
0507,03210040,38.3318,257.155,6.7087,570.87
0507,03210160,9.6866,477.5118,49.2963,4829.63
0507,03210310,52.8358,99.4277,1.8818,88.18
0507,03210420,16.0838,477.5118,29.6889,2868.89
0507,03210500,510.2277,581.1203,1.1389,13.89
0507,03211500,533.5376,581.1203,1.0892,8.92
0507,03212000,266.7688,437.2216,1.639,63.9
0507,03212500,5552.9345,5695.5987,1.0257,2.57
0507,03212515,5.439,5695.5987,1047.1824,104618.24
0507,03213594,4.144,292.9053,70.6821,6968.21
0507,03213630,2.1238,292.9053,137.9163,13691.63
0507,03213700,2424.2289,3086.7368,1.2733,27.33
0507,03215000,10093.1837,10102.821,1.001,0.1
0507,03215410,205.2048,269.134,1.3115,31.15
0507,03215500,562.0274,576.4908,1.0257,2.57
0507,03207500,619.0072,745.0028,1.2035,20.35
0507,03207800,769.2265,866.9161,1.127,12.7
0507,03208034,7.3038,91.8921,12.5815,1158.15
0507,03208036,3.2116,91.8921,28.6127,2761.27
0507,03208040,26.4179,91.8921,3.4784,247.84
0507,03208100,227.142,398.1381,1.7528,75.28
0507,03208500,740.7366,780.0546,1.0531,5.31
0507,03208700,47.9148,94.631,1.975,97.5
0507,03208800,95.0526,162.6301,1.7109,71.09
0507,03208850,158.5073,162.6301,1.026,2.6
0507,03208900,208.235,315.9841,1.5174,51.74
0507,03208950,172.2342,231.8081,1.3459,34.59
0507,03209000,572.3874,582.3528,1.0174,1.74
0507,03209200,1362.3337,1604.6599,1.1779,17.79
0507,03213577,1.554,166.3752,107.063,10606.3
0507,03213590,218.854,292.9053,1.3384,33.84
0507,03202240,21.8854,248.1421,11.3382,1033.82
0507,03202245,12.6132,91.5795,7.2606,626.06
0507,03202255,18.363,674.1607,36.713,3571.3
0507,03202260,6.9671,674.1607,96.7639,9576.39
0507,03202262,7.2002,674.1607,93.6313,9263.13
0507,03202300,675.9869,1288.596,1.9062,90.62
0507,03202310,16.291,52.233,3.2062,220.62
0507,03202400,795.1263,1288.596,1.6206,62.06
0507,03202480,18.9328,110.5779,5.8405,484.05
0507,03202490,106.9665,110.5779,1.0338,3.38
0507,03202695,17.3529,146.0279,8.4152,741.52
0507,03202750,326.3385,333.26,1.0212,2.12
0507,03202900,1323.4839,1595.7592,1.2057,20.57
0507,03202915,1385.6436,1595.7592,1.1516,15.16
0507,03202928,103.5995,106.0125,1.0233,2.33
0507,03203000,1965.801,1963.9606,0.9991,-0.09
0507,03203600,2157.4601,2432.5146,1.1275,12.75
0507,03203670,28.2309,117.6712,4.1682,316.82
0507,03203700,269.3588,272.754,1.0126,1.26
0507,03204000,3172.7354,3169.7116,0.999,-0.1
0507,03204200,3390.2944,4348.4249,1.2826,28.26
0507,03204205,0.4662,91.2733,195.7823,19478.23
0507,03204210,1.3727,91.2733,66.4921,6549.21
0507,03204215,5.5685,91.2733,16.3911,1539.11
0507,03204220,43.7708,91.2733,2.0853,108.53
0507,03204346,99.1965,131.7495,1.3282,32.82
0507,03204500,663.037,703.5368,1.0611,6.11
0507,03205000,821.0262,885.0751,1.078,7.8
0507,03212558,3.5742,118.3992,33.1262,3212.62
0507,03212567,0.8547,118.3992,138.5279,13752.79
0507,03212580,4.6102,229.5025,49.7817,4878.17
0507,03212585,3.2116,229.5025,71.4608,7046.08
0507,03212600,222.221,229.5025,1.0328,3.28
0507,03212640,2.1756,103.8781,47.7471,4674.71
0507,03212700,180.7812,189.4374,1.0479,4.79
0507,03212703,1.554,189.4374,121.9037,12090.37
0507,03212750,450.6579,570.7735,1.2665,26.65
0507,03212980,541.3075,595.314,1.0998,9.98
0507,03212985,582.7473,595.314,1.0216,2.16
0507,03213000,1302.764,1446.6081,1.1104,11.04
0507,03213495,1.3727,116.3623,84.7693,8376.93
0507,03213500,80.2896,116.3623,1.4493,44.93
0507,03213620,2015.0107,2021.7314,1.0033,0.33
0507,03213800,242.6819,367.6849,1.5151,51.51
0507,03214000,3076.9059,3086.7368,1.0032,0.32
0507,03214500,3307.4148,3455.517,1.0448,4.48
0507,03214900,3895.3421,4028.0114,1.0341,3.41
0508,03274650,26.9359,77.4638,2.8759,187.59
0508,03274750,152.0323,526.3142,3.4619,246.19
0508,03274950,23.7243,120.0626,5.0607,406.07
0508,03275000,1370.1037,1372.8478,1.002,0.2
0508,03275500,313.3886,348.5685,1.1123,11.23
0508,03275600,517.9976,561.3374,1.0837,8.37
0508,03276000,984.1955,988.812,1.0047,0.47
0508,03276500,3170.1454,3404.848,1.074,7.4
0508,03260325,38.8498,56.2142,1.447,44.7
0508,03260450,123.0244,133.0247,1.0813,8.13
0508,03260502,258.7398,260.1793,1.0056,0.56
0508,03260600,339.2884,611.9733,1.8037,80.37
0508,03260700,94.0166,105.8274,1.1256,12.56
0508,03260706,104.6355,105.8274,1.0114,1.14
0508,03260800,153.0683,162.7419,1.0632,6.32
0508,03261000,1048.9452,1253.4844,1.195,19.5
0508,03261500,1401.1836,2158.7826,1.5407,54.07
0508,03261890,210.307,380.7984,1.8107,81.07
0508,03261950,393.6782,518.8284,1.3179,31.79
0508,03262000,665.6269,683.6558,1.0271,2.71
0508,03262500,2242.9297,2321.0047,1.0348,3.48
0508,03262700,2398.329,2678.9179,1.117,11.7
0508,03263000,2975.8963,6511.3896,2.188,118.8
0508,03263500,367.7783,395.1355,1.0744,7.44
0508,03264000,499.8677,519.0278,1.0383,3.83
0508,03264500,1131.8248,1370.5694,1.2109,21.09
0508,03265000,1302.764,1370.5694,1.052,5.2
0508,03266000,1683.4923,1685.4051,1.0011,0.11
0508,03266500,18.9328,144.2852,7.6209,662.09
0508,03266560,94.7936,144.2852,1.5221,52.21
0508,03267000,419.5781,746.0723,1.7781,77.81
0508,03267500,683.7569,746.0723,1.0911,9.11
0508,03267600,62.1597,62.8825,1.0116,1.16
0508,03267700,47.1378,47.7276,1.0125,1.25
0508,03267800,795.1263,1201.4386,1.511,51.1
0508,03267900,802.8963,1201.4386,1.4964,49.64
0508,03267950,78.9946,79.1137,1.0015,0.15
0508,03267960,74.3327,74.4925,1.0022,0.22
0508,03268000,169.1262,316.904,1.8738,87.38
0508,03268100,2473.4386,316.904,0.1281,-87.19
0508,03268500,101.5275,100.8207,0.993,-0.7
0508,03269000,360.0083,364.2559,1.0118,1.18
0508,03269500,1269.0942,1365.1301,1.0757,7.57
0508,03269817,1507.3731,1645.7529,1.0918,9.18
0508,03270000,1644.6425,1645.7529,1.0007,0.07
0508,03270400,6500.8702,6832.97,1.0511,5.11
0508,03270500,6503.4601,6832.97,1.0507,5.07
0508,03270800,58.7927,121.2733,2.0627,106.27
0508,03271000,177.9322,182.6431,1.0265,2.65
0508,03271207,6746.919,6832.97,1.0128,1.28
0508,03271300,48.4328,70.322,1.4519,45.19
0508,03271500,7021.4578,8062.6769,1.1483,14.83
0508,03271510,7026.6377,8062.6769,1.1474,14.74
0508,03271601,7031.8177,8062.6769,1.1466,14.66
0508,03271620,7062.8976,8062.6769,1.1416,14.16
0508,03271800,510.2277,703.4849,1.3788,37.88
0508,03272000,712.2467,820.2249,1.1516,15.16
0508,03272100,8117.0227,8269.0406,1.0187,1.87
0508,03272700,178.7092,240.5573,1.3461,34.61
0508,03272800,310.7986,355.2054,1.1429,14.29
0508,03273000,349.6484,355.2054,1.0159,1.59
0508,03273500,795.1263,816.6552,1.0271,2.71
0508,03274000,9401.6568,9803.3949,1.0427,4.27
0508,03274166,230.2499,280.5557,1.2185,21.85
0508,03274500,9813.465,9878.1272,1.0066,0.66
0508,03274615,9940.3744,13869.4584,1.3953,39.53
0509,03276650,269.6955,275.9262,1.0231,2.31
0509,03276700,98.6785,172.1104,1.7442,74.42
0509,03277000,642.3171,714.7265,1.1127,11.27
0509,03216000,157341.7777,5010.8902,0.0318,-96.82
0509,03216400,660.447,676.3071,1.024,2.4
0509,03216500,1035.9952,1080.4087,1.0429,4.29
0509,03216540,31.5979,84.4424,2.6724,167.24
0509,03216800,154.3633,191.4362,1.2402,24.02
0509,03217000,626.7771,627.0368,1.0004,0.04
0509,03237900,58.0157,87.0187,1.4999,49.99
0509,03238000,181635.8662,12404.3515,0.0683,-93.17
0509,03238140,10.9815,19482.7373,1774.1337,177313.37
0509,03238745,101.0095,119.4591,1.1827,18.27
0509,03238772,8.029,45.6497,5.6856,468.56
0509,03238785,25.4078,45.6497,1.7967,79.67
0509,03238798,45.5838,45.6497,1.0014,0.14
0509,03260015,16.55,20061.3888,1212.1667,121116.67
0509,03260050,33.1518,20061.3888,605.1364,60413.64
0509,03260100,10.4377,20061.3888,1922.0212,192102.12
0509,03262001,62.6777,85.7405,1.368,36.8
0509,03277075,94.7936,151.3501,1.5966,59.66
0509,03277130,94.2756,104.1842,1.1051,10.51
0509,03277200,215409.3111,22676.0725,0.1053,-89.47
0509,03201535,1.3727,52.1014,37.9556,3695.56
0509,03201555,111.6285,240.3511,2.1531,115.31
0509,03201600,2.5382,351.5227,138.4935,13749.35
0509,03201630,1.1914,351.5227,295.0514,29405.14
0509,03201660,1.8907,351.5227,185.9228,18492.28
0509,03201700,2.6159,351.5227,134.3799,13337.99
0509,03201720,0.5698,351.5227,616.9257,61592.57
0509,03201800,12.924,351.5227,27.1991,2619.91
0509,03201902,530.9476,753.1306,1.4185,41.85
0509,03201929,8.8319,942.7118,106.7399,10573.99
0509,03201947,40.9218,44.9318,1.098,9.8
0509,03201980,258.2218,327.6534,1.2689,26.89
0509,03201988,398.8582,400.9057,1.0051,0.51
0509,03202000,1515.143,1614.1386,1.0653,6.53
0509,03205470,782.1764,866.257,1.1075,10.75
0509,03205500,867.646,923.4149,1.0643,6.43
0509,03216070,157536.0268,7234.9431,0.0459,-95.41
0509,03217200,162651.2533,9407.5218,0.0578,-94.22
0509,03237280,31.5979,44.7372,1.4158,41.58
0509,03237500,1002.3254,1125.4745,1.1229,12.29
0509,03238495,538.7175,562.4926,1.0441,4.41
0509,03238500,564.6174,608.7437,1.0782,7.82
0509,03239000,126.6504,230.6645,1.8213,82.13
0509,03239500,74.8507,92.5175,1.236,23.6
0509,03240000,334.1085,333.2943,0.9976,-0.24
0509,03240500,74.8507,80.2245,1.0718,7.18
0509,03241000,44.2888,52.8764,1.1939,19.39
0509,03241500,163.6872,222.56,1.3597,35.97
0509,03242000,934.9857,1702.2193,1.8206,82.06
0509,03242050,947.9356,1702.2193,1.7957,79.57
0509,03242150,184.9252,476.4997,2.5767,157.67
0509,03242200,201.5011,244.9089,1.2154,21.54
0509,03242300,541.3075,627.0158,1.1583,15.83
0509,03242350,619.0072,627.0158,1.0129,1.29
0509,03242500,1761.1919,2458.3489,1.3958,39.58
0509,03243000,57.4977,125.1426,2.1765,117.65
0509,03243500,82.8796,138.8968,1.6759,67.59
0509,03244000,567.2074,677.9112,1.1952,19.52
0509,03244936,141.1544,153.8033,1.0896,8.96
0509,03245500,3115.7557,4422.2459,1.4193,41.93
0509,03246000,236.7249,391.2128,1.6526,65.26
0509,03246200,505.0477,613.1086,1.214,21.4
0509,03246500,613.8272,667.5913,1.0876,8.76
0509,03247000,854.6961,931.3222,1.0897,8.97
0509,03247041,885.7759,931.3222,1.0514,5.14
0509,03247050,911.6758,931.3222,1.0215,2.15
0509,03247400,30.5619,1294.5867,42.3596,4135.96
0509,03247500,1232.8343,1294.5867,1.0501,5.01
0509,03248000,4436.6496,4508.3592,1.0162,1.62
0509,03255000,198341.2895,20061.3888,0.1011,-89.89
0509,03255300,109.8155,298.7606,2.7206,172.06
0509,03255349,129.4994,298.7606,2.307,130.7
0509,03255390,13.96,298.7606,21.4011,2040.11
0509,03255420,158.2483,298.7606,1.8879,88.79
0509,03255500,189.0691,298.7606,1.5802,58.02
0509,03256000,20.4609,93.8334,4.586,358.6
0509,03257000,77.4406,93.8334,1.2117,21.17
0509,03257500,83.3976,93.8334,1.1251,12.51
0509,03258000,92.2036,93.8334,1.0177,1.77
0509,03259000,297.8486,376.3946,1.2637,26.37
0509,03259198,10.0492,376.3946,37.4553,3645.53
0509,03259500,349.6484,376.3946,1.0765,7.65
0509,03259757,16.291,437.5955,26.8611,2586.11
0509,03259813,24.6308,437.5955,17.7662,1676.62
0509,391035084344300,0.3626,437.5955,1206.8326,120583.26
0509,391040084343800,0.7252,437.5955,603.4163,60241.63
0509,391040084344200,0.5957,437.5955,734.5937,73359.37
0509,391043084343500,0.6993,437.5955,625.765,62476.5
0509,391059084342600,0.2072,437.5955,2111.957,211095.7
0509,391059084345500,0.2849,437.5955,1535.9687,153496.87
0509,03206000,144795.8753,4922.2145,0.034,-96.6
0509,03206500,55.9437,60.5429,1.0822,8.22
0509,03206600,98.4195,220.8652,2.2441,124.41
0509,03206790,357.4184,444.6091,1.2439,24.39
0509,03206800,360.0083,444.6091,1.235,23.5
0509,03206980,279.7187,297.3082,1.0629,6.29
0509,03207000,751.0966,823.7964,1.0968,9.68
0509,03207020,776.9964,823.7964,1.0602,6.02
0509,03207057,206.6811,216.7819,1.0489,4.89
0509,03207061,1041.1752,1145.0277,1.0997,9.97
0510,03248300,277.1287,605.1546,2.1837,118.37
0510,03248500,362.5983,605.1546,1.6689,66.89
0510,03249000,1849.2515,2135.284,1.1547,15.47
0510,03249500,2141.9202,2899.8525,1.3539,35.39
0510,03249505,2152.2801,2899.8525,1.3473,34.73
0510,03250000,123.0244,484.6383,3.9394,293.94
0510,03250100,219.372,268.6702,1.2247,22.47
0510,03250190,218.854,335.5206,1.5331,53.31
0510,03250320,10.3859,303.3937,29.2122,2821.22
0510,03250322,10.878,303.3937,27.8907,2689.07
0510,03250500,4623.1288,4675.4481,1.0113,1.13
0510,03251000,308.2086,340.4517,1.1046,10.46
0510,03251200,585.3373,590.3482,1.0086,0.86
0510,03251500,6024.3123,6050.041,1.0043,0.43
0510,03252000,619.0072,643.0735,1.0389,3.89
0510,03252300,398.8582,488.4778,1.2247,22.47
0510,03252500,1608.3826,1713.0111,1.0651,6.51
0510,03253000,2369.8391,2403.0292,1.014,1.4
0510,03253500,8546.9608,8558.1849,1.0013,0.13
0510,03254000,8767.1098,9122.9793,1.0406,4.06
0510,03254400,35.2238,311.4389,8.8417,784.17
0510,03254480,46.6198,85.8358,1.8412,84.12
0510,03254500,9165.9679,9319.5923,1.0168,1.68
0510,03254520,9305.8273,9319.5923,1.0015,0.15
0510,03254550,77.6996,150.784,1.9406,94.06
0510,03254695,15.0478,9608.4224,638.5254,63752.54
0510,03277300,171.9752,191.5665,1.1139,11.39
0510,03277400,105.9305,128.9169,1.217,21.7
0510,03277450,156.9533,164.8969,1.0506,5.06
0510,03277500,1206.9345,1325.4296,1.0982,9.82
0510,03278000,5.7239,117.6031,20.5461,1954.61
0510,03278500,458.4279,637.3592,1.3903,39.03
0510,03279000,484.3278,637.3592,1.316,31.6
0510,03279500,396.2682,104.4041,0.2635,-73.65
0510,03280000,2851.5769,2938.3876,1.0304,3.04
0510,03280500,3351.4446,3391.606,1.012,1.2
0510,03280600,523.1776,542.2963,1.0365,3.65
0510,03280700,158.7663,197.7352,1.2454,24.54
0510,03280900,1087.795,1105.7456,1.0165,1.65
0510,03280902,1090.385,1105.7456,1.0141,1.41
0510,03281000,1390.8236,1448.6197,1.0416,4.16
0510,03281040,401.4482,457.3509,1.1393,13.93
0510,03281100,422.1681,425.524,1.0079,0.79
0510,03281500,1869.9714,1938.4401,1.0366,3.66
0510,03282000,6881.5984,7172.0432,1.0422,4.22
0510,03282040,200.2061,287.5926,1.4365,43.65
0510,03282060,7210.5269,7293.6316,1.0115,1.15
0510,03282100,25.7445,193.8864,7.5312,653.12
0510,03282120,7552.4053,8203.7882,1.0862,8.62
0510,03282290,8337.1717,9662.5608,1.159,15.9
0510,03282500,170.4212,178.5839,1.0479,4.79
0510,03283000,62.1597,81.9097,1.3177,31.77
0510,03283500,937.5757,938.6665,1.0012,0.12
0510,03283827,144.2105,175.9435,1.22,22.0
0510,03284000,10243.403,10264.8115,1.0021,0.21
0510,03284230,10621.5412,11453.8425,1.0784,7.84
0510,03284300,74.0737,135.9725,1.8356,83.56
0510,03284525,2.4864,54.1345,21.7723,2077.23
0510,03284533,50.4789,54.1345,1.0724,7.24
0510,03284550,28.4899,57.5693,2.0207,102.07
0510,03284552,39.0829,57.5693,1.473,47.3
0510,03284580,258.9988,259.213,1.0008,0.08
0510,03285000,823.6162,871.3969,1.058,5.8
0510,03285280,7.252,1032.3694,142.3572,14135.72
0510,03285320,4.403,1032.3694,234.4706,23347.06
0510,03285325,10.878,1032.3694,94.9048,9390.48
0510,03285330,19.9429,1032.3694,51.7662,5076.62
0510,03285335,21.2379,1032.3694,48.6098,4760.98
0510,03285500,1023.0453,1144.4527,1.1187,11.87
0510,03286200,1137.0048,1144.4527,1.0066,0.66
0510,03286500,13043.1801,13156.9973,1.0087,0.87
0510,03287000,12952.5305,13423.0946,1.0363,3.63
0510,03287250,13242.6092,13595.4081,1.0266,2.66
0510,03287500,13706.2171,14107.9323,1.0293,2.93
0510,03287590,10.4895,120.4981,11.4875,1048.75
0510,03287600,55.6847,120.4981,2.1639,116.39
0510,03288000,287.4887,345.5113,1.2018,20.18
0510,03288100,380.7283,559.174,1.4687,46.87
0510,03288180,14.3485,117.664,8.2004,720.04
0510,03288190,11.9916,117.664,9.8122,881.22
0510,03288500,4.9987,147.1511,29.438,2843.8
0510,03289000,54.9077,147.1511,2.68,168.0
0510,03289193,24.7862,113.3041,4.5713,357.13
0510,03289200,77.6996,113.3041,1.4582,45.82
0510,03289300,271.9488,376.8867,1.3859,38.59
0510,03289500,1042.2112,1294.2154,1.2418,24.18
0510,03290000,14.5816,15511.5655,1063.7742,106277.42
0510,03290500,15498.4889,16066.8931,1.0367,3.67
0510,03291000,111.1105,230.0871,2.0708,107.08
0510,03291500,1131.8248,1212.71,1.0715,7.15
0511,03304500,5.5426,58.8384,10.6157,961.57
0511,03305000,58.0157,58.8384,1.0142,1.42
0511,03305500,94.0166,116.1722,1.2357,23.57
0511,03306000,1766.3719,1767.9266,1.0009,0.09
0511,03306500,1906.2312,2689.5839,1.4109,41.09
0511,03307000,448.0679,564.8885,1.2607,26.07
0511,03307100,637.1371,688.5004,1.0806,8.06
0511,03307260,49.9868,82.5977,1.6524,65.24
0511,03307500,47.3968,66.0956,1.3945,39.45
0511,03308500,3866.8522,4354.6744,1.1262,12.62
0511,03309000,3985.9917,5212.3651,1.3077,30.77
0511,03309500,13.8305,265.2265,19.1769,1817.69
0511,03310000,98.7303,265.2265,2.6864,168.64
0511,03310300,621.5971,956.9185,1.5395,53.95
0511,03310400,140.8954,229.3733,1.628,62.8
0511,03310500,979.0155,1662.6323,1.6983,69.83
0511,03311000,1243.1943,1879.5875,1.5119,51.19
0511,03311500,5599.5543,7268.2029,1.298,29.8
0511,03311600,28.2309,7268.2029,257.4559,25645.59
0511,03312000,79.7716,122.7135,1.5383,53.83
0511,03312500,1331.2539,1604.0997,1.205,20.5
0511,03312765,128.4634,177.6431,1.3828,38.28
0511,03313000,2240.3397,2491.6017,1.1122,11.22
0511,03313500,19.3472,47.5364,2.457,145.7
0511,03313700,235.6889,418.6248,1.7762,77.62
0511,03314000,927.2157,1296.0024,1.3977,39.77
0511,03314500,3527.5638,5090.4513,1.4431,44.31
0511,03314670,122.5064,198.0069,1.6163,61.63
0511,03314675,141.6723,198.0069,1.3976,39.76
0511,03315000,3625.9834,5862.5902,1.6168,61.68
0511,03315500,10476.5019,14226.4508,1.3579,35.79
0511,03316000,211.084,269.4113,1.2763,27.63
0511,03316275,694.1168,966.1521,1.3919,39.19
0511,03316500,12892.9608,16381.3048,1.2706,27.06
0511,03317000,413.3621,636.2461,1.5392,53.92
0511,03317500,58.5337,134.0489,2.2901,129.01
0511,03318000,893.5459,1481.0739,1.6575,65.75
0511,03318010,898.7259,1481.0739,1.648,64.8
0511,03318200,52.0588,112.5926,2.1628,116.28
0511,03318500,1028.2253,1481.0739,1.4404,44.04
0511,03318800,321.1585,394.5924,1.2287,22.87
0511,03319000,1652.4124,2133.3138,1.291,29.1
0511,03319500,2110.8403,2133.3138,1.0106,1.06
0511,03319600,2002.0608,2629.9518,1.3136,31.36
0511,03320000,15622.8083,19589.689,1.2539,25.39
0511,03320500,502.4577,779.2821,1.5509,55.09
0511,03321000,896.1359,912.0998,1.0178,1.78
0511,03321060,1178.4446,1302.2566,1.1051,10.51
0511,03321350,150.7373,265.5731,1.7618,76.18
0511,03321500,23778.6808,23902.0202,1.0052,0.52
0511,03312255,32.6339,307.0133,9.4078,840.78
0512,03336500,90.6496,95.6791,1.0555,5.55
0512,03336645,1118.8749,1164.0305,1.0404,4.04
0512,03336890,105.4125,111.2028,1.0549,5.49
0512,03336900,347.0584,366.2878,1.0554,5.54
0512,03336998,10.878,174.0405,15.9994,1499.94
0512,03337000,11.5513,174.0405,15.0667,1406.67
0512,03337100,12.3801,174.0405,14.058,1305.8
0512,03337500,176.1192,230.8051,1.3105,31.05
0512,03337570,194.5081,230.8051,1.1866,18.66
0512,03338000,880.596,1188.8846,1.3501,35.01
0512,03338500,2481.2086,2530.8078,1.02,2.0
0512,03338780,678.5769,723.629,1.0664,6.64
0512,03339000,3341.0847,3595.979,1.0763,7.63
0512,03343400,481.7378,494.4143,1.0263,2.63
0512,03343500,1341.6138,1878.6139,1.4003,40.03
0512,03343550,1403.7736,1878.6139,1.3383,33.83
0512,03343805,23.3099,264.9051,11.3645,1036.45
0512,03343820,71.7427,264.9051,3.6924,269.24
0512,03344000,2380.1991,3222.827,1.354,35.4
0512,03344500,19.7098,90.4443,4.5888,358.88
0512,03345000,3600.0835,3866.3818,1.074,7.4
0512,03345500,3926.422,3928.8214,1.0006,0.06
0512,03346000,823.6162,823.5254,0.9999,-0.01
0512,03346500,6042.4423,6305.029,1.0435,4.35
0512,03377500,74164.3095,71713.1881,0.967,-3.3
0512,03378000,590.5173,590.3477,0.9997,-0.03
0512,03378635,621.5971,621.9245,1.0005,0.05
0512,03378900,1929.5411,2107.0516,1.092,9.2
0512,03379500,2929.2766,3013.7963,1.0289,2.89
0512,03380000,4641.2587,4877.2795,1.0509,5.09
0512,03380350,538.7175,541.5473,1.0053,0.53
0512,03380475,251.7468,261.7559,1.0398,3.98
0512,03380500,1201.7545,1567.5925,1.3044,30.44
0512,03381495,7997.8833,8031.1963,1.0042,0.42
0512,03381500,8034.1431,8169.8379,1.0169,1.69
0512,03322500,678.5769,824.2328,1.2146,21.46
0512,03322900,1173.2646,1291.2077,1.1005,10.05
0512,03322985,1315.714,1494.8683,1.1362,13.62
0512,03323000,1377.8737,1564.661,1.1356,13.56
0512,03323500,1867.3814,2967.9053,1.5893,58.93
0512,03323587,37.2958,133.5424,3.5806,258.06
0512,03324000,681.1669,704.5984,1.0344,3.44
0512,03324095,2843.8069,2967.9053,1.0436,4.36
0512,03324112,2926.6866,3067.8727,1.0482,4.82
0512,03324200,221.703,292.5281,1.3195,31.95
0512,03324300,1100.7449,1105.9548,1.0047,0.47
0512,03324500,1442.6234,1450.3006,1.0053,0.53
0512,03325000,4579.099,4773.1135,1.0424,4.24
0512,03325311,25.0452,53.9767,2.1552,115.52
0512,03325500,344.4684,493.7721,1.4334,43.34
0512,03325519,365.1883,493.7721,1.3521,35.21
0512,03326000,802.8963,849.5391,1.0581,5.81
0512,03326070,75.6277,120.2558,1.5901,59.01
0512,03326500,1766.3719,1847.9372,1.0462,4.62
0512,03327000,2092.7104,2114.137,1.0102,1.02
0512,03327500,6956.7081,7175.467,1.0314,3.14
0512,03327503,5.18,7175.467,1385.2317,138423.17
0512,03327507,28.7489,7175.467,249.5913,24859.13
0512,03327520,411.8081,410.3848,0.9965,-0.35
0512,03328000,1080.025,1141.0092,1.0565,5.65
0512,03328430,22.9732,60.0713,2.6148,161.48
0512,03328500,2043.5006,2113.3383,1.0342,3.42
0512,03329000,9787.5651,10147.8769,1.0368,3.68
0512,03329400,17.6896,42.9715,2.4292,142.92
0512,03329500,10538.6616,10667.5572,1.0122,1.22
0512,03329700,709.6567,785.0612,1.1063,10.63
0512,03330241,127.6864,294.1307,2.3035,130.35
0512,03330500,292.6687,294.1307,1.005,0.5
0512,03331110,50.7638,152.8819,3.0116,201.16
0512,03331224,12.2247,990.6164,81.0337,8003.37
0512,03331500,2217.0298,2257.0315,1.018,1.8
0512,03331753,2439.7688,2461.7843,1.009,0.9
0512,03332000,2820.4971,2866.6208,1.0164,1.64
0512,03332300,90.6496,100.0828,1.1041,10.41
0512,03332345,3325.5447,3344.9686,1.0058,0.58
0512,03332349,172.286,179.3057,1.0407,4.07
0512,03332400,393.6782,429.1054,1.09,9.0
0512,03332500,4485.8594,4634.2179,1.0331,3.31
0512,03332555,4558.3791,4634.2179,1.0166,1.66
0512,03332605,4636.0787,5043.2554,1.0878,8.78
0512,03333000,4830.3278,5043.2554,1.0441,4.41
0512,03333050,4840.6878,5043.2554,1.0418,4.18
0512,03333450,378.1383,462.7639,1.2238,22.38
0512,03333500,435.118,462.7639,1.0635,6.35
0512,03333600,63.9727,94.6458,1.4795,47.95
0512,03334000,1025.6353,1024.4053,0.9988,-0.12
0512,03334500,629.3671,961.5952,1.5279,52.79
0512,03335000,2056.4506,2082.9236,1.0129,1.29
0512,03335500,18821.4436,19386.4388,1.03,3.0
0512,03335671,30.5619,48.1079,1.5741,57.41
0512,033356725,46.6198,48.1079,1.0319,3.19
0512,03335673,44.8068,86.51,1.9307,93.07
0512,03335677,4.0922,53.3198,13.0297,1202.97
0512,03335678,72.0017,76.7464,1.0659,6.59
0512,033356786,56.2027,134.721,2.3971,139.71
0512,03335679,109.5565,134.721,1.2297,22.97
0512,033356848,445.478,502.4794,1.128,12.8
0512,03335690,102.0455,107.5452,1.0539,5.39
0512,03335700,836.5662,849.2741,1.0152,1.52
0512,03335960,27.0654,80.9384,2.9905,199.05
0512,03336000,21284.5223,21395.6802,1.0052,0.52
0512,03339108,86.5056,110.5567,1.278,27.8
0512,03339120,554.2575,686.0966,1.2379,23.79
0512,03339150,613.8272,635.9473,1.036,3.6
0512,03339273,489.2488,489.1432,0.9998,-0.02
0512,03339280,85.9876,127.8175,1.4865,48.65
0512,03339305,736.6703,772.5137,1.0487,4.87
0512,03339500,1326.0739,1502.7275,1.1332,13.32
0512,03340000,1735.292,1789.3979,1.0312,3.12
0512,03340500,28795.4878,28960.752,1.0057,0.57
0512,03340800,360.0083,450.3233,1.2509,25.09
0512,03340900,574.9774,692.9023,1.2051,20.51
0512,03341000,621.5971,692.9023,1.1147,11.47
0512,03341200,347.0584,398.5177,1.1483,14.83
0512,03341300,1160.3147,1201.2278,1.0353,3.53
0512,03341315,1225.0644,1345.5351,1.0983,9.83
0512,03341420,857.2861,857.0284,0.9997,-0.03
0512,03341470,4.9469,59.7813,12.0847,1108.47
0512,03341500,31766.2042,32152.4961,1.0122,1.22
0512,03341568,0.2849,48.9091,171.6719,17067.19
0512,03342000,34086.8335,35068.7764,1.0288,2.88
0512,03342100,43.2528,78.157,1.807,80.7
0512,03342110,7.0448,78.157,11.0943,1009.43
0512,03342150,37.2958,125.4918,3.3648,236.48
0512,03342167,0.5439,175.4261,322.5351,32153.51
0512,03342219,0.8288,46.95,56.6484,5564.84
0512,03342244,23.7243,90.8351,3.8288,282.88
0512,03342250,30.8209,90.8351,2.9472,194.72
0512,03342300,357.4184,361.5241,1.0115,1.15
0512,03342350,42.7348,54.0437,1.2646,26.46
0512,03342360,45.5838,54.0437,1.1856,18.56
0512,03342500,590.5173,660.941,1.1193,11.93
0512,03342800,12.7945,35189.4279,2750.347,274934.7
0512,03343000,35498.377,35189.4279,0.9913,-0.87
0512,03343010,35565.7167,35094.6158,0.9868,-1.32
0512,03347000,624.1871,945.7147,1.5151,51.51
0512,03347500,91.9446,259.2189,2.8193,181.93
0512,03348000,1051.5352,1049.7364,0.9983,-0.17
0512,03348020,66.0447,150.1378,2.2733,127.33
0512,03348100,253.3008,268.2602,1.0591,5.91
0512,03348130,1344.2038,1424.4056,1.0597,5.97
0512,03348350,292.6687,338.2302,1.1557,15.57
0512,033483827,59.4143,97.889,1.6476,64.76
0512,03348500,2144.5102,2158.894,1.0067,0.67
0512,03348502,2154.8701,2158.894,1.0019,0.19
0512,03349000,2222.2098,2979.5092,1.3408,34.08
0512,03349210,210.566,292.5153,1.3892,38.92
0512,03349500,339.2884,347.9388,1.0255,2.55
0512,03349510,339.2884,347.9388,1.0255,2.55
0512,03349700,104.6355,112.1411,1.0717,7.17
0512,03350000,461.0179,583.7676,1.2663,26.63
0512,03350100,47.9148,52.0517,1.0863,8.63
0512,03350500,557.6762,583.7676,1.0468,4.68
0512,03350655,45.3248,83.6692,1.846,84.6
0512,03350660,28.4899,83.6692,2.9368,193.68
0512,03350700,131.5714,147.8831,1.124,12.4
0512,03351000,3157.1955,3334.5769,1.0562,5.62
0512,03351005,3175.3254,3334.5769,1.0502,5.02
0512,03351007,0.6734,3334.5769,4951.8744,495087.44
0512,03351071,3206.4053,3334.5769,1.04,4.0
0512,03351072,42.2168,57.1138,1.3529,35.29
0512,03351201,3273.745,3334.5769,1.0186,1.86
0512,03351310,46.3608,51.4651,1.1101,11.01
0512,03351350,3348.8546,3334.5769,0.9957,-0.43
0512,03351400,15.0219,116.9856,7.7877,678.77
0512,03351500,437.708,477.4095,1.0907,9.07
0512,03351710,569.2276,832.8362,1.4631,46.31
0512,03352000,7.0966,832.8362,117.3576,11635.76
0512,033521504,26.6769,110.8498,4.1553,315.53
0512,03352200,109.8155,110.8498,1.0094,0.94
0512,03352500,771.8165,832.8362,1.0791,7.91
0512,03352875,821.0262,832.8362,1.0144,1.44
0512,03352953,4200.9607,4227.5242,1.0063,0.63
0512,03352988,25.2265,4227.5242,167.5828,16658.28
0512,03353000,4234.6306,5058.9788,1.1947,19.47
0512,03353120,19.6321,57.8192,2.9451,194.51
0512,03353160,26.1589,57.8192,2.2103,121.03
0512,03353180,11.3959,57.8192,5.0737,407.37
0512,033531908,2.3828,57.8192,24.2654,2326.54
0512,03353200,274.5387,368.7756,1.3433,34.33
0512,03353240,308.2086,368.7756,1.1965,19.65
0512,03353415,8.7801,419.7483,47.807,4680.7
0512,03353420,12.1729,419.7483,34.4821,3348.21
0512,03353430,19.1141,419.7483,21.9601,2096.01
0512,03353451,419.5781,545.0102,1.2989,29.89
0512,03353460,424.7581,545.0102,1.2831,28.31
0512,03353494,2.0202,545.0102,269.7815,26878.15
0512,03353500,450.6579,545.0102,1.2094,20.94
0512,03353551,16.2651,70.7409,4.3492,334.92
0512,03353560,10.619,70.7409,6.6618,566.18
0512,03353583,10.7485,70.7409,6.5815,558.15
0512,03353600,62.9367,70.7409,1.124,12.4
0512,03353601,12.924,70.7409,5.4736,447.36
0512,033536062,543.8975,545.0102,1.002,0.2
0512,03353611,4915.7974,5058.9788,1.0291,2.91
0512,03353620,40.4038,58.9693,1.4595,45.95
0512,03353630,14.8924,44.7638,3.0058,200.58
0512,03353633,0.6734,44.7638,66.4747,6547.47
0512,03353635,4.5584,44.7638,9.8201,882.01
0512,03353636,27.9719,44.7638,1.6003,60.03
0512,03353637,44.0298,44.7638,1.0167,1.67
0512,03353660,5234.366,5240.1377,1.0011,0.11
0512,03353670,74.3327,150.2137,2.0208,102.08
0512,03353700,74.3068,74.6588,1.0047,0.47
0512,03353800,549.0775,751.8301,1.3693,36.93
0512,03353885,61.1237,134.001,2.1923,119.23
0512,03353890,85.4696,134.001,1.5678,56.78
0512,03353910,124.3194,134.001,1.0779,7.79
0512,03354000,6329.9309,6530.7312,1.0317,3.17
0512,03354500,37.8138,81.2137,2.1477,114.77
0512,03355000,17.9745,136.5358,7.5961,659.61
0512,03356000,258.9988,326.6614,1.2612,26.12
0512,03356500,305.6186,326.6614,1.0689,6.89
0512,03357000,7738.8845,7823.5116,1.0109,1.09
0512,03357330,339.2884,373.9018,1.102,10.2
0512,03357350,7.77,422.946,54.4335,5343.35
0512,03357420,559.4374,593.7826,1.0614,6.14
0512,03357500,844.3361,859.31,1.0177,1.77
0512,03358000,634.5471,1001.3824,1.5781,57.81
0512,03359000,761.4565,1001.3824,1.3151,31.51
0512,03359500,152.8093,236.4573,1.5474,54.74
0512,03359980,67.0807,99.7623,1.4872,48.72
0512,03360000,2149.6901,2278.8656,1.0601,6.01
0512,03360109,6.993,119.545,17.095,1609.5
0512,03360125,5.1023,2926.5779,573.5828,57258.28
0512,03360500,12141.8643,12110.5356,0.9974,-0.26
0512,03360600,85.7286,92.2794,1.0764,7.64
0512,03360895,145.5573,174.0528,1.1958,19.58
0512,03361000,476.5578,508.93,1.0679,6.79
0512,03361109,20.4609,42.5581,2.08,108.0
0512,03361500,1090.385,1434.6434,1.3157,31.57
0512,03361617,253.3008,276.1516,1.0902,9.02
0512,03361630,128.9814,173.5709,1.3457,34.57
0512,03361632,143.2263,173.5709,1.2119,21.19
0512,03361638,7.2261,342.9783,47.464,4646.4
0512,03361650,243.1999,342.9783,1.4103,41.03
0512,03361850,204.0911,261.3176,1.2804,28.04
0512,03361872,711.7287,743.1756,1.0442,4.42
0512,03362000,277.1287,281.2876,1.015,1.5
0512,03362500,1227.6544,1229.4675,1.0015,0.15
0512,03363000,2745.3874,2917.2575,1.0626,6.26
0512,03363220,150.4783,318.1182,2.114,111.4
0512,03363400,435.118,502.9261,1.1558,15.58
0512,03363500,784.7664,997.5749,1.2712,27.12
0512,03363900,1383.0537,4564.9648,3.3006,230.06
0512,03364000,4421.1097,4564.9648,1.0325,3.25
0512,03364042,46.3608,66.1344,1.4265,42.65
0512,03364200,123.0244,146.6646,1.1922,19.22
0512,03364500,236.7249,241.8433,1.0216,2.16
0512,03364650,523.1776,531.1873,1.0153,1.53
0512,03365000,401.4482,412.3447,1.0271,2.71
0512,03365500,6063.1622,6098.4737,1.0058,0.58
0512,03365575,10.8003,6098.4737,564.6604,56366.04
0512,03366000,199.9471,295.94,1.4801,48.01
0512,03366200,24.1128,257.1303,10.6636,966.36
0512,03366500,758.8665,913.5179,1.2038,20.38
0512,03367000,929.8057,1294.2938,1.392,39.2
0512,03368000,29.5259,221.0196,7.4856,648.56
0512,03369000,222.48,292.4586,1.3145,31.45
0512,03369500,512.8176,584.829,1.1404,14.04
0512,03371500,9999.9441,10343.0634,1.0343,3.43
0512,03371520,62.4187,83.3038,1.3346,33.46
0512,03371600,98.7562,210.4372,2.1309,113.09
0512,03371650,197.0981,275.5215,1.3979,39.79
0512,03372000,310.7986,371.998,1.1969,19.69
0512,03372300,28.2309,432.4444,15.3181,1431.81
0512,03372500,1118.8749,1556.6817,1.3913,39.13
0512,03372700,16.5759,196.3738,11.8469,1084.69
0512,03373000,1484.0632,1556.6817,1.0489,4.89
0512,03373200,157.2123,244.1074,1.5527,55.27
0512,03373500,12760.8714,13139.3188,1.0297,2.97
0512,03373508,105.1535,135.3564,1.2872,28.72
0512,03373530,90.1316,114.3841,1.2691,26.91
0512,03373560,235.6889,630.3041,2.6743,167.43
0512,03373610,54.9077,113.3173,2.0638,106.38
0512,03373686,65.0087,88.7378,1.365,36.5
0512,03373700,743.3266,630.3041,0.848,-15.2
0512,03373980,28808.4378,28581.0205,0.9921,-0.79
0512,03374000,28813.6177,28581.0205,0.9919,-0.81
0512,03374100,29279.8156,29122.4032,0.9946,-0.54
0512,03374455,33.1518,72.8378,2.1971,119.71
0512,03374500,440.298,576.5214,1.3094,30.94
0512,03375500,678.5769,722.3265,1.0645,6.45
0512,03375800,56.4617,94.9175,1.6811,68.11
0512,03376000,903.9059,1222.2011,1.3521,35.21
0512,03376260,55.1667,55.2826,1.0021,0.21
0512,03376300,1561.7628,1559.2176,0.9984,-0.16
0512,03376350,110.8515,132.7893,1.1979,19.79
0512,03376500,2128.9702,2125.4514,0.9983,-0.17
0512,03376550,2149.6901,2166.5178,1.0078,0.78
0512,03378500,75715.7124,68740.5104,0.9079,-9.21
0512,03378550,269.3588,332.4906,1.2344,23.44
0512,03322485,292.6687,377.427,1.2896,28.96
0512,402913084285400,42.4758,48.2503,1.1359,13.59
0512,402958084363300,29.5259,50.1499,1.6985,69.85
0513,03400000,133.9024,157.3226,1.1749,17.49
0513,03400500,213.156,257.5107,1.2081,20.81
0513,03400800,144.5213,158.3803,1.0959,9.59
0513,03400986,308.2086,575.7452,1.868,86.8
0513,03400990,574.9774,575.7452,1.0013,0.13
0513,03401000,968.6556,1101.3231,1.137,13.7
0513,03401450,40.1448,145.7676,3.631,263.1
0513,03402000,156.9533,266.0962,1.6954,69.54
0513,03402500,1750.832,1753.6538,1.0016,0.16
0513,03402900,1994.2908,241.1849,0.1209,-87.91
0513,03403000,2095.3004,2113.9866,1.0089,0.89
0513,03403910,857.2861,865.6907,1.0098,0.98
0513,03404000,4162.1109,4344.187,1.0437,4.37
0513,03404500,5120.4065,5178.8719,1.0114,1.14
0513,03404820,362.5983,624.224,1.7215,72.15
0513,03404900,139.3414,158.9747,1.1409,14.09
0513,03405000,520.5876,624.224,1.1991,19.91
0513,03406000,10.0751,146.0458,14.4958,1349.58
0513,03406500,1564.3528,1653.227,1.0568,5.68
0513,03407000,1929.5411,1978.9996,1.0256,2.56
0513,03407100,1.7353,64.8826,37.39,3639.0
0513,03407300,2.2015,64.8826,29.4721,2847.21
0513,03407500,427.348,630.2629,1.4748,47.48
0513,03410500,2470.8487,2642.6643,1.0695,6.95
0513,03410590,154.8813,162.2744,1.0477,4.77
0513,03410600,2804.9571,2884.6213,1.0284,2.84
0513,03411000,3291.8749,3345.5403,1.0163,1.63
0513,03411500,12610.6521,12613.7789,1.0002,0.02
0513,03412000,68.1167,122.6107,1.8,80.0
0513,03412500,81.0666,122.6107,1.5125,51.25
0513,03413000,13807.2266,13806.3682,0.9999,-0.01
0513,03413200,112.4055,121.693,1.0826,8.26
0513,03414000,14996.0312,15106.5949,1.0074,0.74
0513,03414002,14996.0312,15106.5949,1.0074,0.74
0513,03414170,175.8602,224.6407,1.2774,27.74
0513,03435140,53.8718,73.6706,1.3675,36.75
0513,03437400,173.5292,150.7325,0.8686,-13.14
0513,03437480,48.5882,73.2858,1.5083,50.83
0513,03437495,92.9288,174.5852,1.8787,87.87
0513,03437500,120.4344,174.5852,1.4496,44.96
0513,03438000,631.9571,695.9635,1.1013,10.13
0513,03438070,78.9946,92.4342,1.1701,17.01
0513,03438220,45578.6108,39251.3292,0.8612,-13.88
0513,03403718,2.7713,173.8823,62.7442,6174.42
0513,03407804,11.1887,170.9782,15.2813,1428.13
0513,03407874,3.5742,86.8267,24.2927,2329.27
0513,03407875,1.7353,86.8267,50.0358,4903.58
0513,03407876,44.5478,86.8267,1.9491,94.91
0513,03407877,5.6721,86.8267,15.3078,1430.78
0513,03407881,1.7871,698.9461,391.1081,39010.81
0513,03407882,2.3828,698.9461,293.3311,29233.11
0513,03408000,813.2563,952.7367,1.1715,17.15
0513,03408500,989.3755,1025.5732,1.0366,3.66
0513,03408600,2.8749,90.0769,31.3323,3033.23
0513,03408810,0.6475,83.0584,128.2761,12727.61
0513,03408815,9.3758,83.0584,8.8588,785.88
0513,03409000,34.9648,266.9219,7.634,663.4
0513,03409400,253.8188,266.9219,1.0516,5.16
0513,03409500,704.4768,733.9462,1.0418,4.18
0513,03410000,3.1339,69.7925,22.2703,2127.03
0513,03410210,2087.5304,2140.1213,1.0252,2.52
0513,03414500,507.6377,682.1426,1.3438,34.38
0513,03415000,209.789,387.5746,1.8474,84.74
0513,03415500,1152.5447,1165.5054,1.0112,1.12
0513,03416000,274.5387,354.7539,1.2922,29.22
0513,03417000,2424.2289,2452.3428,1.0116,1.16
0513,03418000,133.6434,317.2164,2.3736,137.36
0513,03418188,714.8367,779.4265,1.0904,9.04
0513,03418224,174.5652,193.1837,1.1067,10.67
0513,03418500,287.4887,381.8012,1.3281,32.81
0513,03419000,261.5888,301.8236,1.1538,15.38
0513,03419500,282.3087,527.9339,1.8701,87.01
0513,03419530,406.6281,527.9339,1.2983,29.83
0513,03419800,453.2479,527.9339,1.1648,16.48
0513,03420000,287.4887,527.9339,1.8364,83.64
0513,03420185,406.6281,509.8826,1.2539,25.39
0513,03420200,279.7187,509.8826,1.8228,82.28
0513,03420500,326.3385,381.2609,1.1683,16.83
0513,03421000,1657.5924,2038.0954,1.2296,22.96
0513,03421500,1955.441,2038.0954,1.0423,4.23
0513,03422500,4346.0,4713.5061,1.0846,8.46
0513,03423000,118.8805,237.7798,2.0002,100.02
0513,03423152,321.1585,321.7117,1.0017,0.17
0513,03423400,88.8366,77.4605,0.8719,-12.81
0513,03424500,5653.944,6404.8932,1.1328,13.28
0513,03424730,554.2575,596.8334,1.0768,7.68
0513,03424860,6526.77,6690.2215,1.025,2.5
0513,03425000,27686.9729,28147.2204,1.0166,1.66
0513,03425290,165.7592,277.6235,1.6749,67.49
0513,03425500,91.4266,171.6053,1.877,87.7
0513,03425520,128.7224,171.6053,1.3331,33.31
0513,03425622,144.5213,194.7788,1.3478,34.78
0513,03425646,12.9499,119.2336,9.2073,820.73
0513,03426000,49.7278,118.1252,2.3754,137.54
0513,03426387,12.8722,121.1016,9.408,840.8
0513,03426460,2.6418,33199.1484,12566.9244,1256592.44
0513,03426470,19.7875,33199.1484,1677.7831,167678.31
0513,03426490,30393.5105,33199.1484,1.0923,9.23
0513,03426500,30393.5105,33199.1484,1.0923,9.23
0513,03426800,101.2685,306.2032,3.0237,202.37
0513,03427000,95.8296,102.6937,1.0716,7.16
0513,03427500,678.5769,740.2999,1.091,9.1
0513,03427690,25.0452,740.2999,29.5586,2855.86
0513,03428000,315.9785,667.0224,2.111,111.1
0513,03428043,45.5838,67.6496,1.4841,48.41
0513,03428180,440.298,667.0224,1.5149,51.49
0513,03428200,458.4279,667.0224,1.455,45.5
0513,03428500,502.4577,667.0224,1.3275,32.75
0513,03429000,1478.8832,2148.6151,1.4529,45.29
0513,03429500,160.8383,2148.6151,13.3589,1235.89
0513,03430100,2310.2694,2421.7481,1.0483,4.83
0513,03430118,18.9328,2421.7481,127.9127,12691.27
0513,03430147,53.3538,77.4271,1.4512,45.12
0513,03430200,2419.0489,2421.7481,1.0011,0.11
0513,03430250,32853.9992,33199.1484,1.0105,1.05
0513,03430320,32887.669,33199.1484,1.0095,0.95
0513,03430550,104.9722,150.8742,1.4373,43.73
0513,03430800,9.3499,150.8742,16.1365,1513.65
0513,03431000,165.7592,279.6656,1.6872,68.72
0513,03431040,31.5979,279.6656,8.8508,785.08
0513,03431060,241.9049,279.6656,1.1561,15.61
0513,03431062,3.0303,279.6656,92.2902,9129.02
0513,03431083,277.1287,279.6656,1.0092,0.92
0513,03431091,33201.0576,33486.6561,1.0086,0.86
0513,03431100,3.9109,33486.6561,8562.4306,856143.06
0513,03431300,30.5619,33486.6561,1095.7009,109470.09
0513,03431490,5.2059,33486.6561,6432.4727,643147.27
0513,03431500,33296.8871,33486.6561,1.0057,0.57
0513,034315005,33260.6273,33486.6561,1.0068,0.68
0513,03431514,33312.4271,33486.6561,1.0052,0.52
0513,03431517,6.216,164.4448,26.4552,2545.52
0513,03431530,35.7418,164.4448,4.6009,360.09
0513,03431599,132.8664,164.4448,1.2377,23.77
0513,03431600,133.6434,164.4448,1.2305,23.05
0513,03431700,62.9367,71.7114,1.1394,13.94
0513,03431712,33410.8466,33703.444,1.0088,0.88
0513,03431790,33972.874,36579.9978,1.0767,7.67
0513,03431800,251.7468,339.652,1.3492,34.92
0513,03432100,172.4932,276.3214,1.6019,60.19
0513,0343233905,473.7606,571.5798,1.2065,20.65
0513,03432350,455.8379,571.5798,1.2539,25.39
0513,034323531,2.3569,571.5798,242.5145,24151.45
0513,03432376,6.475,571.5798,88.2753,8727.53
0513,03432387,6.8894,571.5798,82.9655,8196.55
0513,03432390,26.6769,571.5798,21.426,2042.6
0513,03432400,543.8975,571.5798,1.0509,5.09
0513,034324146,551.6675,571.5798,1.0361,3.61
0513,03432500,173.2702,304.527,1.7575,75.75
0513,03432504,1.4763,73.6379,49.8803,4888.03
0513,034325065,3.6778,73.6379,20.0224,1902.24
0513,03432516,13.7269,73.6379,5.3645,436.45
0513,03432550,255.3728,304.527,1.1925,19.25
0513,03433500,1017.8653,1369.2393,1.3452,34.52
0513,03433640,4.1958,111.0163,26.459,2545.9
0513,03433641,5.6462,111.0163,19.6622,1866.22
0513,03434500,1727.5221,1864.8928,1.0795,7.95
0513,03434870,36674.2316,36824.639,1.0041,0.41
0513,03435000,36682.0016,36824.639,1.0039,0.39
0513,03435030,39.1088,182.3046,4.6615,366.15
0513,03435305,1421.9035,1492.4421,1.0496,4.96
0513,03435500,800.3063,2393.6196,2.9909,199.09
0513,03435770,146.5933,321.2674,2.1916,119.16
0513,03435970,53.0948,59.5485,1.1216,12.16
0513,03436000,427.348,557.4104,1.3043,30.43
0513,03436100,1284.6341,2524.615,1.9652,96.52
0513,03436420,130.0174,132.0313,1.0155,1.55
0513,03436426,328.9285,359.1342,1.0918,9.18
0513,03436690,266.7688,297.6553,1.1158,11.58
0513,03436700,321.1585,431.6016,1.3439,34.39
0513,03437000,42571.6346,41595.3022,0.9771,-2.29
0513,361240084245800,20.9012,86.8267,4.1541,315.41
0513,361341084253900,13.1571,86.8267,6.5992,559.92
0514,03382045,3.7555,240.877,64.1401,6314.01
0514,03382100,380.7283,382.4541,1.0045,0.45
0514,03382160,4.921,200.352,40.7139,3971.39
0514,03382170,34.4468,56.8416,1.6501,65.01
0514,03382200,582.7473,649.7735,1.115,11.5
0514,03382350,1095.565,2618.4038,2.39,139.0
0514,03382500,2722.0775,2746.8689,1.0091,0.91
0514,03382510,22.0408,148.262,6.7267,572.67
0514,03384450,111.1105,128.6944,1.1583,15.83
0514,03384500,372699.2891,29312.079,0.0786,-92.14
0514,03385000,49.4688,62.0048,1.2534,25.34
0514,03385500,2.7195,54.4712,20.0299,1902.99
0514,03386000,5.1282,54.4712,10.6219,962.19
0514,03386500,25.7186,54.4712,2.118,111.8
0514,03399800,372958.2879,30226.386,0.081,-91.9
0514,03611500,525767.5864,31057.0195,0.0591,-94.09
0514,03612000,631.9571,920.4465,1.4565,45.65
0514,03612600,525767.5864,32422.0537,0.0617,-93.83
0514,03291780,71.2247,315.7196,4.4327,343.27
0514,03294000,489.5078,566.5343,1.1574,15.74
0514,03302220,96.0886,296.0364,3.0809,208.09
0514,03302300,41.6988,67.8529,1.6272,62.72
0514,03302500,334.1085,493.0249,1.4756,47.56
0514,03302680,49.2098,50.7926,1.0322,3.22
0514,03302800,533.7965,1030.6889,1.9309,93.09
0514,03302849,18.1817,103.0441,5.6675,466.75
0514,03303000,735.5566,1356.0042,1.8435,84.35
0514,03303280,251228.8467,16287.585,0.0648,-93.52
0514,03303300,103.0815,200.5894,1.9459,94.59
0514,03303400,20.3573,81.1591,3.9867,298.67
0514,03304000,388.4982,577.8274,1.4873,48.73
0514,03304300,258998.811,19349.6774,0.0747,-92.53
0514,03322011,86.5056,210.4165,2.4324,143.24
0514,03322100,836.5662,951.7876,1.1377,13.77
0514,03292460,62.4187,62.6468,1.0037,0.37
0514,03292470,182.0762,278.5793,1.53,53.0
0514,03292474,15.5399,2152.0419,138.4847,13748.47
0514,0329247450,21.2638,2152.0419,101.2068,10020.68
0514,03292475,26.1589,2152.0419,82.2681,8126.81
0514,03292480,15.0219,2152.0419,143.26,14226.0
0514,03292500,44.5478,66.9023,1.5018,50.18
0514,03292550,58.5337,66.9023,1.143,14.3
0514,03292900,36.7778,157.331,4.2779,327.79
0514,03293000,47.6558,157.331,3.3014,230.14
0514,03293500,64.2317,157.331,2.4494,144.94
0514,03293510,155.6583,157.331,1.0107,1.07
0514,03293530,16.0579,157.331,9.7977,879.77
0514,03294500,236129.216,3108.6223,0.0132,-98.68
0514,03294550,63.1957,84.8042,1.3419,34.19
0514,03294570,34.9648,3266.1023,93.411,9241.1
0514,03294600,236206.9157,3266.1023,0.0138,-98.62
0514,03295000,102.8225,133.0093,1.2936,29.36
0514,03295400,445.478,462.1428,1.0374,3.74
0514,03295500,497.2777,528.8497,1.0635,6.35
0514,03295890,670.8069,678.8304,1.012,1.2
0514,03296000,4.0145,47.0474,11.7194,1071.94
0514,03296500,49.4688,91.5558,1.8508,85.08
0514,03296700,2.6677,91.5558,34.3203,3332.03
0514,03296800,1.3468,91.5558,67.9805,6698.05
0514,03297000,13.3384,91.5558,6.8641,586.41
0514,03297500,82.3616,91.5558,1.1116,11.16
0514,03297800,31.3389,49.0189,1.5642,56.42
0514,03297900,206.9401,270.2026,1.3057,30.57
0514,03297970,39.3678,74.6906,1.8972,89.72
0514,03298000,357.4184,444.9735,1.245,24.5
0514,03298100,7.511,444.9735,59.2432,5824.32
0514,03298135,14.1672,43.2273,3.0512,205.12
0514,03298150,30.0439,43.2273,1.4388,43.88
0514,03298200,551.6675,683.0694,1.2382,23.82
0514,03298242,20.2019,47.0474,2.3289,132.89
0514,03298250,28.7489,70.6561,2.4577,145.77
0514,03298300,16.5759,70.6561,4.2626,326.26
0514,03298470,732.9666,735.25,1.0031,0.31
0514,03298500,3100.2158,3132.1691,1.0103,1.03
0514,03298550,20.4868,80.4141,3.9252,292.52
0514,03299000,619.0072,619.1838,1.0003,0.03
0514,03300000,222.48,416.7502,1.8732,87.32
0514,03300400,1129.2348,1629.6396,1.4431,44.31
0514,03300500,1372.6937,1629.6396,1.1872,18.72
0514,03301000,1732.702,1837.5706,1.0605,6.05
0514,03301500,3364.3946,3571.0902,1.0614,6.14
0514,03301580,71.7427,105.0722,1.4646,46.46
0514,03301630,3561.2337,3571.0902,1.0028,0.28
0514,03301700,98.9375,140.8065,1.4232,42.32
0514,03301900,9.065,78.398,8.6485,764.85
0514,03301940,28.7489,78.398,2.727,172.7
0514,03302000,165.7592,201.8579,1.2178,21.78
0514,03302030,207.976,327.0205,1.5724,57.24
0514,03302050,10.36,327.0205,31.5658,3056.58
0514,03302058,7226.0668,7557.6907,1.0459,4.59
0514,03302060,7562.7653,7557.6907,0.9993,-0.07
0514,03302110,256.9268,280.4223,1.0914,9.14
0514,03303205,323.7485,402.2815,1.2426,24.26
0514,03303500,251746.8443,18144.9828,0.0721,-92.79
0514,03322360,37.0368,63.0858,1.7033,70.33
0514,03322420,279718.7159,22032.0087,0.0788,-92.12
0514,03381700,365188.3236,22199.8086,0.0608,-93.92
0514,03383000,637.1371,675.4676,1.0602,6.02
0514,03383500,709.6567,961.7235,1.3552,35.52
0514,03384000,5.439,95.9887,17.6483,1664.83
0514,03384100,1566.9428,1765.2058,1.1265,12.65
0514,03384180,2229.9798,2147.4048,0.963,-3.7
0514,03611260,37.8138,39.4892,1.0443,4.43
0514,03611800,16.9644,31057.0195,1830.7149,182971.49
0514,03611900,14.9701,31057.0195,2074.599,207359.9
0601,03439500,266.7688,336.495,1.2614,26.14
0601,03440000,30.3029,37.4611,1.2362,23.62
0601,03440500,80.2896,122.1212,1.521,52.1
0601,03441440,69.4117,107.1098,1.5431,54.31
0601,03441500,107.2255,155.9788,1.4547,45.47
0601,03442000,28.2309,155.9788,5.5251,452.51
0601,03444000,38.3318,40.0082,1.0437,4.37
0601,03444500,25.874,107.3142,4.1476,314.76
0601,03445000,103.5995,107.3142,1.0359,3.59
0601,03445500,59.8287,190.0027,3.1758,217.58
0601,0344632850,126.6504,136.9674,1.0815,8.15
0601,03446500,109.2975,116.5471,1.0663,6.63
0601,03447000,282.3087,291.7452,1.0334,3.34
0601,03447500,163.4282,225.2826,1.3785,37.85
0601,03447890,1722.3421,2416.873,1.4032,40.32
0601,03448000,1750.832,2416.873,1.3804,38.04
0601,03448050,1758.6019,2416.873,1.3743,37.43
0601,03448068,2.7195,2416.873,888.7237,88772.37
0601,03448500,206.6811,206.731,1.0002,0.02
0601,0344878100,269.3588,269.1038,0.9991,-0.09
0601,03448960,57.2387,82.1801,1.4357,43.57
0601,03449000,61.6417,82.1801,1.3332,33.32
0601,03449500,152.2913,241.9412,1.5887,58.87
0601,0345092550,6.3714,343.761,53.954,5295.4
0601,0345112600,3.0821,2499.8972,811.1056,81010.56
0601,03451200,2424.2289,2499.8972,1.0312,3.12
0601,03451510,5.5167,2499.8972,453.1529,45215.29
0601,03452000,205.9041,206.0115,1.0005,0.05
0601,03452001,205.9041,206.0115,1.0005,0.05
0601,03454000,326.3385,342.9906,1.051,5.1
0601,03454500,4058.5114,4308.9626,1.0617,6.17
0601,03456000,143.2263,167.4792,1.1693,16.93
0601,0345638607,0.1813,137.069,756.0376,75503.76
0601,03457000,344.4684,345.7971,1.0039,0.39
0601,03457500,37.2958,92.0846,2.469,146.9
0601,03458500,629.3671,905.9373,1.4394,43.94
0601,03459000,169.1262,172.9527,1.0226,2.26
0601,03460500,1191.3945,1388.1667,1.1652,16.52
0601,03462000,269.3588,283.4983,1.0525,5.25
0601,03462500,287.4887,334.4325,1.1633,16.33
0601,03463500,157.4713,227.7699,1.4464,44.64
0601,03464000,406.6281,408.6421,1.005,0.5
0601,03464500,1574.7128,1603.9109,1.0185,1.85
0601,0347927162,8.1844,668.9991,81.7411,8074.11
0601,0347927164,8.7283,668.9991,76.6475,7564.75
0601,03480500,46.1018,108.5582,2.3548,135.48
0601,03481000,108.7795,214.0267,1.9675,96.75
0601,0350011450,127.1684,148.8209,1.1703,17.03
0601,03500500,38.5908,88.6662,2.2976,129.76
0601,03501000,224.034,239.8885,1.0708,7.08
0601,03502500,968.6556,1083.8343,1.1189,11.89
0601,03503500,1168.0846,1736.2106,1.4864,48.64
0601,03505500,372.9583,411.122,1.1023,10.23
0601,03506500,450.6579,454.3456,1.0082,0.82
0601,03507000,1719.7521,1736.2106,1.0096,0.96
0601,03508000,370.3683,370.7713,1.0011,0.11
0601,03508136,82.8796,133.005,1.6048,60.48
0601,03508910,58.0157,152.8813,2.6352,163.52
0601,03509000,132.0894,152.8813,1.1574,15.74
0601,03509500,142.4493,152.8813,1.0732,7.32
0601,03510500,898.7259,898.0612,0.9993,-0.07
0601,03511000,339.2884,486.8265,1.4348,43.48
0601,03513500,35.7418,54.0552,1.5124,51.24
0601,03514000,114.9955,132.6299,1.1533,15.33
0601,03515000,4068.8713,4166.0908,1.0239,2.39
0601,03516000,108.7795,121.3196,1.1153,11.53
0601,03517000,458.4279,557.7907,1.2167,21.67
0601,03517500,556.8474,557.7907,1.0017,0.17
0601,0351751500,556.9769,557.7907,1.0015,0.15
0601,03455000,4812.1979,4866.885,1.0114,1.14
0601,03461000,1416.7235,1638.4029,1.1565,15.65
0601,03461200,26.4179,151.4582,5.7332,473.32
0601,03461500,1724.9321,1785.6761,1.0352,3.52
0601,03465000,41.1808,153.3646,3.7242,272.42
0601,03465500,2084.9404,2269.4937,1.0885,8.85
0601,03466208,204.6091,203.7009,0.9956,-0.44
0601,03466228,35.4828,2948.4893,83.0962,8209.62
0601,03466500,3066.5459,3146.7509,1.0262,2.62
0601,03467000,569.7974,686.1991,1.2043,20.43
0601,03467500,4348.59,4552.1853,1.0468,4.68
0601,03467609,4372.9359,4552.1853,1.041,4.1
0601,03469000,11766.316,13066.7776,1.1105,11.05
0601,03469010,10.878,13066.7776,1201.2169,120021.69
0601,03469175,476.5578,985.9371,2.0689,106.89
0601,03469251,81.5846,366.2369,4.489,348.9
0601,03469500,197.3571,366.2369,1.8557,85.57
0601,03470000,914.2658,985.9371,1.0784,7.84
0601,03470500,13211.5294,13268.7056,1.0043,0.43
0601,03476500,1820.7616,1966.3162,1.0799,7.99
0601,03477000,2105.6603,4760.7084,2.2609,126.09
0601,03478500,116.0315,283.3206,2.4418,144.18
0601,03479500,393.6782,668.9991,1.6994,69.94
0601,03480000,442.888,668.9991,1.5105,51.05
0601,03482000,264.1788,430.9334,1.6312,63.12
0601,03482500,429.938,430.9334,1.0023,0.23
0601,03483000,1105.9249,1209.9394,1.0941,9.41
0601,03484000,1219.8844,2064.6991,1.6925,69.25
0601,03484500,157.4713,353.7,2.2461,124.61
0601,03485500,354.8284,353.7,0.9968,-0.32
0601,03486200,72.7787,100.9147,1.3866,38.66
0601,03486311,18.881,36.0227,1.9079,90.79
0601,03486500,26.6769,42.2731,1.5846,58.46
0601,03487500,5011.627,5300.3304,1.0576,5.76
0601,03487550,94.0166,157.4254,1.6744,67.44
0601,03490350,7301.1765,7322.377,1.0029,0.29
0601,03490500,7433.2659,7788.5787,1.0478,4.78
0601,03491000,122.5064,139.4264,1.1381,13.81
0601,03491300,121.7294,134.7833,1.1072,10.72
0601,03491500,7860.6139,7952.4555,1.0117,1.17
0601,03491544,12.0952,7952.4555,657.4861,65648.61
0601,03492006,13.183,46.8881,3.5567,255.67
0601,03493000,100.4915,8868.3028,88.2492,8724.92
0601,03494000,8881.0692,8959.2188,1.0088,0.88
0601,03495005,174.0472,177.0606,1.0173,1.73
0601,03495405,32.2195,9667.3849,300.0481,29904.81
0601,03495500,9704.6854,9772.1291,1.0069,0.69
0601,03496000,30.8209,56.0669,1.8191,81.91
0601,03496200,34.7058,56.0669,1.6155,61.55
0601,03496500,42.9938,56.0669,1.3041,30.41
0601,03497000,23138.9538,24266.2327,1.0487,4.87
0601,03497130,3.4706,274.4379,79.0754,7807.54
0601,03497300,274.5387,334.1061,1.217,21.7
0601,03497500,453.2479,599.5451,1.3228,32.28
0601,03498000,497.2777,599.5451,1.2057,20.57
0601,03498500,696.7068,698.1624,1.0021,0.21
0601,03498850,776.9964,981.3596,1.263,26.3
0601,03499000,34.9648,101.7485,2.91,191.0
0601,034991109,39.2901,55.4262,1.4107,41.07
0601,03499180,10.6708,44.1956,4.1417,314.17
0601,03518000,4822.5579,5126.4285,1.063,6.3
0601,03518100,48.6918,93.5326,1.9209,92.09
0601,03518300,5146.3064,6337.3155,1.2314,23.14
0601,03518500,305.6186,354.1226,1.1587,15.87
0601,03519000,701.8868,738.0039,1.0515,5.15
0601,03519500,6327.341,6337.3155,1.0016,0.16
0601,03519640,41.4398,112.0396,2.7037,170.37
0601,03520000,31649.6547,31718.6173,1.0022,0.22
0601,03520045,68.3757,163.3703,2.3893,138.93
0601,03520050,73.0377,163.3703,2.2368,123.68
0601,03527220,2988.8463,3317.131,1.1098,10.98
0601,03527620,3281.5149,3317.131,1.0109,1.09
0601,03528000,3817.6425,3842.4544,1.0065,0.65
0601,03528300,34.3173,4457.9617,129.904,12890.4
0601,03528400,6.9412,7543.4523,1086.7699,108576.99
0601,03531680,1320.8939,1433.3138,1.0851,8.51
0601,03532000,1774.1419,1913.6857,1.0787,7.87
0601,03533000,7544.6354,7734.6234,1.0252,2.52
0601,03534000,63.4547,7734.6234,121.892,12089.2
0601,03534500,20.2537,170.4317,8.4148,741.48
0601,03535000,177.4142,271.2669,1.529,52.9
0601,03535195,135.9744,233.2552,1.7154,71.54
0601,03535200,145.2983,233.2552,1.6054,60.54
0601,03535400,224.811,233.2552,1.0376,3.76
0601,03535617,4.5325,8691.7895,1917.6678,191666.78
0601,03535912,8658.3303,8691.7895,1.0039,0.39
0601,03536320,3.3929,11455.7366,3376.4005,337540.05
0601,03536380,5.439,11455.7366,2106.2308,210523.08
0601,03536440,1.7353,11455.7366,6601.6189,660061.89
0601,03536450,0.8547,11455.7366,13403.2868,1340228.68
0601,03536500,5.3872,11455.7366,2126.483,212548.3
0601,03536550,8.4952,11455.7366,1348.5014,134750.14
0601,03537000,9.3758,11455.7366,1221.8466,122084.66
0601,03537100,1.3468,11455.7366,8505.932,850493.2
0601,03537500,3.8332,11455.7366,2988.5707,298757.07
0601,03538000,15.5658,11455.7366,735.9542,73495.42
0601,03538150,8767.1098,11455.7366,1.3067,30.67
0601,03538225,213.674,350.4828,1.6403,64.03
0601,03538230,2.331,76.8893,32.9857,3198.57
0601,03538231,2.0979,76.8893,36.6508,3565.08
0601,03538235,4.3771,76.8893,17.5663,1656.63
0601,03538250,50.5048,76.8893,1.5224,52.24
0601,035382672,0.777,76.8893,98.9571,9795.71
0601,035382673,8.288,76.8893,9.2772,827.72
0601,035382677,0.3626,76.8893,212.0509,21105.09
0601,03538270,11.2405,76.8893,6.8404,584.04
0601,03538272,0.3626,76.8893,212.0509,21105.09
0601,03538273,12.9499,76.8893,5.9374,493.74
0601,03538275,18.5184,76.8893,4.152,315.2
0601,03538500,215.487,237.7051,1.1031,10.31
0601,03538830,237.735,302.5715,1.2727,27.27
0601,03538845,19.1141,302.5715,15.8297,1482.97
0601,03538865,20.2537,302.5715,14.9391,1393.91
0601,03538970,20.9012,122.3521,5.8538,485.38
0601,03539000,132.6074,290.9226,2.1939,119.39
0601,03539500,242.1639,290.9226,1.2013,20.13
0601,03539600,360.0083,458.2546,1.2729,27.29
0601,03539750,396.2682,451.9526,1.1405,14.05
0601,03539778,440.298,451.9526,1.0265,2.65
0601,03539800,1341.6138,1350.3126,1.0065,0.65
0601,03539860,130.2764,160.0535,1.2286,22.86
0601,03540000,1823.3516,2243.9841,1.2307,23.07
0601,03540100,87.2826,121.822,1.3957,39.57
0601,03540500,1978.7509,2243.9841,1.134,13.4
0601,03541300,32.6339,108.8327,3.335,233.5
0601,035414395,4.3253,70.0546,16.1965,1519.65
0601,03541500,279.7187,368.6547,1.3179,31.79
0601,03542000,310.7986,368.6547,1.1862,18.62
0601,03542500,248.3799,351.7489,1.4162,41.62
0601,03471500,198.3931,253.7552,1.2791,27.91
0601,03472500,144.0033,417.0568,2.8962,189.62
0601,03473000,784.7664,831.3129,1.0593,5.93
0601,03473500,19.1659,93.5252,4.8798,387.98
0601,03474000,341.8784,414.0994,1.2112,21.12
0601,03474500,396.2682,414.0994,1.045,4.5
0601,03475000,533.5376,625.4765,1.1723,17.23
0601,03477500,35.4828,114.3347,3.2223,222.23
0601,03478400,69.6707,114.3347,1.6411,64.11
0601,03487800,66.8217,80.9787,1.2119,21.19
0601,03488000,572.3874,596.2934,1.0418,4.18
0601,03488100,670.8069,784.945,1.1702,17.02
0601,03488445,10.7226,55.529,5.1787,417.87
0601,03488450,55.4257,55.529,1.0019,0.19
0601,03488500,1038.5852,1113.4553,1.0721,7.21
0601,03489500,1276.8641,1329.8555,1.0415,4.15
0601,03489850,46.8788,56.306,1.2011,20.11
0601,03489870,109.0385,245.4575,2.2511,125.11
0601,03489900,206.1631,245.4575,1.1906,19.06
0601,03490000,1737.882,1881.142,1.0824,8.24
0601,03521000,321.1585,463.8954,1.4444,44.44
0601,03521500,354.8284,463.8954,1.3074,30.74
0601,03522000,264.1788,322.1425,1.2194,21.94
0601,03523000,133.6434,233.7273,1.7489,74.89
0601,03523500,36.5188,1407.1895,38.5333,3753.33
0601,03524000,1380.4637,1407.1895,1.0194,1.94
0601,03524500,225.847,259.6134,1.1495,14.95
0601,03524550,257.7556,259.6134,1.0072,0.72
0601,03524740,2123.7903,2206.1972,1.0388,3.88
0601,03524900,79.7716,107.9173,1.3528,35.28
0601,03525000,107.4845,107.9173,1.004,0.4
0601,03525500,2556.3183,2559.1317,1.0011,0.11
0601,03526000,274.5387,345.3334,1.2579,25.79
0601,03526990,344.4684,345.3334,1.0025,0.25
0601,03527000,2908.5566,3317.131,1.1405,14.05
0601,03527500,59.8287,110.5768,1.8482,84.82
0601,03529500,290.0787,291.5249,1.005,0.5
0601,03530000,102.8225,105.8098,1.0291,2.91
0601,03530500,184.4072,233.1939,1.2646,26.46
0601,03531000,748.5066,898.4609,1.2003,20.03
0601,03531500,826.2062,898.4609,1.0875,8.75
0602,03544947,4.3253,63.5501,14.6927,1369.27
0602,03544970,102.3045,119.7945,1.171,17.1
0602,03545000,117.8445,119.7945,1.0165,1.65
0602,03545500,83.9156,86.3705,1.0293,2.93
0602,03550500,193.7311,203.7134,1.0515,5.15
0602,03551000,54.6487,58.1142,1.0634,6.34
0602,03551500,71.4837,84.1054,1.1766,17.66
0602,03552000,43.2528,51.742,1.1963,19.63
0602,03552500,494.6877,555.5313,1.123,12.3
0602,03553500,556.8474,631.5609,1.1342,13.42
0602,03558000,458.4279,542.2177,1.1828,18.28
0602,03559000,603.4672,1116.1632,1.8496,84.96
0602,03560000,183.6302,184.9914,1.0074,0.74
0602,03566660,11.4995,123.4851,10.7383,973.83
0602,03566687,8.7024,428.3977,49.2278,4822.78
0602,03566700,437.708,516.8336,1.1808,18.08
0602,03567129,14.5557,166.8883,11.4655,1046.55
0602,03567340,383.3182,455.7656,1.189,18.9
0602,03568400,126.1324,189.3308,1.501,50.1
0602,03568782,11.0851,183.4764,16.5516,1555.16
0602,03568933,378.1383,483.5137,1.2787,27.87
0602,03546000,97.3836,131.9447,1.3549,35.49
0602,03547000,492.0977,773.7338,1.5723,57.23
0602,03548000,652.677,773.7338,1.1855,18.55
0602,03548500,1051.5352,1053.9703,1.0023,0.23
0602,03554000,704.4768,745.5292,1.0583,5.83
0602,03555000,2507.1085,2639.5165,1.0528,5.28
0602,03543500,303.0286,318.6863,1.0517,5.17
0602,03544000,45221.1924,465.8956,0.0103,-98.97
0602,03544500,130.0174,150.5882,1.1582,15.82
0602,03556000,69.6707,91.1309,1.308,30.8
0602,03556500,2942.2265,3034.2512,1.0313,3.13
0602,03557000,3167.5555,3515.6293,1.1099,10.99
0602,03560110,1098.155,1116.1632,1.0164,1.64
0602,03560500,13.3643,1116.1632,83.518,8251.8
0602,03561000,33.6698,38.3035,1.1376,13.76
0602,03561500,1157.7247,1277.0233,1.103,10.3
0602,03562000,37.2958,1277.0233,34.2404,3324.04
0602,03563000,1357.1538,1391.3169,1.0252,2.52
0602,03564500,1541.0429,1656.3881,1.0748,7.48
0602,03565000,5182.5662,5956.9979,1.1494,14.94
0602,03565040,38.3318,188.4408,4.916,391.6
0602,03565120,97.9016,188.4408,1.9248,92.48
0602,03565160,84.6926,85.9308,1.0146,1.46
0602,03565250,295.2586,343.4795,1.1633,16.33
0602,03565300,82.3616,102.8619,1.2489,24.89
0602,03565500,147.6293,182.1202,1.2336,23.36
0602,03566000,5951.7927,6779.3239,1.139,13.9
0602,03566420,48.6918,250.7265,5.1493,414.93
0602,03566525,156.8238,159.8237,1.0191,1.91
0602,03566535,191.6591,309.8844,1.6169,61.69
0602,03567000,644.907,1201.4553,1.863,86.3
0602,03567500,1108.5149,1201.4553,1.0838,8.38
0602,03568000,55425.7456,11441.615,0.2064,-79.36
0602,03569190,13.1312,11441.615,871.3279,87032.79
0602,03570650,352.2384,437.3805,1.2417,24.17
0602,03571000,994.5554,1055.843,1.0616,6.16
0603,03572110,339.2884,410.7612,1.2107,21.07
0603,03572153,75.6277,78.6298,1.0397,3.97
0603,03572690,114.2185,262.881,2.3016,130.16
0603,03572900,365.1883,376.0879,1.0298,2.98
0603,03573000,237.2429,532.0402,2.2426,124.26
0603,03573182,129.4994,236.9506,1.8297,82.97
0603,03573500,63040.3106,5170.6756,0.082,-91.8
0603,03574100,116.2905,400.4039,3.4431,244.31
0603,03574500,828.7962,993.7436,1.199,19.9
0603,0357479650,85.4696,217.7177,2.5473,154.73
0603,03575000,885.7759,1206.6953,1.3623,36.23
0603,03575100,971.2455,1206.6953,1.2424,24.24
0603,0357526200,12.665,1316.442,103.943,10294.3
0603,03575272,7.0707,1316.442,186.1836,18518.36
0603,03575500,66329.5955,8784.1605,0.1324,-86.76
0603,0357568650,3.6519,58.9705,16.148,1514.8
0603,0357568980,18.0522,58.9705,3.2667,226.67
0603,03575700,36.5188,58.9705,1.6148,61.48
0603,03575830,126.9094,516.1331,4.0669,306.69
0603,0357586650,8.9096,94.4025,10.5956,959.56
0603,0357587090,5.9052,94.4025,15.9864,1498.64
0603,0357587140,6.5268,94.4025,14.4639,1346.39
0603,0357587400,22.0149,94.4025,4.2881,328.81
0603,0357587728,7.7441,94.4025,12.1903,1119.03
0603,03575890,58.5337,94.4025,1.6128,61.28
0603,0357591500,3.8073,94.4025,24.7952,2379.52
0603,03575930,22.9732,94.4025,4.1092,310.92
0603,03575950,108.2615,232.2692,2.1454,114.54
0603,03575980,24.9675,232.2692,9.3029,830.29
0603,03576000,188.8101,232.2692,1.2302,23.02
0603,03576250,308.2086,379.0935,1.23,23.0
0603,03576400,144.5213,194.5275,1.346,34.6
0603,03576500,223.516,516.9679,2.3129,131.29
0603,03576800,3.2893,79.444,24.1523,2315.23
0603,03576810,17.327,79.444,4.585,358.5
0603,03577000,226.883,279.9118,1.2337,23.37
0603,03577150,69670.6802,11759.5036,0.1688,-83.12
0603,03577225,105.9305,145.2818,1.3715,37.15
0603,03585300,393.6782,458.818,1.1655,16.55
0603,03585500,5798.9834,5817.8662,1.0033,0.33
0603,03586500,429.938,509.6761,1.1855,18.55
0603,03587000,486.9178,509.6761,1.0467,4.67
0603,03589250,35.4828,85.1384,2.3994,139.94
0603,03589500,79797.5337,22137.8755,0.2774,-72.26
0603,03590000,541.3075,554.0409,1.0235,2.35
0603,03591800,370.3683,447.0433,1.207,20.7
0603,03592000,681.1669,756.3629,1.1104,11.04
0603,03592200,489.5078,515.0768,1.0522,5.22
0603,03592300,202.5371,235.5916,1.1632,16.32
0603,03592500,1727.5221,2122.5478,1.2287,22.87
0603,03592718,63.9727,65.9816,1.0314,3.14
0603,03592800,370.3683,429.2837,1.1591,15.91
0603,03592825,427.348,429.2837,1.0045,0.45
0603,03571850,58637.3308,598.4924,0.0102,-98.98
0603,03578000,169.9032,237.5554,1.3982,39.82
0603,03578500,106.9665,122.4216,1.1445,14.45
0603,03579040,24.6308,25.5596,1.0377,3.77
0603,03579100,712.2467,1381.0464,1.939,93.9
0603,03579620,31.8569,109.3061,3.4312,243.12
0603,03580000,52.3178,272.8807,5.2158,421.58
0603,03580300,144.7803,272.8807,1.8848,88.48
0603,03580500,199.6881,272.8807,1.3665,36.65
0603,03580750,1383.0537,1708.5791,1.2354,23.54
0603,03580995,60.6057,257.8412,4.2544,325.44
0603,03581500,106.7075,115.2197,1.0798,7.98
0603,03582000,2141.9202,2327.8101,1.0868,8.68
0603,03582500,2323.2193,2327.8101,1.002,0.2
0603,035825882,274.5387,273.5778,0.9965,-0.35
0603,03583000,94.5346,181.6775,1.9218,92.18
0603,03583300,123.0244,244.4069,1.9867,98.67
0603,03583330,98.9375,152.8006,1.5444,54.44
0603,03583500,63.1957,186.4621,2.9505,195.05
0603,03584000,947.9356,1214.3687,1.2811,28.11
0603,03584020,947.9356,1214.3687,1.2811,28.11
0603,03584045,971.2455,1214.3687,1.2503,25.03
0603,03584500,4620.5388,4952.3074,1.0718,7.18
0603,03584600,4674.9285,4952.3074,1.0593,5.93
0603,03585269,323.7485,458.818,1.4172,41.72
0603,03587500,69.9297,141.5767,2.0246,102.46
0603,03588000,143.4853,449.3169,3.1314,213.14
0603,03588400,111.3695,112.5418,1.0105,1.05
0603,03588500,901.3159,1118.7486,1.2412,24.12
0604,03609500,104117.522,19131.1178,0.1837,-81.63
0604,03610000,232.3219,303.7366,1.3074,30.74
0604,03610200,347.0584,367.8877,1.06,6.0
0604,03610500,587.9273,612.1187,1.0411,4.11
0604,03610545,177.9322,251.7835,1.4151,41.51
0604,03593300,127.9454,332.4031,2.598,159.8
0604,03593500,85832.206,2788.2999,0.0325,-96.75
0604,03593800,269.3588,495.5287,1.8397,83.97
0604,03594040,139.0824,159.238,1.1449,14.49
0604,03594058,119.3985,139.9915,1.1725,17.25
0604,03594120,117.8445,148.8387,1.263,26.3
0604,03594160,520.5876,587.9467,1.1294,12.94
0604,03594415,41.1808,63.2493,1.5359,53.59
0604,03594421,112.9235,167.5888,1.4841,48.41
0604,03594430,17.7932,167.5888,9.4187,841.87
0604,03594435,49.7278,54.281,1.0916,9.16
0604,03594445,297.8486,359.5126,1.207,20.7
0604,03594480,21.7559,650.0726,29.8803,2888.03
0604,03594500,89458.1893,4601.694,0.0514,-94.86
0604,03595000,142.9673,147.5161,1.0318,3.18
0604,03595100,33.6698,113.8809,3.3823,238.23
0604,03595500,104.6355,113.8809,1.0884,8.84
0604,03595520,5.4649,113.8809,20.8387,1983.87
0604,03596000,277.1287,512.0839,1.8478,84.78
0604,03596500,538.7175,606.5299,1.1259,12.59
0604,03597000,171.7162,334.4871,1.9479,94.79
0604,03597500,42.2168,105.2283,2.4926,149.26
0604,03597600,94.2756,105.2283,1.1162,11.62
0604,035977607,1.9425,49.7214,25.5967,2459.67
0604,03597860,1100.7449,1251.2927,1.1368,13.68
0604,03597898,126.9094,129.5707,1.021,2.1
0604,03598000,1245.7843,1251.2927,1.0044,0.44
0604,03598165,33.4108,101.3283,3.0328,203.28
0604,0359816545,7.3297,101.3283,13.8244,1282.44
0604,03598173,42.4758,101.3283,2.3856,138.56
0604,03598177,92.2036,101.3283,1.099,9.9
0604,03598185,1514.3142,1639.7294,1.0828,8.28
0604,03598250,186.2201,207.7899,1.1158,11.58
0604,03599000,64.4907,315.0315,4.8849,388.49
0604,03599100,126.1324,315.0315,2.4976,149.76
0604,03599240,2372.4291,2375.1965,1.0012,0.12
0604,03599250,2372.4291,2375.1965,1.0012,0.12
0604,03599407,2631.4279,2664.3923,1.0125,1.25
0604,03599408,2631.4279,2664.3923,1.0125,1.25
0604,03599419,2665.0978,2664.3923,0.9997,-0.03
0604,03599430,69.6707,71.8471,1.0312,3.12
0604,03599450,191.6591,265.7956,1.3868,38.68
0604,03599500,3128.7056,3442.7071,1.1004,10.04
0604,03600000,178.1912,298.9823,1.6779,67.79
0604,03600088,52.0588,88.6197,1.7023,70.23
0604,03600258,110.3335,120.2556,1.0899,8.99
0604,03600358,3712.2559,4249.0404,1.1446,14.46
0604,03600500,45.3248,121.4414,2.6794,167.94
0604,03601000,66.8217,121.4414,1.8174,81.74
0604,03601500,290.0787,333.4722,1.1496,14.96
0604,03601600,4415.9297,4432.4837,1.0037,0.37
0604,03601990,5304.2956,5404.6255,1.0189,1.89
0604,03602000,5304.2956,5404.6255,1.0189,1.89
0604,03602500,499.8677,578.4184,1.1571,15.71
0604,03603000,6622.5996,9032.2849,1.3639,36.39
0604,03603500,194.5081,210.0985,1.0802,8.02
0604,03604000,1157.7247,1214.2034,1.0488,4.88
0604,03604080,3.9368,1508.8558,383.2714,38227.14
0604,03604100,26.1589,1508.8558,57.6804,5668.04
0604,03604400,1818.1717,1863.368,1.0249,2.49
0604,03604500,1831.1216,1863.368,1.0176,1.76
0604,03604800,116.2905,229.9446,1.9773,97.73
0604,03605000,99766.342,14916.0625,0.1495,-85.05
0604,03605078,70.7067,108.9034,1.5402,54.02
0604,03605400,45.0658,99.2174,2.2016,120.16
0604,03605500,52.0588,99.2174,1.9059,90.59
0604,03605550,78.7356,99.2174,1.2601,26.01
0604,03605555,82.6206,99.2174,1.2009,20.09
0604,03606500,530.9476,634.2812,1.1946,19.46
0604,03607000,981.6055,990.0397,1.0086,0.86
0604,03607500,102900.2276,17931.1368,0.1743,-82.57
0701,05199950,35.4828,95.7184,2.6976,169.76
0701,05200170,199.4291,223.4234,1.1203,12.03
0701,05200445,927.2157,958.5659,1.0338,3.38
0701,05200450,427.348,443.6626,1.0382,3.82
0701,05200510,1579.8927,1657.6276,1.0492,4.92
0701,05207600,7381.4661,7903.3898,1.0707,7.07
0701,05211000,8728.2599,8489.5366,0.9726,-2.74
0701,05212700,960.8856,1190.812,1.2393,23.93
0701,05216800,54.3898,270.062,4.9653,396.53
0701,05216820,6.475,150.6443,23.2656,2226.56
0701,05216860,295.2586,382.6017,1.2958,29.58
0701,05217000,657.857,644.302,0.9794,-2.06
0701,05220500,13105.3398,12501.9771,0.954,-4.6
0701,05220600,12535.5425,12501.9771,0.9973,-0.27
0701,05227500,15902.527,15568.6821,0.979,-2.1
0701,05241500,21.7041,116.6163,5.373,437.3
0701,05242300,18958.713,18287.288,0.9646,-3.54
0701,05242700,191.6591,291.1841,1.5193,51.93
0701,05243200,277.1287,294.3296,1.0621,6.21
0701,05243721,90.6496,213.5335,2.3556,135.56
0701,05243723,124.3194,213.5335,1.7176,71.76
0701,05243725,152.5503,213.5335,1.3998,39.98
0701,05244000,2667.6878,2670.6338,1.0011,0.11
0701,05244385,372.9583,409.622,1.0983,9.83
0701,05244409,189.5871,280.9565,1.4819,48.19
0701,05244780,603.4672,633.6146,1.05,5.0
0701,05244810,134.6794,633.6146,4.7046,370.46
0701,05244820,639.7271,699.1733,1.0929,9.29
0701,05245100,1124.0548,1226.7014,1.0913,9.13
0701,05245295,177.1552,191.9914,1.0837,8.37
0701,05245500,2520.0584,2286.79,0.9074,-9.26
0701,05247500,9738.3553,9335.7266,0.9587,-4.13
0701,05261000,28489.8692,27754.1397,0.9742,-2.58
0701,05265698,453.2479,466.9327,1.0302,3.02
0701,05267000,30043.8621,30147.5024,1.0034,0.34
0701,05267185,100.4915,127.4841,1.2686,26.86
0701,05267578,199.6881,210.3531,1.0534,5.34
0701,05267930,344.4684,355.8961,1.0332,3.32
0701,05268700,174.3062,283.4725,1.6263,62.63
0701,05270103,372.9583,504.2698,1.3521,35.21
0701,05270150,308.2086,324.7022,1.0535,5.35
0701,05270170,960.8856,1135.8577,1.1821,18.21
0701,05270500,2667.6878,2700.0807,1.0121,1.21
0701,05270700,34498.6416,35219.5068,1.0209,2.09
0701,05272951,209.789,258.9312,1.2342,23.42
0701,05273800,147.8883,177.1975,1.1982,19.82
0701,05274700,226.365,234.4113,1.0355,3.55
0701,05274750,391.0882,545.5014,1.3948,39.48
0701,05274900,541.3075,545.5014,1.0077,0.77
0701,05275000,1447.8034,1573.0433,1.0865,8.65
0701,05275500,37554.8276,37813.8096,1.0069,0.69
0701,05276000,556.8474,543.7625,0.9765,-2.35
0701,05276005,600.8772,700.7567,1.1662,16.62
0701,05278000,432.528,456.9012,1.0564,5.64
0701,05278020,634.5471,702.0048,1.1063,10.63
0701,05278500,546.4875,877.8144,1.6063,60.63
0701,05278930,966.0656,1079.7886,1.1177,11.77
0701,05279000,3030.2861,2978.6518,0.983,-1.7
0701,05280000,6837.5686,6938.9217,1.0148,1.48
0701,05283500,44754.9945,44993.2161,1.0053,0.53
0701,05284305,43.2528,46.4198,1.0732,7.32
0701,05284690,264.1788,274.381,1.0386,3.86
0701,05284750,2589.9881,2806.6141,1.0836,8.36
0701,05286000,3522.3838,3620.7576,1.0279,2.79
0701,05286290,70.7067,118.2376,1.6722,67.22
0701,05286297,159.5433,217.0704,1.3606,36.06
0701,05286790,74.8507,191.1379,2.5536,155.36
0701,05287890,222.739,270.0336,1.2123,21.23
0701,05288450,82.6206,95.4818,1.1557,15.57
0701,05288470,27.4539,238.2356,8.6777,767.77
0701,05288480,190.3641,238.2356,1.2515,25.15
0701,05288487,39.8858,40.5411,1.0164,1.64
0701,05288490,249.6749,238.2356,0.9542,-4.58
0701,05288500,49468.7729,50211.0713,1.015,1.5
0701,05288580,404.0381,408.0259,1.0099,0.99
0701,05288696,0.1036,113.0258,1090.9878,108998.78
0701,05288705,73.0377,113.0258,1.5475,54.75
0701,05288840,82.1026,101.9172,1.2413,24.13
0701,05288950,51022.7658,50999.1483,0.9995,-0.05
0701,05289500,336.6985,441.0479,1.3099,30.99
0701,05289800,455.8379,441.0479,0.9676,-3.24
0701,05331000,95311.5625,51355.1457,0.5388,-46.12
0701,05331580,96088.5589,51657.4192,0.5376,-46.24
0701,445001092554101,4.0145,51657.4192,12867.7684,1286676.84
0701,445032092552801,0.3885,51657.4192,132966.9403,13296594.03
0701,450245093053001,2.7713,94.6285,34.1461,3314.61
0701,450300093050001,18.9846,94.6285,4.9845,398.45
0701,450330093030001,11.7326,94.6285,8.0654,706.54
0701,450414093023101,8.6506,94.6285,10.939,993.9
0701,450415093014501,2.7972,94.6285,33.8299,3282.99
0701,450630093045001,2.4346,94.6285,38.8684,3786.84
0702,05292000,3004.3862,4692.786,1.562,56.2
0702,05292500,3470.5841,4692.786,1.3522,35.22
0702,05292704,538.7175,547.9657,1.0172,1.72
0702,05293000,1188.8045,1191.6997,1.0024,0.24
0702,05294000,2343.9392,2267.4732,0.9674,-3.26
0702,05299650,968.6556,999.4886,1.0318,3.18
0702,05299750,189.8461,388.1129,2.0444,104.44
0702,05299800,1227.6544,1241.1739,1.011,1.1
0702,05300000,2486.3886,2842.7558,1.1433,14.33
0702,05301000,10489.4518,10797.0248,1.0293,2.93
0702,05304000,911.6758,825.2119,0.9052,-9.48
0702,05304500,4869.1776,4936.103,1.0137,1.37
0702,05311000,16006.1265,16429.0894,1.0264,2.64
0702,05311150,16550.024,16863.1469,1.0189,1.89
0702,05311320,12.4319,178.2493,14.338,1333.8
0702,05311400,297.8486,321.7502,1.0802,8.02
0702,05313500,1724.9321,1755.9217,1.018,1.8
0702,05313780,823.6162,833.8902,1.0125,1.25
0702,05314510,310.7986,307.6007,0.9897,-1.03
0702,05315000,670.8069,699.5163,1.0428,4.28
0702,05315200,14.4003,800.5481,55.5923,5459.23
0702,05316500,1629.1025,1811.0999,1.1117,11.17
0702,0531656290,238.7969,257.1681,1.0769,7.69
0702,05316580,23232.1933,23596.8093,1.0157,1.57
0702,05316770,24837.986,24879.7054,1.0017,0.17
0702,05316868,17.6896,233.4859,13.199,1219.9
0702,05316900,8.1067,106.3215,13.1153,1211.53
0702,05317000,3366.9845,3402.532,1.0106,1.06
0702,05317200,440.298,438.1324,0.9951,-0.49
0702,05317500,29007.8668,29519.0189,1.0176,1.76
0702,05318000,310.7986,337.1688,1.0848,8.48
0702,05319500,2204.0799,2262.0502,1.0263,2.63
0702,05320000,6241.8713,9191.8768,1.4726,47.26
0702,05320270,336.6985,338.1577,1.0043,0.43
0702,05320500,2874.8868,2877.7826,1.001,0.1
0702,05325000,38590.8228,38859.5551,1.007,0.7
0702,05326189,212.897,220.1105,1.0339,3.39
0702,05327000,616.4172,624.0316,1.0124,1.24
0702,05329890,207.976,345.4455,1.661,66.1
0702,05330000,41957.8074,42888.7141,1.0222,2.22
0702,05330470,81.5846,173.1363,2.1222,112.22
0702,05330645,165.2412,214.7492,1.2996,29.96
0702,05330800,69.4117,83.3281,1.2005,20.05
0702,05330870,54.1308,122.3599,2.2605,126.05
0702,05330900,101.0095,127.6994,1.2642,26.42
0702,05330920,43770.7991,44054.8718,1.0065,0.65
0702,443916096174801,481.7378,468.3904,0.9723,-2.77
0702,445002093265701,42.7348,83.3281,1.9499,94.99
0702,05289985,31.5979,58.1103,1.8391,83.91
0702,05290000,1129.2348,1201.4448,1.0639,6.39
0702,05291000,1030.8153,1085.5276,1.0531,5.31
0702,05299700,181.8172,388.1129,2.1346,113.46
0703,05335151,486.9178,504.8322,1.0368,3.68
0703,05336200,69.9297,86.8579,1.2421,24.21
0703,05336500,2136.7402,2223.4181,1.0406,4.06
0703,05336700,2248.1097,2348.1606,1.0445,4.45
0703,05337400,264.1788,269.7887,1.0212,2.12
0703,05338500,2522.6484,2604.3332,1.0324,3.24
0703,05339500,13985.9358,14071.4347,1.0061,0.61
0703,05340000,432.528,644.4886,1.4901,49.01
0703,05340050,598.2873,644.4886,1.0772,7.72
0703,05341550,18285.3161,17862.3215,0.9769,-2.31
0703,05341763,31.3389,36.237,1.1563,15.63
0703,05341764,31.3389,36.237,1.1563,15.63
0703,05331833,326.3385,443.824,1.36,36.0
0703,05332000,1191.3945,1237.3334,1.0386,3.86
0703,05333500,4092.1812,5096.79,1.2455,24.55
0703,05335010,43.7708,130.33,2.9776,197.76
0703,05335380,59.0517,102.4128,1.7343,73.43
0703,05335492,826.2062,908.0093,1.099,9.9
0703,05335500,934.9857,966.8807,1.0341,3.41
0703,05336000,7303.7665,10325.5649,1.4137,41.37
0703,05338955,362.5983,463.606,1.2786,27.86
0703,05339000,479.1478,463.606,0.9676,-3.24
0703,05340280,173.2702,229.9812,1.3273,32.73
0703,05340390,409.2181,391.3418,0.9563,-4.37
0703,05340500,16161.5258,15905.988,0.9842,-1.58
0703,05341375,32.3749,157.5097,4.8652,386.52
0703,05341402,136.7514,157.5097,1.1518,15.18
0703,05341498,1411.5435,1446.4029,1.0247,2.47
0703,05341500,1499.6031,1446.4029,0.9645,-3.55
0703,05341687,216.005,230.4752,1.067,6.7
0703,05341694,86.2466,186.0382,2.157,115.7
0703,053416966,72.0017,91.7125,1.2738,27.38
0703,053416972,404.8151,608.4586,1.5031,50.31
0703,05341752,756.2765,741.4479,0.9804,-1.96
0703,05341854,136.4924,262.9678,1.9266,92.66
0703,05342000,427.348,404.7639,0.9472,-5.28
0703,05344490,19813.409,19456.4278,0.982,-1.8
0704,05344980,120693.4459,5375.4485,0.0445,-95.55
0704,05345000,334.1085,364.8975,1.0922,9.22
0704,05345100,78.9946,84.1199,1.0649,6.49
0704,05346000,505.0477,774.0774,1.5327,53.27
0704,05353800,1126.6448,1195.292,1.0609,6.09
0704,05354500,2103.0703,2153.5266,1.024,2.4
0704,05355024,2406.099,2478.3551,1.03,3.0
0704,05355092,3004.3862,2994.0364,0.9966,-0.34
0704,05355200,3470.5841,3476.2523,1.0016,0.16
0704,05355250,121470.4424,5375.4485,0.0443,-95.57
0704,05372800,401.4482,670.4322,1.67,67.0
0704,05372930,207.199,210.6977,1.0169,1.69
0704,05372950,44.8068,50.6766,1.131,13.1
0704,05372990,98.9375,99.7699,1.0084,0.84
0704,05372995,784.7664,914.9568,1.1659,16.59
0704,05373000,787.3564,914.9568,1.1621,16.21
0704,05374000,2978.4863,3049.6153,1.0239,2.39
0704,05374500,3418.7843,3680.0777,1.0764,7.64
0704,05374900,3625.9834,3680.0777,1.0149,1.49
0704,05376000,261.5888,269.098,1.0287,2.87
0704,05376100,65.2677,138.222,2.1178,111.78
0704,05376500,198.9111,240.741,1.2103,21.03
0704,05376800,701.8868,830.6278,1.1834,18.34
0704,05377500,745.9166,830.6278,1.1136,11.36
0704,05378220,38.8498,256.9417,6.6137,561.37
0704,05378230,50.2458,256.9417,5.1137,411.37
0704,05378235,119.1395,256.9417,2.1566,115.66
0704,05378300,13.3643,131.454,9.8362,883.62
0704,05378500,153327.2961,15854.2069,0.1034,-89.66
0704,05379000,23.1804,117.6005,5.0733,407.33
0704,05383600,1.8907,413.1573,218.5218,21752.18
0704,05383950,1463.3433,1464.799,1.001,0.1
0704,05384000,1592.8427,1599.6627,1.0043,0.43
0704,05384500,341.8784,350.8181,1.0261,2.61
0704,05385000,3237.4851,3237.705,1.0001,0.01
0704,05385500,712.2467,757.1534,1.063,6.3
0704,05386000,4040.3815,4307.4397,1.0661,6.61
0704,05344500,116031.4673,216.6333,0.0019,-99.81
0704,05355322,437.708,555.4101,1.2689,26.89
0704,05372000,1051.5352,1064.9915,1.0128,1.28
0704,05378183,15.255,80.5954,5.2832,428.32
0704,05378185,37.0368,80.5954,2.1761,117.61
0704,05378200,69.4117,80.5954,1.1611,16.11
0704,05379288,26.1589,292.5041,11.1818,1018.18
0704,05379305,279.7187,292.5041,1.0457,4.57
0704,053793305,1.7379,56.6265,32.5836,3158.36
0704,053793306,0.8651,56.6265,65.4599,6445.99
0704,05379400,1429.6734,1553.4862,1.0866,8.66
0704,05379500,1665.3624,1888.2476,1.1338,13.38
0704,05380000,1869.9714,1888.2476,1.0098,0.98
0704,05380806,124.0604,122.5864,0.9881,-1.19
0704,05380900,406.6281,432.8889,1.0646,6.46
0704,05381000,1939.9011,2483.858,1.2804,28.04
0704,053813595,4118.0811,4250.7594,1.0322,3.22
0704,05381381,14.6852,214.1584,14.5832,1358.32
0704,05381389,50.5048,64.3166,1.2735,27.35
0704,05381392,22.248,324.9855,14.6074,1360.74
0704,05382000,5387.1753,5894.8132,1.0942,9.42
0704,05382220,5853.3731,5894.8132,1.0071,0.71
0704,05382240,88.3186,83.7563,0.9483,-5.17
0704,05382241,21.2379,22056.2562,1038.5327,103753.27
0704,05382242,111.6285,22056.2562,197.5863,19658.63
0704,05382255,10.619,55.557,5.2319,423.19
0704,05382257,13.2089,55.557,4.206,320.6
0704,05382267,157.2123,326.5136,2.0769,107.69
0704,05382284,99.4555,99.7983,1.0034,0.34
0704,05382325,432.528,741.3717,1.714,71.4
0704,05382500,199.6881,214.6541,1.0749,7.49
0704,05383000,1030.8153,1167.2408,1.1323,13.23
0704,05383075,1219.8844,1243.6894,1.0195,1.95
0704,05383500,162651.2533,23548.7229,0.1448,-85.52
0705,05355500,1227.6544,2009.8776,1.6372,63.72
0705,05356000,2046.0906,2147.31,1.0495,4.95
0705,05356078,10.3341,48.3962,4.6832,368.32
0705,05356121,437.708,465.8302,1.0642,6.42
0705,05356500,4273.4804,4444.6789,1.0401,4.01
0705,05357157,204.6091,328.407,1.605,60.5
0705,05357182,64.4907,74.649,1.1575,15.75
0705,05357205,10.878,112.5453,10.3462,934.62
0705,05357206,9.842,112.5453,11.4353,1043.53
0705,05357215,21.8336,112.5453,5.1547,415.47
0705,05357225,20.6163,112.5453,5.459,445.9
0705,05357230,9.2722,112.5453,12.138,1113.8
0705,05357245,119.6575,217.5976,1.8185,81.85
0705,05357254,152.5503,217.5976,1.4264,42.64
0705,05357259,183.3712,217.5976,1.1867,18.67
0705,05357302,647.497,726.6508,1.1222,12.22
0705,05357335,210.566,362.2657,1.7204,72.04
0705,0535739503,26.9618,40.4353,1.4997,49.97
0705,053573952,33.6698,40.4353,1.2009,20.09
0705,05357500,1610.9726,1915.5086,1.189,18.9
0705,05358000,1781.9118,1915.5086,1.075,7.5
0705,05358170,74.8507,122.6277,1.6383,63.83
0705,05358180,23.5689,122.6277,5.2029,420.29
0705,05358190,123.2834,186.4398,1.5123,51.23
0705,05358300,100.7505,98.3555,0.9762,-2.38
0705,05358500,2504.5185,2687.2144,1.0729,7.29
0705,05359500,1577.3028,1695.3288,1.0748,7.48
0705,05359600,43.7708,56.5063,1.291,29.1
0705,05360000,4636.0787,4802.5227,1.0359,3.59
0705,05360500,4817.3779,4971.3319,1.032,3.2
0705,05361000,9634.7558,12182.4012,1.2644,26.44
0705,05361500,846.9261,923.9496,1.0909,9.09
0705,05362000,1491.8332,1769.0082,1.1858,18.58
0705,05362500,12121.1444,12182.4012,1.0051,0.51
0705,05363000,211.084,237.088,1.1232,12.32
0705,05363500,202.2781,237.7753,1.1755,17.55
0705,05363600,120.1754,125.6951,1.0459,4.59
0705,05363700,224.552,227.4125,1.0127,1.27
0705,05364000,942.7557,1161.2423,1.2318,23.18
0705,05364128,181.2992,193.0738,1.0649,6.49
0705,05364422,8.029,120.8258,15.0487,1404.87
0705,05364500,130.2764,220.0504,1.6891,68.91
0705,05364850,10.8003,310.7296,28.7706,2777.06
0705,05365000,303.0286,310.7296,1.0254,2.54
0705,05365500,14633.4328,14727.0019,1.0064,0.64
0705,05365550,14788.8321,17143.9251,1.1592,15.92
0705,05365707,132.0894,163.0955,1.2347,23.47
0705,05366000,1318.3039,1545.0481,1.172,17.2
0705,05366300,90.6496,186.5152,2.0575,105.75
0705,05366500,1968.391,2017.3142,1.0249,2.49
0705,05366800,17068.0216,17727.5282,1.0386,3.86
0705,05367000,17171.6212,17727.5282,1.0324,3.24
0705,05367102,183.3712,190.6249,1.0396,3.96
0705,05367154,31.8569,38.4984,1.2085,20.85
0705,05367190,52.8358,79.3147,1.5012,50.12
0705,05367202,391.0882,746.47,1.9087,90.87
0705,05367425,1144.7747,1685.9831,1.4728,47.28
0705,05367426,1147.3647,1685.9831,1.4694,46.94
0705,053674464,396.2682,481.1097,1.2141,21.41
0705,053674962,16.8349,81.6522,4.8502,385.02
0705,053674967,60.6057,81.6522,1.3473,34.73
0705,05367500,2823.087,3007.7149,1.0654,6.54
0705,05368000,1082.615,1220.3091,1.1272,12.72
0705,05369000,4584.279,4894.5362,1.0677,6.77
0705,05369500,23335.7929,23444.1923,1.0046,0.46
0705,05369900,102.0455,165.1354,1.6183,61.83
0705,05369945,124.0604,165.1354,1.3311,33.11
0705,05369955,15.6176,165.1354,10.5737,957.37
0705,05369970,15.4622,165.1354,10.6799,967.99
0705,05369985,6.5527,165.1354,25.2012,2420.12
0705,05370000,165.7592,320.7958,1.9353,93.53
0705,05370500,237.2429,320.7958,1.3522,35.22
0706,05414820,102.5635,127.9312,1.2473,24.73
0706,05416000,507.6377,526.243,1.0367,3.67
0706,05419000,637.1371,680.27,1.0677,6.77
0706,05419500,419.5781,587.4163,1.4,40.0
0706,05420000,595.6973,772.5226,1.2968,29.68
0706,05420100,707.0668,772.5226,1.0926,9.26
0706,05387440,950.5256,1040.5868,1.0947,9.47
0706,05387500,1323.4839,1465.2687,1.1071,10.71
0706,05388000,1471.1132,1871.5888,1.2722,27.22
0706,05388250,1994.2908,2308.9181,1.1578,15.78
0706,05388310,112.9235,123.8753,1.097,9.7
0706,05388500,110.8515,119.3762,1.0769,7.69
0706,05389000,572.3874,626.7054,1.0949,9.49
0706,05389400,88.3963,97.639,1.1046,10.46
0706,05389500,174824.1974,6274.8161,0.0359,-96.41
0706,05411400,71.4837,92.3965,1.2926,29.26
0706,05411500,205127.0583,395.0113,0.0019,-99.81
0706,05411600,458.4279,600.5788,1.3101,31.01
0706,05411850,1660.1824,1840.2834,1.1085,10.85
0706,05411900,119.6575,122.2032,1.0213,2.13
0706,05411950,266.7688,2721.7158,10.2025,920.25
0706,05412000,2307.6794,2721.7158,1.1794,17.94
0706,05412020,2338.7593,2721.7158,1.1637,16.37
0706,05412041,2.8749,164.2096,57.1186,5611.86
0706,05412056,2.9785,72.8029,24.4429,2344.29
0706,05412060,11.37,72.8029,6.403,540.3
0706,05412100,183.1122,364.7563,1.992,99.2
0706,05412340,336.6985,449.6623,1.3355,33.55
0706,05412400,901.3159,942.0661,1.0452,4.52
0706,05412500,4001.5316,4194.9039,1.0483,4.83
0706,05414400,78.2176,86.214,1.1022,10.22
0706,05414500,336.6985,405.3578,1.2039,20.39
0706,05416100,213415.0203,8711.5354,0.0408,-95.92
0706,05416900,712.2467,1182.6085,1.6604,66.04
0706,05417000,789.9464,1182.6085,1.4971,49.71
0706,05417500,898.7259,1182.6085,1.3159,31.59
0706,05417700,158.7663,286.9665,1.8075,80.75
0706,05418000,2429.4088,2426.8925,0.999,-0.1
0706,05418110,315.9785,393.3485,1.2449,24.49
0706,05418400,1307.944,1455.8178,1.1131,11.31
0706,05418450,1336.4339,1455.8178,1.0893,8.93
0706,05418500,4022.2515,4342.2199,1.0795,7.95
0706,05418720,4840.6878,4843.3938,1.0006,0.06
0706,05420300,144.7803,199.5653,1.3784,37.84
0706,05386490,23.1286,250.8421,10.8455,984.55
0706,05386500,199.9471,250.8421,1.2545,25.45
0706,05386999,310.7986,366.8249,1.1803,18.03
0706,05387000,315.9785,366.8249,1.1609,16.09
0706,05387100,209.271,236.3472,1.1294,12.94
0706,05412880,52.8358,274.9034,5.203,420.3
0706,05413080,55.4257,57.0328,1.029,2.9
0706,05413400,17.9486,57.2233,3.1882,218.82
0706,05413443,17.8709,141.5087,7.9184,691.84
0706,054134435,24.838,141.5087,5.6973,469.73
0706,05413449,109.8155,141.5087,1.2886,28.86
0706,05413451,117.0675,141.5087,1.2088,20.88
0706,05413500,696.7068,818.4847,1.1748,17.48
0706,05413730,6.734,146.7677,21.7951,2079.51
0706,05414000,367.7783,369.1417,1.0037,0.37
0706,05414213,206.4221,345.435,1.6734,67.34
0706,05414800,64.4907,127.9312,1.9837,98.37
0706,05414849,6.1642,146.8122,23.817,2281.7
0706,05414850,7.6146,146.8122,19.2804,1828.04
0706,05414894,14.0377,146.8122,10.4584,945.84
0706,05414915,7.3297,57.6414,7.8641,686.41
0706,05414920,39.0052,57.6414,1.4778,47.78
0706,05415000,323.7485,469.9284,1.4515,45.15
0706,05418731,24.1905,246.0784,10.1725,917.25
0707,05390101,89.0956,201.0688,2.2568,125.68
0707,05390180,458.4279,1267.2594,2.7644,176.44
0707,05390680,11.629,50.2991,4.3253,332.53
0707,05390685,19.4508,50.2991,2.586,158.6
0707,05390701,49.2098,50.2991,1.0221,2.21
0707,05391000,1960.621,2037.6883,1.0393,3.93
0707,05391226,261.5888,273.5609,1.0458,4.58
0707,05392000,3159.7855,3350.0756,1.0602,6.02
0707,05392070,75.6277,90.0659,1.1909,19.09
0707,05392083,72.5197,273.1723,3.7669,276.69
0707,05392100,187.7741,273.1723,1.4548,45.48
0707,05392102,189.0691,273.1723,1.4448,44.48
0707,05392350,50.7638,96.3721,1.8984,89.84
0707,05392400,1092.975,1095.24,1.0021,0.21
0707,05393000,1408.9535,1453.7264,1.0318,3.18
0707,05393500,211.343,420.1273,1.9879,98.79
0707,05394000,212.897,232.6148,1.0926,9.26
0707,05394200,24.8121,70.2274,2.8304,183.04
0707,05394500,476.5578,600.4336,1.2599,25.99
0707,05395000,7148.3672,7781.6843,1.0886,8.86
0707,05395063,305.6186,314.8145,1.0301,3.01
0707,05395100,4.0922,234.0471,57.1937,5619.37
0707,05396000,784.7664,953.8687,1.2155,21.55
0707,05396300,2.849,1281.0439,449.6489,44864.89
0707,05396500,204.8681,206.5224,1.0081,0.81
0707,05397000,250.7108,197.5932,0.7881,-21.19
0707,05397110,517.9976,724.8226,1.3993,39.93
0707,05397500,971.2455,1107.1654,1.1399,13.99
0707,05398000,10411.7522,10608.2359,1.0189,1.89
0707,05398500,70.9657,95.9516,1.3521,35.21
0707,05399000,202.2781,422.6026,2.0892,108.92
0707,05399431,29.2669,68.3434,2.3352,133.52
0707,05399500,580.1573,569.1649,0.9811,-1.89
0707,05399550,95.5706,101.9898,1.0672,6.72
0707,05399580,68.6347,78.8395,1.1487,14.87
0707,05400000,11732.6461,12618.5162,1.0755,7.55
0707,05400100,202.0191,339.9594,1.6828,68.28
0707,05400220,414.3981,524.0846,1.2647,26.47
0707,05400500,375.5483,380.9978,1.0145,1.45
0707,05400513,429.938,466.8769,1.0859,8.59
0707,05400600,5.8016,55.3147,9.5344,853.44
0707,05400625,42.9938,55.3147,1.2866,28.66
0707,05400650,30.2252,55.3147,1.8301,83.01
0707,05400664,25.1229,93.1306,3.707,270.7
0707,05400705,215.746,331.8719,1.5383,53.83
0707,05400710,264.1788,331.8719,1.2562,25.62
0707,05400718,328.9285,331.8719,1.0089,0.89
0707,05400760,14037.7356,14718.4108,1.0485,4.85
0707,05400800,14063.6354,14718.4108,1.0466,4.66
0707,05400853,137.5284,139.3364,1.0131,1.31
0707,05400870,132.0894,131.734,0.9973,-0.27
0707,05400980,14607.5329,14718.4108,1.0076,0.76
0707,05401020,25.2006,59.9167,2.3776,137.76
0707,05401034,66.0447,132.0067,1.9987,99.87
0707,05401050,189.8461,175.7489,0.9257,-7.43
0707,05401100,235.9479,224.5434,0.9517,-4.83
0707,05401500,15514.0288,17941.0271,1.1564,15.64
0707,05401510,24.8898,115.3334,4.6338,363.38
0707,05401514,40.6628,115.3334,2.8363,183.63
0707,05401535,136.7514,276.7611,2.0238,102.38
0707,05401556,370.3683,322.0266,0.8695,-13.05
0707,05402000,556.8474,809.8486,1.4543,45.43
0707,05402500,1015.2753,1756.4282,1.73,73.0
0707,05403000,1271.6842,1756.4282,1.3812,38.12
0707,05403039,131.0534,1756.4282,13.4024,1240.24
0707,05403040,10.0492,1756.4282,174.7837,17378.37
0707,05403041,10.3859,1756.4282,169.1174,16811.74
0707,05403042,12.9758,1756.4282,135.3614,13436.14
0707,05403043,264.1788,1756.4282,6.6486,564.86
0707,05403044,40.9218,1756.4282,42.9216,4192.16
0707,05403045,18.622,1756.4282,94.32,9332.0
0707,05403500,1313.124,1587.4626,1.2089,20.89
0707,05403700,116.2905,203.0569,1.7461,74.61
0707,05404000,20953.0038,22478.144,1.0728,7.28
0707,05404116,101.2685,173.8135,1.7164,71.64
0707,05404129,603.4672,879.8912,1.4581,45.81
0707,054041665,1002.3254,1359.9108,1.3568,35.68
0707,05404200,103.8585,104.767,1.0087,0.87
0707,05405000,1577.3028,1698.6009,1.0769,7.69
0707,05405857,0.0259,23408.6435,903812.7769,90381177.69
0707,05406000,23776.0909,23691.2397,0.9964,-0.36
0707,05406360,1.813,91.0215,50.2051,4920.51
0707,05406450,8.5988,65.6817,7.6385,663.85
0707,054064509,23.3617,65.6817,2.8115,181.15
0707,05406457,29.5259,65.6817,2.2245,122.45
0707,05406460,37.8138,65.6817,1.737,73.7
0707,05406465,2.6159,65.6817,25.1088,2410.88
0707,05406469,18.9069,65.6817,3.474,247.4
0707,05406470,19.9429,65.6817,3.2935,229.35
0707,05406476,58.7927,163.9427,2.7885,178.85
0707,054064785,0.6993,163.9427,234.4394,23343.94
0707,05406479,68.8937,163.9427,2.3796,137.96
0707,054064895,4.662,163.9427,35.1659,3416.59
0707,05406491,13.96,163.9427,11.7437,1074.37
0707,054064915,15.1773,163.9427,10.8018,980.18
0707,05406497,97.9016,163.9427,1.6746,67.46
0707,05406500,110.8515,163.9427,1.4789,47.89
0707,054065145,38.3318,163.9427,4.2769,327.69
0707,054065199,41.6988,70.7822,1.6975,69.75
0707,05406520,41.6988,70.7822,1.6975,69.75
0707,05406524,43.2528,70.7822,1.6365,63.65
0707,054065295,27.1949,70.7822,2.6028,160.28
0707,05406540,256.4088,272.3726,1.0623,6.23
0707,05406573,21.6782,44.2595,2.0417,104.17
0707,05406574,23.3617,44.2595,1.8945,89.45
0707,05406575,31.3389,44.2595,1.4123,41.23
0707,05406577,34.9648,44.2595,1.2658,26.58
0707,05406590,19.6062,225.5763,11.5054,1050.54
0707,05406640,43.5118,126.5482,2.9084,190.84
0707,05406657,277.1287,293.7651,1.06,6.0
0707,05406714,106.4485,302.4031,2.8408,184.08
0707,05406840,10.4636,47.4903,4.5386,353.86
0707,05407000,26935.8763,26978.4053,1.0016,0.16
0707,054070396,56.2027,101.6044,1.8078,80.78
0707,05407468,284.8987,304.4438,1.0686,6.86
0707,05407470,303.0286,304.4438,1.0047,0.47
0707,05407500,388.4982,781.9052,2.0126,101.26
0707,05407920,673.3969,781.9052,1.1611,16.11
0707,05407950,678.5769,781.9052,1.1523,15.23
0707,05408000,688.9368,781.9052,1.1349,13.49
0707,05408476,4.8161,147.2732,30.5795,2957.95
0707,05408480,14.996,147.2732,9.8208,882.08
0707,05408500,21.8595,147.2732,6.7373,573.73
0707,05409000,274.5387,305.2917,1.112,11.2
0707,05409500,1372.6937,1397.6258,1.0182,1.82
0707,05409830,5.7239,136.2015,23.7953,2279.53
0707,05409842,5.9829,136.2015,22.7652,2176.52
0707,05409860,10.6449,136.2015,12.7951,1179.51
0707,05409870,17.3529,136.2015,7.8489,684.89
0707,05409890,24.5013,136.2015,5.559,455.9
0707,05410000,1598.0227,1599.9287,1.0012,0.12
0707,05410490,1779.3218,1899.6366,1.0676,6.76
0707,05410500,1787.0918,1899.6366,1.063,6.3
0707,453046089342804,0.0777,78.5547,1011.0042,101000.42
0708,05420400,221702.9822,656.4081,0.003,-99.7
0708,05466000,401.4482,719.0768,1.7912,79.12
0708,05466500,1152.5447,1165.5159,1.0113,1.13
0708,05467000,450.6579,483.0708,1.0719,7.19
0708,05467500,391.0882,1109.9886,2.8382,183.82
0708,05468000,173.7882,226.3611,1.3025,30.25
0708,05468200,5.3872,204.5525,37.9703,3697.03
0708,05468240,30.0439,204.5525,6.8085,580.85
0708,05468253,9.8938,204.5525,20.6749,1967.49
0708,05468265,52.3178,204.5525,3.9098,290.98
0708,05468280,18.0781,204.5525,11.3149,1031.49
0708,05468293,11.7067,204.5525,17.473,1647.3
0708,05468308,95.5706,204.5525,2.1403,114.03
0708,05468367,157.4713,204.5525,1.299,29.9
0708,05468500,341.8784,346.5753,1.0137,1.37
0708,05469000,1118.8749,1206.1114,1.078,7.8
0708,05469500,214.71,241.11,1.123,12.3
0708,05420460,221702.9822,656.4081,0.003,-99.7
0708,05420500,221702.9822,656.4081,0.003,-99.7
0708,05420560,246.5669,327.484,1.3282,32.82
0708,05420680,896.1359,1287.4282,1.4366,43.66
0708,05420850,243.7179,289.2888,1.187,18.7
0708,05421000,2714.3075,2933.6601,1.0808,8.08
0708,05421682,489.5078,598.5551,1.2228,22.28
0708,05421740,4079.2313,4467.4946,1.0952,9.52
0708,05421760,4641.2587,4758.4762,1.0253,2.53
0708,05421890,23.3876,76.8125,3.2843,228.43
0708,05422000,6050.2122,6163.1723,1.0187,1.87
0708,05422405,228954.949,7550.4344,0.033,-96.7
0708,05422410,228954.949,7550.4344,0.033,-96.7
0708,05422420,5.698,48.3724,8.4894,748.94
0708,05422450,17.8709,48.3724,2.7068,170.68
0708,05422470,46.1018,48.3724,1.0493,4.93
0708,05422560,41.6988,91.6975,2.199,119.9
0708,05422584,0.0518,165.451,3194.0499,319304.99
0708,05422586,1.3468,165.451,122.8481,12184.81
0708,05422590,6.8894,165.451,24.0154,2301.54
0708,05422600,148.4063,165.451,1.1149,11.49
0708,05422640,2.3569,7882.8426,3344.5962,334359.62
0708,05422650,0.5698,8053.3558,14133.7184,1413271.84
0708,05448150,100.7505,102.8344,1.0207,2.07
0708,05448285,9.9197,237.3508,23.9273,2292.73
0708,05448290,29.2669,237.3508,8.1099,710.99
0708,05448400,54.9077,61.8657,1.1267,12.67
0708,05448500,290.0787,389.6908,1.3434,34.34
0708,05449000,344.4684,389.16,1.1297,12.97
0708,05449500,1111.1049,1120.1668,1.0082,0.82
0708,05450000,1722.3421,1875.471,1.0889,8.89
0708,05450400,1903.6413,2809.0845,1.4756,47.56
0708,05451070,6.993,140.4398,20.083,1908.3
0708,05451080,31.0799,140.4398,4.5187,351.87
0708,05451210,580.1573,797.4284,1.3745,37.45
0708,05451500,3967.8618,4050.5161,1.0208,2.08
0708,05451700,305.6186,332.5294,1.0881,8.81
0708,05451770,4874.3576,5129.1668,1.0523,5.23
0708,05451900,145.2983,156.0316,1.0739,7.39
0708,05451955,60.6057,109.4232,1.8055,80.55
0708,05452000,520.5876,572.8579,1.1004,10.04
0708,05452200,183.6302,234.2108,1.2754,27.54
0708,05452500,6358.4208,6544.1546,1.0292,2.92
0708,05453000,489.5078,571.0148,1.1665,16.65
0708,05453100,7236.4268,7510.7151,1.0379,3.79
0708,05453200,75.3687,80.1552,1.0635,6.35
0708,05453520,8067.813,8584.9778,1.0641,6.41
0708,05454000,65.5267,87.5434,1.336,33.6
0708,05454090,22.5329,8584.9778,380.9975,37999.75
0708,05454220,151.2553,191.1811,1.264,26.4
0708,05454300,254.0778,267.5009,1.0528,5.28
0708,05454500,8471.8511,8584.9778,1.0134,1.34
0708,05455000,7.7959,8584.9778,1101.2221,110022.21
0708,05455010,7.6146,8584.9778,1127.4417,112644.17
0708,05455100,520.5876,638.4713,1.2264,22.64
0708,05455230,78.9946,107.3071,1.3584,35.84
0708,05455500,1486.6532,1553.2748,1.0448,4.48
0708,05455700,11118.819,31742.247,2.8548,185.48
0708,05457440,237.2429,264.0694,1.1131,11.31
0708,05457500,2139.3302,2526.9675,1.1812,18.12
0708,05457505,2173.0,2526.9675,1.1629,16.29
0708,05457700,2729.8475,3743.1254,1.3712,37.12
0708,05458000,792.5364,808.1496,1.0197,1.97
0708,05458300,4006.7116,4085.8673,1.0198,1.98
0708,05458500,4301.9703,11165.2614,2.5954,159.54
0708,05458900,2191.1299,6805.7143,3.106,210.6
0708,05459000,776.9964,963.3835,1.2399,23.99
0708,05459490,75.8867,86.6115,1.1413,14.13
0708,05459500,1362.3337,1602.1513,1.176,17.6
0708,05460100,203.5731,261.4878,1.2845,28.45
0708,05460400,3240.0751,3423.0112,1.0565,5.65
0708,05460500,3413.6043,3423.0112,1.0028,0.28
0708,05461000,3514.6139,4124.2736,1.1735,17.35
0708,05461390,321.1585,393.9931,1.2268,22.68
0708,05462000,4522.1192,4577.1745,1.0122,1.22
0708,05463000,898.7259,1032.4762,1.1488,14.88
0708,05463050,12261.0037,13325.9074,1.0869,8.69
0708,05463500,784.7664,794.087,1.0119,1.19
0708,05464000,13328.0788,13798.3729,1.0353,3.53
0708,05464130,35.69,55.1533,1.5453,54.53
0708,05464133,3.4447,55.1533,16.0111,1501.11
0708,05464137,50.5307,55.1533,1.0915,9.15
0708,05464220,774.4064,861.4131,1.1124,11.24
0708,05464315,15643.5282,15814.558,1.0109,1.09
0708,05464420,16425.7046,17420.469,1.0606,6.06
0708,05464475,43.2528,49.2423,1.1385,13.85
0708,05464480,16806.4328,17420.469,1.0365,3.65
0708,05464500,16860.8226,17420.469,1.0332,3.32
0708,05464640,461.0179,554.0652,1.2018,20.18
0708,05464695,176.3782,243.6323,1.3813,38.13
0708,05464730,17689.6188,18037.802,1.0197,1.97
0708,05464780,18324.1659,18397.2501,1.004,0.4
0708,0546494140,5.0505,145.7916,28.8669,2786.69
0708,0546494150,3.7814,145.7916,38.5551,3755.51
0708,0546494170,11.9139,145.7916,12.2371,1123.71
0708,05464942,6.6822,145.7916,21.818,2081.8
0708,05465000,20168.2374,20186.6951,1.0009,0.09
0708,05465100,31755.8442,32283.7628,1.0166,1.66
0708,05465500,32374.8514,32686.9166,1.0096,0.96
0708,05465700,32711.5498,32686.9166,0.9992,-0.08
0708,05469860,169.3852,209.7056,1.238,23.8
0708,05469990,80.2896,135.0103,1.6815,68.15
0708,05470000,815.8463,1446.7875,1.7734,77.34
0708,05470500,528.3576,594.6973,1.1256,12.56
0708,05471000,1440.0334,1666.1444,1.157,15.7
0708,05471010,3.6519,50.6158,13.8602,1286.02
0708,0547101001,3.6519,50.6158,13.8602,1286.02
0708,05471012,25.5114,50.6158,1.984,98.4
0708,05471013,38.0728,50.6158,1.3294,32.94
0708,0547101350,0.1295,50.6158,390.8574,38985.74
0708,05471014,45.5838,50.6158,1.1104,11.04
0708,05471040,47.6558,63.4778,1.332,33.2
0708,05471050,2079.7605,3170.5153,1.5245,52.45
0708,05471200,714.8367,981.7365,1.3734,37.34
0708,05471500,4234.6306,4339.9103,1.0249,2.49
0708,05472390,59.5697,85.5775,1.4366,43.66
0708,05472500,1890.6913,2257.8953,1.1942,19.42
0708,05473000,7552.4053,8311.2868,1.1005,10.05
0708,05473065,8383.7915,8681.1671,1.0355,3.55
0708,05473400,1372.6937,1469.3891,1.0704,7.04
0708,05473450,150.2193,223.3786,1.487,48.7
0708,05473500,274.5387,427.3523,1.5566,55.66
0708,05474000,11168.0287,11257.8821,1.008,0.8
0708,05474500,308208.5851,59371.2347,0.1926,-80.74
0708,05457000,1033.4053,1051.3286,1.0173,1.73
0709,05435000,3.3929,2823.6675,832.2321,83123.21
0709,05435500,3436.6034,4419.1565,1.2859,28.59
0709,05437000,6604.4697,16403.6885,2.4837,148.37
0709,05437050,6620.0096,16403.6885,2.4779,147.79
0709,05437500,16480.0943,16700.3113,1.0134,1.34
0709,05437610,16772.763,17007.8762,1.014,1.4
0709,05437630,6.3196,17007.8762,2691.3023,269030.23
0709,05437632,7.2779,17007.8762,2336.9316,233593.16
0709,05437641,16907.4424,17007.8762,1.0059,0.59
0709,05437645,16925.5723,17007.8762,1.0049,0.49
0709,05437695,34.7058,17007.8762,490.058,48905.8
0709,05438030,27.7129,231.1742,8.3418,734.18
0709,05438137,11.5513,43.6026,3.7747,277.47
0709,05438170,440.298,1033.7782,2.3479,134.79
0709,05438250,220.408,254.2822,1.1537,15.37
0709,05438450,1379.4277,1435.5287,1.0407,4.07
0709,05438500,1393.4136,1435.5287,1.0302,3.02
0709,05439000,201.2421,255.7798,1.271,27.1
0709,05439500,1002.3254,1142.9403,1.1403,14.03
0709,05440000,2846.3969,3249.1465,1.1415,14.15
0709,05440500,303.0286,301.1777,0.9939,-0.61
0709,05440700,20694.005,20758.5676,1.0031,0.31
0709,05441000,266.7688,301.8734,1.1316,13.16
0709,05441500,21250.8524,21677.955,1.0201,2.01
0709,05442000,300.4386,508.4772,1.6924,69.24
0709,05442300,22312.7476,22275.2228,0.9983,-0.17
0709,05443000,22636.4961,22561.3079,0.9967,-0.33
0709,05443500,22670.1659,22637.1153,0.9985,-0.15
0709,05444000,378.1383,376.5829,0.9959,-0.41
0709,05445000,214.451,214.8277,1.0018,0.18
0709,05445500,409.2181,426.8942,1.0432,4.32
0709,05446000,424.7581,426.8942,1.005,0.5
0709,05446500,24731.7965,24934.9264,1.0082,0.82
0709,05447000,520.5876,601.731,1.1559,15.59
0709,05447500,2597.7581,2926.7157,1.1266,12.66
0709,05447800,27971.8716,28236.2639,1.0095,0.95
0709,05448000,161.6153,162.7079,1.0068,0.68
0709,05406483,69.1527,210.6139,3.0456,204.56
0709,05423000,105.4125,287.0105,2.7227,172.27
0709,05423100,113.7005,287.0105,2.5243,152.43
0709,05423500,164.7232,173.3964,1.0527,5.27
0709,05423510,292.6687,357.6352,1.222,22.2
0709,05423947,74.3327,78.3093,1.0535,5.35
0709,05424000,463.6079,517.814,1.1169,11.69
0709,05424009,31.5979,517.814,16.3876,1538.76
0709,05424013,3.4188,517.814,151.4615,15046.15
0709,05424057,1181.0346,1578.3662,1.3364,33.64
0709,05424075,67.5987,79.2684,1.1726,17.26
0709,05424082,1323.4839,1578.3662,1.1926,19.26
0709,05424095,20.6422,131.0885,6.3505,535.05
0709,054240957,31.8828,131.0885,4.1116,311.16
0709,05424157,1699.0322,1861.0818,1.0954,9.54
0709,05425500,2509.6985,2651.9359,1.0567,5.67
0709,05425536,20.4609,58.2829,2.8485,184.85
0709,05425537,2.9267,58.2829,19.9143,1891.43
0709,05425539,34.4468,58.2829,1.692,69.2
0709,05425718,4.921,513.9496,104.4406,10344.06
0709,05425912,406.6281,706.604,1.7377,73.77
0709,05425928,9.1686,70.2244,7.6593,665.93
0709,05426000,1973.5709,2035.6247,1.0314,3.14
0709,05426031,4791.478,4818.6924,1.0057,0.57
0709,05426060,78.2176,120.2034,1.5368,53.68
0709,05426067,92.9806,120.2034,1.2928,29.28
0709,05426070,116.2905,223.949,1.9258,92.58
0709,05426086,148.6653,223.949,1.5064,50.64
0709,05426250,315.9785,401.1691,1.2696,26.96
0709,05426500,31.0799,63.2597,2.0354,103.54
0709,05426900,53.3538,63.2597,1.1857,18.57
0709,05427000,41.4398,63.2597,1.5265,52.65
0709,05427085,5801.5734,5840.9075,1.0068,0.68
0709,05427507,388.4982,432.2026,1.1125,11.25
0709,05427530,6630.3696,8147.1417,1.2288,22.88
0709,05427570,6811.6687,8147.1417,1.1961,19.61
0709,05427718,95.8296,293.986,3.0678,206.78
0709,05427800,62.9367,64.8818,1.0309,3.09
0709,05427850,200.4651,293.986,1.4665,46.65
0709,05427880,64.2317,96.0641,1.4956,49.56
0709,05427900,106.4485,159.8911,1.5021,50.21
0709,05427905,114.7365,159.8911,1.3936,39.36
0709,05427910,125.0964,159.8911,1.2781,27.81
0709,05427927,25.7704,159.8911,6.2045,520.45
0709,05427930,32.6339,159.8911,4.8995,389.95
0709,05427937,1.4763,603.7471,408.9615,40796.15
0709,05427943,25.1229,58.4561,2.3268,132.68
0709,05427945,3.7814,58.4561,15.4589,1445.89
0709,054279465,15.8507,58.4561,3.6879,268.79
0709,05427948,44.237,58.4561,1.3214,32.14
0709,05427950,53.8718,58.4561,1.0851,8.51
0709,05427952,63.4547,58.4561,0.9212,-7.88
0709,05427970,8.1585,603.7471,74.0026,7300.26
0709,05428500,513.8536,782.3064,1.5224,52.24
0709,05428600,31.3389,55.9732,1.7861,78.61
0709,05428665,6.6563,55.9732,8.4091,740.91
0709,05428668,62.1597,55.9732,0.9005,-9.95
0709,05429080,2.4346,782.3064,321.33,32033.0
0709,05429120,15.5399,782.3064,50.3417,4934.17
0709,05429150,20.7976,782.3064,37.6152,3661.52
0709,05429369,18.5184,841.9061,45.4632,4446.32
0709,05429500,752.1325,999.3719,1.3287,32.87
0709,05429510,752.9095,999.3719,1.3273,32.73
0709,05429580,39.6268,82.974,2.0939,109.39
0709,05429700,959.3316,1064.2712,1.1094,10.94
0709,05430000,1113.6949,1388.2748,1.2465,24.65
0709,05430030,25.7186,83.9707,3.265,226.5
0709,05430095,104.6355,167.7874,1.6035,60.35
0709,05430100,103.0815,167.7874,1.6277,62.77
0709,05430150,213.933,219.5554,1.0263,2.63
0709,05430175,1246.8203,1388.2748,1.1135,11.35
0709,05430403,3.6778,8748.4846,2378.7386,237773.86
0709,05430446,24.1387,8748.4846,362.4258,36142.58
0709,05430500,8650.5603,8748.4846,1.0113,1.13
0709,05430540,36.0008,120.6029,3.35,235.0
0709,05431014,23.2063,42.5193,1.8322,83.22
0709,054310157,11.2405,42.5193,3.7827,278.27
0709,05431016,43.5118,132.5896,3.0472,204.72
0709,05431017,56.4617,132.5896,2.3483,134.83
0709,05431018,19.8393,132.5896,6.6832,568.32
0709,05431022,103.0815,132.5896,1.2863,28.63
0709,05431032,209.7113,216.0111,1.03,3.0
0709,05431486,509.373,569.9272,1.1189,11.89
0709,05431500,523.1776,569.9272,1.0894,8.94
0709,05432055,42.4758,52.7953,1.2429,24.29
0709,054322653,2.1238,280.6395,132.1409,13114.09
0709,054322655,2.9008,280.6395,96.746,9574.6
0709,05432500,707.0668,965.9744,1.3662,36.62
0709,05432695,49.2098,49.3115,1.0021,0.21
0709,05432927,49.9868,85.6084,1.7126,71.26
0709,05433000,572.3874,823.3529,1.4385,43.85
0709,05433500,73.8147,107.9941,1.463,46.3
0709,05433510,15.2809,107.9941,7.0672,606.72
0709,05433600,9.4017,72.4395,7.705,670.5
0709,05434000,2444.9488,2823.6675,1.1549,15.49
0709,05434235,84.4336,186.2755,2.2062,120.62
0709,05434240,90.6496,186.2755,2.0549,105.49
0709,05434500,2678.0477,2823.6675,1.0544,5.44
0709,054359315,3.885,87.6836,22.5699,2156.99
0709,05435934,29.0079,87.6836,3.0228,202.28
0709,05435935,30.5619,87.6836,2.8691,186.91
0709,05435943,52.5768,87.6836,1.6677,66.77
0709,05435950,214.192,441.3716,2.0606,106.06
0709,05435980,84.6926,128.7152,1.5198,51.98
0709,05436000,42.4758,43.5554,1.0254,2.54
0709,05436500,1354.5638,1471.1517,1.0861,8.61
0709,05438283,24.8121,136.6387,5.5069,450.69
0709,423645088595501,0.0236,44.4788,1887.1842,188618.42
0709,423740088592701,0.0749,44.4788,594.2345,59323.45
0709,430310089225401,0.0078,782.3064,100683.3997,10068239.97
0709,431112088281100,0.0246,110.9541,4509.4315,450843.15
0709,431208089314901,0.0989,96.0641,970.957,96995.7
0709,431212089314801,0.0603,96.0641,1591.8694,159086.94
0710,05476500,3553.4637,3712.9234,1.0449,4.49
0710,05476590,4330.4601,4534.4487,1.0471,4.71
0710,05476735,250.1929,263.175,1.0519,5.19
0710,05476750,5843.0132,9401.3941,1.609,60.9
0710,05478000,1196.5745,1621.4099,1.355,35.5
0710,05478265,2289.5495,2372.8698,1.0364,3.64
0710,05479000,3387.7044,3383.8827,0.9989,-0.11
0710,05479500,9720.2254,10865.3262,1.1178,11.78
0710,05480000,665.6269,1129.1936,1.6964,69.64
0710,05480080,712.2467,1129.1936,1.5854,58.54
0710,05480500,10852.0502,11214.7843,1.0334,3.34
0710,05480603,72.5197,88.5216,1.2207,22.07
0710,05480820,1082.615,1252.2556,1.1567,15.67
0710,05480930,34.4468,124.9227,3.6265,262.65
0710,05480986,20.2537,41.9942,2.0734,107.34
0710,05481000,2185.95,2257.7619,1.0329,3.29
0710,05481300,14120.6152,14172.6534,1.0037,0.37
0710,05481500,14273.4245,14402.8518,1.0091,0.91
0710,05481510,60.8647,107.4385,1.7652,76.52
0710,05481650,15128.1206,16137.6504,1.0667,6.67
0710,05481950,927.2157,988.2542,1.0658,6.58
0710,05482000,16174.4757,25559.6683,1.5802,58.02
0710,05482135,603.4672,715.7387,1.186,18.6
0710,05482170,207.199,565.8297,2.7309,173.09
0710,05482300,1812.9917,2066.792,1.14,14.0
0710,05482430,3206.4053,3462.3395,1.0798,7.98
0710,05482500,4193.1908,4630.345,1.1043,10.43
0710,05483000,62.1597,85.7824,1.38,38.0
0710,05483318,116.5495,215.0266,1.8449,84.49
0710,05483343,23.8797,98.1054,4.1083,310.83
0710,05483349,17.0421,354.1506,20.7809,1978.09
0710,05483450,971.2455,1099.1879,1.1317,13.17
0710,05483600,1139.5948,1558.384,1.3675,36.75
0710,05484000,2574.4482,2834.1717,1.1009,10.09
0710,05484500,8912.1491,9000.4514,1.0099,0.99
0710,05484600,9064.9584,9340.6407,1.0304,3.04
0710,05484650,9140.068,9340.6407,1.0219,2.19
0710,05484800,203.0551,208.3775,1.0262,2.62
0710,05484900,9388.7069,9340.6407,0.9949,-0.51
0710,05485000,9396.4769,9340.6407,0.9941,-0.59
0710,05485500,25586.4925,30154.7232,1.1785,17.85
0710,05485605,160.5793,212.9561,1.3262,32.62
0710,05485640,240.0919,308.6199,1.2854,28.54
0710,05486000,903.9059,1039.2729,1.1498,14.98
0710,05486490,1267.5402,1293.5172,1.0205,2.05
0710,05487470,1191.3945,1261.4216,1.0588,5.88
0710,05487500,30186.3114,30600.95,1.0137,1.37
0710,05487520,30302.8609,30600.95,1.0098,0.98
0710,05487540,17.5601,78.9549,4.4963,349.63
0710,05487550,52.5768,78.9549,1.5017,50.17
0710,05487980,862.466,913.2598,1.0589,5.89
0710,05488000,984.1955,1012.4258,1.0287,2.87
0710,05488110,31934.5534,33381.2111,1.0453,4.53
0710,05488200,233.3579,291.3695,1.2486,24.86
0710,05488500,32320.4616,33381.2111,1.0328,3.28
0710,05489000,968.6556,1090.6827,1.126,12.6
0710,05489090,33.4108,67.977,2.0346,103.46
0710,05489190,181.8172,208.2242,1.1452,14.52
0710,05489490,59.3107,64.6493,1.09,9.0
0710,05489500,34638.501,34740.2322,1.0029,0.29
0710,05490500,36358.2531,36512.1067,1.0042,0.42
0710,05491000,271.9488,291.1233,1.0705,7.05
0710,05476000,3237.4851,3231.8171,0.9982,-0.18
0710,05490600,37036.83,37388.7593,1.0095,0.95
0711,05495500,903.9059,1056.7142,1.1691,16.91
0711,05502020,105.9305,105.955,1.0002,0.02
0711,05502040,188.2921,189.7405,1.0077,0.77
0711,05502080,190.6231,329.0691,1.7263,72.63
0711,05502100,191.6591,396.204,2.0672,106.72
0711,05512000,1168.0846,215.5293,0.1845,-81.55
0711,05512500,102.0455,109.3106,1.0712,7.12
0711,05513000,383.3182,458.3498,1.1957,19.57
0711,05587450,443664.9633,25638.7206,0.0578,-94.22
0711,05587455,443664.9633,25638.7206,0.0578,-94.22
0711,05587480,265.5774,314.86,1.1856,18.56
0711,05587500,444182.9609,26050.2137,0.0586,-94.14
0711,05494300,227.142,278.6919,1.227,22.7
0711,05494500,416.9881,466.0632,1.1177,11.77
0711,05495000,1035.9952,1033.8829,0.998,-0.2
0711,05496000,1017.8653,1170.9094,1.1504,15.04
0711,05496500,1157.7247,1208.6099,1.044,4.4
0711,05497000,1170.6746,1156.3589,0.9878,-1.22
0711,05497150,1219.8844,2329.7578,1.9098,90.98
0711,05497500,479.1478,843.3722,1.7602,76.02
0711,05498000,1017.8653,1093.558,1.0744,7.44
0711,05498150,1035.9952,1093.558,1.0556,5.56
0711,05498500,2408.6889,2370.3903,0.9841,-1.59
0711,05498700,546.4875,735.2482,1.3454,34.54
0711,05500000,1605.7926,3974.6775,2.4752,147.52
0711,05501000,916.8558,984.0877,1.0733,7.33
0711,05502000,80.2896,128.9198,1.6057,60.57
0711,05502300,945.3457,1208.5225,1.2784,27.84
0711,05502500,1245.7843,1208.5225,0.9701,-2.99
0711,05503000,6.8376,290.6429,42.5068,4150.68
0711,05503100,261.5888,290.6429,1.1111,11.11
0711,05503500,1621.3326,1969.7893,1.2149,21.49
0711,05503800,207.199,288.0979,1.3904,39.04
0711,05504800,603.4672,764.0531,1.2661,26.61
0711,05504900,764.0465,1322.1163,1.7304,73.04
0711,05505000,771.8165,1322.1163,1.713,71.3
0711,05506000,174.5652,227.1614,1.3013,30.13
0711,05506100,466.1979,492.4949,1.0564,5.64
0711,05506350,810.6663,1670.3159,2.0604,106.04
0711,05506500,922.0358,1670.3159,1.8116,81.16
0711,05506800,517.9976,644.9157,1.245,24.5
0711,05507000,678.5769,756.5538,1.1149,11.49
0711,05507500,5775.6735,6083.2804,1.0533,5.33
0711,05507600,269.3588,370.0261,1.3737,37.37
0711,05507800,6086.4721,6239.6619,1.0252,2.52
0711,05508000,6423.1705,7092.6921,1.1042,10.42
0711,05508805,533.5376,555.4317,1.041,4.1
0711,05509700,40.6628,19013.6509,467.5931,46659.31
0711,05513500,31.5979,36.7366,1.1626,16.26
0711,05514500,2338.7593,2619.1921,1.1199,11.99
0711,05514705,3185.6854,3267.4637,1.0257,2.57
0711,05514712,110.0745,146.5926,1.3318,33.18
0711,05514840,157.9893,261.3297,1.6541,65.41
0711,05514860,264.1788,424.5899,1.6072,60.72
0712,05520000,569.7974,42.2112,0.0741,-92.59
0712,05520500,5941.4327,6099.4922,1.0266,2.66
0712,05525000,1776.7318,3372.162,1.898,89.8
0712,05525500,1155.1347,1458.2223,1.2624,26.24
0712,05526000,5415.6651,5533.4677,1.0218,2.18
0712,05526500,31.3389,32.2025,1.0276,2.76
0712,05527000,12457.8428,12394.9553,0.995,-0.5
0712,05527500,13338.4388,13314.0767,0.9982,-0.18
0712,05527800,318.5685,318.0706,0.9984,-0.16
0712,05527900,52.3178,93.7245,1.7914,79.14
0712,05527905,12.147,93.7245,7.7158,671.58
0712,05527910,73.5557,93.7245,1.2742,27.42
0712,05527940,1.2432,93.7245,75.39,7439.0
0712,05527950,157.9893,171.9155,1.0881,8.81
0712,05528000,600.8772,680.946,1.1333,13.33
0712,05528030,16.3169,680.946,41.7325,4073.25
0712,05528040,0.2072,680.946,3286.4341,328543.41
0712,05528100,707.0668,975.7458,1.38,38.0
0712,05528230,93.2396,99.2012,1.0639,6.39
0712,05528475,0.1554,77.4285,498.2549,49725.49
0712,05528500,50.7638,77.4285,1.5253,52.53
0712,05529000,932.3957,975.7458,1.0465,4.65
0712,05529500,20.5386,975.7458,47.5079,4650.79
0712,05530000,34.1878,1085.3054,31.7454,3074.54
0712,05530100,1045.8372,1085.3054,1.0377,3.77
0712,05530500,51.0228,54.123,1.0608,6.08
0712,05530750,1236.3567,1256.0704,1.0159,1.59
0712,05530990,78.9946,128.1726,1.6225,62.25
0712,05531000,83.1386,128.1726,1.5417,54.17
0712,05531015,91.6856,128.1726,1.398,39.8
0712,05531044,134.4204,128.1726,0.9535,-4.65
0712,05531045,134.6794,203.9485,1.5143,51.43
0712,05531175,193.4721,203.9485,1.0541,5.41
0712,05531300,236.9839,384.824,1.6238,62.38
0712,05531410,266.7688,384.824,1.4425,44.25
0712,05531500,297.8486,384.824,1.292,29.2
0712,05532000,46.3608,62.5955,1.3502,35.02
0712,05532300,378.1383,384.824,1.0177,1.77
0712,05532500,1631.6925,2896.5743,1.7752,77.52
0712,05532600,1635.8365,2896.5743,1.7707,77.07
0712,05533000,42.7348,48.9817,1.1462,14.62
0712,05533400,33.6698,33.9091,1.0071,0.71
0712,05533500,1771.5519,2896.5743,1.635,63.5
0712,05533600,1787.3508,1047.8287,0.5862,-41.38
0712,05534000,1802.6317,2896.5743,1.6069,60.69
0712,05534050,1812.9917,2896.5743,1.5977,59.77
0712,05534100,1820.7616,2896.5743,1.5909,59.09
0712,05534500,51.0228,61.9553,1.2143,21.43
0712,05535000,33.6698,78.1942,2.3224,132.24
0712,05535070,54.6487,78.1942,1.4309,43.09
0712,05535400,16.8349,74.1491,4.4045,340.45
0712,05535500,29.7849,74.1491,2.4895,148.95
0712,05536000,258.9988,287.7772,1.1111,11.11
0712,05536085,291.1147,287.7772,0.9885,-1.15
0712,05536105,292.6687,287.7772,0.9833,-1.67
0712,05536118,463.6079,456.3591,0.9844,-1.56
0712,05536140,766.6365,1047.8287,1.3668,36.68
0712,05536162,48.4328,52.0073,1.0738,7.38
0712,05536210,44.5478,276.6351,6.2098,520.98
0712,05536215,63.9727,276.6351,4.3243,332.43
0712,05536235,59.8287,71.2047,1.1901,19.01
0712,05536255,60.8647,65.7953,1.081,8.1
0712,05536265,22.8955,56.9671,2.4881,148.81
0712,05536270,43.5118,56.9671,1.3092,30.92
0712,05536275,269.3588,276.6351,1.027,2.7
0712,05536290,538.7175,871.8777,1.6184,61.84
0712,05536310,32.6339,871.8777,26.717,2571.7
0712,05536325,652.677,871.8777,1.3358,33.58
0712,05536340,32.6339,51.0966,1.5658,56.58
0712,05536343,7.3038,51.0966,6.9959,599.59
0712,05536366,62.9367,1003.7478,15.9485,1494.85
0712,05536368,756.2765,188.925,0.2498,-75.02
0712,05536500,29.0079,35.0889,1.2096,20.96
0712,05536580,49.4688,64.2735,1.2993,29.93
0712,05536900,1911.4112,1047.8287,0.5482,-45.18
0712,05536998,1915.2962,1047.8287,0.5471,-45.29
0712,05537000,1916.5912,1047.8287,0.5467,-45.33
0712,05537500,54.1308,84.6115,1.5631,56.31
0712,05537980,3890.1621,2896.5743,0.7446,-25.54
0712,05538000,3892.7521,2896.5743,0.7441,-25.59
0712,05538010,3900.5221,2896.5743,0.7426,-25.74
0712,05538360,54.83,282.3079,5.1488,414.88
0712,05538500,50.7638,51.8991,1.0224,2.24
0712,05539000,278.4237,282.3079,1.014,1.4
0712,05539660,3030.2861,4461.0798,1.4722,47.22
0712,05539670,4431.4697,4461.0798,1.0067,0.67
0712,05539900,73.8147,87.0161,1.1788,17.88
0712,05540000,126.9094,209.0408,1.6472,64.72
0712,05540060,46.8788,209.0408,4.4592,345.92
0712,05540091,17.6896,325.738,18.4141,1741.41
0712,05540095,234.9119,325.738,1.3866,38.66
0712,05540130,318.5685,325.738,1.0225,2.25
0712,05540160,68.8937,102.7149,1.4909,49.09
0712,05540195,28.7489,208.5835,7.2554,625.54
0712,05540200,30.5619,208.5835,6.825,582.5
0712,05540250,196.3211,208.5835,1.0625,6.25
0712,05540275,25.6409,620.625,24.2045,2320.45
0712,05540290,569.7974,620.625,1.0892,8.92
0712,05540500,839.1561,973.0017,1.1595,15.95
0712,05541000,5420.8451,4461.0798,0.8229,-17.71
0712,05541710,445.478,462.7498,1.0388,3.88
0712,05542000,1178.4446,1346.1916,1.1423,14.23
0712,05542500,19380.881,20172.4136,1.0408,4.08
0712,05543010,21276.7523,20226.2955,0.9506,-4.94
0712,05543500,21390.7118,27207.0762,1.2719,27.19
0712,05547350,2380.1991,2473.9581,1.0394,3.94
0712,05547755,44.5478,123.27,2.7671,176.71
0712,05548030,63.8691,74.1794,1.1614,16.14
0712,05548105,218.854,223.5621,1.0215,2.15
0712,05548110,252.0058,307.1098,1.2187,21.87
0712,05548185,33.9288,181.5545,5.351,435.1
0712,05548280,497.2777,537.2992,1.0805,8.05
0712,05548500,3120.9357,3250.4445,1.0415,4.15
0712,05549000,40.1448,60.7894,1.5143,51.43
0712,05549500,3237.4851,3250.4445,1.004,0.4
0712,05549501,3237.4851,3250.4445,1.004,0.4
0712,05549835,0.0259,96.7169,3734.2601,373326.01
0712,05549850,95.8296,96.7169,1.0093,0.93
0712,05550000,3633.7533,3572.7058,0.9832,-1.68
0712,05550001,3701.093,3970.5046,1.0728,7.28
0712,05550300,100.7505,105.746,1.0496,4.96
0712,05550500,91.1676,117.983,1.2941,29.41
0712,05551000,4030.0215,4213.7341,1.0456,4.56
0712,05551001,4030.0215,4213.7341,1.0456,4.56
0712,05551029,35.949,40.9706,1.1397,13.97
0712,05551030,36.2598,40.9706,1.1299,12.99
0712,05551200,133.9024,140.8789,1.0521,5.21
0712,05551330,71.4837,80.4233,1.1251,12.51
0712,05551540,4485.8594,4523.4191,1.0084,0.84
0712,05551545,49.4688,76.3209,1.5428,54.28
0712,05551580,4672.3386,4611.8484,0.9871,-1.29
0712,05551581,4672.3386,4611.8484,0.9871,-1.29
0712,05551582,4672.3386,4611.8484,0.9871,-1.29
0712,05551675,142.4493,190.0104,1.3339,33.39
0712,05551700,181.8172,190.0104,1.0451,4.51
0712,05552500,6842.7486,6826.5863,0.9976,-0.24
0712,415302088033801,1.7871,102.7149,57.476,5647.6
0712,415302088033802,1.295,102.7149,79.3169,7831.69
0712,415302088033803,1.295,102.7149,79.3169,7831.69
0712,415311088032902,2.2015,102.7149,46.657,4565.7
0712,415311088032903,2.2015,102.7149,46.657,4565.7
0712,05515000,450.6579,547.3583,1.2146,21.46
0712,05515400,7.77,39.4958,5.0831,408.31
0712,05515500,1048.9452,1370.6988,1.3067,30.67
0712,05516000,349.6484,422.613,1.2087,20.87
0712,05516500,761.4565,909.6173,1.1946,19.46
0712,05516665,851.7953,1013.2758,1.1896,18.96
0712,05517000,1126.6448,1131.2995,1.0041,0.41
0712,05517010,1003.3873,1131.2995,1.1275,12.75
0712,05517120,115.2545,155.3656,1.348,34.8
0712,05517500,3004.3862,3439.1956,1.1447,14.47
0712,05517530,3563.8236,3569.31,1.0015,0.15
0712,05517890,78.4766,82.885,1.0562,5.62
0712,05517900,82.1026,82.885,1.0095,0.95
0712,05518000,4607.5888,4701.025,1.0203,2.03
0712,05518500,88.5776,88.6104,1.0004,0.04
0712,05519000,318.5685,570.2423,1.79,79.0
0712,05519500,141.6723,144.6156,1.0208,2.08
0712,05520980,29.4223,66.9838,2.2766,127.66
0712,05521000,92.2036,350.9527,3.8063,280.63
0712,05521500,171.7162,213.8636,1.2454,24.54
0712,05522000,372.9583,564.7069,1.5141,51.41
0712,05522500,525.7676,564.7069,1.0741,7.41
0712,05523000,56.4617,57.498,1.0184,1.84
0712,05523500,216.782,378.6875,1.7469,74.69
0712,05523865,60.3467,62.222,1.0311,3.11
0712,05524000,116.0315,141.566,1.2201,22.01
0712,05524500,1162.9047,1362.2552,1.1714,17.14
0712,05524546,26.4179,110.4952,4.1826,318.26
0712,05536179,97.3836,180.5676,1.8542,85.42
0712,05536190,183.1122,180.5676,0.9861,-1.39
0712,05536195,233.0989,523.4848,2.2458,124.58
0712,413339087223001,13.3902,523.4848,39.0945,3809.45
0712,413646087260101,33.8693,62.3492,1.8409,84.09
0712,05543800,200.4651,381.6555,1.9039,90.39
0712,05543830,326.3385,381.6555,1.1695,16.95
0712,05544000,590.5173,785.5487,1.3303,33.03
0712,05544200,191.9181,205.8932,1.0728,7.28
0712,05544348,924.6258,1155.0291,1.2492,24.92
0712,05544371,21.1343,35.2123,1.6661,66.61
0712,05544385,87.8006,87.2153,0.9933,-0.67
0712,05544475,1147.3647,1924.8865,1.6777,67.77
0712,05544793,0.4921,97.5463,198.2255,19722.55
0712,05544800,41.4398,97.5463,2.3539,135.39
0712,05545131,2.2533,145.8977,64.7487,6374.87
0712,05545133,5.3613,145.8977,27.2132,2621.32
0712,055451345,74.3327,145.8977,1.9628,96.28
0712,05545300,284.8987,691.4328,2.4269,142.69
0712,05545750,2100.4804,2112.6116,1.0058,0.58
0712,05546500,2248.1097,2205.3402,0.981,-1.9
0712,05546758,3.5483,50.331,14.1846,1318.46
0712,05548163,4.4289,181.5545,40.9933,3999.33
0712,05548164,8.0808,181.5545,22.4675,2146.75
0712,05548170,111.1105,181.5545,1.634,63.4
0713,05553500,28357.7798,287.4208,0.0101,-98.99
0713,05553700,28634.9085,3899.9891,0.1362,-86.38
0713,05554000,481.7378,496.9009,1.0315,3.15
0713,05554200,167.8312,165.9934,0.989,-1.1
0713,05554300,174.8242,207.3752,1.1862,18.62
0713,05554480,1344.2038,1500.7575,1.1165,11.65
0713,05554500,1499.6031,1500.7575,1.0008,0.08
0713,05554580,2100.4804,2097.1482,0.9984,-0.16
0713,05555000,2797.1872,2910.9659,1.0407,4.07
0713,05555300,3240.0751,3282.2652,1.013,1.3
0713,05555500,3310.0048,3451.6752,1.0428,4.28
0713,05556500,507.6377,524.8492,1.0339,3.39
0713,05557000,224.552,227.456,1.0129,1.29
0713,05557500,256.4088,289.3224,1.1284,12.84
0713,05558000,1256.1442,1300.474,1.0353,3.53
0713,05558300,35078.799,7072.9021,0.2016,-79.84
0713,05558500,145.5573,209.0381,1.4361,43.61
0713,05559000,14.6593,7536.6521,514.1197,51311.97
0713,05559500,297.8486,333.9179,1.1211,12.11
0713,05559600,35526.8669,7536.6521,0.2121,-78.79
0713,05559700,218.854,235.353,1.0754,7.54
0713,05559900,36000.8347,8528.1994,0.2369,-76.31
0713,05560000,36687.1816,8528.1994,0.2325,-76.75
0713,05560500,70.9657,101.0819,1.4244,42.44
0713,05561000,29.0079,101.0819,3.4846,248.46
0713,05561500,14.3485,159.5864,11.1221,1012.21
0713,05562000,158.5073,159.5864,1.0068,0.68
0713,05563000,308.2086,308.9211,1.0023,0.23
0713,05563500,769.2265,794.5959,1.033,3.3
0713,05563800,37774.9766,12638.1338,0.3346,-66.54
0713,05564400,126.9094,122.9919,0.9691,-3.09
0713,05564500,137.5284,181.0323,1.3163,31.63
0713,05565000,25.4078,181.0323,7.1251,612.51
0713,05565500,178.9682,181.0323,1.0115,1.15
0713,05565700,47.9148,109.9419,2.2945,129.45
0713,05566000,16.3169,99.4407,6.0943,509.43
0713,05566500,78.9946,99.4407,1.2588,25.88
0713,05567000,243.1999,504.6534,2.0751,107.51
0713,05567500,1986.5209,2335.5988,1.1757,17.57
0713,05567510,2009.8308,2335.5988,1.1621,16.21
0713,05568000,2779.0572,2773.654,0.9981,-0.19
0713,05568500,40968.4319,13036.9122,0.3182,-68.18
0713,05568615,39859.917,13257.4693,0.3326,-66.74
0713,05568660,51.7998,13257.4693,255.9369,25493.69
0713,05568703,440.816,552.5863,1.2536,25.36
0713,05568705,445.219,552.5863,1.2412,24.12
0713,05568770,398.8582,512.237,1.2843,28.43
0713,05568800,162.3923,192.2091,1.1836,18.36
0713,05568830,1118.8749,1718.9285,1.5363,53.63
0713,05568917,1981.3409,2265.2933,1.1433,14.33
0713,05569000,23.5948,127.0611,5.3851,438.51
0713,05569500,2776.4673,3728.1041,1.3428,34.28
0713,05569968,29.7849,112.3272,3.7713,277.13
0713,05570000,4237.2205,4242.2841,1.0012,0.12
0713,05570330,11.1628,106.5329,9.5435,854.35
0713,05570350,72.5197,106.5329,1.469,46.9
0713,05570360,14.9701,106.5329,7.1164,611.64
0713,05570370,106.7075,106.5329,0.9984,-0.16
0713,05570380,18.4407,173.8287,9.4264,842.64
0713,05570400,4755.2182,4834.2959,1.0166,1.66
0713,05570500,47394.1924,19127.6407,0.4036,-59.64
0713,05570910,621.5971,660.6697,1.0629,6.29
0713,05571000,937.5757,941.2101,1.0039,0.39
0713,05571500,124.0604,150.686,1.2146,21.46
0713,05572000,1424.4935,1639.1717,1.1507,15.07
0713,05572450,287.4887,335.2137,1.166,16.6
0713,05572500,2004.6508,2125.9139,1.0605,6.05
0713,05573500,2395.739,2402.8192,1.003,0.3
0713,05573540,2429.4088,2734.0044,1.1254,12.54
0713,05574000,28.4899,138.9353,4.8767,387.67
0713,05574500,714.8367,722.982,1.0114,1.14
0713,05575000,1124.0548,1454.3682,1.2939,29.39
0713,05575500,1455.5733,1821.013,1.2511,25.11
0713,05575550,35.7159,94.4587,2.6447,164.47
0713,05575800,135.1974,339.2931,2.5096,150.96
0713,05575830,83.9156,125.131,1.4912,49.12
0713,05576000,2245.5197,3030.4654,1.3496,34.96
0713,05576022,2253.2897,3030.4654,1.3449,34.49
0713,05576100,333.0725,364.3725,1.094,9.4
0713,05576195,234.2126,240.2253,1.0257,2.57
0713,05576205,681.1669,743.1079,1.0909,9.09
0713,05576250,709.6567,743.1079,1.0471,4.71
0713,05576500,6780.5889,7091.7338,1.0459,4.59
0713,05576900,7086.2075,7091.7338,1.0008,0.08
0713,05577500,277.1287,316.2483,1.1412,14.12
0713,05578000,7933.1336,12901.5145,1.6263,62.63
0713,05578100,289.1204,382.8685,1.3243,32.43
0713,05578250,276.8697,284.1812,1.0264,2.64
0713,05578300,751.3556,750.5923,0.999,-0.1
0713,05578500,867.646,1003.5411,1.1566,15.66
0713,05579000,1010.0954,1086.6272,1.0758,7.58
0713,05579500,554.2575,643.7118,1.1614,16.14
0713,05579610,18.9069,186.0931,9.8426,884.26
0713,05579620,9.842,186.0931,18.9081,1790.81
0713,05579624,12.2506,186.0931,15.1905,1419.05
0713,05579630,38.3318,186.0931,4.8548,385.48
0713,05579725,64.4907,77.5981,1.2032,20.32
0713,05580000,587.9273,591.1897,1.0055,0.55
0713,05580500,792.5364,797.5326,1.0063,0.63
0713,05580950,89.0956,87.6341,0.9836,-1.64
0713,05581000,813.2563,861.3762,1.0592,5.92
0713,05581500,862.466,937.4249,1.0869,8.69
0713,05582000,4672.3386,4836.613,1.0352,3.52
0713,05582500,68.6347,73.1264,1.0654,6.54
0713,05583000,13190.8094,13379.884,1.0143,1.43
0713,05584400,68.1167,142.0302,2.0851,108.51
0713,05584500,1696.4422,1712.6135,1.0095,0.95
0713,05584680,91.9446,130.1554,1.4156,41.56
0713,05584682,0.4403,130.1554,295.6075,29460.75
0713,05584683,0.5698,130.1554,228.4239,22742.39
0713,05584685,120.4344,130.1554,1.0807,8.07
0713,05585000,3348.8546,3409.2026,1.018,1.8
0713,05585500,67414.8005,40328.6508,0.5982,-40.18
0713,05585830,883.1859,1150.5777,1.3028,30.28
0713,05586000,75.3687,130.462,1.731,73.1
0713,05586100,69264.052,41009.7101,0.5921,-40.79
0713,05586300,69592.9805,41286.0107,0.5932,-40.68
0713,05586500,5.957,62.9292,10.564,956.4
0713,05586647,419.5781,429.2913,1.0232,2.32
0713,05586685,6.216,78.7499,12.669,1166.9
0713,05586745,986.2675,1052.0392,1.0667,6.67
0713,05586800,158.2483,407.3769,2.5743,157.43
0713,05587000,2248.1097,2297.2287,1.0218,2.18
0713,05587060,74306.7589,46208.5668,0.6219,-37.81
0714,05587900,549.0775,689.7253,1.2562,25.62
0714,05588000,95.0526,105.3332,1.1082,10.82
0714,05588500,670.8069,85.6508,0.1277,-87.23
0714,05588700,1.036,85.6522,82.6762,8167.62
0714,05588710,0.5957,85.6522,143.7848,14278.48
0714,05588720,21.5746,85.6508,3.97,297.0
0714,05589000,12.9499,83.0038,6.4096,540.96
0714,05589500,58.5337,58.8693,1.0057,0.57
0714,05590000,32.1159,53.5913,1.6687,66.87
0714,05590050,20.6681,40.9576,1.9817,98.17
0714,05590400,282.3087,861.2922,3.0509,205.09
0714,05590500,328.022,861.2922,2.6257,162.57
0714,05590520,322.1427,861.2922,2.6736,167.36
0714,05590800,385.9082,442.9127,1.1477,14.77
0714,05590950,927.2157,967.8608,1.0438,4.38
0714,05591000,971.2455,967.8608,0.9965,-0.35
0714,05591200,1225.0644,1226.981,1.0016,0.16
0714,05591400,141.6723,149.2034,1.0532,5.32
0714,05591500,20.8494,1748.483,83.8625,8286.25
0714,05591550,89.6136,136.2243,1.5201,52.01
0714,05591700,290.0787,396.8966,1.3682,36.82
0714,05592000,2729.8475,3449.8824,1.2638,26.38
0714,05592050,241.1279,320.245,1.3281,32.81
0714,05592100,3444.6842,3449.8824,1.0015,0.15
0714,05592300,124.0604,141.2632,1.1387,13.87
0714,05592500,5024.5769,5411.9477,1.0771,7.71
0714,05592575,114.4775,373.1077,3.2592,225.92
0714,05592800,393.6782,462.0139,1.1736,17.36
0714,05592900,292.6687,43.3378,0.1481,-85.19
0714,05593000,7042.1777,7144.6164,1.0145,1.45
0714,05593020,7109.5174,7144.6164,1.0049,0.49
0714,05593520,657.857,1205.7087,1.8328,83.28
0714,05593525,890.9559,1205.7087,1.3533,35.33
0714,05593575,218.336,296.4986,1.358,35.8
0714,05593600,44.8068,59.8222,1.3351,33.51
0714,05593900,143.7443,145.2826,1.0107,1.07
0714,05593945,1756.0119,1818.7698,1.0357,3.57
0714,05594000,1903.6413,1910.8476,1.0038,0.38
0714,05594090,321.1585,323.5942,1.0076,0.76
0714,05594100,11377.8178,11668.0625,1.0255,2.55
0714,05594330,187.5151,187.2811,0.9988,-0.12
0714,05594450,398.8582,411.4515,1.0316,3.16
0714,05594500,839.1561,987.8869,1.1772,17.72
0714,05594800,1201.7545,1243.9178,1.0351,3.51
0714,05595000,13439.4483,13518.0735,1.0059,0.59
0714,05595200,334.1085,643.3551,1.9256,92.56
0714,05595226,47.6558,113.4416,2.3804,138.04
0714,05595228,20.4609,113.4416,5.5443,454.43
0714,05595240,14257.8845,14343.8033,1.006,0.6
0714,05595270,1.5281,50.9395,33.3353,3233.53
0714,05595500,46.1018,132.4469,2.8729,187.29
0714,05595700,186.2201,185.3541,0.9953,-0.47
0714,05595730,227.919,260.1636,1.1415,14.15
0714,05595765,562.0274,561.6744,0.9994,-0.06
0714,05595800,54.6487,72.7347,1.3309,33.09
0714,05595820,199.1701,239.9163,1.2046,20.46
0714,05595830,227.142,239.9163,1.0562,5.62
0714,05595860,344.4684,312.9917,0.9086,-9.14
0714,05596000,1300.174,2015.8174,1.5504,55.04
0714,05596300,109.7637,114.9602,1.0473,4.73
0714,05596500,10.0233,153.6372,15.3281,1432.81
0714,05597000,2051.2706,2109.9163,1.0286,2.86
0714,05597500,82.1026,213.7976,2.604,160.4
0714,05598500,598.2873,789.6986,1.3199,31.99
0714,05599000,756.2765,789.6986,1.0442,4.42
0714,05599490,5591.7843,5649.7006,1.0104,1.04
0714,05599500,5617.6842,5649.7006,1.0057,0.57
0714,05600000,83.3976,134.6031,1.614,61.4
0714,07020500,1835265.575,30594.9826,0.0167,-98.33
0714,07022000,1847179.5203,43019.3978,0.0233,-97.67
0714,07001910,2.9785,934.6829,313.8114,31281.14
0714,07001960,9.9974,934.6829,93.493,9249.3
0714,07001985,13.442,934.6829,69.5343,6853.43
0714,07004150,30.3029,934.6829,30.8447,2984.47
0714,07005000,63.1957,934.6829,14.7903,1379.03
0714,07010000,1805221.7129,1443.249,0.0008,-99.92
0714,07010016,14.6075,1443.249,98.8017,9780.17
0714,07010022,23.1545,1443.249,62.3313,6133.13
0714,07010030,5.2059,1443.249,277.2346,27623.46
0714,07010035,3.626,1443.249,398.0297,39702.97
0714,07010038,73.2967,224.5377,3.0634,206.34
0714,07010040,1.2432,95.2771,76.6389,7563.89
0714,07010044,22.248,95.2771,4.2825,328.25
0714,07010048,23.4912,95.2771,4.0559,305.59
0714,07010055,31.0799,95.2771,3.0656,206.56
0714,07010061,16.6277,95.2771,5.73,473.0
0714,07010070,4.8433,95.2771,19.672,1867.2
0714,07010075,55.4257,95.2771,1.719,71.9
0714,07010082,15.0478,95.2771,6.3316,533.16
0714,07010086,94.5346,95.2771,1.0079,0.79
0714,07010088,185.4431,224.5377,1.2108,21.08
0714,07010090,9.0391,224.5377,24.8408,2384.08
0714,07010094,1.6058,224.5377,139.8298,13882.98
0714,07010097,220.667,224.5377,1.0175,1.75
0714,07010155,31.3389,58.4481,1.865,86.5
0714,07010180,46.8788,58.4481,1.2468,24.68
0714,07010200,1805480.7117,2033.1096,0.0011,-99.89
0714,07010208,6.8376,2033.1096,297.3439,29634.39
0714,07010350,515.4076,718.3684,1.3938,39.38
0714,07011500,1.6058,913.2639,568.7309,56773.09
0714,07012000,2.7195,913.2639,335.822,33482.2
0714,07013000,2022.7807,2138.9256,1.0574,5.74
0714,07014000,670.8069,1261.2185,1.8802,88.02
0714,07014500,3820.2325,3905.192,1.0222,2.22
0714,07015000,55.1667,114.306,2.072,107.2
0714,07015500,0.5698,124.0935,217.7853,21678.53
0714,07015720,349.6484,424.7612,1.2148,21.48
0714,07016000,1574.7128,1683.196,1.0689,6.89
0714,07016500,2092.7104,2184.4559,1.0438,4.38
0714,07017000,6923.0382,7049.7771,1.0183,1.83
0714,07017020,7096.5674,7145.2347,1.0069,0.69
0714,07017115,39.1088,9772.7262,249.8855,24888.55
0714,07017200,453.2479,549.1946,1.2117,21.17
0714,07017260,683.7569,1006.5151,1.472,47.2
0714,07017500,8.6765,171.736,19.7933,1879.33
0714,07017610,1059.3051,1288.9179,1.2168,21.68
0714,07018000,1859.6115,1948.436,1.0478,4.78
0714,07018100,1903.6413,1948.436,1.0235,2.35
0714,07018500,2375.0191,2513.3415,1.0582,5.82
0714,07019000,9810.875,9914.2306,1.0105,1.05
0714,07019072,10.1269,9914.2306,979.004,97800.4
0714,07019090,19.7357,10035.2597,508.4823,50748.23
0714,07019120,24.8121,10035.2597,404.4505,40345.05
0714,07019130,9971.4542,10035.2597,1.0064,0.64
0714,07019150,13.183,10035.2597,761.225,76022.5
0714,07019175,13.1571,10035.2597,762.7235,76172.35
0714,07019185,56.4617,10035.2597,177.7356,17673.56
0714,07019195,7.0189,10152.0791,1446.3984,144539.84
0714,07019210,10049.1539,10152.0791,1.0102,1.02
0714,07019220,11.111,10152.0791,913.6922,91269.22
0714,07019300,10230.453,10265.3571,1.0034,0.34
0714,07019310,11.0333,10265.3571,930.3935,92939.35
0714,07019317,20.4091,10265.3571,502.9793,50197.93
0714,07019500,109.8155,158.5091,1.4434,44.34
0714,07019690,84.1746,94.2079,1.1192,11.92
0714,07019790,170.4212,243.8501,1.4309,43.09
0714,07020270,213.933,487.5438,2.279,127.9
0714,07020550,143.2263,212.8939,1.4864,48.64
0714,07021000,1095.565,1153.591,1.053,5.3
0801,07022500,4.4548,144.2677,32.3849,3138.49
0801,07023000,549.0775,584.0684,1.0637,6.37
0801,07023500,95.3116,97.231,1.0201,2.01
0801,07023700,525.7676,522.5033,0.9938,-0.62
0801,07024000,177.9322,439.0851,2.4677,146.77
0801,07029270,709.6567,804.6105,1.1338,13.38
0801,07029300,717.4267,788.6533,1.0993,9.93
0801,07024200,68.6347,247.2005,3.6017,260.17
0801,07024300,143.7443,193.1174,1.3435,34.35
0801,07024500,991.9654,1014.9317,1.0232,2.32
0801,07024900,284.8987,289.1399,1.0149,1.49
0801,07025000,528.3576,596.0802,1.1282,12.82
0801,07025400,963.4756,980.4482,1.0176,1.76
0801,07025500,1100.7449,1502.3859,1.3649,36.49
0801,07026000,4796.658,4942.9827,1.0305,3.05
0801,07026040,4856.2277,4942.9827,1.0179,1.79
0801,07026300,5265.4458,5276.6659,1.0021,0.21
0801,07026370,145.8163,169.5935,1.1631,16.31
0801,07026400,99.9735,104.8781,1.0491,4.91
0801,07026500,284.8987,620.9378,2.1795,117.95
0801,07026680,66.5627,620.9378,9.3286,832.86
0801,07026795,20.7458,21.9519,1.0581,5.81
0801,07027010,639.7271,840.2713,1.3135,31.35
0801,07027500,1282.0441,1367.8698,1.0669,6.69
0801,07027720,1859.6115,2374.4376,1.2768,27.68
0801,07027800,2413.8689,2748.0894,1.1385,13.85
0801,07028000,2597.7581,2748.0894,1.0579,5.79
0801,07028100,2639.1979,2748.0894,1.0413,4.13
0801,07028930,12.3024,545.2411,44.3197,4331.97
0801,07028960,546.4875,689.1463,1.261,26.1
0801,07029000,955.7056,1256.5026,1.3147,31.47
0801,07029035,35.4569,2073.6183,58.4827,5748.27
0801,07029100,2431.9988,2471.4535,1.0162,1.62
0801,07029380,245.5309,466.5366,1.9001,90.01
0801,07029400,2167.82,2967.3732,1.3688,36.88
0801,07029500,3833.1824,4016.1895,1.0477,4.77
0801,07030000,5115.2265,5615.1292,1.0977,9.77
0801,07030050,5977.6926,6067.9081,1.0151,1.51
0801,07030100,87.8006,118.7413,1.3524,35.24
0801,07030137,206.6811,225.5294,1.0912,9.12
0801,07030147,1.9425,55.4733,28.5578,2755.78
0801,07030240,678.5769,1071.8216,1.5795,57.95
0801,07030245,20.176,385.7492,19.1192,1811.92
0801,07030280,1307.944,1373.6057,1.0502,5.02
0801,07030295,3.2634,1922.6399,589.1551,58815.51
0801,07030356,1472.1492,1922.6399,1.306,30.6
0801,07030392,543.8975,678.2906,1.2471,24.71
0801,07030500,1302.764,1412.1522,1.084,8.4
0801,07030600,1546.2229,1811.4298,1.1715,17.15
0801,07031500,35.2238,148.5457,4.2172,321.72
0801,07031650,1810.4017,1811.4298,1.0006,0.06
0801,07031660,1836.3016,1864.9423,1.0156,1.56
0801,07031680,3.7555,83.4413,22.2185,2121.85
0801,07031683,55.4257,83.4413,1.5055,50.55
0801,07031685,8.2362,83.4413,10.1311,913.11
0801,07031692,78.9946,83.4413,1.0563,5.63
0801,07031697,2.3569,2112.355,896.247,89524.7
0801,07031700,1996.8808,2112.355,1.0578,5.78
0801,07031740,2040.9106,2112.355,1.035,3.5
0801,07031761,1.2173,2112.355,1735.2868,173428.68
0801,07031777,7.6664,2115.2419,275.912,27491.2
0801,07032000,2415940.9093,30225.526,0.0125,-98.75
0801,07032200,176.6372,296.3287,1.6776,67.76
0801,07032222,15.0996,296.3287,19.6249,1862.49
0801,07032224,50.2458,296.3287,5.8976,489.76
0801,07032241,1.5281,474.5003,310.5179,30951.79
0801,070322435,352.2384,474.5003,1.3471,34.71
0801,07032244,1.2691,474.5003,373.8889,37288.89
0801,07032248,12.8981,474.6643,36.801,3580.1
0801,07032252,473.9678,474.6643,1.0015,0.15
0801,07032260,8.2362,35.2015,4.274,327.4
0802,07040100,4584.279,5364.8851,1.1703,17.03
0802,07040450,6138.2718,12711.4087,2.0708,107.08
0802,07046500,5179.9762,4619.4752,0.8918,-10.82
0802,07046600,5464.8749,6298.0585,1.1525,15.25
0802,07047000,12027.9048,12711.4087,1.0568,5.68
0802,07047500,13333.2588,608.8629,0.0457,-95.43
0802,07047600,751.0966,1011.2049,1.3463,34.63
0802,07047810,12046.0347,12711.4087,1.0552,5.52
0802,07047855,17.1716,166.1499,9.6758,867.58
0802,07047882,1186.2146,14043.6139,11.839,1083.9
0802,07047902,16770.173,2871.5954,0.1712,-82.88
0802,07047932,473.9678,565.9541,1.1941,19.41
0802,07047942,1385.6436,1448.646,1.0455,4.55
0802,07047950,2035.7307,2153.7425,1.058,5.8
0802,07076750,58015.7337,2031.1773,0.035,-96.5
0802,07076850,429.938,466.508,1.0851,8.51
0802,07077000,60605.7218,8139.059,0.1343,-86.57
0802,07077380,1815.5817,1772.9442,0.9765,-2.35
0802,07077500,2693.5876,2701.4673,1.0029,0.29
0802,07077555,3030.2861,2995.054,0.9884,-1.16
0802,07077652,51.0228,153.3052,3.0046,200.46
0802,07077700,1090.385,1081.242,0.9916,-0.84
0802,07077800,66187.1462,8296.2896,0.1253,-87.47
0802,07077930,200.4651,228.0323,1.1375,13.75
0802,07077950,997.1454,1165.0599,1.1684,16.84
0802,07077952,1188.8045,1165.0599,0.98,-2.0
0802,07078000,453.2479,523.6956,1.1554,15.54
0802,07263875,300.4386,599.066,1.994,99.4
0802,072638805,510.2277,1185.2126,2.3229,132.29
0802,07264000,536.1275,1273.4126,2.3752,137.52
0802,07264200,391.0882,502.1806,1.2841,28.41
0802,07264500,1486.6532,1722.2094,1.1584,15.84
0802,07033800,5.6721,820.3561,144.6307,14363.07
0802,07035000,234.3939,279.0356,1.1905,19.05
0802,07035500,10.4377,356.8588,34.1896,3318.96
0802,07035800,1307.944,1480.6778,1.1321,13.21
0802,07036100,1719.7521,1781.6367,1.036,3.6
0802,07037000,257.9628,290.1553,1.1248,12.48
0802,07037300,489.5078,502.2028,1.0259,2.59
0802,07037500,2476.0286,2669.4692,1.0781,7.81
0802,07037700,11.37,142.8955,12.5677,1156.77
0802,07039500,3395.4744,4253.8925,1.2528,25.28
0802,07041000,287.4887,800.6681,2.785,178.5
0802,07042000,608.6472,3694.3316,6.0697,506.97
0802,07042500,608.6472,1118.5313,1.8377,83.77
0802,07043000,453.2479,527.6169,1.1641,16.41
0802,07043500,1165.4946,999.425,0.8575,-14.25
0802,07044000,2286.9595,3694.3316,1.6154,61.54
0802,07045000,3548.2837,3694.3316,1.0412,4.12
0802,07046000,230.5089,620.8281,2.6933,169.33
0803,07265450,2928240.5575,651.9757,0.0002,-99.98
0803,07265500,61.9007,164.8839,2.6637,166.37
0803,07266000,57.4977,122.774,2.1353,113.53
0803,07267000,69.4117,99.3742,1.4317,43.17
0803,07268000,1362.3337,1578.9828,1.159,15.9
0803,07268500,73.8147,151.9761,2.0589,105.89
0803,07269000,49.9868,192.8279,3.8576,285.76
0803,07270000,21.3933,972.7658,45.4706,4447.06
0803,07270500,25.7963,2755.4035,106.814,10581.4
0803,07271000,26.6769,113.9373,4.271,327.1
0803,07271500,24.2164,113.9373,4.705,370.5
0803,07272500,4001.5316,3923.3496,0.9805,-1.95
0803,07273000,4131.031,4203.9714,1.0177,1.77
0803,07273100,90.9086,93.4231,1.0277,2.77
0803,07273500,4532.4792,4270.9498,0.9423,-5.77
0803,07274000,678.5769,703.9358,1.0374,3.74
0803,07274251,10.2823,301.2691,29.2999,2829.99
0803,07274252,251.4878,301.2691,1.1979,19.79
0803,07275000,1450.3933,1571.3044,1.0834,8.34
0803,07275500,171.7162,220.8082,1.2859,28.59
0803,07275530,205.1271,220.8082,1.0764,7.64
0803,07275900,494.6877,537.58,1.0867,8.67
0803,07276000,564.6174,1419.012,2.5132,151.32
0803,07276500,303.0286,300.4258,0.9914,-0.86
0803,07277000,590.5173,1419.012,2.403,140.3
0803,07277500,1598.0227,1650.7372,1.033,3.3
0803,07277700,313.3886,326.8529,1.043,4.3
0803,07277730,162.6513,560.9,3.4485,244.85
0803,07278500,2589.9881,2598.2739,1.0032,0.32
0803,07279500,3185.6854,3581.6278,1.1243,12.43
0803,07279800,3636.3433,4825.0086,1.3269,32.69
0803,07279937,72.5197,83.8419,1.1561,15.61
0803,07280000,5128.1765,5391.992,1.0514,5.14
0803,07280270,96.0886,107.2621,1.1163,11.63
0803,07280340,139.6004,151.481,1.0851,8.51
0803,07280400,305.6186,441.6006,1.4449,44.49
0803,07280460,79.7716,132.2438,1.6578,65.78
0803,07280550,132.3484,132.2438,0.9992,-0.08
0803,07281000,13286.639,13543.8035,1.0194,1.94
0803,07281600,13522.3279,19685.0503,1.4557,45.57
0803,07281960,223.516,223.7616,1.0011,0.11
0803,07281977,414.3981,415.2336,1.002,0.2
0803,07282000,764.0465,854.6001,1.1185,11.85
0803,07282075,109.0385,261.65,2.3996,139.96
0803,07282090,163.1693,261.65,1.6035,60.35
0803,07282097,53.0948,261.65,4.928,392.8
0803,07282100,261.5888,261.65,1.0002,0.02
0803,07282500,1572.1228,3385.2636,2.1533,115.33
0803,07283000,657.857,910.6989,1.3843,38.43
0803,07283500,1126.6448,1126.1906,0.9996,-0.04
0803,07285000,3418.7843,3385.2636,0.9902,-0.98
0803,07285400,621.5971,638.2064,1.0267,2.67
0803,07285500,4014.4816,4219.4499,1.0511,5.11
0803,07285900,27.1949,89.3244,3.2846,228.46
0803,07286000,80.2896,175.7042,2.1884,118.84
0803,07286500,37.2958,196.7271,5.2748,427.48
0803,07287000,19295.4114,20041.1985,1.0387,3.87
0803,07287120,19813.409,20880.3579,1.0538,5.38
0803,07287150,246.5669,301.4627,1.2226,22.26
0803,07287160,247.8619,301.4627,1.2163,21.63
0803,07287355,277.1287,275.7969,0.9952,-0.48
0803,07287400,228.178,462.3933,2.0265,102.65
0803,07287404,160.8383,462.3933,2.8749,187.49
0803,07287405,461.0179,462.3933,1.003,0.3
0803,07288000,279.7187,279.7927,1.0003,0.03
0803,07288280,1432.2634,1305.8902,0.9118,-8.82
0803,07288500,1986.5209,2319.2126,1.1675,16.75
0803,0728862108,0.4144,4046.2651,9764.1981,976319.81
0803,07288650,1253.5542,1291.7737,1.0305,3.05
0803,07288700,6678.7246,6602.337,0.9886,-1.14
0803,0728875070,207.199,254.9112,1.2303,23.03
0803,07288800,32641.6202,34780.3104,1.0655,6.55
0803,07288955,34589.2912,34780.3104,1.0055,0.55
0804,07356000,1072.2551,1172.0685,1.0931,9.31
0804,07356500,157.9893,233.7215,1.4794,47.94
0804,07357000,2848.9869,2852.9299,1.0014,0.14
0804,07357501,2861.9369,2992.2602,1.0455,4.55
0804,07357700,9.9456,2992.2602,300.8641,29986.41
0804,07358000,3638.9333,3767.2575,1.0353,3.53
0804,07358250,2.1497,118.3193,55.0402,5404.02
0804,07358253,5.698,118.3193,20.7652,1976.52
0804,07358257,2.072,118.3193,57.1042,5610.42
0804,07358260,3.0821,118.3193,38.3894,3738.94
0804,07358284,10.878,3767.2575,346.3205,34532.05
0804,07358501,3778.7927,4007.1328,1.0604,6.04
0804,07358550,21.4969,118.3193,5.504,450.4
0804,07359610,352.2384,472.0671,1.3402,34.02
0804,07359700,520.5876,569.2697,1.0935,9.35
0804,07359800,808.0763,831.3846,1.0288,2.88
0804,07359910,1243.1943,1236.6152,0.9947,-0.53
0804,07360000,5985.4625,6191.9552,1.0345,3.45
0804,07360200,177.1552,267.3614,1.5092,50.92
0804,07360501,613.8272,653.1554,1.0641,6.41
0804,07360800,310.7986,322.8869,1.0389,3.89
0804,07361000,984.1955,1142.6569,1.161,16.1
0804,07361200,372.9583,442.9162,1.1876,18.76
0804,07361500,461.0179,591.5412,1.2831,28.31
0804,07361600,2794.5972,2774.8286,0.9929,-0.71
0804,07362000,13882.3363,13978.0009,1.0069,0.69
0804,07362100,997.1454,1184.3366,1.1877,18.77
0804,07362500,621.5971,706.9765,1.1374,13.74
0804,07362579,13.7528,137.6995,10.0124,901.24
0804,07362587,69.9297,137.6995,1.9691,96.91
0804,07362641,78.2176,136.1743,1.741,74.1
0804,07362656,46.1018,136.1743,2.9538,195.38
0804,07362693,243.1999,277.4597,1.1409,14.09
0804,07363000,1424.4935,1508.1714,1.0587,5.87
0804,07363054,1504.7831,1508.1714,1.0023,0.23
0804,07363200,2900.7867,3773.3569,1.3008,30.08
0804,07363300,528.3576,676.8553,1.2811,28.11
0804,07363400,675.9869,676.8553,1.0013,0.13
0804,07363500,5438.975,6060.1551,1.1142,11.42
0804,07364100,27938.2017,28161.002,1.008,0.8
0804,07364128,264.1788,327.663,1.2403,24.03
0804,07364130,256.9268,327.663,1.2753,27.53
0804,07364133,984.1955,1086.8963,1.1044,10.44
0804,07364150,1491.8332,1644.666,1.1024,10.24
0804,07364185,2874.8868,3010.196,1.0471,4.71
0804,07365800,466.1979,726.381,1.5581,55.81
0804,07365900,130.5354,191.5477,1.4674,46.74
0804,07355500,174824.1974,124.0721,0.0007,-99.93
0804,07364200,3074.3159,3078.5659,1.0014,0.14
0804,07364203,3082.0859,3078.5659,0.9989,-0.11
0804,07364300,701.8868,767.9531,1.0941,9.41
0804,07364500,4260.5304,4252.8643,0.9982,-0.18
0804,07364535,33548.116,34727.6118,1.0352,3.52
0804,07364700,365.1883,596.5962,1.6337,63.37
0804,07364860,2.4087,158.6346,65.8593,6485.93
0804,07364890,657.857,920.195,1.3988,39.88
0804,07365000,919.4458,1203.9085,1.3094,30.94
0804,07366000,1196.5745,1646.0796,1.3757,37.57
0804,07366200,538.7175,446.4201,0.8287,-17.13
0804,07366380,0.9324,134.7633,144.5344,14353.44
0804,07367000,39621.6381,40414.1323,1.02,2.0
0804,07367005,39621.6381,40414.1323,1.02,2.0
0804,07367630,40481.5142,40764.0239,1.007,0.7
0804,07370500,701.8868,993.1101,1.4149,41.49
0804,07370600,328.9285,359.5518,1.0931,9.31
0804,07370800,2390.559,4895.7978,2.048,104.8
0804,07371000,5.5426,1012.7157,182.7158,18171.58
0804,07371500,919.4458,1012.7157,1.1014,10.14
0804,07371540,3.885,79.7734,20.5338,1953.38
0804,07372000,1693.8522,1918.7478,1.1328,13.28
0804,07372050,1916.5912,1918.7478,1.0011,0.11
0804,07372190,4900.2575,5199.5049,1.0611,6.11
0804,07372200,4918.3874,5199.5049,1.0572,5.72
0804,07372500,238.2789,251.9176,1.0572,5.72
0804,07373000,132.0894,197.1291,1.4924,49.24
0804,07373250,91.4266,105.0992,1.1495,14.95
0804,07373267,62568.9328,41673.2436,0.666,-33.4
0805,07367680,1613.5626,1829.1525,1.1336,13.36
0805,07369654,0.0518,185.465,3580.4218,357942.18
0805,07369680,1294.9941,1478.8837,1.142,14.2
0805,07367690,1867.3814,2060.6741,1.1035,10.35
0805,07367700,2033.1407,2060.6741,1.0135,1.35
0805,07368000,3175.3254,77.9097,0.0245,-97.55
0805,07368500,108.7795,284.3014,2.6136,161.36
0805,07368520,525.7676,578.5,1.1003,10.03
0805,07369000,934.9857,3747.7208,4.0083,300.83
0805,07369250,0.9065,475.5634,524.6173,52361.73
0805,07369500,800.3063,783.3394,0.9788,-2.12
0805,07369700,1305.354,1478.8837,1.1329,13.29
0805,07369950,1.554,2128.918,1369.9664,136896.64
0805,07370190,6169.3517,6201.7484,1.0053,0.53
0806,07289350,2659.9178,2619.9722,0.985,-1.5
0806,07289460,3465.4041,3834.7134,1.1066,10.66
0806,07289500,3866.8522,3928.5701,1.016,1.6
0806,07289730,6060.5722,6074.5176,1.0023,0.23
0806,07290000,7283.0466,7133.7198,0.9795,-2.05
0806,07290500,960.8856,977.9993,1.0178,1.78
0806,07290650,1693.8522,1786.2547,1.0546,5.46
0806,07290690,200.4651,211.7439,1.0563,5.63
0806,07290870,665.6269,724.9636,1.0891,8.91
0806,07291000,468.7878,1111.0209,2.37,137.0
0806,07291500,1033.4053,1111.0209,1.0751,7.51
0806,07292500,2038.3206,2110.3868,1.0354,3.54
0806,07293500,2589.9881,2964.5529,1.1446,14.46
0806,07294500,2900.7867,2964.5529,1.022,2.2
0806,07295000,466.1979,637.9767,1.3685,36.85
0807,07373500,91.4266,247.0018,2.7016,170.16
0807,07373700,644.907,848.6063,1.3159,31.59
0807,07374000,2915834.5145,2245.1549,0.0008,-99.92
0807,07375300,152.8093,826.5951,5.4093,440.93
0807,07375410,880.596,1226.9485,1.3933,39.33
0807,07375430,1222.4744,1646.6025,1.3469,34.69
0807,07375450,1323.4839,1646.6025,1.2441,24.41
0807,07375480,235.6889,258.7723,1.0979,9.79
0807,07375500,1673.1323,2009.9431,1.2013,20.13
0807,07375800,232.3219,330.7888,1.4238,42.38
0807,07375960,569.7974,1027.8372,1.8039,80.39
0807,07376000,639.7271,1027.8372,1.6067,60.67
0807,07376300,1261.3242,1881.1817,1.4914,49.14
0807,07376500,205.9041,561.187,2.7255,172.55
0807,07377000,1502.1931,1563.7809,1.041,4.1
0807,07377150,1919.1812,1961.4943,1.022,2.2
0807,07377210,181.0402,299.3597,1.6536,65.36
0807,07377240,73.0377,76.4302,1.0464,4.64
0807,07377300,2289.5495,3463.6382,1.5128,51.28
0807,07377500,375.5483,431.6837,1.1495,14.95
0807,07377650,1.8907,156.0773,82.5504,8155.04
0807,07377700,106.4485,156.0773,1.4662,46.62
0807,07377750,595.6973,821.1822,1.3785,37.85
0807,07377782,116.5495,144.2045,1.2373,23.73
0807,07378000,735.5566,982.8317,1.3362,33.62
0807,07378500,3315.1848,4682.7887,1.4125,41.25
0807,07378745,127.6087,166.846,1.3075,30.75
0807,07378746,133.9542,166.846,1.2455,24.55
0807,07379000,10.4636,117.348,11.2149,1021.49
0807,07379500,2.0979,117.348,55.9362,5493.62
0807,07379960,39.1347,117.348,2.9986,199.86
0807,07380000,103.5995,117.348,1.1327,13.27
0807,07380101,393.6782,436.9382,1.1099,10.99
0807,07380102,5.4131,436.9382,80.719,7971.9
0807,073801175,77.6996,88.303,1.1365,13.65
0807,07380120,4133.621,4682.7887,1.1329,13.29
0807,07380200,4532.4792,4763.5157,1.051,5.1
0807,07380215,4597.2289,4879.8332,1.0615,6.15
0807,073802225,142.4493,145.2381,1.0196,1.96
0807,0738022295,15.2809,214.8836,14.0622,1306.22
0807,07380224,9.4794,77.917,8.2197,721.97
0807,073802282,243.0963,214.8836,0.8839,-11.61
0807,07375280,409.2181,414.8286,1.0137,1.37
0808,07381490,226805.2588,226.938,0.001,-99.9
0808,07381800,176.8962,202.5165,1.1448,14.48
0808,07382000,621.5971,622.855,1.002,0.2
0808,07382500,1851.8415,1274.3208,0.6881,-31.19
0808,07383000,196.5801,112.9931,0.5748,-42.52
0808,07383500,699.2968,80.5486,0.1152,-88.48
0808,07384000,831.3862,937.134,1.1272,12.72
0808,07385500,3962.6818,65.2977,0.0165,-98.35
0808,07386000,96.0886,318.8567,3.3184,231.84
0808,07386500,49.2098,100.0634,2.0334,103.34
0808,08010000,339.2884,399.1626,1.1765,17.65
0808,08011020,783.7304,955.3088,1.2189,21.89
0808,08011500,132.8664,283.6474,2.1348,113.48
0808,08011700,0.4403,96.4022,218.9477,21794.77
0808,08012000,1364.9237,1395.6147,1.0225,2.25
0808,08012150,3576.7736,4488.5379,1.2549,25.49
0808,08012400,4462.5495,4655.3252,1.0432,4.32
0808,08012470,774.4064,925.0422,1.1945,19.45
0808,08012900,1129.2348,478.1257,0.4234,-57.66
0808,08013000,1292.4041,1390.8606,1.0762,7.62
0808,08013500,1950.261,2035.1278,1.0435,4.35
0808,08014000,442.888,471.9258,1.0656,6.56
0808,08014200,243.9769,282.7692,1.159,15.9
0808,08014500,1320.8939,1366.144,1.0343,3.43
0808,08014800,310.7986,410.2814,1.3201,32.01
0808,08014900,0.7252,639.2009,881.4174,88041.74
0808,08015000,616.4172,639.2009,1.037,3.7
0808,08015500,4402.9798,5164.939,1.1731,17.31
0808,08016300,196.8391,223.177,1.1338,13.38
0808,08016400,383.3182,434.9019,1.1346,13.46
0808,08016600,212.897,273.4305,1.2843,28.43
0808,08016800,458.4279,530.4002,1.157,15.7
0809,07374525,2874886.8025,123.7661,0.0,-100.0
0809,07375000,247.3439,269.2987,1.0888,8.88
0809,07375050,375.5483,435.2565,1.159,15.9
0809,07375170,228.437,513.0729,2.246,124.6
0809,07375222,119.3985,163.923,1.3729,37.29
0809,07375230,1062.9829,1111.9574,1.0461,4.61
0901,05113500,2020.1907,3633.0066,1.7983,79.83
0901,05113600,1631.6925,3909.8404,2.3962,139.62
0901,05113700,207.199,315.1014,1.5208,52.08
0901,05114000,7873.5639,21950.905,2.7879,178.79
0901,05116000,8469.2611,23313.6515,2.7527,175.27
0901,05116150,1779.3218,1584.8992,0.8907,-10.93
0901,05116500,1396.0036,2177.3069,1.5597,55.97
0901,05117500,10100.9536,25902.5326,2.5644,156.44
0901,05117600,10398.8023,26208.9544,2.5204,152.04
0901,05117700,26599.1779,26208.9544,0.9853,-1.47
0901,05119410,137.2694,141.4353,1.0303,3.03
0901,05120000,11395.9477,27581.635,2.4203,142.03
0901,05120200,326.3385,458.0761,1.4037,40.37
0901,05120500,738.1466,977.9055,1.3248,32.48
0901,05122000,12172.9441,32734.1304,2.6891,168.91
0901,05122500,235.6889,524.9379,2.2272,122.72
0901,05123100,152.8093,159.4058,1.0432,4.32
0901,05123400,1890.6913,3914.4022,2.0704,107.04
0901,05123500,435.118,408.1873,0.9381,-6.19
0901,05123510,958.2956,4197.5061,4.3802,338.02
0901,05123600,360.0083,647.8835,1.7996,79.96
0901,05123700,631.9571,1388.4075,2.197,119.7
0901,05123750,704.4768,1641.3318,2.3299,132.99
0901,05123900,440.298,770.9593,1.751,75.1
0901,05124000,17093.9215,41165.4013,2.4082,140.82
0902,05030000,536.1275,542.3198,1.0116,1.16
0902,05030150,867.646,1008.9922,1.1629,16.29
0902,05030500,2926.6866,2980.8938,1.0185,1.85
0902,05040000,318.5685,399.9916,1.2556,25.56
0902,05040500,1248.3743,1277.8844,1.0236,2.36
0902,05046000,4506.5793,4747.1575,1.0534,5.34
0902,05047500,517.9976,1974.5891,3.812,281.2
0902,05048000,1869.9714,1974.5891,1.0559,5.59
0902,05049000,1976.1609,2228.243,1.1276,12.76
0902,05051300,4869.1776,5016.3483,1.0302,3.02
0902,05061000,841.7461,933.6608,1.1092,10.92
0902,05061200,65.5267,294.9968,4.5019,350.19
0902,05061500,1175.8546,1198.4587,1.0192,1.92
0902,05062000,2525.2384,2630.3274,1.0416,4.16
0902,05062500,2419.0489,2415.4271,0.9985,-0.15
0902,05063398,492.0977,525.8359,1.0686,6.86
0902,05063500,657.857,668.4428,1.0161,1.61
0902,05064000,4040.3815,4237.1847,1.0487,4.87
0902,05067500,611.2372,739.2451,1.2094,20.94
0902,05068000,839.1561,887.4085,1.0575,5.75
0902,05069000,1191.3945,1213.4848,1.0185,1.85
0902,05073870,113.9595,134.0091,1.1759,17.59
0902,05073900,80.2896,91.2328,1.1363,13.63
0902,05073980,175.8602,221.4768,1.2594,25.94
0902,05074500,5050.4768,5293.0293,1.048,4.8
0902,05075000,5956.9727,6001.3793,1.0075,0.75
0902,05076000,2551.1383,2716.7828,1.0649,6.49
0902,05076500,8935.459,9067.3883,1.0148,1.48
0902,05077000,341.8784,472.9017,1.3832,38.32
0902,05077500,396.2682,472.9017,1.1934,19.34
0902,05077600,556.8474,729.4971,1.31,31.0
0902,05077700,119.6575,139.9793,1.1698,16.98
0902,05077850,1069.6651,1264.4505,1.1821,18.21
0902,05078000,1437.4434,1474.4815,1.0258,2.58
0902,05078230,657.857,1519.3091,2.3095,130.95
0902,05078470,24.8639,316.3978,12.7252,1172.52
0902,05078500,3574.1836,3520.4778,0.985,-1.5
0902,05078520,29.5259,64.3949,2.181,118.1
0902,05078720,23.3099,175.2422,7.5179,651.79
0902,05078730,30.5619,175.2422,5.734,473.4
0902,05078770,36.7778,85.175,2.3159,131.59
0902,05079000,13649.2373,14015.8173,1.0269,2.69
0902,05079200,27.7129,74.5539,2.6902,169.02
0902,05079250,26.9359,141.9405,5.2696,426.96
0902,05080000,14711.1325,14545.5432,0.9887,-1.13
0902,05083500,70965.6742,65117.7751,0.9176,-8.24
0902,05085420,77.6996,340.5141,4.3824,338.24
0902,05085450,455.8379,556.2843,1.2204,22.04
0902,05085900,564.6174,660.2782,1.1694,16.94
0902,05087500,660.447,749.746,1.1352,13.52
0902,05092500,339.2884,202.6233,0.5972,-40.28
0902,05093000,727.7867,1298.8187,1.7846,78.46
0902,05094000,1445.2134,1531.3623,1.0596,5.96
0902,05095000,1618.7426,1840.3498,1.1369,13.69
0902,05095500,1667.9523,1840.3498,1.1034,10.34
0902,05096000,82.8796,689.3801,8.3178,731.78
0902,05096500,246.0489,279.6601,1.1366,13.66
0902,05097500,999.7354,955.6833,0.9559,-4.41
0902,05103000,652.677,550.96,0.8442,-15.58
0902,05104000,808.0763,554.1466,0.6858,-31.42
0902,05104500,1113.6949,1249.1085,1.1216,12.16
0902,05106000,455.8379,759.3568,1.6658,66.58
0902,05106500,2362.0692,2516.2802,1.0653,6.53
0902,05107000,180.2632,251.2712,1.3939,39.39
0902,05107500,2823.087,2945.7574,1.0435,4.35
0902,05109000,5.698,433.1716,76.022,7502.2
0902,05112000,3677.7831,3716.8947,1.0106,1.06
0902,05112500,4118.0811,3716.8947,0.9026,-9.74
0902,05050500,3988.5817,3924.1008,0.9838,-1.62
0902,05051522,11136.9489,11101.3229,0.9968,-0.32
0902,05051600,766.6365,1317.2165,1.7182,71.82
0902,05051700,1463.3433,2720.9153,1.8594,85.94
0902,05052000,3004.3862,3701.1686,1.2319,23.19
0902,05052100,98.4195,230.0394,2.3373,133.73
0902,05052500,720.0167,852.8987,1.1846,18.46
0902,05053000,3859.0823,5406.3922,1.401,40.1
0902,05054000,17611.9192,17299.3794,0.9823,-1.77
0902,05054020,17663.7189,17299.3794,0.9794,-2.06
0902,05054500,398.8582,1174.2866,2.9441,194.41
0902,05055000,450.6579,1338.8766,2.9709,197.09
0902,05055100,536.1275,1195.7555,2.2304,123.04
0902,05055200,233.0989,365.4662,1.5679,56.79
0902,05055300,1530.683,3608.9037,2.3577,135.77
0902,05055400,1610.9726,3843.4744,2.3858,138.58
0902,05055500,1709.3922,3917.0238,2.2915,129.15
0902,05055520,19.9429,4120.8181,206.6307,20563.07
0902,05056000,1968.391,4629.5734,2.352,135.2
0902,05056060,155.9173,404.3836,2.5936,159.36
0902,05056100,976.4255,1055.1753,1.0807,8.07
0902,05056200,730.3766,1371.849,1.8783,87.83
0902,05056215,269.3588,1695.5041,6.2946,529.46
0902,05056225,1735.292,2222.4301,1.2807,28.07
0902,05056239,543.8975,2222.4301,4.0861,308.61
0902,05056247,336.6985,342.7416,1.0179,1.79
0902,05056270,2900.7867,2865.7964,0.9879,-1.21
0902,05056300,362.5983,557.9898,1.5389,53.89
0902,05056340,440.298,685.6328,1.5572,55.72
0902,05056390,906.4958,685.6328,0.7564,-24.36
0902,05056400,3786.5626,3692.8521,0.9753,-2.47
0902,05056403,150.2193,193.8512,1.2905,29.05
0902,05056410,2046.0906,2278.0731,1.1134,11.34
0902,05056770,2719.4875,5674.4382,2.0866,108.66
0902,05057000,3289.2849,6693.3573,2.0349,103.49
0902,05057200,909.0858,1989.0647,2.188,118.8
0902,05058000,4946.8773,9606.7312,1.942,94.2
0902,05058500,5464.8749,9814.2515,1.7959,79.59
0902,05058600,20719.9049,10553.9715,0.5094,-49.06
0902,05058650,6319.571,10681.6254,1.6902,69.02
0902,05058700,6449.0704,10812.3091,1.6766,67.66
0902,05059000,7821.7641,12167.2566,1.5556,55.56
0902,05059300,22895.4949,12367.9272,0.5402,-45.98
0902,05059500,8003.0633,12367.9272,1.5454,54.54
0902,05059600,45.0658,133.7589,2.9681,196.81
0902,05059700,2061.6305,2216.4774,1.0751,7.51
0902,05060000,3574.1836,4086.9563,1.1435,14.35
0902,05060100,3651.8832,4086.9563,1.1191,11.91
0902,05060500,300.4386,338.3842,1.1263,12.63
0902,05060510,34.9648,338.3842,9.6778,867.78
0902,05060550,440.298,406.6187,0.9235,-7.65
0902,05060570,92.7216,16661.2321,179.691,17869.1
0902,05062200,515.4076,539.5865,1.0469,4.69
0902,05064500,56461.7408,41518.5638,0.7353,-26.47
0902,05064900,414.3981,490.1816,1.1829,18.29
0902,05065500,1054.1252,2503.2339,2.3747,137.47
0902,05066500,2830.857,3168.6288,1.1193,11.93
0902,05070000,62185.6145,46632.8715,0.7499,-25.01
0902,05082500,68116.6873,62145.9969,0.9123,-8.77
0902,05082625,805.4863,734.9261,0.9124,-8.76
0902,05083000,1440.0334,1497.4085,1.0398,3.98
0902,05083600,100.2325,162.1463,1.6177,61.77
0902,05084000,870.236,1279.4472,1.4702,47.02
0902,05084500,1144.7747,1279.4472,1.1176,11.76
0902,05085000,1605.7926,1581.9524,0.9852,-1.48
0902,05088000,554.2575,543.546,0.9807,-1.93
0902,05089000,585.3373,676.9578,1.1565,15.65
0902,05089100,39.6268,115.0126,2.9024,190.24
0902,05089500,43.7708,97.4792,2.227,122.7
0902,05090000,1800.0417,1847.0107,1.0261,2.61
0902,05092000,90131.5862,72667.6815,0.8062,-19.38
0902,05092200,207.199,327.682,1.5815,58.15
0902,05098700,98.4195,113.7928,1.1562,15.62
0902,05098800,183.8892,185.1039,1.0066,0.66
0902,05098820,214.969,305.9294,1.4231,42.31
0902,05099400,445.478,477.2887,1.0714,7.14
0902,05099600,8676.4602,8536.4475,0.9839,-1.61
0902,05100000,8831.8595,9986.0893,1.1307,13.07
0902,05100500,48.9508,212.0257,4.3314,333.14
0902,05101000,414.3981,503.9208,1.216,21.6
0902,05101500,432.528,503.9208,1.1651,16.51
0902,05102490,94275.5672,85842.6112,0.9105,-8.95
0902,05050000,3004.3862,3625.5156,1.2067,20.67
0902,05051650,24.4754,121.1248,4.9488,394.88
0903,05124480,657.857,690.0381,1.0489,4.89
0903,05124500,883.1859,882.0392,0.9987,-0.13
0903,05124982,15.0737,1157.6313,76.7979,7579.79
0903,05124990,25.0193,1157.6313,46.2696,4526.96
0903,05125039,27.7129,2173.7226,78.4373,7743.73
0903,05125500,466.1979,617.4813,1.3245,32.45
0903,05125550,556.8474,617.4813,1.1089,10.89
0903,05126000,127.9454,150.6505,1.1775,17.75
0903,05126210,2167.82,2173.7226,1.0027,0.27
0903,05126500,177.4142,173.1873,0.9762,-2.38
0903,05127000,3185.6854,3496.5657,1.0976,9.76
0903,05127205,178.7092,269.9745,1.5107,51.07
0903,05127207,3.5224,269.9745,76.6454,7564.54
0903,05127210,13.701,269.9745,19.7047,1870.47
0903,05127215,22.8955,269.9745,11.7916,1079.16
0903,05127219,1.8389,269.9745,146.8137,14581.37
0903,05127220,7.8736,269.9745,34.2887,3328.87
0903,05127230,256.4088,269.9745,1.0529,5.29
0903,05127500,4506.5793,6965.1958,1.5456,54.56
0903,05128340,54.3898,100.217,1.8426,84.26
0903,05128400,56.9797,161.6643,2.8372,183.72
0903,05128500,297.8486,480.2591,1.6124,61.24
0903,05129000,1250.9643,1503.2848,1.2017,20.17
0903,05129115,2343.9392,2367.3778,1.01,1.0
0903,05129515,38331.824,38330.6956,1.0,-0.0
0903,05130500,466.1979,787.275,1.6887,68.87
0903,05131000,145.5573,149.7826,1.029,2.9
0903,05131448,82.3616,95.0116,1.1536,15.36
0903,05131455,331.5185,447.8387,1.3509,35.09
0903,05131500,4402.9798,4421.3721,1.0042,0.42
0903,05132000,3833.1824,3955.2096,1.0318,3.18
0903,05133500,50245.7693,50095.2449,0.997,-0.3
0903,05134200,1504.7831,1637.3755,1.0881,8.81
0903,05137500,54907.7479,54771.2984,0.9975,-0.25
0903,05139500,419.5781,468.5269,1.1167,11.67
0903,05140000,36.7778,468.5269,12.7394,1173.94
0903,05140500,132.3484,140.4815,1.0615,6.15
0903,05140515,681.1669,686.9302,1.0085,0.85
0904,05010000,193.9901,212.0279,1.093,9.3
0904,05010500,25.0711,62.1585,2.4793,147.93
0904,05011500,160.0613,170.7356,1.0667,6.67
0904,05012000,13.8823,406.2731,29.2655,2826.55
0904,05012500,52.8358,52.8509,1.0003,0.03
0904,05013700,450.6579,957.7799,2.1253,112.53
0904,05013900,1.6576,80.3823,48.4934,4749.34
0904,05014000,8.6247,80.3823,9.3201,832.01
0904,05014300,40.9218,80.3823,1.9643,96.43
0904,05014500,80.8076,80.3823,0.9947,-0.53
0904,05015000,20.0465,261.3938,13.0394,1203.94
0904,05016000,167.8312,261.3938,1.5575,55.75
0904,05016500,256.6678,261.3938,1.0184,1.84
0904,05017500,712.2467,957.7799,1.3447,34.47
0904,05019500,764.0465,957.7799,1.2536,25.36
0904,05020000,158.2483,159.4839,1.0078,0.78
1002,06006000,96.6066,99.2882,1.0278,2.78
1002,06007000,18.0004,355.6458,19.7576,1875.76
1002,06008000,46.3608,83.7424,1.8063,80.63
1002,06010000,613.8272,725.0448,1.1812,18.12
1002,06010500,683.7569,725.0448,1.0604,6.04
1002,06010600,714.8367,725.0448,1.0143,1.43
1002,06011000,831.3862,852.3505,1.0252,2.52
1002,06011500,1116.2849,1342.9816,1.2031,20.31
1002,06012500,1465.9333,1568.9452,1.0703,7.03
1002,06013000,1559.1728,1568.9452,1.0063,0.63
1002,06013500,722.6067,774.2326,1.0714,7.14
1002,06014000,3688.1431,3886.8345,1.0539,5.39
1002,06014500,4027.4315,4037.7278,1.0026,0.26
1002,06015000,831.3862,970.1983,1.167,16.7
1002,06015400,5998.4125,6095.2147,1.0161,1.61
1002,06015500,901.3159,909.062,1.0086,0.86
1002,06016000,7070.6675,7070.1492,0.9999,-0.01
1002,06016500,61.9007,107.9545,1.744,74.4
1002,06017000,7490.2456,8638.973,1.1534,15.34
1002,06017500,818.4362,852.0215,1.041,4.1
1002,06018000,8855.1693,9370.0191,1.0581,5.81
1002,06018500,9370.577,9642.3743,1.029,2.9
1002,06019000,370.3683,400.4452,1.0812,8.12
1002,06019500,1383.0537,1413.2114,1.0218,2.18
1002,06020000,1533.273,1539.4861,1.0041,0.41
1002,06020600,1541.0429,1583.6625,1.0277,2.77
1002,06021000,1585.0727,1583.6625,0.9991,-0.09
1002,06021500,1665.3624,2066.2837,1.2407,24.07
1002,06022000,2173.0,2499.8048,1.1504,15.04
1002,06022500,2235.1597,2499.8048,1.1184,11.84
1002,06023000,2512.2885,2499.8048,0.995,-0.5
1002,06023100,12359.4233,12380.6755,1.0017,0.17
1002,06023500,94.0166,152.3465,1.6204,62.04
1002,06023800,303.0286,942.2882,3.1096,210.96
1002,06024000,48.1738,77.9477,1.6181,61.81
1002,06024020,986.7855,1237.0513,1.2536,25.36
1002,06024450,1517.733,1634.8571,1.0772,7.72
1002,06024470,177.6732,299.2436,1.6842,68.42
1002,06024500,188.0331,211.2822,1.1236,12.36
1002,06024510,34.9648,43.3723,1.2405,24.05
1002,06024540,3302.2348,3704.1973,1.1217,12.17
1002,06024580,4154.3409,4236.6279,1.0198,1.98
1002,06024590,572.3874,611.2266,1.0679,6.79
1002,06025000,5154.0763,5228.8812,1.0145,1.45
1002,06025250,5695.3839,5694.4636,0.9998,-0.02
1002,06025270,82.6206,116.6983,1.4125,41.25
1002,06025480,59.8287,94.6616,1.5822,58.22
1002,06025500,6402.4506,6489.6324,1.0136,1.36
1002,06025800,93.4986,173.7636,1.8585,85.85
1002,06026000,92.4626,138.46,1.4975,49.75
1002,06026210,6910.0883,6980.2232,1.0101,1.01
1002,06026400,7227.6208,7227.7876,1.0,0.0
1002,06026420,7227.8798,7227.7876,1.0,-0.0
1002,06026500,19725.3494,19838.486,1.0057,0.57
1002,06027000,19904.0586,19943.9622,1.002,0.2
1002,06027200,19927.3685,20083.6077,1.0078,0.78
1002,06027500,14.5816,20284.094,1391.0715,139007.15
1002,06027600,20095.7177,20284.094,1.0094,0.94
1002,06028000,279.7187,440.9269,1.5763,57.63
1002,06028500,80.0306,121.7573,1.5214,52.14
1002,06029000,78.7356,148.0126,1.8799,87.99
1002,06029500,235.6889,261.2092,1.1083,10.83
1002,06030000,463.6079,476.3359,1.0275,2.75
1002,06030500,63.1957,255.8491,4.0485,304.85
1002,06031000,25.5632,255.8491,10.0085,900.85
1002,06031500,567.2074,568.8499,1.0029,0.29
1002,06032000,756.2765,835.8931,1.1053,10.53
1002,06032500,15.773,103.3614,6.553,555.3
1002,06033000,986.7855,1297.8405,1.3152,31.52
1002,06033500,48.6918,48.1474,0.9888,-1.12
1002,06034500,24009.1898,24038.888,1.0012,0.12
1002,06035000,222.48,481.5119,2.1643,116.43
1002,06035500,59.0517,167.6654,2.8393,183.93
1002,06036650,24755.1064,24937.4636,1.0074,0.74
1002,06037500,1134.4148,1647.9647,1.4527,45.27
1002,06038500,2411.2789,2644.5924,1.0968,9.68
1002,06038800,2830.857,3473.0412,1.2269,22.69
1002,06039000,30.8209,120.5285,3.9106,291.06
1002,06039200,409.2181,569.8905,1.3926,39.26
1002,06039500,3486.124,3659.4593,1.0497,4.97
1002,06040000,4312.3302,4548.8654,1.0549,5.49
1002,06040010,8.8578,4548.8654,513.5458,51254.58
1002,06040300,132.8664,132.9195,1.0004,0.04
1002,06040800,5568.9924,5790.6142,1.0398,3.98
1002,06041000,5569.5104,5790.6142,1.0397,3.97
1002,06041500,5861.1431,6250.833,1.0665,6.65
1002,06042000,6091.652,6250.833,1.0261,2.61
1002,06042500,6353.2408,6614.3527,1.0411,4.11
1002,06043000,253.8188,253.9178,1.0004,0.04
1002,06043120,1392.3776,1428.0802,1.0256,2.56
1002,06043500,2121.2003,2122.8085,1.0008,0.08
1002,06044000,2149.6901,2199.9171,1.0234,2.34
1002,06044100,13.8046,2199.9171,159.3607,15836.07
1002,06044200,9.8679,2199.9171,222.9377,22193.77
1002,06044300,34.1878,54.1629,1.5843,58.43
1002,06044400,10.0233,54.1629,5.4037,440.37
1002,06044500,56.7207,76.5812,1.3501,35.01
1002,06045000,2400.919,2485.1716,1.0351,3.51
1002,06045300,17.7414,2847.2403,160.4855,15948.55
1002,06045350,16.3687,2847.2403,173.9439,17294.39
1002,06045500,2499.3385,2847.2403,1.1392,13.92
1002,06046000,2512.2885,2847.2403,1.1333,13.33
1002,06046300,89.3546,192.5809,2.1552,115.52
1002,06046500,128.4634,138.4543,1.0778,7.78
1002,06047000,44.8068,52.544,1.1727,17.27
1002,06047500,73.0377,134.3928,1.84,84.0
1002,06048000,391.0882,391.6863,1.0015,0.15
1002,06048500,161.3563,178.6281,1.107,10.7
1002,06048600,4.5325,178.6281,39.4107,3841.07
1002,06048650,585.3373,665.4137,1.1368,13.68
1002,06048700,587.9273,665.4137,1.1318,13.18
1002,06049000,11.0074,665.4137,60.4512,5945.12
1002,06050000,125.6144,280.6318,2.2341,123.41
1002,06050200,13.0535,1273.0075,97.522,9652.2
1002,06050500,3.2375,87.268,26.9555,2595.55
1002,06050700,7.6146,87.268,11.4607,1046.07
1002,06051000,55.6847,219.7984,3.9472,294.72
1002,06051200,11.1369,219.7984,19.736,1873.6
1002,06051500,249.1569,273.3329,1.097,9.7
1002,06052000,269.3588,273.3329,1.0148,1.48
1002,06052500,4633.4887,4780.9635,1.0318,3.18
1002,06036805,102.3045,235.9711,2.3066,130.66
1002,06036905,675.9869,1000.7021,1.4804,48.04
1002,06036940,2.849,322.388,113.1588,11215.88
1002,06037000,292.6687,322.388,1.1015,10.15
1002,06037100,323.7485,322.388,0.9958,-0.42
1003,06053000,208.753,249.5015,1.1952,19.52
1003,06054500,37920.0159,1763.2193,0.0465,-95.35
1003,06055500,201.7601,233.5398,1.1575,15.75
1003,06057000,39590.5583,3418.1315,0.0863,-91.37
1003,06058000,41165.271,4863.4136,0.1181,-88.19
1003,06058502,41191.1709,6973.6212,0.1693,-83.07
1003,06058900,36.5188,77.81,2.1307,113.07
1003,06059000,25.3301,450.0488,17.7674,1676.74
1003,06059500,53.3538,53.5596,1.0039,0.39
1003,06060000,85.7286,84.9436,0.9908,-0.92
1003,06060500,85.4696,112.869,1.3206,32.06
1003,06061000,111.3695,112.869,1.0135,1.35
1003,06061500,497.2777,625.1637,1.2572,25.72
1003,06061900,86.2466,93.947,1.0893,8.93
1003,06062000,650.087,762.7522,1.1733,17.33
1003,06062500,85.4696,105.804,1.2379,23.79
1003,06062750,138.3054,198.781,1.4373,43.73
1003,06063000,255.6318,440.7243,1.7241,72.41
1003,06063500,82.6206,159.2989,1.9281,92.81
1003,06064100,422.1681,440.7243,1.044,4.4
1003,06064150,492.0977,440.7243,0.8956,-10.44
1003,06065500,43172.5118,7203.5229,0.1669,-83.31
1003,06066500,43832.9588,8671.0128,0.1978,-80.22
1003,06067000,52.0588,108.7334,2.0887,108.87
1003,06067500,24.6567,61.117,2.4787,147.87
1003,06068000,33.9288,61.117,1.8013,80.13
1003,06068500,115.5135,178.1446,1.5422,54.22
1003,06069000,15.7212,178.1446,11.3315,1033.15
1003,06070000,191.1411,249.9157,1.3075,30.75
1003,06070500,42.7348,39.1434,0.916,-8.4
1003,06071000,471.3778,595.7653,1.2639,26.39
1003,06071100,701.8868,839.0287,1.1954,19.54
1003,06071300,1012.6854,1026.5892,1.0137,1.37
1003,06071500,45943.7991,9090.3642,0.1979,-80.21
1003,06072000,180.2632,408.0846,2.2638,126.38
1003,06072500,97.3836,408.0846,4.1905,319.05
1003,06073000,297.8486,408.0846,1.3701,37.01
1003,06073500,833.9762,1267.5223,1.5199,51.99
1003,06074000,47067.8539,10890.1402,0.2314,-76.86
1003,06074500,85.2106,119.3971,1.4012,40.12
1003,06075500,235.9479,265.0051,1.1232,12.32
1003,06076000,18.7256,76.5938,4.0903,309.03
1003,06076500,114.9955,1335.4152,11.6128,1061.28
1003,06076560,1339.0239,1604.6725,1.1984,19.84
1003,06076590,153.3273,159.7659,1.042,4.2
1003,06076600,159.8023,159.7659,0.9998,-0.02
1003,06076690,2188.54,2697.4341,1.2325,23.25
1003,06077000,111.6285,111.9485,1.0029,0.29
1003,06077200,2815.3171,3344.6893,1.188,18.8
1003,06077500,4112.9011,4110.0713,0.9993,-0.07
1003,06078000,5154.0763,5193.2879,1.0076,0.76
1003,06078200,53366.705,17255.8542,0.3233,-67.67
1003,06078230,204.3501,204.0972,0.9988,-0.12
1003,06078250,28.7489,102.019,3.5486,254.86
1003,06078260,42.9938,102.019,2.3729,137.29
1003,06078270,16.809,394.7698,23.4856,2248.56
1003,06078500,670.8069,688.0311,1.0257,2.57
1003,06079000,650.087,651.7624,1.0026,0.26
1003,06080000,1577.3028,1577.4776,1.0001,0.01
1003,06080900,1579.8927,1677.7451,1.0619,6.19
1003,06081500,246.3079,281.6007,1.1433,14.33
1003,06082200,2108.2503,2184.8601,1.0363,3.63
1003,06082500,67.0807,93.3388,1.3914,39.14
1003,06083500,52.3178,64.3259,1.2295,22.95
1003,06084000,182.3352,198.3965,1.0881,8.81
1003,06084500,427.348,500.4816,1.1711,17.11
1003,06085800,3356.6246,3719.9796,1.1083,10.83
1003,06086000,3613.0334,3719.9796,1.0296,2.96
1003,06087500,3698.503,3719.9796,1.0058,0.58
1003,06088000,257.7038,315.9597,1.2261,22.61
1003,06088100,47.9148,62.0631,1.2953,29.53
1003,06088200,76.9226,77.3813,1.006,0.6
1003,06088300,580.1573,608.1153,1.0482,4.82
1003,06088500,663.037,663.4749,1.0007,0.07
1003,06089000,4594.6389,4739.4421,1.0315,3.15
1003,06090000,58865.2498,22700.8107,0.3856,-61.44
1003,06090300,59261.518,25310.5238,0.4271,-57.29
1003,06090500,919.4458,1003.3167,1.0912,9.12
1003,06090570,510.2277,510.4224,1.0004,0.04
1003,06090590,2.8749,1621.8261,564.1356,56313.56
1003,06090600,1812.9917,1851.5865,1.0213,2.13
1003,06090610,2066.8105,2067.4606,1.0003,0.03
1003,06090650,171.1982,219.2721,1.2808,28.08
1003,06090700,149.7013,227.9043,1.5224,52.24
1003,06090720,321.1585,342.9595,1.0679,6.79
1003,06090800,62928.9411,26300.5551,0.4179,-58.21
1003,06091000,145.0393,272.289,1.8773,87.73
1003,06091700,647.497,769.3022,1.1881,18.81
1003,06092000,828.7962,869.3173,1.0489,4.89
1003,06092020,948.1946,1000.1107,1.0548,5.48
1003,06092500,326.3385,543.3952,1.6651,66.51
1003,06093200,396.2682,543.3952,1.3713,37.13
1003,06093500,608.6472,686.5151,1.1279,12.79
1003,06094500,196.0621,288.5225,1.4716,47.16
1003,06094900,264.1788,288.5225,1.0921,9.21
1003,06095000,287.4887,288.5225,1.0036,0.36
1003,06096000,292.6687,787.8669,2.692,169.2
1003,06096500,321.1585,787.8669,2.4532,145.32
1003,06097000,341.8784,787.8669,2.3045,130.45
1003,06097500,170.1622,302.4986,1.7777,77.77
1003,06098000,349.6484,408.6806,1.1688,16.88
1003,06098100,1222.4744,1433.8228,1.1729,17.29
1003,06098120,1245.7843,1433.8228,1.1509,15.09
1003,06098500,313.3886,558.1402,1.781,78.1
1003,06098800,1364.4057,1948.4263,1.428,42.8
1003,06099000,2672.8677,2986.0233,1.1172,11.72
1003,06099500,7034.4077,8245.6697,1.1722,17.22
1003,06100000,339.2884,457.634,1.3488,34.88
1003,06100500,963.4756,1021.9239,1.0607,6.07
1003,06101000,802.8963,1068.9565,1.3314,33.14
1003,06101200,2118.6103,2128.1919,1.0045,0.45
1003,06101500,11388.1777,13487.1973,1.1843,18.43
1003,06101560,1678.3123,1716.1153,1.0225,2.25
1003,06101630,13985.9358,15248.1912,1.0903,9.03
1003,06102000,15475.179,15517.7721,1.0028,0.28
1003,06102050,16783.123,22127.7032,1.3184,31.84
1003,06102500,284.8987,392.099,1.3763,37.63
1003,06103000,321.1585,392.099,1.2209,22.09
1003,06103500,13.3902,392.099,29.2824,2828.24
1003,06104000,26.9359,392.099,14.5568,1355.68
1003,06104500,572.3874,521.0376,0.9103,-8.97
1003,06105000,97.6426,138.2845,1.4162,41.62
1003,06105500,228.437,227.8912,0.9976,-0.24
1003,06106000,696.7068,721.9449,1.0362,3.62
1003,06106500,186.7381,422.0206,2.26,126.0
1003,06107000,144.5213,144.4604,0.9996,-0.04
1003,06107500,709.6567,586.4239,0.8263,-17.37
1003,06108000,3206.4053,3255.169,1.0152,1.52
1003,06108500,5151.4864,4975.7339,0.9659,-3.41
1003,06108800,4920.9774,4975.7339,1.0111,1.11
1003,463138110580001,463.6079,1201.0097,2.5906,159.06
1004,06109000,85889.1857,125.2267,0.0015,-99.85
1004,06109500,86321.7137,1028.0499,0.0119,-98.81
1004,06109750,279.7187,442.3177,1.5813,58.13
1004,06109780,442.888,442.3177,0.9987,-0.13
1004,06109800,129.2404,142.6833,1.104,10.4
1004,06110000,808.0763,865.5418,1.0711,7.11
1004,06110020,826.2062,865.5418,1.0476,4.76
1004,06111000,880.596,1188.6187,1.3498,34.98
1004,06111500,57.7567,61.0522,1.0571,5.71
1004,06111800,494.6877,503.4244,1.0177,1.77
1004,06112000,118.1035,150.6967,1.276,27.6
1004,06112100,124.0604,150.6967,1.2147,21.47
1004,06112500,151.7733,159.0575,1.048,4.8
1004,06113000,5021.9869,4715.8239,0.939,-6.1
1004,06113500,5594.3743,5699.6132,1.0188,1.88
1004,06114000,300.6199,465.1778,1.5474,54.74
1004,06114500,300.6458,465.1778,1.5473,54.73
1004,06114700,7114.6973,7158.5898,1.0062,0.62
1004,06115000,102630.8689,16817.4531,0.1639,-83.61
1004,06115200,103154.0465,18534.7733,0.1797,-82.03
1004,06115270,1028.2253,1032.5184,1.0042,0.42
1004,06115300,10.101,77.5649,7.679,667.9
1004,06115350,192.9541,252.8219,1.3103,31.03
1004,06115500,96.6066,96.5425,0.9993,-0.07
1004,06116000,122.5064,465.9958,3.8038,280.38
1004,06116900,54.6487,68.9255,1.2612,26.12
1004,06117000,68.8937,68.9255,1.0005,0.05
1004,06117500,84.1746,127.1445,1.5105,51.05
1004,06118000,642.3171,653.4483,1.0173,1.73
1004,06118500,694.1168,726.0618,1.046,4.6
1004,06119200,709.6567,726.0618,1.0231,2.31
1004,06119500,725.1967,726.0618,1.0012,0.12
1004,06119600,1390.8236,1863.1174,1.3396,33.96
1004,06120000,230.7679,232.0574,1.0056,0.56
1004,06120500,2869.7068,3185.2123,1.1099,10.99
1004,06121000,204.8681,446.7148,2.1805,118.05
1004,06121500,141.4134,157.9221,1.1167,11.67
1004,06122000,442.888,446.7148,1.0086,0.86
1004,06122800,3843.5424,3932.9011,1.0232,2.32
1004,06123000,3874.6222,3932.9011,1.015,1.5
1004,06123030,3931.602,3932.9011,1.0003,0.03
1004,06123500,5068.6067,6838.5665,1.3492,34.92
1004,06124000,54.9077,150.0572,2.7329,173.29
1004,06124500,60.8647,150.0572,2.4654,146.54
1004,06125000,833.9762,1021.7774,1.2252,22.52
1004,06125500,1217.2944,1282.2936,1.0534,5.34
1004,06125600,6969.658,7672.8559,1.1009,10.09
1004,06125700,608.6472,616.6959,1.0132,1.32
1004,06126050,7632.695,8207.2795,1.0753,7.53
1004,06126470,153.5863,173.827,1.1318,13.18
1004,06126500,10354.7725,10476.5369,1.0118,1.18
1004,06127020,321.1585,323.3353,1.0068,0.68
1004,06127060,357.4184,431.94,1.2085,20.85
1004,06127500,11743.0061,11739.4971,0.9997,-0.03
1004,06127600,15387.1194,15352.8975,0.9978,-0.22
1004,06127900,484.3278,586.3246,1.2106,21.06
1004,06128200,1623.9225,1679.5247,1.0342,3.42
1004,06129000,1789.6818,2994.6533,1.6733,67.33
1004,06129500,1098.155,1125.457,1.0249,2.49
1004,06130000,4804.4279,4761.2823,0.991,-0.9
1004,06130500,20160.4675,20246.962,1.0043,0.43
1004,06130650,182.0762,192.8743,1.0593,5.93
1004,06130700,815.8463,1006.2027,1.2333,23.33
1004,06130950,3167.5555,3166.1817,0.9996,-0.04
1004,06131000,6607.0597,7177.744,1.0864,8.64
1004,06131120,735.5566,757.4833,1.0298,2.98
1004,06131200,284.8987,314.5162,1.104,10.4
1005,06132200,178.9682,178.758,0.9988,-0.12
1005,06132500,748.5066,785.9684,1.05,5.0
1005,06132700,836.5662,933.965,1.1164,11.64
1005,06133500,157.4713,157.125,0.9978,-0.22
1005,06135000,6350.6508,247.4115,0.039,-96.1
1005,06136700,8805.9596,5764.0589,0.6546,-34.54
1005,06137000,9909.2945,5764.0589,0.5817,-41.83
1005,06137400,63.7137,161.9631,2.542,154.2
1005,06137500,215.746,261.4972,1.2121,21.21
1005,06137570,120.6934,164.9762,1.3669,36.69
1005,06137575,173.7882,164.9762,0.9493,-5.07
1005,06137580,19.2436,43.965,2.2847,128.47
1005,06138000,2359.4792,2544.6928,1.0785,7.85
1005,06138500,4169.8809,3524.697,0.8453,-15.47
1005,06139000,4537.6592,3858.9925,0.8504,-14.96
1005,06139500,4628.3088,3858.9925,0.8338,-16.62
1005,06139800,7.5628,130.4541,17.2495,1624.95
1005,06139850,23.2063,130.4541,5.6215,462.15
1005,06139900,41.6988,130.4541,3.1285,212.85
1005,06140000,230.2499,330.1046,1.4337,43.37
1005,06140500,13019.8702,6034.6304,0.4635,-53.65
1005,06141000,61.3827,117.3979,1.9126,91.26
1005,06141500,86.2466,117.3979,1.3612,36.12
1005,06141600,248.3799,250.3391,1.0079,0.79
1005,06142000,180.2632,225.8295,1.2528,25.28
1005,06142400,349.6484,351.7705,1.0061,0.61
1005,06143000,13830.5365,9811.3507,0.7094,-29.06
1005,06147500,3043.236,629.4482,0.2068,-79.32
1005,06150000,173.5292,120.6058,0.695,-30.5
1005,06150500,219.631,218.2058,0.9935,-0.65
1005,06151500,3802.1025,1213.6586,0.3192,-68.08
1005,06153800,23114.8669,11050.7851,0.4781,-52.19
1005,06154100,23208.8835,11050.7851,0.4761,-52.39
1005,06154140,5.4649,124.9225,22.8592,2185.92
1005,06154400,587.9273,691.718,1.1765,17.65
1005,06154430,50.5048,143.3982,2.8393,183.93
1005,06154490,14.3226,1839.7752,128.4523,12745.23
1005,06154500,1761.1919,1839.7752,1.0446,4.46
1005,06154510,3.4706,1839.7752,530.1053,52910.53
1005,06154550,1781.9118,1839.7752,1.0325,3.25
1005,06155030,27044.6558,14923.6783,0.5518,-44.82
1005,06155500,28971.607,16398.8212,0.566,-43.4
1005,06155900,31952.6833,19612.1613,0.6138,-38.62
1005,06156000,1087.795,200.1473,0.184,-81.6
1005,06164510,40696.4832,22093.5726,0.5429,-45.71
1005,06164590,26.9359,118.8024,4.4106,341.06
1005,06164615,14.8924,147.3066,9.8914,889.14
1005,06164623,6.1901,147.3066,23.7972,2279.72
1005,06164630,22.2739,76.4556,3.4325,243.25
1005,06164800,2367.2491,2459.7729,1.0391,3.91
1005,06165000,2615.888,2621.7837,1.0023,0.23
1005,06166000,3105.3957,3130.8853,1.0082,0.82
1005,06166500,3170.1454,3130.8853,0.9876,-1.24
1005,06167000,3436.9142,3322.4716,0.9667,-3.33
1005,06167500,4346.0,4453.2423,1.0247,2.47
1005,06168500,619.0072,123.2404,0.1991,-80.09
1005,06169000,193.9901,123.2404,0.6353,-36.47
1005,06169500,833.9762,123.2404,0.1478,-85.22
1005,06169600,5.4649,245.6487,44.9505,4395.05
1005,06169700,4.1958,245.6487,58.5466,5754.66
1005,06169800,0.6993,245.6487,351.2796,35027.96
1005,06170000,442.888,57.4233,0.1297,-87.03
1005,06170050,1639.4625,506.4131,0.3089,-69.11
1005,06170080,11.0074,506.4131,46.0064,4500.64
1005,06170200,751.0966,753.2736,1.0029,0.29
1005,06171000,3366.9845,2243.1929,0.6662,-33.38
1005,06171500,54122.9815,28921.0683,0.5344,-46.56
1005,06172000,48829.0458,28921.0683,0.5923,-40.77
1005,06172200,321.1585,355.5546,1.1071,10.71
1005,06172310,49577.5524,30088.1469,0.6069,-39.31
1005,06174000,1375.2837,1410.4626,1.0256,2.56
1005,06174500,52457.6192,32512.436,0.6198,-38.02
1005,06175000,1875.1514,1878.84,1.002,0.2
1006,06132000,146308.4284,163.904,0.0011,-99.89
1006,06175500,732.9666,896.8905,1.2236,22.36
1006,06175540,880.596,903.2648,1.0257,2.57
1006,06176500,650.087,663.0644,1.02,2.0
1006,06177000,208882.5411,4441.9246,0.0213,-97.87
1006,06177400,76.9226,85.6087,1.1129,11.29
1006,06177500,1427.0834,1430.488,1.0024,0.24
1006,06177650,2789.4172,2787.2298,0.9992,-0.08
1006,06177700,4.5584,308.1881,67.6091,6660.91
1006,06177825,5133.3564,5180.839,1.0092,0.92
1006,06178000,927.2157,371.2791,0.4004,-59.96
1006,06179000,1753.422,320.8649,0.183,-81.7
1006,06180000,1175.8546,751.1232,0.6388,-36.12
1006,06180500,7521.3255,4516.0535,0.6004,-39.96
1006,06181000,8210.2623,5559.6482,0.6772,-32.28
1006,06182000,580.1573,61.7907,0.1065,-89.35
1006,06182500,714.8367,150.6012,0.2107,-78.93
1006,06183000,2201.4899,1899.0235,0.8626,-13.74
1006,06183450,2473.4386,2189.1274,0.8851,-11.49
1006,06183500,2685.8177,2189.1274,0.8151,-18.49
1006,06184000,427.348,545.0589,1.2754,27.54
1006,06184500,732.9666,751.9878,1.026,2.6
1006,06185000,6863.4685,6476.7193,0.9437,-5.63
1006,06185110,7036.9977,6476.7193,0.9204,-7.96
1006,06185500,232731.1516,24721.2838,0.1062,-89.38
1006,06185600,240868.8943,26005.0963,0.108,-89.2
1006,06185650,240868.8943,26005.0963,0.108,-89.2
1007,06187900,15.2291,217.3934,14.2748,1327.48
1007,06187910,69.9297,217.3934,3.1087,210.87
1007,06187915,80.0306,217.3934,2.7164,171.64
1007,06189500,105.6715,125.8919,1.1914,19.14
1007,06191000,515.4076,535.014,1.038,3.8
1007,06191500,6772.8189,6777.8769,1.0007,0.07
1007,06191800,173.5292,181.0369,1.0433,4.33
1007,06192000,401.4482,421.5708,1.0501,5.01
1007,06192500,9197.0478,9194.7506,0.9998,-0.02
1007,06192978,129.7584,316.4288,2.4386,143.86
1007,06192980,139.6004,316.4288,2.2667,126.67
1007,06193000,235.4299,316.4288,1.344,34.4
1007,06193500,1396.0036,1733.475,1.2417,24.17
1007,06194000,150.4783,169.5834,1.127,12.7
1007,06194500,55.6847,56.6737,1.0178,1.78
1007,06195000,34.4468,34.8565,1.0119,1.19
1007,06195500,76.9226,80.4215,1.0455,4.55
1007,06195600,2191.1299,2210.1844,1.0087,0.87
1007,06196000,94.7936,174.8438,1.8445,84.45
1007,06196500,72.7787,72.1637,0.9916,-0.84
1007,06197000,195.5441,316.577,1.619,61.9
1007,06197500,582.7473,1226.7313,2.1051,110.51
1007,06197800,100.7505,146.4755,1.4538,45.38
1007,06198000,222.221,75.4298,0.3394,-66.06
1007,06198500,237.5019,348.1679,1.466,46.6
1007,06199000,347.0584,348.1679,1.0032,0.32
1007,06199500,1232.8343,1366.0756,1.1081,10.81
1007,06200000,1359.7438,1366.0756,1.0047,0.47
1007,06200400,119.9164,197.7963,1.6495,64.95
1007,06200500,145.5573,197.7963,1.3589,35.89
1007,06201000,380.7283,586.7517,1.5411,54.11
1007,06201500,953.1156,1016.885,1.0669,6.69
1007,06201800,414.3981,463.2192,1.1178,11.78
1007,06202000,50.2458,463.2192,9.2191,821.91
1007,06202500,466.1979,871.2578,1.8689,86.89
1007,06202510,497.2777,871.2578,1.7521,75.21
1007,06202600,872.826,1017.615,1.1659,16.59
1007,06202610,960.8856,1017.615,1.059,5.9
1007,06203000,271.9488,294.4595,1.0828,8.28
1007,06203500,323.7485,373.9538,1.1551,15.51
1007,06204050,137.2694,313.663,2.285,128.5
1007,06204070,171.9752,313.663,1.8239,82.39
1007,06204300,102.5635,104.1485,1.0155,1.55
1007,06204500,1025.6353,1044.4002,1.0183,1.83
1007,06204700,1038.5852,1044.4002,1.0056,0.56
1007,06205000,2424.2289,2760.7945,1.1388,13.88
1007,06207500,2986.2563,3431.6153,1.1491,14.91
1007,06207540,225.588,227.8489,1.01,1.0
1007,06207800,72.5197,139.9233,1.9295,92.95
1007,06207850,113.7005,139.9233,1.2306,23.06
1007,06207870,120.6934,139.9233,1.1593,15.93
1007,06207900,137.7874,139.9233,1.0155,1.55
1007,06208000,5058.2468,5280.8971,1.044,4.4
1007,06208400,126.9094,145.3796,1.1455,14.55
1007,06208800,5464.8749,7022.4411,1.285,28.5
1007,06209010,10.0751,227.6987,22.6002,2160.02
1007,06209500,279.7187,510.1528,1.8238,82.38
1007,06209510,321.1585,510.1528,1.5885,58.85
1007,06210000,132.3484,176.7825,1.3357,33.57
1007,06210500,168.6082,176.7825,1.0485,4.85
1007,06211000,367.7783,514.7031,1.3995,39.95
1007,06211500,126.9094,130.9205,1.0316,3.16
1007,06212500,530.9476,620.2106,1.1681,16.81
1007,06213000,606.0572,620.2106,1.0234,2.34
1007,06213500,1396.0036,1457.5063,1.0441,4.41
1007,06214000,1455.5733,1457.5063,1.0013,0.13
1007,06214500,29562.1243,29634.9275,1.0025,0.25
1007,06215000,110.3335,282.191,2.5576,155.76
1007,06215500,24.579,491.9681,20.0158,1901.58
1007,06216000,305.6186,491.9681,1.6097,60.97
1007,06216500,1113.6949,1153.6529,1.0359,3.59
1007,06216900,1486.6532,1581.9799,1.0641,6.41
1007,06217000,1559.1728,1581.9799,1.0146,1.46
1007,06217500,31623.7548,32453.7762,1.0262,2.62
1007,06217700,17.8709,99.4344,5.564,456.4
1007,06217750,756.2765,760.7692,1.0059,0.59
1007,06217950,572.3874,583.9842,1.0203,2.03
1007,06218000,37365.7585,35749.268,0.9567,-4.33
1007,06186500,2577.0382,2842.3011,1.1029,10.29
1007,06187000,2965.5364,3216.3776,1.0846,8.46
1007,06187500,117.8445,117.817,0.9998,-0.02
1007,06187550,3486.124,5215.5612,1.4961,49.61
1007,06187950,261.5888,268.7859,1.0275,2.75
1007,06188000,1730.1121,1729.8768,0.9999,-0.01
1007,06188500,26.6769,87.8915,3.2947,229.47
1007,06189000,35.7418,87.8915,2.4591,145.91
1007,06190000,12.0952,124.9412,10.3298,932.98
1007,06190500,512.8176,535.014,1.0433,4.33
1007,06205500,502.4577,1116.7356,2.2225,122.25
1007,06205950,22.0408,444.7929,20.1804,1918.04
1007,06206000,1157.7247,1230.861,1.0632,6.32
1007,06206500,354.8284,418.0195,1.1781,17.81
1007,06207000,2362.0692,2747.9992,1.1634,16.34
1007,06207507,254.5958,299.3886,1.1759,17.59
1008,06286340,150.2193,193.8232,1.2903,29.03
1008,06286350,196.8391,256.4265,1.3027,30.27
1008,06286370,90.6496,122.2092,1.3481,34.81
1008,06286390,114.4775,205.5773,1.7958,79.58
1008,06286395,171.1982,205.5773,1.2008,20.08
1008,06287000,50945.0661,51105.3942,1.0031,0.31
1008,06287500,243.7179,282.8008,1.1604,16.04
1008,06287700,282.3087,282.8008,1.0017,0.17
1008,06287800,51556.3033,52041.4105,1.0094,0.94
1008,06288000,378.1383,420.3281,1.1116,11.16
1008,06288200,318.5685,561.0318,1.7611,76.11
1008,06288400,53390.0149,53691.9855,1.0057,0.57
1008,06288500,53654.1937,57412.7754,1.0701,7.01
1008,06289000,471.3778,585.5219,1.2421,24.21
1008,06289500,670.8069,681.8647,1.0165,1.65
1008,06290000,292.6687,341.0118,1.1652,16.52
1008,06290500,1103.3349,1159.4642,1.0509,5.09
1008,06291000,422.1681,451.5438,1.0696,6.96
1008,06291200,46.6198,110.481,2.3698,136.98
1008,06291500,217.3,220.7898,1.0161,1.61
1008,06292000,230.2499,302.3246,1.313,31.3
1008,06292500,378.1383,450.7116,1.1919,19.19
1008,06293000,440.298,450.7116,1.0237,2.37
1008,06293500,3041.941,3196.3211,1.0508,5.08
1008,06293900,3082.0859,3196.3211,1.0371,3.71
1008,06294500,58059.7635,59314.7294,1.0216,2.16
1008,06294600,20.7717,44.8979,2.1615,116.15
1008,06294690,1157.7247,1211.3809,1.0463,4.63
1008,06294700,59277.0579,59314.7294,1.0006,0.06
1008,06218500,595.6973,1243.9874,2.0883,108.83
1008,06220000,1258.7342,1676.4106,1.3318,33.18
1008,06220500,1121.4649,1121.4255,1.0,-0.0
1008,06220800,2799.7771,2956.224,1.0559,5.59
1008,06221400,227.66,256.5538,1.1269,12.69
1008,06221500,257.9628,256.5538,0.9945,-0.55
1008,06222000,3201.2253,3399.2205,1.0618,6.18
1008,06222500,139.3414,213.2096,1.5301,53.01
1008,06222700,78.2176,100.1897,1.2809,28.09
1008,06223000,108.0025,116.6546,1.0801,8.01
1008,06223500,142.9673,271.7868,1.901,90.1
1008,06224000,484.3278,548.0244,1.1315,13.15
1008,06225000,549.0775,548.0244,0.9981,-0.19
1008,06225500,4905.4375,5634.0374,1.1485,14.85
1008,06227600,5687.6139,5791.0844,1.0182,1.82
1008,06228000,5985.4625,5990.3869,1.0008,0.08
1008,06228350,232.3219,253.7354,1.0922,9.22
1008,06228450,242.1639,253.7354,1.0478,4.78
1008,06228500,303.0286,307.3291,1.0142,1.42
1008,06228800,290.0787,1053.3823,3.6314,263.14
1008,06229000,331.5185,1053.3823,3.1774,217.74
1008,06229680,305.6186,393.8551,1.2887,28.87
1008,06229900,45.3248,125.8086,2.7757,177.57
1008,06230190,40.9218,147.2285,3.5978,259.78
1008,06230500,1600.6127,1711.7825,1.0695,6.95
1008,06231000,1706.8022,1711.7825,1.0029,0.29
1008,06231500,223.516,886.1041,3.9644,296.44
1008,06231600,226.106,886.1041,3.919,291.9
1008,06232000,254.0778,290.9653,1.1452,14.52
1008,06232500,347.0584,387.8256,1.1175,11.75
1008,06232800,15.514,114.4712,7.3786,637.86
1008,06233000,323.7485,653.4266,2.0183,101.83
1008,06233500,994.5554,1003.8599,1.0094,0.94
1008,06233900,2046.0906,2080.8383,1.017,1.7
1008,06234000,3786.5626,4969.9014,1.3125,31.25
1008,06234500,292.6687,295.0706,1.0082,0.82
1008,06235000,916.8558,1070.7794,1.1679,16.79
1008,06235500,4933.9274,4969.9014,1.0073,0.73
1008,06236100,11512.4972,11570.3112,1.005,0.5
1008,06239000,1901.0513,1906.204,1.0027,0.27
1008,06244500,303.0286,533.0619,1.7591,75.91
1008,06245000,305.6186,533.0619,1.7442,74.42
1008,06250000,580.1573,1017.5612,1.7539,75.39
1008,06251500,48.1738,1017.5612,21.1227,2012.27
1008,06253000,738.1466,1175.2169,1.5921,59.21
1008,06255500,1294.9941,1304.777,1.0076,0.76
1008,06256000,339.2884,372.5187,1.0979,9.79
1008,06256500,429.938,1584.3109,3.685,268.5
1008,06256650,1074.8451,1584.3109,1.474,47.4
1008,06256800,471.3778,473.8704,1.0053,0.53
1008,06256900,137.2694,137.5358,1.0019,0.19
1008,06257000,2095.3004,2219.5725,1.0593,5.93
1008,06257500,691.5268,762.5818,1.1028,10.28
1008,06258000,870.236,934.3279,1.0736,7.36
1008,06258500,427.348,542.6235,1.2697,26.97
1008,06259000,19955.8584,19958.3935,1.0001,0.01
1008,06259500,20859.7642,22261.7166,1.0672,6.72
1008,06260000,224.293,224.2809,0.9999,-0.01
1008,06260200,87.0236,87.0251,1.0,0.0
1008,06260400,339.2884,773.7188,2.2804,128.04
1008,06260500,372.9583,773.7188,2.0745,107.45
1008,06261000,385.9082,773.7188,2.0049,100.49
1008,06261500,391.0882,773.7188,1.9784,97.84
1008,06262000,138.5644,264.7531,1.9107,91.07
1008,06262300,156.6943,264.7531,1.6896,68.96
1008,06262500,243.9769,264.7531,1.0852,8.52
1008,06263000,264.1788,264.7531,1.0022,0.22
1008,06263500,261.5888,259.6937,0.9928,-0.72
1008,06264000,1230.2444,1320.7026,1.0735,7.35
1008,06264500,1315.714,1320.7026,1.0038,0.38
1008,06265000,515.4076,23090.462,44.8004,4380.04
1008,06265337,211.084,385.6154,1.8268,82.68
1008,06265500,1077.4351,1084.7534,1.0068,0.68
1008,06265800,248.1209,570.5492,2.2995,129.95
1008,06266000,367.7783,570.5492,1.5513,55.13
1008,06266500,748.5066,826.6387,1.1044,10.44
1008,06267000,929.8057,931.6821,1.002,0.2
1008,06267400,396.2682,399.9317,1.0092,0.92
1008,06268500,1341.6138,1350.5533,1.0067,0.67
1008,06268600,28044.3913,28307.3776,1.0094,0.94
1008,06269000,28541.669,34153.2463,1.1966,19.66
1008,06269500,28614.1886,34153.2463,1.1936,19.36
1008,06270000,2087.5304,2803.7281,1.3431,34.31
1008,06270450,186.4791,221.3469,1.187,18.7
1008,06270500,222.998,221.3469,0.9926,-0.74
1008,06271000,642.3171,676.312,1.0529,5.29
1008,06271500,41.4398,89.4224,2.1579,115.79
1008,06272500,404.0381,532.2126,1.3172,31.72
1008,06273000,221.185,247.893,1.1207,12.07
1008,06273500,958.2956,960.7803,1.0026,0.26
1008,06274000,4532.4792,4894.4546,1.0799,7.99
1008,06274300,34255.1827,34329.3668,1.0022,0.22
1008,06274500,725.1967,879.817,1.2132,21.32
1008,06274800,19.8393,136.4776,6.8792,587.92
1008,06274810,29.5259,136.4776,4.6223,362.23
1008,06275000,499.8677,546.336,1.093,9.3
1008,06275500,546.4875,546.336,0.9997,-0.03
1008,06276000,1706.8022,2013.6444,1.1798,17.98
1008,06276500,1758.6019,2013.6444,1.145,14.5
1008,06277500,2779.0572,2977.2039,1.0713,7.13
1008,06277950,1072.2551,1129.0031,1.0529,5.29
1008,06278000,1121.4649,1129.0031,1.0067,0.67
1008,06278300,59.0517,152.5569,2.5834,158.34
1008,06278500,378.1383,766.3071,2.0265,102.65
1008,06279000,629.3671,766.3071,1.2176,21.76
1008,06279500,40792.3127,40874.0683,1.002,0.2
1008,06279790,64.2317,64.9794,1.0116,1.16
1008,06279795,49.4688,49.961,1.01,1.0
1008,06279800,279.7187,459.8229,1.6439,64.39
1008,06279850,84.4336,93.8775,1.1118,11.18
1008,06279940,1812.9917,2020.2427,1.1143,11.43
1008,06280000,2022.7807,3894.5364,1.9253,92.53
1008,06280300,792.5364,792.5181,1.0,-0.0
1008,06280500,1401.1836,1442.593,1.0296,2.96
1008,06281000,1502.1931,1515.6995,1.009,0.9
1008,06281400,20.3314,1684.3547,82.845,8184.5
1008,06282000,4001.5316,4525.8439,1.131,13.1
1008,06282500,4151.7509,4525.8439,1.0901,9.01
1008,06283000,4664.5686,4779.7864,1.0247,2.47
1008,06283800,4713.7784,4779.7864,1.014,1.4
1008,06283995,4781.1181,5041.5853,1.0545,5.45
1008,06284000,4791.478,5041.5853,1.0522,5.22
1008,06284010,4794.068,5041.5853,1.0516,5.16
1008,06284200,5128.1765,5487.9208,1.0702,7.02
1008,06284400,5273.2158,5487.9208,1.0407,4.07
1008,06284500,199.4291,202.4388,1.0151,1.51
1008,06284800,250.1929,261.6368,1.0457,4.57
1008,06285000,6016.5424,6304.7062,1.0479,4.79
1008,06285100,6190.0716,6304.7062,1.0185,1.85
1008,06285400,865.056,956.596,1.1058,10.58
1008,06285500,971.2455,956.596,0.9849,-1.51
1008,06286000,7334.8463,7599.2981,1.0361,3.61
1008,06286200,7738.8845,7718.1945,0.9973,-0.27
1008,06286250,48950.7753,49732.7469,1.016,1.6
1008,06286258,77.9586,82.4601,1.0577,5.77
1008,06286260,308.2086,328.6833,1.0664,6.64
1008,06286270,349.6484,402.3739,1.1508,15.08
1008,06288600,41.1808,329.2972,7.9964,699.64
1008,06288700,140.1184,187.3749,1.3373,33.73
1008,06288975,11.8621,585.5219,49.3605,4836.05
1008,06288990,98.9375,98.3673,0.9942,-0.58
1008,06289100,8.288,585.5219,70.6473,6964.73
1008,06289600,39.8858,285.5207,7.1585,615.85
1008,06289800,30.0439,69.9974,2.3298,132.98
1008,06289820,56.4617,69.9974,1.2397,23.97
1008,06289870,69.9297,106.8427,1.5279,52.79
1009,06306100,87.0236,129.2071,1.4847,48.47
1009,06306300,3763.2527,4123.975,1.0959,9.59
1009,06306500,4136.211,4463.8982,1.0792,7.92
1009,06306950,16.0579,4613.9318,287.3305,28633.05
1009,06307500,4620.5388,4866.8287,1.0533,5.33
1009,06307525,16.9644,62.6804,3.6948,269.48
1009,06307528,51.0228,62.6804,1.2285,22.85
1009,06307560,83.3976,86.9285,1.0423,4.23
1009,06307600,1209.5244,1221.3871,1.0098,0.98
1009,06307616,6822.0287,6837.0853,1.0022,0.22
1009,06307662,7510.9655,7510.3701,0.9999,-0.01
1009,06307717,1168.0846,1204.5705,1.0312,3.12
1009,06307740,1838.8916,1841.76,1.0016,0.16
1009,06307800,9746.1253,9754.9879,1.0009,0.09
1009,06307830,10054.3338,10133.7506,1.0079,0.79
1009,06307990,11667.8964,11777.4313,1.0094,0.94
1009,06308000,11755.956,11777.4313,1.0018,0.18
1009,06308400,1802.6317,1817.0056,1.008,0.8
1009,06308500,13998.8857,14000.6839,1.0001,0.01
1009,06324500,20795.0145,20972.6476,1.0085,0.85
1009,06324710,22439.657,22487.2771,1.0021,0.21
1009,06325000,3991.1717,4185.2033,1.0486,4.86
1009,06325500,5081.5567,5245.3222,1.0322,3.22
1009,06326000,31421.7358,31101.7462,0.9898,-1.02
1009,06326300,2079.7605,2079.802,1.0,0.0
1009,06326500,33825.2447,33866.4731,1.0012,0.12
1009,06296500,81.5846,116.2248,1.4246,42.46
1009,06297000,214.192,220.7356,1.0306,3.06
1009,06297480,523.1776,533.0441,1.0189,1.89
1009,06298000,533.5376,767.5708,1.4386,43.86
1009,06298480,29.5259,87.92,2.9777,197.77
1009,06298490,36.5188,87.92,2.4075,140.75
1009,06298500,63.1957,87.92,1.3912,39.12
1009,06299000,670.8069,767.5708,1.1442,14.42
1009,06299480,84.9516,95.8785,1.1286,12.86
1009,06299490,87.5416,95.8785,1.0952,9.52
1009,06299500,97.6426,185.7925,1.9028,90.28
1009,06299980,1238.0143,2347.3368,1.896,89.6
1009,06300000,1282.0441,2347.3368,1.8309,83.09
1009,06300500,53.3538,86.8485,1.6278,62.78
1009,06300900,24.2423,86.8485,3.5825,258.25
1009,06301000,24.9416,86.8485,3.4821,248.21
1009,06301480,8.8837,137.5689,15.4856,1448.56
1009,06301485,5.5426,137.5689,24.8204,2382.04
1009,06301490,3.5224,137.5689,39.0556,3805.56
1009,06301495,20.8494,137.5689,6.5982,559.82
1009,06301500,64.7497,137.5689,2.1246,112.46
1009,06301850,310.7986,420.5117,1.353,35.3
1009,06302000,323.7485,420.5117,1.2989,29.89
1009,06302200,396.2682,420.5117,1.0612,6.12
1009,06302500,471.3778,921.1636,1.9542,95.42
1009,06303000,7.7441,130.8359,16.895,1589.5
1009,06303500,133.1254,275.5275,2.0697,106.97
1009,06303700,138.8234,275.5275,1.9847,98.47
1009,06304000,183.8892,275.5275,1.4983,49.83
1009,06305500,1017.8653,1079.2952,1.0604,6.04
1009,06305700,1069.6651,1079.2952,1.009,0.9
1009,06306000,2380.1991,4123.975,1.7326,73.26
1009,06306200,227.66,804.1857,3.5324,253.24
1009,06306250,932.3957,934.4881,1.0022,0.22
1009,06309200,117.0675,160.1104,1.3677,36.77
1009,06309260,22.7919,189.6033,8.3189,731.89
1009,06309270,20.9789,189.6033,9.0378,803.78
1009,06309280,48.1738,189.6033,3.9358,293.58
1009,06309450,28.2309,117.3749,4.1577,315.77
1009,06309460,62.6777,117.3749,1.8727,87.27
1009,06309500,1162.9047,1675.1041,1.4404,44.04
1009,06310000,393.6782,394.3037,1.0016,0.16
1009,06310500,1750.832,1805.6414,1.0313,3.13
1009,06311000,61.9007,244.7906,3.9546,295.46
1009,06311060,82.3616,244.7906,2.9721,197.21
1009,06311400,250.9698,490.6298,1.9549,95.49
1009,06311500,266.7688,490.6298,1.8392,83.92
1009,06312000,631.9571,735.7295,1.1642,16.42
1009,06312500,2587.3981,5775.4788,2.2322,123.22
1009,06313000,2895.6067,3150.609,1.0881,8.81
1009,06313180,2.1756,130.3303,59.9057,5890.57
1009,06313400,1989.1109,2088.1534,1.0498,4.98
1009,06313500,7987.5233,9004.2701,1.1273,12.73
1009,06313590,11113.639,11686.247,1.0515,5.15
1009,06313700,391.0882,397.9565,1.0176,1.76
1009,06313950,104.8945,121.402,1.1574,15.74
1009,06314000,108.7795,121.402,1.116,11.6
1009,06314500,121.2114,121.402,1.0016,0.16
1009,06315000,445.478,1087.216,2.4406,144.06
1009,06315480,49.2098,67.6115,1.3739,37.39
1009,06315490,63.9727,67.6115,1.0569,5.69
1009,06315500,211.343,276.4338,1.308,30.8
1009,06316000,1201.7545,1446.1608,1.2034,20.34
1009,06316400,2431.9988,2472.9078,1.0168,1.68
1009,06316500,2460.4887,2472.9078,1.005,0.5
1009,06317000,15343.0896,16265.5855,1.0601,6.01
1009,06317020,647.497,928.8796,1.4346,43.46
1009,06317300,13.4679,109.3785,8.1214,712.14
1009,06317340,11.7326,109.3785,9.3226,832.26
1009,06317500,80.2896,251.625,3.134,213.4
1009,06318500,310.7986,513.4887,1.6522,65.22
1009,06319470,104.3765,162.0673,1.5527,55.27
1009,06319480,104.8945,162.0673,1.5451,54.51
1009,06319500,113.4415,162.0673,1.4286,42.86
1009,06320000,161.0973,162.0673,1.006,0.6
1009,06320200,833.9762,964.7747,1.1568,15.68
1009,06320400,1059.3051,1810.9808,1.7096,70.96
1009,06320500,87.2826,188.8191,2.1633,116.33
1009,06321000,182.3352,188.8191,1.0356,3.56
1009,06321100,180.0042,188.8191,1.049,4.9
1009,06321500,91.6856,290.7955,3.1717,217.17
1009,06323000,305.6186,478.1606,1.5646,56.46
1009,06323500,722.6067,751.1872,1.0396,3.96
1009,06324000,2986.2563,2987.9039,1.0006,0.06
1009,06324970,3203.8153,3367.3827,1.0511,5.11
1010,06294940,1175.8546,1211.3493,1.0302,3.02
1010,06294950,95.5706,97.9649,1.0251,2.51
1010,06294995,958.2956,960.8352,1.0027,0.27
1010,06295000,102200.9308,7283.3577,0.0713,-92.87
1010,06295100,91.6856,196.0638,2.1384,113.84
1010,06295113,321.1585,469.8163,1.4629,46.29
1010,06295220,1670.5423,1834.3913,1.0981,9.81
1010,06295250,2071.9905,2153.8354,1.0395,3.95
1010,06295500,3159.7855,3386.2437,1.0717,7.17
1010,06295900,3320.3648,3386.2437,1.0198,1.98
1010,06296000,3328.1347,3386.2437,1.0175,1.75
1010,06296003,3385.1145,3386.2437,1.0003,0.03
1010,06296100,28.4899,13926.8325,488.8346,48783.46
1010,06296120,110973.2206,14320.8903,0.129,-87.1
1010,06309000,123273.0741,16408.5405,0.1331,-86.69
1010,06309075,1857.0215,1948.2718,1.0491,4.91
1010,06326555,945.3457,1009.8083,1.0682,6.82
1010,06326600,1717.1621,1903.5419,1.1085,10.85
1010,06326850,3600.0835,3673.5936,1.0204,2.04
1010,06326952,261.5888,297.3064,1.1365,13.65
1010,06327450,9.4276,27429.0683,2909.4567,290845.67
1010,06327500,171040.2248,27429.0683,0.1604,-83.96
1010,06328000,511.5227,519.4575,1.0155,1.55
1010,06328200,65.2677,95.5773,1.4644,46.44
1010,06329200,606.0572,610.8832,1.008,0.8
1010,06329500,177173.3167,33554.0432,0.1894,-81.06
1010,06329590,181299.1677,35074.1245,0.1935,-80.65
1010,06329597,385.9082,393.9181,1.0208,2.08
1010,06329610,181299.1677,35954.8494,0.1983,-80.17
1010,06329620,181299.1677,35954.8494,0.1983,-80.17
1011,06333500,1737.882,3213.9564,1.8494,84.94
1011,06333850,1.8777,573.9308,305.6495,30464.95
1011,06333900,3.3411,573.9308,171.7798,17077.98
1011,06334000,2343.9392,3213.9564,1.3712,37.12
1011,06334630,2841.217,3089.3269,1.0873,8.73
1011,06336447,111.3695,112.0985,1.0065,0.65
1011,06336500,973.8355,1128.5369,1.1589,15.89
1011,06336510,10.0492,55.2746,5.5004,450.04
1011,06336515,29.7849,55.2746,1.8558,85.58
1011,06336545,255.6318,272.465,1.0658,6.58
1011,06329640,424758.0501,120.8047,0.0003,-99.97
1011,06329650,424758.0501,120.8047,0.0003,-99.97
1011,06329660,424758.0501,417.0982,0.001,-99.9
1011,06329680,424758.0501,417.0982,0.001,-99.9
1011,06330000,426053.0442,917.4877,0.0022,-99.78
1011,06330110,426053.0442,917.4877,0.0022,-99.78
1011,06331000,2007.2408,1987.3106,0.9901,-0.99
1011,06331500,2123.7903,2108.3577,0.9927,-0.73
1011,06331570,378.1383,379.8681,1.0046,0.46
1011,06331600,427348.0382,3540.073,0.0083,-99.17
1011,06331650,427348.0382,4009.9247,0.0094,-99.06
1011,06331680,349.6484,682.3829,1.9516,95.16
1011,06331850,264.1788,521.3591,1.9735,97.35
1011,06332000,1269.0942,1589.4727,1.2524,25.24
1011,06332190,1424.4935,1839.7653,1.2915,29.15
1011,06332515,191.6591,354.4991,1.8496,84.96
1011,06332520,1204.3445,562.5224,0.4671,-53.29
1011,06332523,932.3957,472.5024,0.5068,-49.32
1011,06332770,569.7974,529.355,0.929,-7.1
1011,06335000,1520.323,1613.2094,1.0611,6.11
1011,06335500,12017.5448,12126.5195,1.0091,0.91
1011,06335750,647.497,735.8264,1.1364,13.64
1011,06336000,16032.0264,16087.872,1.0035,0.35
1011,06336600,1595.4327,1564.7881,0.9808,-1.92
1011,06337000,21522.8012,21593.1877,1.0033,0.33
1011,06337200,484.3278,712.4943,1.4711,47.11
1011,06337300,23413.4925,23436.4642,1.001,0.1
1011,06337500,465679.8622,37483.7936,0.0805,-91.95
1011,06334500,5112.6365,5100.0779,0.9975,-0.25
1012,06394600,145.8163,431.0144,2.9559,195.59
1012,06394605,213.933,431.0144,2.0147,101.47
1012,06395000,18570.2148,19116.033,1.0294,2.94
1012,06400000,2476.0286,2506.0543,1.0121,1.21
1012,06400497,1.2173,22602.8233,18568.0827,1856708.27
1012,06400500,22569.1564,22602.8233,1.0015,0.15
1012,06400870,414.3981,566.6506,1.3674,36.74
1012,06400875,486.9178,566.6506,1.1638,16.38
1012,06401500,23548.1719,24086.2881,1.0229,2.29
1012,06402000,352.2384,421.133,1.1956,19.56
1012,06402140,404.0381,421.133,1.0423,4.23
1012,06402430,118.1035,180.7333,1.5303,53.03
1012,06402470,287.4887,338.7028,1.1781,17.81
1012,06402500,328.9285,338.7028,1.0297,2.97
1012,06402600,25350.8036,25377.6705,1.0011,0.11
1012,06402990,137.7874,199.0752,1.4448,44.48
1012,06402995,177.1552,199.0752,1.1237,12.37
1012,06403000,242.1639,269.538,1.113,11.3
1012,06403300,271.9488,376.281,1.3836,38.36
1012,06403500,300.4386,376.281,1.2524,25.24
1012,06403700,26557.7381,26570.7992,1.0005,0.05
1012,06403810,17.6119,101.9293,5.7875,478.75
1012,06403850,22.8955,101.9293,4.4519,345.19
1012,06404000,151.5143,270.6602,1.7864,78.64
1012,06404500,266.7688,270.6602,1.0146,1.46
1012,06404800,19.14,79.4444,4.1507,315.07
1012,06404998,69.4117,79.4444,1.1445,14.45
1012,06405000,69.4117,79.4444,1.1445,14.45
1012,06405400,74.3327,79.4444,1.0688,6.88
1012,06405500,79.7716,160.5388,2.0125,101.25
1012,06405800,10.7226,160.5388,14.9721,1397.21
1012,06406000,437.708,528.6153,1.2077,20.77
1012,06406500,735.5566,779.6075,1.0599,5.99
1012,06406700,109.2975,274.6394,2.5128,151.28
1012,06406740,13.2866,274.6394,20.6703,1967.03
1012,06406760,9.6866,274.6394,28.3526,2735.26
1012,06406920,326.3385,375.7136,1.1513,15.13
1012,06407000,388.4982,454.6444,1.1703,17.03
1012,06407500,422.1681,454.6444,1.0769,7.69
1012,06408000,450.6579,454.6444,1.0088,0.88
1012,06408500,530.9476,621.1043,1.1698,16.98
1012,06408650,29018.2268,29041.5226,1.0008,0.08
1012,06408700,20.3055,89.5026,4.4078,340.78
1012,06408860,261.5888,270.6508,1.0346,3.46
1012,06409000,204.8681,238.4477,1.1639,16.39
1012,06410000,238.7969,377.8513,1.5823,58.23
1012,06410500,758.8665,828.9399,1.0923,9.23
1012,06411500,831.3862,953.2661,1.1466,14.66
1012,06411900,859.8761,953.2661,1.1086,10.86
1012,06412000,875.416,953.2661,1.0889,8.89
1012,06412200,922.0358,953.2661,1.0339,3.39
1012,06412220,5.8534,953.2661,162.8576,16185.76
1012,06412250,17.6637,953.2661,53.9675,5296.75
1012,06412500,968.6556,1068.7689,1.1034,10.34
1012,06412510,968.6556,1068.7689,1.1034,10.34
1012,06412580,8.3398,1068.7689,128.1534,12715.34
1012,06412900,986.7855,1068.7689,1.0831,8.31
1012,06413200,1002.3254,1068.7689,1.0663,6.63
1012,06413570,1023.0453,1068.7689,1.0447,4.47
1012,06413600,4.0404,1068.7689,264.5218,26352.18
1012,06413620,7.511,1068.7689,142.2945,14129.45
1012,06413650,25.4337,1068.7689,42.0218,4102.18
1012,06413700,1054.1252,1068.7689,1.0139,1.39
1012,06413800,5.4649,1068.7689,195.5706,19457.06
1012,06414000,1069.6651,1309.0218,1.2238,22.38
1012,06414700,1087.795,1309.0218,1.2034,20.34
1012,06416000,1092.975,1309.0218,1.1977,19.77
1012,06416300,8.0808,1309.0218,161.9924,16099.24
1012,06418800,1163.9148,1309.0218,1.1247,12.47
1012,06418900,1181.0346,1309.0218,1.1084,10.84
1012,06421500,1561.7628,1617.7749,1.0359,3.59
1012,06422000,1779.3218,1851.6408,1.0406,4.06
1012,06422398,155.1403,207.7602,1.3392,33.92
1012,06422500,243.9769,279.1327,1.1441,14.41
1012,06422600,251.7468,279.1327,1.1088,10.88
1012,06422650,297.8486,373.8982,1.2553,25.53
1012,06423010,328.9285,373.8982,1.1367,13.67
1012,06423500,32825.5093,32836.6793,1.0003,0.03
1012,06424000,55.6847,100.1218,1.798,79.8
1012,06424500,123.0244,200.4799,1.6296,62.96
1012,06425050,58.7927,69.9384,1.1896,18.96
1012,06425100,546.4875,666.5833,1.2198,21.98
1012,06425500,1419.3135,1577.3249,1.1113,11.13
1012,06428500,8355.3016,8577.4763,1.0266,2.66
1012,06430500,1240.6043,2004.5105,1.6158,61.58
1012,06430532,105.4125,105.719,1.0029,0.29
1012,06430770,167.8312,167.8376,1.0,0.0
1012,06430800,9.6348,370.4962,38.4541,3745.41
1012,06430850,72.0017,73.9613,1.0272,2.72
1012,06430898,18.9069,370.4962,19.5958,1859.58
1012,06430900,370.3683,545.9001,1.4739,47.39
1012,06431500,427.348,545.9001,1.2774,27.74
1012,06432020,543.8975,545.9001,1.0037,0.37
1012,06433000,2400.919,2719.6262,1.1327,13.27
1012,06433500,318.5685,318.7319,1.0005,0.05
1012,06436000,11639.4066,11701.6147,1.0053,0.53
1012,06436156,17.0421,180.5382,10.5936,959.36
1012,06436165,12.4837,180.5382,14.4619,1346.19
1012,06436170,105.1535,180.5382,1.7169,71.69
1012,06436180,146.3343,180.5382,1.2337,23.37
1012,06436190,200.2061,268.98,1.3435,34.35
1012,06436198,264.1788,268.98,1.0182,1.82
1012,06436500,172.7522,195.8642,1.1338,13.38
1012,06436700,808.0763,813.5269,1.0067,0.67
1012,06436760,1191.3945,1349.826,1.133,13.3
1012,06436800,1346.7938,1349.826,1.0023,0.23
1012,06437000,15001.2111,15007.3709,1.0004,0.04
1012,06437020,40.6628,82.7282,2.0345,103.45
1012,06437200,134.4204,190.745,1.419,41.9
1012,06437400,190.8821,271.696,1.4234,42.34
1012,06437500,468.7878,576.4269,1.2296,22.96
1012,06438000,18122.1468,18288.1495,1.0092,0.92
1012,06438500,55270.3463,55756.5196,1.0088,0.88
1012,06439000,3131.2956,3234.4687,1.0329,3.29
1012,06439300,61012.3499,62509.6146,1.0245,2.45
1012,06439430,310.7986,314.5738,1.0121,1.21
1012,06364300,203.5731,326.313,1.6029,60.29
1012,06364700,2483.7986,2690.456,1.0832,8.32
1012,06365300,331.5185,692.4503,2.0887,108.87
1012,06365900,3975.6317,4117.0534,1.0356,3.56
1012,06375600,639.7271,646.4236,1.0105,1.05
1012,06376300,1437.4434,1460.6009,1.0161,1.61
1012,06386000,5413.0752,5409.063,0.9993,-0.07
1012,06386500,13783.9167,13882.2356,1.0071,0.71
1012,06392900,26.1589,178.906,6.8392,583.92
1012,06392950,284.8987,443.498,1.5567,55.67
1012,06394000,3517.2039,3702.4245,1.0527,5.27
1012,06425720,1279.4541,1500.4914,1.1728,17.28
1012,06425750,185.9611,191.4261,1.0294,2.94
1012,06425780,1538.4529,2316.3223,1.5056,50.56
1012,06425900,673.3969,674.2697,1.0013,0.13
1012,06426000,3584.5435,4528.0891,1.2632,26.32
1012,06426100,29.0079,391.4822,13.4957,1249.57
1012,06426130,167.3132,167.262,0.9997,-0.03
1012,06426160,38.0728,391.4822,10.2825,928.25
1012,06426400,616.4172,660.5486,1.0716,7.16
1012,06426500,4377.0799,4528.0891,1.0345,3.45
1012,06427500,5058.2468,6568.7659,1.2986,29.86
1012,06428000,7153.5472,7601.7236,1.0627,6.27
1012,06428200,7609.3851,7772.0798,1.0214,2.14
1012,06429500,58.0157,315.911,5.4453,444.53
1012,06429905,709.6567,776.6418,1.0944,9.44
1013,06338490,469823.8432,236.7565,0.0005,-99.95
1013,06339000,469823.8432,325.8865,0.0007,-99.93
1013,06339010,469823.8432,325.8865,0.0007,-99.93
1013,06339100,530.9476,529.0283,0.9964,-0.36
1013,06339180,78.4766,89.0309,1.1345,13.45
1013,06339200,349.6484,363.3434,1.0392,3.92
1013,06339300,1869.9714,1927.1564,1.0306,3.06
1013,06339490,212.379,261.9711,1.2335,23.35
1013,06339500,3185.6854,3244.5488,1.0185,1.85
1013,06339550,168.8672,276.0154,1.6345,63.45
1013,06339560,61.9525,91.9587,1.4843,48.43
1013,06339800,269.3588,553.3239,2.0542,105.42
1013,06339900,608.6472,758.11,1.2456,24.56
1013,06340000,1421.9035,1518.9929,1.0683,6.83
1013,06340010,4869.1776,5872.8174,1.2061,20.61
1013,06340200,68.6347,86.0226,1.2533,25.33
1013,06340500,5801.5734,5872.8174,1.0123,1.23
1013,06340520,122.2474,283.228,2.3168,131.68
1013,06340524,11.3182,109.3629,9.6625,866.25
1013,06340528,21.9113,109.3629,4.9912,399.12
1013,06340536,73.2967,109.3629,1.4921,49.21
1013,06340540,97.6426,109.3629,1.12,12.0
1013,06340580,40.9218,49.9553,1.2207,22.07
1013,06340590,6215.9715,6487.7683,1.0437,4.37
1013,06340700,471377.8361,7074.9258,0.015,-98.5
1013,06340780,53.8718,7074.9258,131.329,13032.9
1013,06340890,25.3819,7549.7415,297.4461,29644.61
1013,06340900,473967.8242,7549.7415,0.0159,-98.41
1013,06340905,182.5942,7549.7415,41.3471,4034.71
1013,06340930,70.7067,112.0825,1.5852,58.52
1013,06341000,476557.8123,9713.2119,0.0204,-97.96
1013,06341400,297.8486,1140.2926,3.8284,282.84
1013,06341410,401.4482,1254.6219,3.1252,212.52
1013,06341790,404.0381,641.0964,1.5867,58.67
1013,06341800,494.6877,641.0964,1.296,29.6
1013,06341950,769.2265,821.438,1.0679,6.79
1013,06342020,479147.8004,10082.7627,0.021,-97.9
1013,06342040,43.7708,123.2577,2.816,181.6
1013,06342100,33.6698,372.0416,11.0497,1004.97
1013,06342200,196.3211,372.0416,1.8951,89.51
1013,06342230,118.1035,123.0237,1.0417,4.17
1013,06342260,378.1383,769.0979,2.0339,103.39
1013,06342450,279.7187,332.3238,1.1881,18.81
1013,06342500,482773.7838,20067.2412,0.0416,-95.84
1013,06342850,103.0815,119.5715,1.16,16.0
1013,06342900,341.8784,673.659,1.9705,97.05
1013,06342970,105.6715,119.8362,1.134,13.4
1013,06343000,805.4863,1039.3734,1.2904,29.04
1013,06344000,1046.3552,1130.815,1.0807,8.07
1013,06344300,1139.5948,1130.815,0.9923,-0.77
1013,06344500,1147.3647,1212.0479,1.0564,5.64
1013,06344600,393.6782,441.3514,1.1211,12.11
1013,06344610,58.0157,60.215,1.0379,3.79
1013,06345000,922.0358,961.528,1.0428,4.28
1013,06345500,3211.5853,3300.5599,1.0277,2.77
1013,06345780,3962.6818,4006.9726,1.0112,1.12
1013,06346500,4428.8797,4531.1853,1.0231,2.31
1013,06347000,572.3874,621.6429,1.0861,8.61
1013,06347100,107.2255,114.3578,1.0665,6.65
1013,06347500,1181.0346,1229.572,1.0411,4.11
1013,06348000,7122.4673,7445.6718,1.0454,4.54
1013,06348300,7588.6652,7708.3416,1.0158,1.58
1013,06348500,406.6281,707.8239,1.7407,74.07
1013,06349000,8572.8606,8676.0328,1.012,1.2
1013,06349070,491579.7433,20174.281,0.041,-95.9
1013,06349215,725.1967,886.0629,1.2218,22.18
1013,06349275,1812.9917,2322.612,1.2811,28.11
1013,06349500,3056.186,3957.9356,1.2951,29.51
1013,06349580,53.7164,95.453,1.777,77.7
1013,06349590,77.4406,95.453,1.2326,23.26
1013,06349600,80.8076,95.453,1.1812,18.12
1013,06349700,496500.7208,24824.1054,0.05,-95.0
1013,06349900,738.1466,749.1705,1.0149,1.49
1013,06349930,181.2992,222.5747,1.2277,22.77
1013,06350000,1502.1931,1610.1528,1.0719,7.19
1013,06351000,2952.5864,3038.5345,1.0291,2.91
1013,06351200,4247.5805,4238.2722,0.9978,-0.22
1013,06351500,3470.5841,3512.9422,1.0122,1.22
1013,06351680,111.1105,124.334,1.119,11.9
1013,06352000,1432.2634,1444.8722,1.0088,0.88
1013,06352300,2333.5793,2423.9502,1.0387,3.87
1013,06352400,258.9988,555.4326,2.1445,114.45
1013,06352500,3470.5841,3563.0223,1.0266,2.66
1013,06352525,222.739,326.3953,1.4654,46.54
1013,06353000,4532.4792,4630.0754,1.0215,2.15
1013,06353500,9453.4566,9609.7961,1.0165,1.65
1013,06354000,10618.9513,10681.8534,1.0059,0.59
1013,06354050,10800.2504,11185.2594,1.0356,3.56
1013,06354080,10929.7498,11185.2594,1.0234,2.34
1013,06354480,274.5387,342.9722,1.2493,24.93
1013,06354490,1046.3552,1381.3064,1.3201,32.01
1013,06354500,1598.0227,2254.7539,1.411,41.1
1013,06354580,1722.3421,2254.7539,1.3091,30.91
1013,06354815,569.7974,651.9078,1.1441,14.41
1013,06354825,51.2818,61.7579,1.2043,20.43
1013,06354890,593.1073,622.6545,1.0498,4.98
1013,06354980,455.8379,1268.5474,2.7829,178.29
1013,06355000,1318.3039,1365.9289,1.0361,3.61
1013,06355310,40.6628,308.1658,7.5786,657.86
1013,464703100464600,20.4609,20174.281,985.9916,98499.16
1013,06354860,1509.9631,1913.2983,1.2671,26.71
1013,06354880,1986.5209,2958.5944,1.4893,48.93
1013,06354881,830.8682,946.2938,1.1389,13.89
1013,06354882,919.4458,946.2938,1.0292,2.92
1013,06355500,3107.9857,3180.5697,1.0234,2.34
1013,06356000,365.1883,447.2113,1.2246,22.46
1013,06356500,3382.5245,3474.2954,1.0271,2.71
1013,06357500,7746.6544,8553.4088,1.1041,10.41
1013,06357800,13768.3768,13802.5155,1.0025,0.25
1013,06358000,14029.9656,14064.1276,1.0024,0.24
1013,06358500,540530.5186,60682.3434,0.1123,-88.77
1013,06359000,4076.6413,4095.5226,1.0046,0.46
1013,06359500,6713.2492,6781.5493,1.0102,1.02
1013,06360000,11126.5889,11247.6163,1.0109,1.09
1013,06360500,12618.4221,12761.3466,1.0113,1.13
1013,06361000,13527.5079,13583.1714,1.0041,0.41
1013,06439500,62739.872,387.2423,0.0062,-99.38
1014,06444000,810.6663,799.81,0.9866,-1.34
1014,06445000,1750.832,2327.5486,1.3294,32.94
1014,06445500,1942.4911,2327.5486,1.1982,19.82
1014,06445590,24.3459,128.0587,5.26,426.0
1014,06440000,630662.1049,62.9656,0.0001,-99.99
1014,06440200,665.6269,672.8706,1.0109,1.09
1014,06440500,484.3278,488.1664,1.0079,0.79
1014,06441000,3796.9226,3800.7064,1.001,0.1
1014,06441110,766.6365,767.142,1.0007,0.07
1014,06441400,266.7688,266.9246,1.0006,0.06
1014,06441500,8150.6926,8226.2014,1.0093,0.93
1014,06441590,638709.1979,8420.6054,0.0132,-98.68
1014,06441592,638709.1979,8420.6054,0.0132,-98.68
1014,06441595,638709.1979,8420.6054,0.0132,-98.68
1014,06442000,1090.385,1202.6006,1.1029,10.29
1014,06442130,199.1701,286.4406,1.4382,43.82
1014,06442500,1137.0048,1198.7539,1.0543,5.43
1014,06442600,1569.5328,1729.7132,1.1021,10.21
1014,06442718,141.9313,177.8813,1.2533,25.33
1014,06442900,979.0155,1024.2885,1.0462,4.62
1014,06442950,2105.6603,3016.9541,1.4328,43.28
1014,06443000,649569.0181,19534.8627,0.0301,-96.99
1014,06445685,3540.5137,3628.6385,1.0249,2.49
1014,06445700,3693.323,3795.5021,1.0277,2.77
1014,06445980,971.2455,1062.3135,1.0938,9.38
1014,06446000,5584.0144,5787.7887,1.0365,3.65
1014,06446100,190.3641,190.6886,1.0017,0.17
1014,06446200,7516.1455,7516.0804,1.0,-0.0
1014,06446500,10603.4113,10636.5941,1.0031,0.31
1014,06446700,1095.565,1151.0252,1.0506,5.06
1014,06447000,12828.2111,12936.2166,1.0084,0.84
1014,06447230,707.0668,766.5753,1.0842,8.42
1014,06447450,16063.1063,16120.261,1.0036,0.36
1014,06447500,774.4064,1212.9453,1.5663,56.63
1014,06448000,147.6293,300.5387,2.0358,103.58
1014,06449000,313.3886,337.7191,1.0776,7.76
1014,06449100,1478.8832,2129.3797,1.4399,43.99
1014,06449250,209.012,273.3752,1.3079,30.79
1014,06449300,2214.4398,2625.9854,1.1858,18.58
1014,06449400,126.9094,126.8994,0.9999,-0.01
1014,06449500,2535.5984,2732.4604,1.0776,7.76
1014,06450500,3872.0322,4069.567,1.051,5.1
1014,06452000,25524.3328,25705.662,1.0071,0.71
1014,06452320,1934.7211,1961.3788,1.0138,1.38
1015,06454100,2419.0489,2874.7441,1.1884,18.84
1015,06454500,3625.9834,3717.0327,1.0251,2.51
1015,06455500,3781.3826,4022.7474,1.0638,6.38
1015,06455900,4092.1812,4308.3186,1.0528,5.28
1015,06457000,5749.7736,5564.0943,0.9677,-3.23
1015,06457500,11111.049,10543.537,0.9489,-5.11
1015,06458500,202.0191,989.6986,4.899,389.9
1015,06459000,9039.0585,13594.2726,1.5039,50.39
1015,06459175,1048.9452,1325.6352,1.2638,26.38
1015,06459200,72.5197,1325.6352,18.2797,1727.97
1015,06459500,113.9595,2083.498,18.2828,1728.28
1015,06460900,220.149,404.4725,1.8373,83.73
1015,06461000,517.9976,999.9833,1.9305,93.05
1015,06461500,18518.415,20212.1668,1.0915,9.15
1015,06462000,21730.0002,20975.6142,0.9653,-3.47
1015,06462500,880.596,1355.5532,1.5394,53.94
1015,06463080,637.1371,1166.9805,1.8316,83.16
1015,06463500,1186.2146,1166.9805,0.9838,-1.62
1015,06463720,25407.7834,24440.4579,0.9619,-3.81
1015,06464900,4377.0799,4461.5351,1.0193,1.93
1015,06465000,28671.1684,28546.5457,0.9957,-0.43
1015,06465310,533.5376,560.7792,1.0511,5.11
1015,06465440,406.6281,407.5451,1.0023,0.23
1015,06465500,29992.0623,27108.4159,0.9039,-9.61
1015,06465680,354.8284,380.7574,1.0731,7.31
1015,06453400,966.0656,1022.0641,1.058,5.8
1015,06464000,932.3957,941.8666,1.0102,1.02
1015,06464100,1377.8737,1789.1717,1.2985,29.85
1015,06464500,2903.3767,3215.8496,1.1076,10.76
1015,06454000,1186.2146,1527.0649,1.2873,28.73
1016,06467600,145.0393,324.1403,2.2348,123.48
1016,06467900,108.7795,154.8544,1.4236,42.36
1016,06468000,722.6067,1522.159,2.1065,110.65
1016,06468170,1061.8951,2361.553,2.2239,122.39
1016,06468250,1165.4946,3166.0804,2.7165,171.65
1016,06468300,486.9178,485.6761,0.9974,-0.26
1016,06468460,1709.3922,3812.5968,2.2304,123.04
1016,06468500,1735.292,3918.1135,2.2579,125.79
1016,06469400,673.3969,1883.2943,2.7967,179.67
1016,06469500,771.8165,1883.2943,2.4401,144.01
1016,06470000,3030.2861,6735.8358,2.2228,122.28
1016,06470500,4636.0787,9601.1332,2.071,107.1
1016,06470800,264.1788,1001.2159,3.7899,278.99
1016,06470830,5490.7748,11520.1927,2.0981,109.81
1016,06470833,13.2089,11520.1927,872.1512,87115.12
1016,06470875,5646.1741,11679.6771,2.0686,106.86
1016,06470878,5646.1741,11765.9214,2.0839,108.39
1016,06471200,1256.1442,1260.5236,1.0035,0.35
1016,06470980,14296.7344,11765.9214,0.823,-17.7
1016,06471000,12859.291,15909.4232,1.2372,23.72
1016,06471065,701.8868,2618.8104,3.7311,273.11
1016,06471500,3133.8856,3169.4777,1.0114,1.14
1016,06471510,3170.1454,3260.9502,1.0286,2.86
1016,06471550,16096.7761,18772.3442,1.1662,16.62
1016,06471770,144.5213,181.1184,1.2532,25.32
1016,06471800,388.4982,507.3946,1.306,30.6
1016,06471898,735.5566,890.061,1.2101,21.01
1016,06472000,19821.179,19918.5774,1.0049,0.49
1016,06472500,1406.3635,1740.7301,1.2378,23.78
1016,06473000,21582.3709,27975.7494,1.2962,29.62
1016,06473500,3234.8951,3814.6553,1.1792,17.92
1016,06473700,5312.0656,6063.376,1.1414,14.14
1016,06473750,841.7461,930.3252,1.1052,10.52
1016,06474000,2890.4267,2966.9897,1.0265,2.65
1016,06474300,530.9476,616.9248,1.1619,16.19
1016,06474500,3786.5626,3884.0587,1.0257,2.57
1016,06475000,30766.4688,31966.8857,1.039,3.9
1016,06475500,520.5876,553.0193,1.0623,6.23
1016,06476000,35728.886,38068.5868,1.0655,6.55
1016,06476500,673.3969,698.6737,1.0375,3.75
1016,06477000,40305.395,41815.3622,1.0375,3.75
1016,06477150,616.4172,723.7256,1.1741,17.41
1016,06477500,1522.913,1613.6657,1.0596,5.96
1016,06478000,44125.6274,45875.1066,1.0396,3.96
1016,06478052,424.7581,462.8193,1.0896,8.96
1016,06478053,204.6091,242.1765,1.1836,18.36
1016,06478320,141.1544,142.6356,1.0105,1.05
1016,06478390,1012.6854,1034.1747,1.0212,2.12
1016,06478420,282.3087,283.8075,1.0053,0.53
1016,06478500,48215.2187,49540.1026,1.0275,2.75
1016,06478513,48966.3152,50233.8403,1.0259,2.59
1016,06478514,375.5483,375.457,0.9998,-0.02
1017,06483270,2040.9106,3929.3916,1.9253,92.53
1017,06483290,2209.2599,3929.3916,1.7786,77.86
1017,06483495,80.0306,101.6435,1.2701,27.01
1017,06483500,4123.2611,4265.2268,1.0344,3.44
1017,06484000,125.3554,130.089,1.0378,3.78
1017,06485500,18116.9668,18210.5224,1.0052,0.52
1017,06485950,19544.0503,19640.7694,1.0049,0.49
1017,06466470,232.3219,240.0758,1.0334,3.34
1017,06466500,1139.5948,1185.4461,1.0402,4.02
1017,06478518,787.3564,1195.386,1.5182,51.82
1017,06478522,1191.3945,1195.386,1.0034,0.34
1017,06453000,682461.8671,214.3629,0.0003,-99.97
1017,06453255,1538.4529,1596.1043,1.0375,3.75
1017,06466010,687641.8433,3658.9064,0.0053,-99.47
1017,06467500,723901.6768,5204.2118,0.0072,-99.28
1017,06478535,80.5486,237.7421,2.9515,195.15
1017,06478540,203.8321,212.2229,1.0412,4.12
1017,06478600,1155.1347,1205.9982,1.044,4.4
1017,06478690,979.0155,979.7117,1.0007,0.07
1017,06479000,4255.3505,4343.3076,1.0207,2.07
1017,06479010,4599.8189,5536.9771,1.2037,20.37
1017,06479136,92.7216,280.5709,3.026,202.6
1017,06479142,125.3554,339.2824,2.7066,170.66
1017,06479159,164.9822,339.2824,2.0565,105.65
1017,06479167,756.2765,1056.5639,1.3971,39.71
1017,06479215,176.8962,206.669,1.1683,16.83
1017,06479438,595.6973,952.2836,1.5986,59.86
1017,06479449,82.8796,82.6906,0.9977,-0.23
1017,06479450,82.8796,952.2836,11.49,1049.0
1017,06479452,631.9571,952.2836,1.5069,50.69
1017,06479490,74.3327,181.8044,2.4458,144.58
1017,06479498,39.3678,181.8044,4.6181,361.81
1017,06479500,924.6258,1467.8642,1.5875,58.75
1017,06479512,1010.0954,1467.8642,1.4532,45.32
1017,06479515,282.3087,302.4727,1.0714,7.14
1017,06479520,1346.7938,1467.8642,1.0899,8.99
1017,06479525,1499.6031,1593.5069,1.0626,6.26
1017,06479529,191.9181,213.6966,1.1135,11.35
1017,06479640,416.9881,429.7555,1.0306,3.06
1017,06479770,4011.8916,4094.3277,1.0205,2.05
1017,06479910,155.6583,190.874,1.2262,22.62
1017,06479928,419.5781,423.5606,1.0095,0.95
1017,06479980,510.2277,520.1004,1.0193,1.93
1017,06480000,6394.6806,6821.4532,1.0667,6.67
1017,06480400,159.0253,166.4819,1.0469,4.69
1017,06480650,261.5888,301.647,1.1531,15.31
1017,06481000,7917.5937,7959.3439,1.0053,0.53
1017,06481400,8104.0728,9861.5713,1.2169,21.69
1017,06481480,647.497,678.5149,1.0479,4.79
1017,06481489,191.9181,196.5794,1.0243,2.43
1017,06481493,1118.8749,1312.2933,1.1729,17.29
1017,06481497,61.9007,122.5515,1.9798,97.98
1017,06481500,1569.5328,1612.6805,1.0275,2.75
1017,06482000,9735.7653,9861.5713,1.0129,1.29
1017,06482020,9784.9751,12048.2293,1.2313,23.13
1017,06482100,9906.7045,12048.2293,1.2162,21.62
1017,06482610,1248.3743,1681.594,1.347,34.7
1017,06482848,326.3385,329.3656,1.0093,0.93
1017,06483950,17306.3006,17943.1615,1.0368,3.68
1017,06485696,530.9476,554.4491,1.0443,4.43
1017,06485910,19466.3506,19640.7694,1.009,0.9
1018,06611000,66.8217,298.3725,4.4652,346.52
1018,06611100,305.6186,574.71,1.8805,88.05
1018,06611200,145.8163,204.6687,1.4036,40.36
1018,06611300,577.5673,677.9237,1.1738,17.38
1018,06611500,668.2169,677.9237,1.0145,1.45
1018,06611700,26.1589,69.8167,2.6689,166.89
1018,06611800,91.6856,227.8447,2.4851,148.51
1018,06611900,135.1974,227.8447,1.6853,68.53
1018,06612000,255.3728,1647.7276,6.4522,545.22
1018,06612500,204.8681,1647.7276,8.0429,704.29
1018,06613000,1214.7044,1647.7276,1.3565,35.65
1018,06613950,32.6339,412.5507,12.6418,1164.18
1018,06614000,414.3981,412.5507,0.9955,-0.45
1018,06614800,3.9886,223.493,56.0332,5503.32
1018,06615000,30.3029,95.0461,3.1365,213.65
1018,06615500,157.7303,223.493,1.4169,41.69
1018,06616000,53.0948,65.6358,1.2362,23.62
1018,06617100,471.3778,453.0903,0.9612,-3.88
1018,06617500,182.8532,468.498,2.5622,156.22
1018,06618000,144.7803,163.0292,1.126,12.6
1018,06618300,468.7878,666.6566,1.4221,42.21
1018,06618480,664.7722,708.1909,1.0653,6.53
1018,06618500,670.8069,708.1909,1.0557,5.57
1018,06619000,1238.0143,1219.456,0.985,-1.5
1018,06619400,113.9595,165.4978,1.4523,45.23
1018,06619415,10.619,286.9045,27.0182,2601.82
1018,06619420,10.2305,286.9045,28.0442,2704.42
1018,06619450,409.2181,539.4787,1.3183,31.83
1018,06619500,468.7878,539.4787,1.1508,15.08
1018,06620000,3706.273,3928.9573,1.0601,6.01
1018,06657500,261.5888,438.2088,1.6752,67.52
1018,06659580,80.0306,171.1582,2.1387,113.87
1018,06677500,3962.6818,4409.8643,1.1128,11.28
1018,06678000,872.826,1017.0606,1.1653,16.53
1018,06679000,199.9471,62328.9716,311.7273,31072.73
1018,06679500,57912.1341,60610.8558,1.0466,4.66
1018,06680500,58404.2319,63394.4773,1.0854,8.54
1018,06681500,206.6811,216.0459,1.0453,4.53
1018,06682000,58896.3296,63394.4773,1.0764,7.64
1018,06684000,419.5781,63737.6811,151.909,15090.9
1018,06684500,60346.723,65588.5315,1.0869,8.69
1018,06685000,2620.291,2662.3334,1.016,1.6
1018,06686000,63972.7063,60662.0758,0.9482,-5.18
1018,06686500,81325.6267,56331.8622,0.6927,-30.73
1018,06687000,207.199,2826.5669,13.6418,1264.18
1018,06687500,65785.698,54381.3782,0.8266,-17.34
1018,06690500,66821.6932,51331.0923,0.7682,-23.18
1018,06691000,67650.4894,51625.9565,0.7631,-23.69
1018,06692000,207.199,1804.1083,8.7071,770.71
1018,06693000,68116.6873,50987.8491,0.7485,-25.15
1018,06620400,57.4977,100.8733,1.7544,75.44
1018,06620500,66.3037,100.8733,1.5214,52.14
1018,06621000,305.6186,388.4211,1.2709,27.09
1018,06622500,155.1403,161.4262,1.0405,4.05
1018,06622700,98.9375,109.1013,1.1027,10.27
1018,06622900,61.1237,62.4705,1.022,2.2
1018,06623000,199.4291,274.274,1.3753,37.53
1018,06623500,277.1287,5798.674,20.9241,1992.41
1018,06623800,188.2921,445.5784,2.3664,136.64
1018,06623900,271.9488,445.5784,1.6385,63.85
1018,06624000,528.3576,678.7457,1.2846,28.46
1018,06624500,530.9476,678.7457,1.2784,27.84
1018,06625000,678.5769,678.7457,1.0002,0.02
1018,06625500,152.5503,170.3917,1.117,11.7
1018,06626500,295.2586,353.9308,1.1987,19.87
1018,06627000,7340.0263,7636.5965,1.0404,4.04
1018,06627300,31.5979,117.1065,3.7062,270.62
1018,06627500,87.2826,117.1065,1.3417,34.17
1018,06627600,264.1788,360.814,1.3658,36.58
1018,06627800,282.3087,360.814,1.2781,27.81
1018,06628000,292.6687,360.814,1.2328,23.28
1018,06628700,62.9367,165.6654,2.6323,163.23
1018,06628750,134.6794,165.6654,1.2301,23.01
1018,06628800,681.1669,650.372,0.9548,-4.52
1018,06628900,230.5089,248.3825,1.0775,7.75
1018,06629000,274.5387,402.8578,1.4674,46.74
1018,06630000,10517.9417,11121.7894,1.0574,5.74
1018,06630150,16814.2028,11194.7787,0.6658,-33.42
1018,06630300,284.8987,364.1527,1.2782,27.82
1018,06630330,58.5337,61.2406,1.0462,4.62
1018,06630440,74.3327,120.363,1.6192,61.92
1018,06630465,119.3985,120.363,1.0081,0.81
1018,06630480,46.1018,51.3911,1.1147,11.47
1018,06630500,169.9032,456.9336,2.6894,168.94
1018,06631000,494.6877,693.3819,1.4017,40.17
1018,06631500,1038.5852,1138.8183,1.0965,9.65
1018,06632000,8.1067,161.7577,19.9537,1895.37
1018,06632400,162.8326,259.1672,1.5916,59.16
1018,06632500,162.988,259.1672,1.5901,59.01
1018,06633000,481.7378,624.6728,1.2967,29.67
1018,06633500,559.4374,624.6728,1.1166,11.66
1018,06634060,422.1681,680.1586,1.6111,61.11
1018,06634500,198.3931,300.6307,1.5153,51.53
1018,06634600,2380.1991,2483.5367,1.0434,4.34
1018,06634620,2411.2789,2483.5367,1.03,3.0
1018,06634990,55.9437,5635.9526,100.7432,9974.32
1018,06635000,5576.2444,5907.2044,1.0594,5.94
1018,06636000,18109.1969,18450.8899,1.0189,1.89
1018,06636500,492.0977,494.986,1.0059,0.59
1018,06637000,42.4758,47.6212,1.1211,12.11
1018,06637500,132.0894,283.2958,2.1447,114.47
1018,06637550,461.0179,524.7976,1.1383,13.83
1018,06637600,7.9772,103.5957,12.9865,1198.65
1018,06637700,23.8538,103.5957,4.3429,334.29
1018,06637750,23.3358,127.7447,5.4742,447.42
1018,06637800,25.5632,127.7447,4.9972,399.72
1018,06637850,37.8138,127.7447,3.3783,237.83
1018,06637900,15.5399,127.7447,8.2204,722.04
1018,06637910,55.1667,127.7447,2.3156,131.56
1018,06638000,1134.4148,1285.5686,1.1332,13.32
1018,06638090,2211.8498,2460.8294,1.1126,11.26
1018,06639000,5814.5233,6664.8725,1.1462,14.62
1018,06639500,303.0286,327.2983,1.0801,8.01
1018,06640000,251.4878,264.4224,1.0514,5.14
1018,06641000,27181.9252,27534.9489,1.013,1.3
1018,06642000,27440.924,27702.6691,1.0095,0.95
1018,06642500,287.4887,521.3125,1.8133,81.33
1018,06642650,237.7609,269.1778,1.1321,13.21
1018,06643000,1023.0453,1026.618,1.0035,0.35
1018,06643500,29072.6165,30128.9154,1.0363,3.63
1018,06644000,779.5864,779.1968,0.9995,-0.05
1018,06644500,1543.6329,1545.7811,1.0014,0.14
1018,06645000,31856.8538,32508.3042,1.0204,2.04
1018,06645150,25.2524,154.8812,6.1333,513.33
1018,06645160,28.2309,154.8812,5.4862,448.62
1018,06645161,28.2309,154.8812,5.4862,448.62
1018,06645164,16.8349,154.8812,9.2,820.0
1018,06645166,47.9148,154.8812,3.2324,223.24
1018,06645174,12.0952,154.8812,12.8051,1180.51
1018,06645178,6.993,154.8812,22.1481,2114.81
1018,06645500,31108.3472,32940.9349,1.0589,5.89
1018,06646000,360.0083,385.5948,1.0711,7.11
1018,06646280,10.0751,64.4325,6.3952,539.52
1018,06646300,19.3731,64.4325,3.3259,232.59
1018,06646500,551.4085,551.7064,1.0005,0.05
1018,06646600,551.6675,551.7064,1.0001,0.01
1018,06646800,33630.9956,33904.2511,1.0081,0.81
1018,06647500,167.5722,266.3138,1.5892,58.92
1018,06647800,352.2384,408.381,1.1594,15.94
1018,06647810,357.4184,408.381,1.1426,14.26
1018,06647890,18.5184,523.3678,28.262,2726.2
1018,06647900,21.9113,523.3678,23.8858,2288.58
1018,06648000,515.4076,523.3678,1.0154,1.54
1018,06649000,328.9285,456.2285,1.387,38.7
1018,06649200,393.6782,456.2285,1.1589,15.89
1018,06649500,455.8379,456.2285,1.0009,0.09
1018,06650000,35803.9956,36293.676,1.0137,1.37
1018,06650500,290.0787,290.4023,1.0011,0.11
1018,06651000,53.3538,179.415,3.3627,236.27
1018,06651500,753.6865,754.4315,1.001,0.1
1018,06652000,37456.4081,38043.3141,1.0157,1.57
1018,06653000,117.8445,206.3484,1.751,75.1
1018,06653100,284.8987,321.4369,1.1282,12.82
1018,06653300,466.1979,546.8427,1.173,17.3
1018,06653500,546.4875,546.8427,1.0006,0.06
1018,06654000,39593.1482,40393.4207,1.0202,2.02
1018,06654500,132.3484,139.3675,1.053,5.3
1018,06654510,139.8594,259.0792,1.8524,85.24
1018,06654520,148.1473,259.0792,1.7488,74.88
1018,06654550,157.9893,259.0792,1.6399,63.99
1018,06655000,499.8677,502.776,1.0058,0.58
1018,06656000,40621.3735,40989.7331,1.0091,0.91
1018,06657000,40854.4725,53281.6118,1.3042,30.42
1018,06658500,756.2765,1007.5036,1.3322,33.22
1018,06659000,1004.9154,1007.5036,1.0026,0.26
1018,06659500,1115.6814,1350.2516,1.2102,21.02
1018,06659502,1115.6892,1350.2516,1.2102,21.02
1018,06659600,104.8945,171.1582,1.6317,63.17
1018,06660000,2732.4375,2846.6976,1.0418,4.18
1018,06660500,3082.0859,3118.4938,1.0118,1.18
1018,06661000,409.2181,416.0721,1.0167,1.67
1018,06661500,852.1061,938.4842,1.1014,10.14
1018,06661585,4348.59,4489.2237,1.0323,3.23
1018,06661600,51.5408,70.7489,1.3727,37.27
1018,06662000,4920.9774,5530.9152,1.1239,12.39
1018,06663500,5229.186,5892.6698,1.1269,12.69
1018,06664000,5956.9727,8043.5877,1.3503,35.03
1018,06664400,502.4577,585.1486,1.1646,16.46
1018,06664490,567.2074,585.1486,1.0316,3.16
1018,06664500,585.3373,585.1486,0.9997,-0.03
1018,06664900,362.5983,361.3929,0.9967,-0.33
1018,06665000,953.1156,1285.1857,1.3484,34.84
1018,06665790,1124.0548,1285.1857,1.1433,14.33
1018,06666500,1313.124,1344.1877,1.0237,2.37
1018,06666600,1315.714,1344.1877,1.0216,2.16
1018,06667000,1333.8439,1344.1877,1.0078,0.78
1018,06667060,6526.77,9694.0718,1.4853,48.53
1018,06667200,119.1395,340.3409,2.8567,185.67
1018,06667500,966.0656,1006.7293,1.0421,4.21
1018,06668200,16.3946,239.8195,14.6279,1362.79
1018,06669000,7883.9238,9694.0718,1.2296,22.96
1018,06669100,146.8523,145.0793,0.9879,-1.21
1018,06669500,888.3659,1024.3433,1.1531,15.31
1018,06669850,1693.8522,1655.4898,0.9774,-2.26
1018,06670000,10888.31,11580.6397,1.0636,6.36
1018,06670500,11186.1586,11816.4729,1.0563,5.63
1018,06670900,49950.5107,53493.2282,1.0709,7.09
1018,06671000,1232.8343,1233.3235,1.0004,0.04
1018,06672000,54097.0817,54877.181,1.0144,1.44
1018,06672500,950.5256,56118.8967,59.0399,5803.99
1018,06673500,97.6426,56118.8967,574.7381,57373.81
1018,06674500,55332.506,56118.8967,1.0142,1.42
1018,06675500,1100.7449,1379.7053,1.2534,25.34
1018,06676500,1670.5423,1661.1438,0.9944,-0.56
1018,06676550,1660.1824,1661.1438,1.0006,0.06
1018,06676900,1149.9547,1372.9489,1.1939,19.39
1018,06677000,3351.4446,4040.2015,1.2055,20.55
1018,06677010,3418.7843,4040.2015,1.1818,18.18
1018,06677100,3859.0823,4409.8643,1.1427,14.27
1019,06693800,41.9578,41.9167,0.999,-0.1
1019,06693980,161.0973,288.4838,1.7907,79.07
1019,06694100,647.497,649.9918,1.0039,0.39
1019,06694400,130.2764,211.0002,1.6196,61.96
1019,06694700,31.0799,202.3235,6.5098,550.98
1019,06695000,2289.5495,2499.6003,1.0917,9.17
1019,06696000,2494.1586,2906.2721,1.1652,16.52
1019,06696200,2807.5471,2906.2721,1.0352,3.52
1019,06696980,61.9007,195.6433,3.1606,216.06
1019,06697200,11.9916,215.7785,17.9941,1699.41
1019,06697450,59.8287,215.7785,3.6066,260.66
1019,06698000,30.5619,97.8706,3.2024,220.24
1019,06698500,471.3778,848.7147,1.8005,80.05
1019,06699000,117.8445,117.9315,1.0007,0.07
1019,06699005,595.6973,848.7147,1.4247,42.47
1019,06699500,1111.1049,1145.9838,1.0314,3.14
1019,06700000,4183.0898,4553.6141,1.0886,8.86
1019,06700500,224.293,241.7375,1.0778,7.78
1019,06701500,4506.8383,5242.536,1.1632,16.32
1019,06701550,19.14,5242.536,273.9045,27290.45
1019,06701620,274.5387,548.7904,1.999,99.9
1019,06701700,145.5573,179.0339,1.23,23.0
1019,06701900,5221.675,5339.9969,1.0227,2.27
1019,06701970,25.356,6684.1459,263.6122,26261.22
1019,06702000,5433.7951,6684.1459,1.2301,23.01
1019,06702500,126.9094,327.8333,2.5832,158.32
1019,06704500,20.1501,200.3674,9.9437,894.37
1019,06705500,193.2131,200.3674,1.037,3.7
1019,06706000,328.9285,602.913,1.833,83.3
1019,06706400,805.4863,1111.4504,1.3799,37.99
1019,06706500,968.6556,1111.4504,1.1474,14.74
1019,06706600,8.1844,1111.4504,135.8017,13480.17
1019,06706800,122.7654,124.8952,1.0173,1.73
1019,06707000,1232.8343,1232.5374,0.9998,-0.02
1019,06707500,6648.7585,6781.5971,1.02,2.0
1019,06708000,6788.3588,7824.1578,1.1526,15.26
1019,06708600,69.6707,131.1736,1.8828,88.28
1019,06708690,354.8284,355.4427,1.0017,0.17
1019,06708750,266.7688,338.0177,1.2671,26.71
1019,06708800,300.4386,338.0177,1.1251,12.51
1019,06709000,712.2467,833.0232,1.1696,16.96
1019,06709500,782.1764,833.0232,1.065,6.5
1019,06709530,818.4362,833.0232,1.0178,1.78
1019,06709740,6.3455,7943.4782,1251.8343,125083.43
1019,06709910,38.0728,7943.4782,208.6391,20763.91
1019,06710000,7948.6735,8939.1104,1.1246,12.46
1019,06710150,29.0079,49.6451,1.7114,71.14
1019,06710200,2.4605,49.6451,20.1769,1917.69
1019,06710245,8010.8332,8939.1104,1.1159,11.59
1019,06710247,8023.7832,8939.1104,1.1141,11.41
1019,06710250,2.331,8939.1104,3834.8998,383389.98
1019,06710385,266.7688,331.3762,1.2422,24.22
1019,06710500,424.7581,454.3462,1.0697,6.97
1019,06710605,455.8379,610.7292,1.3398,33.98
1019,06710992,118.8805,610.7292,5.1373,413.73
1019,06710995,122.7654,610.7292,4.9748,397.48
1019,06711040,131.0534,610.7292,4.6602,366.02
1019,06711500,675.9869,680.0528,1.006,0.6
1019,06711515,3.6778,64.3742,17.5035,1650.35
1019,06711545,37.2958,64.3742,1.726,72.6
1019,06711555,61.3827,64.3742,1.0487,4.87
1019,06711565,8782.6497,8939.1104,1.0178,1.78
1019,06711570,5.0764,8939.1104,1760.9234,175992.34
1019,06711575,10.3082,8939.1104,867.1884,86618.84
1019,06711580,3.0821,8939.1104,2900.3444,289934.44
1019,06711618,14.3744,8939.1104,621.8756,62087.56
1019,06711770,8.8578,8939.1104,1009.1842,100818.42
1019,06711780,40.6628,8939.1104,219.835,21883.5
1019,06712000,437.708,619.7542,1.4159,41.59
1019,06712500,932.3957,998.5021,1.0709,7.09
1019,06713000,997.1454,10564.913,10.5952,959.52
1019,06713300,1048.9452,10564.913,10.0719,907.19
1019,06713500,1061.8951,10564.913,9.9491,894.91
1019,06714000,10012.894,10564.913,1.0551,5.51
1019,06714130,10056.9238,10564.913,1.0505,5.05
1019,06714210,1.9425,10564.913,5438.8476,543784.76
1019,06714215,10088.0037,10564.913,1.0473,4.73
1019,06714220,20.2278,255.0708,12.6099,1160.99
1019,06714360,484.3278,483.5328,0.9984,-0.16
1019,06714400,29.2669,78.0855,2.6681,166.81
1019,06714500,35.4828,78.0855,2.2007,120.07
1019,06714600,41.4398,78.0855,1.8843,88.43
1019,06714800,31.0799,78.0855,2.5124,151.24
1019,06715000,223.516,372.9342,1.6685,66.85
1019,06715500,104.8945,148.7314,1.4179,41.79
1019,06716000,150.7373,148.7314,0.9867,-1.33
1019,06716100,148.6653,148.7314,1.0004,0.04
1019,06716500,380.7283,484.9238,1.2737,27.37
1019,06717000,60.8647,60.6086,0.9958,-0.42
1019,06717400,113.4415,124.4379,1.0969,9.69
1019,06717500,626.7771,859.8233,1.3718,37.18
1019,06718000,668.2169,859.8233,1.2867,28.67
1019,06718300,691.5268,859.8233,1.2434,24.34
1019,06718500,133.1254,155.7691,1.1701,17.01
1019,06718550,155.3993,155.7691,1.0024,0.24
1019,06719000,878.006,965.9428,1.1002,10.02
1019,06719500,1033.4053,1072.3015,1.0376,3.76
1019,06719505,1020.4553,1072.3015,1.0508,5.08
1019,06719526,1095.565,1397.8454,1.2759,27.59
1019,06719560,23.4653,1397.8454,59.5708,5857.08
1019,06719725,95.5706,119.7413,1.2529,25.29
1019,06719735,100.7505,119.7413,1.1885,18.85
1019,06719740,111.1105,119.7413,1.0777,7.77
1019,06719770,1.813,1476.1108,814.1851,81318.51
1019,06719840,26.9359,1476.1108,54.8009,5380.09
1019,06719845,32.8928,1476.1108,44.8763,4387.63
1019,06720000,1476.2932,1476.1108,0.9999,-0.01
1019,06720200,1.295,12329.1722,9520.64,951964.0
1019,06720330,1.5022,12329.1722,8207.4483,820644.83
1019,06720415,8.6506,12329.1722,1425.2455,142424.55
1019,06720417,9.324,12329.1722,1322.3111,132131.11
1019,06720460,73.0377,115.6581,1.5835,58.35
1019,06720480,102.5635,115.6581,1.1277,12.77
1019,06720490,106.4485,115.6581,1.0865,8.65
1019,06720500,12349.0633,12486.5029,1.0111,1.11
1019,06720700,5.439,91.6922,16.8584,1585.84
1019,06720780,2.8231,91.6922,32.4794,3147.94
1019,06720790,1.036,91.6922,88.5064,8750.64
1019,06720820,113.7005,188.6815,1.6595,65.95
1019,06720990,277.1287,280.2449,1.0112,1.12
1019,06721000,13061.31,13112.3442,1.0039,0.39
1019,06721500,84.4336,136.2981,1.6143,61.43
1019,06722000,274.5387,553.2606,2.0152,101.52
1019,06722500,37.2958,88.416,2.3707,137.07
1019,06722900,43.5118,84.7948,1.9488,94.88
1019,06723400,210.825,231.3392,1.0973,9.73
1019,06724000,559.4374,613.8776,1.0973,9.73
1019,06724500,134.6794,149.9832,1.1136,11.36
1019,06724970,185.4431,188.3798,1.0158,1.58
1019,06725000,188.0331,188.3798,1.0018,0.18
1019,06725100,963.4756,2257.6074,2.3432,134.32
1019,06725450,1095.565,2257.6074,2.0607,106.07
1019,06725500,93.7576,230.5527,2.459,145.9
1019,06726000,22.5329,115.8388,5.1409,414.09
1019,06726500,78.7356,115.8388,1.4712,47.12
1019,06726900,10.0233,333.0286,33.2256,3222.56
1019,06727000,264.1788,333.0286,1.2606,26.06
1019,06727410,49.7278,62.8678,1.2642,26.42
1019,06727500,62.6777,62.8678,1.003,0.3
1019,06728350,1.554,434.4512,279.5709,27857.09
1019,06729000,110.5925,184.4283,1.6676,66.76
1019,06729300,188.2921,288.22,1.5307,53.07
1019,06729500,287.4887,347.0621,1.2072,20.72
1019,06730160,4.662,26.2961,5.6405,464.05
1019,06730200,795.1263,838.4321,1.0545,5.45
1019,06730300,39.3678,70.445,1.7894,78.94
1019,06730400,82.8796,150.6009,1.8171,81.71
1019,06730500,1157.7247,1158.5945,1.0008,0.08
1019,06730525,2258.4696,2437.4404,1.0792,7.92
1019,06731000,2535.5984,2536.8309,1.0005,0.05
1019,06731800,9.9197,65.223,6.5751,557.51
1019,06732000,63.7137,65.223,1.0237,2.37
1019,06732300,3.8591,714.3524,185.1094,18410.94
1019,06733000,357.4184,714.3524,1.9986,99.86
1019,06734500,40.9218,40.3954,0.9871,-1.29
1019,06735500,401.4482,714.3524,1.7794,77.94
1019,06736000,220.408,220.5716,1.0007,0.07
1019,06736500,720.0167,1296.2269,1.8003,80.03
1019,06738000,789.9464,1296.2269,1.6409,64.09
1019,06739500,352.2384,374.3894,1.0629,6.29
1019,06740000,18.4148,86.9096,4.7195,371.95
1019,06741000,38.0728,86.9096,2.2827,128.27
1019,06741500,1307.944,1365.3883,1.0439,4.39
1019,06741510,1375.2837,1480.2569,1.0763,7.63
1019,06742000,258.9988,354.7132,1.3696,36.96
1019,06743500,515.4076,527.5521,1.0236,2.36
1019,06744000,2152.2801,2154.3534,1.001,0.1
1019,06745000,232.3219,331.2985,1.426,42.6
1019,06746095,8.1326,99.0216,12.1759,1117.59
1019,06746100,13.0794,99.0216,7.5708,657.08
1019,06746110,17.9227,99.0216,5.5249,452.49
1019,06747500,512.8176,580.7587,1.1325,13.25
1019,06748000,606.0572,962.5714,1.5883,58.83
1019,06748200,9.2981,102.1029,10.9811,998.11
1019,06748500,182.8532,269.1062,1.4717,47.17
1019,06748510,2.2792,46.7919,20.5301,1953.01
1019,06748530,31.8569,46.7919,1.4688,46.88
1019,06748600,239.3149,269.1062,1.1245,12.45
1019,06749000,1059.3051,1152.7845,1.0882,8.82
1019,06751145,857.2861,915.1492,1.0675,6.75
1019,06751150,916.8558,1464.1084,1.5969,59.69
1019,06751490,1393.4136,1464.1084,1.0507,5.07
1019,06751500,1465.9333,1464.1084,0.9988,-0.12
1019,06752000,2729.8475,3220.0507,1.1796,17.96
1019,06752260,2921.5066,3220.0507,1.1022,10.22
1019,06752280,3221.9452,3220.0507,0.9994,-0.06
1019,06752500,4866.5877,4892.701,1.0054,0.54
1019,06753400,437.708,839.2247,1.9173,91.73
1019,06753500,515.4076,839.2247,1.6283,62.83
1019,06753600,42.2168,106.7161,2.5278,152.78
1019,06753990,1486.6532,1495.7126,1.0061,0.61
1019,06754000,25021.8751,28553.5272,1.1411,14.11
1019,06756500,3139.0656,3472.0628,1.1061,10.61
1019,06756995,31517.5653,31658.6625,1.0045,0.45
1019,06757000,31654.8347,33664.9012,1.0635,6.35
1019,06757600,8.288,167.6697,20.2305,1923.05
1019,06758000,74.0737,167.6697,2.2636,126.36
1019,06758100,92.9806,93.3429,1.0039,0.39
1019,06758200,287.4887,309.3497,1.076,7.6
1019,06758300,611.2372,645.444,1.056,5.6
1019,06758500,34200.793,34256.2816,1.0016,0.16
1019,06759000,3403.2444,3581.3724,1.0523,5.23
1019,06759100,3581.9536,3581.3724,0.9998,-0.02
1019,06759500,37938.1458,39055.8979,1.0295,2.95
1019,06759910,43017.1125,43189.506,1.004,0.4
1019,06760000,43053.3724,43189.506,1.0032,0.32
1019,06760500,49233.084,48673.9013,0.9886,-1.14
1019,06764000,59113.8886,57984.9138,0.9809,-1.91
1019,393040105340400,34.7058,110.0366,3.1705,217.05
1019,393109104464500,743.3266,800.9222,1.0775,7.75
1019,393647105425317,5.6721,78.0855,13.7667,1276.67
1019,394115105525600,15.2291,202.9178,13.3243,1232.43
1019,394308105413800,207.717,372.9342,1.7954,79.54
1019,394329104490101,89.6136,108.9041,1.2153,21.53
1019,394359105411900,213.415,372.9342,1.7475,74.75
1019,394409105020501,40.1448,8939.1104,222.6716,22167.16
1019,394634105465800,6.475,148.7314,22.9702,2197.02
1019,394839104570300,484.3278,483.5328,0.9984,-0.16
1019,401707105395000,3.3152,65.223,19.674,1867.4
1019,401723105400000,1.7094,65.223,38.1557,3715.57
1019,401733105392404,6.7858,65.223,9.6117,861.17
1019,402114105350101,103.0815,168.831,1.6378,63.78
1019,06762500,3144.2456,3060.5197,0.9734,-2.66
1019,06763500,8565.0907,8461.6537,0.9879,-1.21
1019,06764880,61900.7158,55529.8616,0.8971,-10.29
1019,06765000,62159.7146,52683.5093,0.8476,-15.24
1019,06765500,62936.7111,48151.5106,0.7651,-23.49
1019,06753000,62.9367,187.816,2.9842,198.42
1019,06754500,67.3397,104.2235,1.5477,54.77
1019,06755000,35.4828,86.4347,2.436,143.6
1019,06755500,70.9657,205.2296,2.892,189.2
1019,06755800,619.0072,865.9214,1.3989,39.89
1019,06755840,27.8424,865.9214,31.1008,3010.08
1019,06755860,27.9719,865.9214,30.9569,2995.69
1019,06755880,28.2309,865.9214,30.6729,2967.29
1019,06755950,655.267,865.9214,1.3215,32.15
1019,06755960,673.3969,865.9214,1.2859,28.59
1019,06756000,761.4565,865.9214,1.1372,13.72
1019,06756100,1074.8451,1192.1693,1.1092,10.92
1019,06761000,64.7497,235.5554,3.6379,263.79
1019,06761500,41.4398,102.451,2.4723,147.23
1020,06766000,133125.3889,258.1028,0.0019,-99.81
1020,06766500,133902.3853,4137.3395,0.0309,-96.91
1020,06767500,541.3075,597.5499,1.1039,10.39
1020,06768000,133695.1863,5368.1839,0.0402,-95.98
1020,06768500,163.1693,165.0491,1.0115,1.15
1020,06769000,453.2479,756.6588,1.6694,66.94
1020,06769500,80.2896,212.0094,2.6406,164.06
1020,06770000,138046.3663,7373.828,0.0534,-94.66
1020,06770190,181.5582,203.8219,1.1226,12.26
1020,06770195,201.2421,203.8219,1.0128,1.28
1020,06770200,136077.9753,7845.7934,0.0577,-94.23
1020,06770500,137113.9706,8646.0228,0.0631,-93.69
1020,06771000,981.6055,1045.7473,1.0653,6.53
1020,06771500,1362.3337,1740.2967,1.2774,27.74
1020,06772000,1559.1728,1740.2967,1.1162,11.62
1020,06772100,1812.9917,1890.0886,1.0425,4.25
1020,06772775,82.3616,217.0831,2.6357,163.57
1020,06772898,414.3981,427.8007,1.0323,3.23
1020,06773000,57.4977,135.7007,2.3601,136.01
1020,06773050,341.8784,612.1096,1.7904,79.04
1020,06773150,175.0832,180.4697,1.0308,3.08
1020,06773500,1279.4541,1283.8187,1.0034,0.34
1020,06774000,141491.0505,12869.2256,0.091,-90.9
1020,06795000,315.9785,470.0158,1.4875,48.75
1020,06795100,336.9575,470.0158,1.3949,39.49
1020,06795250,590.5173,676.6197,1.1458,14.58
1020,06795500,761.4565,1075.343,1.4122,41.22
1020,06795640,295.5176,313.5899,1.0612,6.12
1020,06796000,149701.3128,15922.1985,0.1064,-89.36
1020,06801180,97.9016,159.8412,1.6327,63.27
1020,06801300,5.698,256.2872,44.9787,4397.87
1020,06801400,3.7814,176.0044,46.545,4554.5
1020,06801500,2.9008,176.0044,60.6747,5967.47
1020,06802500,14.7629,176.0044,11.922,1092.2
1020,06803000,432.528,1102.6363,2.5493,154.93
1020,06803080,569.7974,1102.6363,1.9351,93.51
1020,06803093,155.3993,176.4298,1.1353,13.53
1020,06803170,243.4589,259.5766,1.0662,6.62
1020,06803300,27.4539,37.7307,1.3743,37.43
1020,06803400,32.3749,37.7307,1.1654,16.54
1020,06803450,229.7319,499.2706,2.1733,117.33
1020,06803486,621.5971,668.4553,1.0754,7.54
1020,06803495,1771.5519,1953.8603,1.1029,10.29
1020,06803500,1774.1419,1953.8603,1.1013,10.13
1020,06803510,112.9235,118.7627,1.0517,5.17
1020,06803513,1950.261,1953.8603,1.0018,0.18
1020,06803520,123.8014,135.5239,1.0947,9.47
1020,06803530,310.7986,355.7164,1.1445,14.45
1020,06803555,2719.4875,2925.3777,1.0757,7.57
1020,06804000,694.1168,771.8614,1.112,11.2
1020,06804500,164.2052,280.2135,1.7065,70.65
1020,06804700,1077.4351,4266.9842,3.9603,296.03
1020,06804900,55.6847,59.728,1.0726,7.26
1020,06805000,4112.9011,4266.9842,1.0375,3.75
1020,06805500,183889.1558,20845.0399,0.1134,-88.66
1020,413433097345101,523.1776,676.6197,1.2933,29.33
1020,413831097384501,429.938,470.0158,1.0932,9.32
1021,06775000,155.3993,4404.3164,28.3419,2734.19
1021,06775500,204.6091,5415.8234,26.4691,2546.91
1021,06775501,207.199,5415.8234,26.1383,2513.83
1021,06775900,77.6996,2873.7096,36.9848,3598.48
1021,06776500,116.5495,4099.1008,35.1705,3417.05
1021,06777000,349.6484,9635.0759,27.5565,2655.65
1021,06777495,9841.9548,11525.6591,1.1711,17.11
1021,06777500,1113.6949,11525.6591,10.349,934.9
1021,06778000,1230.2444,11955.081,9.7176,871.76
1021,06779000,2123.7903,12489.9313,5.881,488.1
1021,06779500,2460.4887,12925.6549,5.2533,425.33
1021,06780000,2823.087,13317.5715,4.7174,371.74
1021,06781900,2160.0501,2106.6315,0.9753,-2.47
1021,06782000,1812.9917,2860.4852,1.5778,57.78
1021,06782500,2305.0894,5666.7374,2.4584,145.84
1021,06783000,210.048,330.7759,1.5748,57.48
1021,06783500,1696.4422,1917.1069,1.1301,13.01
1021,06784000,4118.0811,6008.7529,1.4591,45.91
1021,06784300,108.5205,246.6341,2.2727,127.27
1021,06784500,310.7986,372.0901,1.1972,19.72
1021,06784800,171.4572,206.1906,1.2026,20.26
1021,06785000,8106.6628,20148.4808,2.4854,148.54
1021,06785500,362.5983,4919.2988,13.5668,1256.68
1021,06786000,481.7378,6122.4942,12.7092,1170.92
1021,06786500,1035.9952,6321.1434,6.1015,510.15
1021,06787000,1794.8618,1743.8506,0.9716,-2.84
1021,06787500,284.8987,2444.5833,8.5805,758.05
1021,06788500,1812.9917,9622.3714,5.3075,430.75
1021,06788988,170.4212,185.8895,1.0908,9.08
1021,06789000,2356.8892,10428.2238,4.4246,342.46
1021,06789500,243.4589,210.98,0.8666,-13.34
1021,06790500,3211.5853,10984.7554,3.4204,242.04
1021,06791000,484.3278,493.7759,1.0195,1.95
1021,06791500,129.4994,2028.8905,15.6672,1466.72
1021,06791750,336.6985,2442.1186,7.2531,625.31
1021,06791800,828.7962,2738.5791,3.3043,230.43
1021,06792000,1243.1943,3183.1416,2.5605,156.05
1021,06793000,14555.7332,37756.1279,2.5939,159.39
1021,06793500,258.9988,1180.9164,4.5595,355.95
1021,06794000,1111.1049,1783.4589,1.6051,60.51
1021,06794500,16135.6259,38286.1878,2.3728,137.28
1022,06796973,1517.733,1503.8585,0.9909,-0.91
1022,06796978,5361.2754,699.5628,0.1305,-86.95
1022,06797500,1916.5912,3499.8501,1.8261,82.61
1022,06798000,492.0977,757.0595,1.5384,53.84
1022,06798300,543.8975,500.0567,0.9194,-8.06
1022,06798500,3107.9857,5942.5132,1.912,91.2
1022,06798800,3884.9822,6436.6633,1.6568,65.68
1022,06799000,4636.0787,9311.2879,2.0084,100.84
1022,06799080,354.8284,460.7803,1.2986,29.86
1022,06799100,1737.882,2010.387,1.1568,15.68
1022,06799230,450.6579,798.122,1.771,77.1
1022,06799315,8702.3601,10984.5084,1.2622,26.22
1022,06799350,10618.9513,12224.204,1.1512,15.12
1022,06799385,528.3576,553.9651,1.0485,4.85
1022,06799445,1406.3635,1581.0694,1.1242,12.42
1022,06799450,1893.2813,1941.8395,1.0256,2.56
1022,06799500,2628.8379,2727.3845,1.0375,3.75
1022,06800000,953.1156,1023.9141,1.0743,7.43
1022,06800500,15203.2302,17747.4311,1.1673,16.73
1023,06599900,38.3318,137.7368,3.5933,259.33
1023,06599950,85.7286,137.7368,1.6067,60.67
1023,06600000,168.6082,187.6305,1.1128,11.28
1023,06600030,21.8595,159.6583,7.3038,630.38
1023,06600100,694.1168,703.3908,1.0134,1.34
1023,06600300,466.1979,729.7982,1.5654,56.54
1023,06600500,2294.7295,2374.3175,1.0347,3.47
1023,06601200,818954.2405,16564.2062,0.0202,-97.98
1023,06602020,1043.7652,2215.2516,2.1224,112.24
1023,06602190,90.1316,153.8172,1.7066,70.66
1023,06602400,2330.9893,9252.8,3.9695,296.95
1023,06602410,11499.5472,2504.3915,0.2178,-78.22
1023,06603750,43.2528,81.5853,1.8862,88.62
1023,06604100,195.8031,312.6866,1.5969,59.69
1023,06604350,370.3683,373.6868,1.009,0.9
1023,06604400,378.1383,373.6868,0.9882,-1.18
1023,06604440,1354.5638,1405.5023,1.0376,3.76
1023,06605000,1103.3349,1161.6528,1.0529,5.29
1023,06605100,2564.0882,3437.2175,1.3405,34.05
1023,06605600,3455.0441,3555.633,1.0291,2.91
1023,06605750,203.5731,243.313,1.1952,19.52
1023,06605850,4009.3016,4127.8625,1.0296,2.96
1023,06606600,6474.9703,6605.0346,1.0201,2.01
1023,06606700,7091.3874,9111.0748,1.2848,28.48
1023,06607000,101.7865,158.5315,1.5575,55.75
1023,06607200,1732.702,1775.7293,1.0248,2.48
1023,06607500,9132.2981,9252.8,1.0132,1.32
1023,06607510,11499.5472,9252.8,0.8046,-19.54
1023,06608500,1054.1252,1163.6967,1.1039,10.39
1023,06609200,23.9833,104.1063,4.3408,334.08
1023,06609280,751.0966,1330.3996,1.7713,77.13
1023,06609350,336.6985,337.1024,1.0012,0.12
1023,06609500,2255.8796,2314.8501,1.0261,2.61
1023,06609560,75.3687,139.7598,1.8543,85.43
1023,06609590,18.0522,291.3586,16.1398,1513.98
1023,06609600,334.1085,367.7104,1.1006,10.06
1023,06610500,20.694,23137.7602,1118.09,111709.0
1023,06610505,836151.7615,23137.7602,0.0277,-97.23
1023,06610520,82.8796,186.4167,2.2492,124.92
1023,06603000,44.2888,161.6794,3.6506,265.06
1023,06603500,19.917,161.6794,8.1177,711.77
1023,06603920,80.2896,312.6866,3.8945,289.45
1023,06486000,814810.2595,3594.6493,0.0044,-99.56
1023,06600900,132.6074,354.2621,2.6715,167.15
1023,06601000,450.6579,483.9121,1.0738,7.38
1023,06601100,264.1788,273.2844,1.0345,3.45
1023,06608000,59.5697,153.4336,2.5757,157.57
1023,06609000,65.7857,76.0111,1.1554,15.54
1023,06610000,836048.162,23137.7602,0.0277,-97.23
1023,06610720,252.7828,289.6508,1.1458,14.58
1023,06610732,334.1085,952.5301,2.851,185.1
1023,06610750,82.8796,153.0998,1.8473,84.73
1023,06610765,130.0174,153.0998,1.1775,17.75
1023,06610770,564.6174,952.5301,1.687,68.7
1023,06610785,152.5503,280.1417,1.8364,83.64
1023,06610788,78.7356,102.2737,1.299,29.9
1023,06610793,313.3886,348.5086,1.1121,11.21
1023,06610795,994.5554,1039.6034,1.0453,4.53
1024,06805850,398.8582,541.8337,1.3585,35.85
1024,06806000,78.7356,87.2969,1.1087,10.87
1024,06807320,818.4362,935.9735,1.1436,14.36
1024,06807410,1577.3028,1607.6499,1.0192,1.92
1024,06808000,27.4539,729.2875,26.5641,2556.41
1024,06808200,19.8134,3426.842,172.9557,17195.57
1024,06808500,3434.3242,4156.3882,1.2102,21.02
1024,06808820,4265.7104,4278.1346,1.0029,0.29
1024,06809000,67.3397,157.9191,2.3451,134.51
1024,06809210,1129.2348,2012.0026,1.7817,78.17
1024,06809500,2315.4494,2463.122,1.0638,6.38
1024,06809900,2861.9369,2974.9931,1.0395,3.95
1024,06810000,7267.5066,7676.2641,1.0562,5.62
1024,06811760,27.7129,129.7217,4.6809,368.09
1024,06811800,12.0693,129.7217,10.748,974.8
1024,06811840,127.6864,173.8331,1.3614,36.14
1024,06811875,23.5689,48.861,2.0731,107.31
1024,06812000,523.1776,535.5721,1.0237,2.37
1024,06816290,60.6057,82.6963,1.3645,36.45
1024,06817000,1973.5709,2058.6479,1.0431,4.31
1024,06818750,562.0274,591.8891,1.0531,5.31
1024,06819185,221.185,293.2079,1.3256,32.56
1024,06819190,238.5379,293.2079,1.2292,22.92
1024,06814000,714.8367,748.3442,1.0469,4.69
1024,06815600,106.1895,104.0632,0.98,-2.0
1024,06818200,10.7485,406.236,37.7948,3679.48
1024,06818300,1105575.2747,27501.1677,0.0249,-97.51
1024,06818494,3.8073,34697.8559,9113.549,911254.9
1024,06818498,4.9469,34697.8559,7014.0927,701309.27
1024,06812500,271.9488,427.1377,1.5707,57.07
1024,06813000,1315.714,1331.7332,1.0122,1.22
1024,06815555,59.3107,84.4507,1.4239,42.39
1024,06815575,162.3923,20354.7064,125.3428,12434.28
1024,06815990,1099708.9516,21403.4684,0.0195,-98.05
1024,06816000,12.6909,67.9371,5.3532,435.32
1024,06817500,3211.5853,3588.2595,1.1173,11.73
1024,06817700,3936.7819,4152.4402,1.0548,5.48
1024,06818000,1104629.9291,26545.8498,0.024,-97.6
1024,06818900,1258.7342,1479.1837,1.1751,17.51
1024,06819500,1333.8439,1373.7288,1.0299,2.99
1024,06820000,15.5399,83.7724,5.3908,439.08
1024,06820410,1675.2043,1746.2603,1.0424,4.24
1024,06820500,4558.3791,4608.1182,1.0109,1.09
1024,06821000,7.0448,446.5572,63.3885,6238.85
1024,06821065,48.1738,100.8538,2.0935,109.35
1024,06821080,169.3852,255.1456,1.5063,50.63
1024,06821150,606.0572,796.4478,1.3141,31.41
1024,06821190,6164.1717,6209.9944,1.0074,0.74
1024,06821280,49.7278,57.6734,1.1598,15.98
1024,06806500,624.1871,650.3217,1.0419,4.19
1024,06807000,1061895.1252,1969.4381,0.0019,-99.81
1024,06810500,564.6174,788.5691,1.3966,39.66
1024,06810900,0.4921,58.5184,118.9163,11791.63
1024,06811000,1.9943,58.5184,29.343,2834.3
1024,06811500,2051.2706,2160.406,1.0532,5.32
1024,06813500,1074586.067,19409.3706,0.0181,-98.19
1024,06814500,1419.3135,1543.7461,1.0877,8.77
1024,06815000,3467.9941,3632.7802,1.0475,4.75
1024,06815500,486.9178,521.2149,1.0704,7.04
1025,06821360,2893.0167,3075.3356,1.063,6.3
1025,06822000,2639.1979,2785.4192,1.0554,5.54
1025,06825000,3657.0632,4376.9399,1.1968,19.68
1025,06825500,694.1168,717.3612,1.0335,3.35
1025,06826500,4726.7283,4985.4525,1.0547,5.47
1025,06827000,4817.3779,5279.4702,1.0959,9.59
1025,06844700,191.6591,275.0947,1.4353,43.53
1025,06844900,979.0155,1139.1025,1.1635,16.35
1025,06845000,2390.559,2934.2969,1.2275,22.75
1025,06845110,3853.9023,3815.7159,0.9901,-0.99
1025,06846000,2893.0167,3749.9195,1.2962,29.62
1025,06846300,3214.1752,4049.5231,1.2599,25.99
1025,06846500,3833.1824,4358.7415,1.1371,13.71
1025,06847900,1528.093,1700.8518,1.1131,11.31
1025,06848000,1771.5519,1931.3574,1.0902,9.02
1025,06848500,2608.118,2566.3811,0.984,-1.6
1025,06853500,38593.4128,52079.5511,1.3494,34.94
1025,06853800,587.9273,647.7884,1.1018,10.18
1025,06854000,893.5459,993.8362,1.1122,11.22
1025,06854500,41595.2091,45556.2003,1.0952,9.52
1025,06855000,39.3678,73.715,1.8725,87.25
1025,06855500,43.5118,73.715,1.6941,69.41
1025,06855800,854.6961,894.3882,1.0464,4.64
1025,06855850,984.1955,1012.0309,1.0283,2.83
1025,06855900,145.0393,172.8901,1.192,19.2
1025,06856000,41595.2091,42244.487,1.0156,1.56
1025,06856600,44138.5774,37994.8997,0.8608,-13.92
1025,06857000,64490.7039,33832.7593,0.5246,-47.54
1025,06857100,64490.7039,30514.1051,0.4732,-52.68
1025,06821500,4366.72,4792.963,1.0976,9.76
1025,06823000,450.6579,5522.8367,12.2551,1125.51
1025,06823500,22.2739,999.1543,44.8576,4385.76
1025,06824000,51.7998,287.065,5.5418,454.18
1025,06824500,3185.6854,12441.5536,3.9055,290.55
1025,06827500,5672.074,6997.3761,1.2337,23.37
1025,06828000,9220.3577,20304.5941,2.2021,120.21
1025,06828490,222.739,390.0744,1.7513,75.13
1025,06828500,9557.0561,21110.2232,2.2089,120.89
1025,06829500,10204.5532,21234.346,2.0809,108.09
1025,06830000,10489.4518,30159.2682,2.8752,187.52
1025,06830500,984.1955,1426.5264,1.4494,44.94
1025,06831000,1061.8951,3194.9078,3.0087,200.87
1025,06831500,2224.7998,3194.9078,1.436,43.6
1025,06832500,2046.0906,3442.6309,1.6825,68.25
1025,06833500,2408.6889,7478.4067,3.1048,210.48
1025,06834000,2874.8868,7478.4067,2.6013,160.13
1025,06834500,836.5662,3664.3508,4.3802,338.02
1025,06835000,984.1955,3747.3479,3.8075,280.75
1025,06835500,4118.0811,7917.5392,1.9226,92.26
1025,06836000,699.2968,823.7279,1.1779,17.79
1025,06836500,909.0858,950.4821,1.0455,4.55
1025,06837000,16109.726,31716.8561,1.9688,96.88
1025,06837300,517.9976,1449.147,2.7976,179.76
1025,06837500,828.7962,1989.3697,2.4003,140.03
1025,06838000,1048.9452,2055.1186,1.9592,95.92
1025,06838700,34187.8431,447.8576,0.0131,-98.69
1025,06839000,204.3501,990.6207,4.8477,384.77
1025,06839500,4.144,324.3247,78.264,7726.4
1025,06840000,192.9541,192.4494,0.9974,-0.26
1025,06840500,55.9437,64.6552,1.1557,15.57
1025,06841000,1372.6937,2254.113,1.6421,64.21
1025,06841500,134.6794,144.0818,1.0698,6.98
1025,06842500,1657.5924,2401.2555,1.4486,44.86
1025,06843000,1735.292,2401.2555,1.3838,38.38
1025,06843500,20150.1075,37101.2271,1.8412,84.12
1025,06844000,637.1371,664.5152,1.043,4.3
1025,06844210,193.9901,300.6951,1.5501,55.01
1025,06844500,22999.0944,50151.9347,2.1806,118.06
1025,06845200,3496.4839,4013.3071,1.1478,14.78
1025,06847000,4273.4804,5374.4785,1.2576,25.76
1025,06847500,8728.2599,9949.1323,1.1399,13.99
1025,06849500,35197.9384,53436.8999,1.5182,51.82
1025,06850000,323.7485,387.3506,1.1965,19.65
1025,06850200,40.4038,54045.8011,1337.6411,133664.11
1025,06850500,35741.8359,54161.9627,1.5154,51.54
1025,06851000,145.0393,216.8232,1.4949,49.49
1025,06851500,492.0977,733.8103,1.4912,49.12
1025,06852000,101.5275,142.9669,1.4082,40.82
1025,06853000,37684.327,55353.0577,1.4689,46.89
1025,06853020,37839.7263,55353.0577,1.4628,46.28
1025,06853100,1.9425,54619.5298,28118.2911,2811729.11
1026,06858000,73.8147,1645.8485,22.297,2129.7
1026,06858500,1683.4923,1891.5034,1.1236,12.36
1026,06859500,3708.863,3670.7937,0.9897,-1.03
1026,06860000,9207.4077,9125.6772,0.9911,-0.89
1026,06860500,1103.3349,1139.1784,1.0325,3.25
1026,06860900,1595.4327,1679.588,1.0527,5.27
1026,06861000,13519.7379,13022.3689,0.9632,-3.68
1026,06862000,14322.6343,13919.0283,0.9718,-2.82
1026,06862500,14581.6331,14144.6464,0.97,-3.0
1026,06862700,14918.3315,14522.5188,0.9735,-2.65
1026,06862850,15047.8309,15160.5412,1.0075,0.75
1026,06863000,15625.3983,15160.5412,0.9702,-2.98
1026,06863300,769.2265,1025.0178,1.3325,33.25
1026,06863420,875.416,1025.0178,1.1709,17.09
1026,06863475,1359.7438,1422.1761,1.0459,4.59
1026,06863500,1421.9035,1422.1761,1.0002,0.02
1026,06863900,139.8594,226.8139,1.6217,62.17
1026,06863990,2134.1502,2230.1975,1.045,4.5
1026,06864000,18039.2672,18092.377,1.0029,0.29
1026,06864050,18324.1659,18092.377,0.9874,-1.26
1026,06864500,19632.1099,19399.3865,0.9881,-1.19
1026,06865500,20349.5366,19406.3453,0.9537,-4.63
1026,06866000,21004.8036,18061.9403,0.8599,-14.01
1026,06866500,21603.0908,17015.2167,0.7876,-21.24
1026,06866900,1802.6317,1877.5452,1.0416,4.16
1026,06867000,3890.1621,3891.2012,1.0003,0.03
1026,06867500,549.0775,645.3379,1.1753,17.53
1026,06868000,4920.9774,4973.0715,1.0106,1.06
1026,06868200,4965.0072,5019.4447,1.011,1.1
1026,06868400,453.2479,465.7855,1.0277,2.77
1026,06868500,675.9869,727.0628,1.0756,7.56
1026,06868700,67.5987,327.3521,4.8426,384.26
1026,06868850,6604.4697,6782.6002,1.027,2.7
1026,06869500,7303.7665,7452.4451,1.0204,2.04
1026,06869950,675.9869,776.4197,1.1486,14.86
1026,06870200,30380.5605,24598.3414,0.8097,-19.03
1026,06870300,303.0286,344.9914,1.1385,13.85
1026,06870500,5128.1765,24668.4095,4.8104,381.04
1026,06871000,2198.8999,2440.799,1.11,11.0
1026,06871500,883.1859,1066.8685,1.208,20.8
1026,06871800,3540.5137,4582.5043,1.2943,29.43
1026,06871900,168.3492,274.6152,1.6312,63.12
1026,06872300,183.8892,206.443,1.1226,12.26
1026,06872500,5995.8225,6517.5258,1.087,8.7
1026,06873000,2693.5876,2761.5674,1.0252,2.52
1026,06873200,2978.4863,3100.7552,1.0411,4.11
1026,06873460,3890.1621,4060.5395,1.0438,4.38
1026,06873500,4454.7795,4446.1919,0.9981,-0.19
1026,06873700,134.6794,219.3478,1.6287,62.87
1026,06874000,5211.0561,5086.7455,0.9761,-2.39
1026,06874500,66.3037,153.0458,2.3083,130.83
1026,06875000,58.7927,153.0458,2.6031,160.31
1026,06875500,133.6434,153.0458,1.1452,14.52
1026,06875800,543.8975,532.7999,0.9796,-2.04
1026,06875900,13830.5365,13776.3004,0.9961,-0.39
1026,06876000,14089.5353,14119.1656,1.0021,0.21
1026,06876070,14343.3542,14734.2965,1.0273,2.73
1026,06876440,15695.3279,17153.7594,1.0929,9.29
1026,06876700,1051.5352,1160.494,1.1036,10.36
1026,06876900,17534.2195,17482.6167,0.9971,-0.29
1026,06877000,22869.595,42287.7999,1.8491,84.91
1026,06877500,370.3683,427.4146,1.154,15.4
1026,06877600,49883.171,42077.982,0.8435,-15.65
1026,06878000,776.9964,852.7602,1.0975,9.75
1026,06878500,595.6973,726.4612,1.2195,21.95
1026,06878600,668.2169,726.4612,1.0872,8.72
1026,06879000,51540.7634,42264.5965,0.82,-18.0
1027,06879100,116212.7665,764.5255,0.0066,-99.34
1027,06879200,517.9976,646.6128,1.2483,24.83
1027,06879500,117171.0621,764.5255,0.0065,-99.35
1027,06879650,11.4995,224.0111,19.48,1848.0
1027,06879805,164.2052,257.678,1.5692,56.92
1027,06879810,222.739,257.678,1.1569,15.69
1027,06879815,241.6459,257.678,1.0663,6.63
1027,06879820,117295.3815,1389.8868,0.0118,-98.82
1027,06882500,11758.546,12385.0544,1.0533,5.33
1027,06882510,12372.3732,12385.0544,1.001,0.1
1027,06884025,7127.6473,7409.3221,1.0395,3.95
1027,06884200,890.9559,904.1228,1.0148,1.48
1027,06884400,8679.0502,8826.7108,1.017,1.7
1027,06884500,9088.2683,9286.1672,1.0218,2.18
1027,06884700,21605.6808,22115.8591,1.0236,2.36
1027,06885000,46.6198,67.1949,1.4413,44.13
1027,06885500,1061.8951,1279.429,1.2049,20.49
1027,06886000,23568.8918,23986.9817,1.0177,1.77
1027,06887000,24967.4854,25203.4892,1.0095,0.95
1027,06887500,143174.5427,26955.9367,0.1883,-81.17
1027,06888000,629.3671,1348.3773,2.1424,114.24
1027,06888300,331.5185,507.6885,1.5314,53.14
1027,06888345,144650.836,28486.8979,0.1969,-80.31
1027,06888350,144702.6357,28607.1904,0.1977,-80.23
1027,06888500,823.6162,954.8429,1.1593,15.93
1027,06888925,9.2204,30850.115,3345.8697,334486.97
1027,06888990,146816.066,30850.115,0.2101,-78.99
1027,06889000,146904.1256,190.7369,0.0013,-99.87
1027,06889100,5.3354,118.5326,22.2164,2121.64
1027,06889110,24.0092,118.5326,4.937,393.7
1027,06889120,27.1949,118.5326,4.3586,335.86
1027,06889140,43.7708,118.5326,2.708,170.8
1027,06889160,127.6864,240.0326,1.8799,87.99
1027,06889170,157.4713,240.0326,1.5243,52.43
1027,06889180,207.199,240.0326,1.1585,15.85
1027,06889200,385.9082,489.1078,1.2674,26.74
1027,06889500,751.0966,773.7582,1.0302,3.02
1027,06889580,36.5188,96.4707,2.6417,164.17
1027,06889610,30.0439,96.4707,3.211,221.1
1027,06889630,86.7646,96.4707,1.1119,11.19
1027,06889635,12.1729,190.7369,15.6689,1466.89
1027,06889640,98.1605,190.7369,1.9431,94.31
1027,06889690,37.0368,190.7369,5.1499,414.99
1027,06889700,156.1763,190.7369,1.2213,22.13
1027,06889990,204.6091,712.9602,3.4845,248.45
1027,06889992,256.4088,269.3661,1.0505,5.05
1027,06890000,49.2098,89.2221,1.8131,81.31
1027,06890092,241.6459,247.0037,1.0222,2.22
1027,06890100,1116.2849,1860.5728,1.6668,66.68
1027,06890350,321.1585,328.3104,1.0223,2.23
1027,06890380,360.0083,362.4762,1.0069,0.69
1027,06890400,1911.4112,2368.4158,1.2391,23.91
1027,06890450,69.9297,74.7836,1.0694,6.94
1027,06890490,176.3782,219.1263,1.2424,24.24
1027,06890500,2387.969,2463.2208,1.0315,3.15
1027,06890600,56.9797,107.3244,1.8836,88.36
1027,06890810,95.8296,153.5056,1.6019,60.19
1027,06890900,62.6,2997.8459,47.8889,4688.89
1027,06891000,151410.7049,35469.8177,0.2343,-76.57
1027,06891080,151514.3045,35717.1512,0.2357,-76.43
1027,06891260,424.7581,499.8402,1.1768,17.68
1027,06891483,1067.0751,1100.4133,1.0312,3.12
1027,06891486,4.7915,1100.4133,229.6605,22866.05
1027,06891488,3.4965,1100.4133,314.72,31372.0
1027,06891490,10.101,1100.4133,108.9415,10794.15
1027,06891500,150.2193,1100.4133,7.3254,632.54
1027,06891810,476.5578,544.3304,1.1422,14.22
1027,06891850,559.4374,765.7851,1.3688,36.88
1027,06892000,1051.5352,1092.5512,1.039,3.9
1027,06892350,154767.3295,39146.5403,0.2529,-74.71
1027,06892360,138.3054,138.1551,0.9989,-0.11
1027,06892490,100.7505,154.0202,1.5287,52.87
1027,06892493,119.3985,154.0202,1.29,29.0
1027,06892494,23.3099,154.0202,6.6075,560.75
1027,06892495,151.2553,154.0202,1.0183,1.83
1027,06892500,155212.8075,39422.8598,0.254,-74.6
1027,06892510,29.0079,164.8415,5.6826,468.26
1027,06892513,150.4783,164.8415,1.0955,9.55
1027,06892518,155360.4368,39422.8598,0.2538,-74.62
1027,06892950,155653.1055,39609.8291,0.2545,-74.55
1027,390439096445000,116290.4662,764.5255,0.0066,-99.34
1027,06879900,893.5459,909.5491,1.0179,1.79
1027,06880000,1134.4148,1139.2742,1.0043,0.43
1027,06880500,2867.1168,2867.6142,1.0002,0.02
1027,06880800,3087.2658,3405.3342,1.103,10.3
1027,06881000,7018.8678,7121.6636,1.0146,1.46
1027,06881200,1193.9845,1886.6228,1.5801,58.01
1027,06881500,9919.6545,10310.753,1.0394,3.94
1027,06882000,11318.248,11883.7046,1.05,5.0
1027,06882900,2457.8987,2392.1102,0.9732,-2.68
1027,06883000,2548.5483,2741.6462,1.0758,7.58
1027,06883530,3273.745,3410.546,1.0418,4.18
1027,06883570,4032.6115,5817.4394,1.4426,44.26
1027,06883940,1572.1228,1623.9079,1.0329,3.29
1027,06884000,6086.4721,6188.9051,1.0168,1.68
1028,06897950,135.9744,170.1266,1.2512,25.12
1028,06898000,1815.5817,1844.1013,1.0157,1.57
1028,06898400,269.3588,452.5284,1.68,68.0
1028,06903400,471.3778,581.9088,1.2345,23.45
1028,06903500,34.1878,688.9324,20.1514,1915.14
1028,06903700,435.118,613.3831,1.4097,40.97
1028,06903990,123.8014,137.3925,1.1098,10.98
1028,06904000,1833.7116,1961.8631,1.0699,6.99
1028,06904010,1916.5912,1961.8631,1.0236,2.36
1028,06896400,1038.5852,1120.9128,1.0793,7.93
1028,06896500,14.4521,1120.9128,77.5604,7656.04
1028,06896900,4454.7795,5767.2269,1.2946,29.46
1028,06897000,246.0489,248.0945,1.0083,0.83
1028,06897500,5827.4732,6415.0397,1.1008,10.08
1028,06898100,2307.6794,2298.4862,0.996,-0.4
1028,06898500,637.1371,1063.4592,1.6691,66.91
1028,06899000,1279.4541,1380.1341,1.0787,7.87
1028,06899500,4454.7795,5628.7746,1.2635,26.35
1028,06899680,12665.0419,14306.4415,1.1296,12.96
1028,06899700,1012.6854,990.8666,0.9785,-2.15
1028,06899900,305.6186,345.9376,1.1319,13.19
1028,06900000,582.7473,888.2582,1.5243,52.43
1028,06900050,919.4458,976.1381,1.0617,6.17
1028,06900640,186.9971,239.2272,1.2793,27.93
1028,06900800,16161.5258,17877.8672,1.1062,10.62
1028,06901000,582.7473,983.5259,1.6877,68.77
1028,06901205,87.5416,127.7196,1.459,45.9
1028,06901250,103.8585,104.3245,1.0045,0.45
1028,06901500,1424.4935,1590.7525,1.1167,11.67
1028,06902000,17819.1182,19458.2374,1.092,9.2
1028,06902200,349.6484,504.3131,1.4423,44.23
1028,06902500,6.5009,106.6123,16.3997,1539.97
1028,06902995,35.7418,1445.8446,40.4524,3945.24
1028,06903000,1048.9452,1445.8446,1.3784,37.84
1028,06904050,2237.7497,2252.372,1.0065,0.65
1028,06904500,3548.2837,3785.2587,1.0668,6.68
1028,06904650,186.7381,246.5183,1.3201,32.01
1028,06905000,4299.3803,4429.4862,1.0303,3.03
1028,06905500,4843.2778,5011.4181,1.0347,3.47
1028,06906000,691.5268,829.7291,1.1999,19.99
1028,06906150,59.5697,87.5544,1.4698,46.98
1028,06906200,290.0787,364.1604,1.2554,25.54
1028,06906300,569.7974,644.2655,1.1307,13.07
1028,06906470,520.5876,566.8077,1.0888,8.88
1029,06910800,458.4279,445.8959,0.9727,-2.73
1029,06911000,909.0858,1328.8684,1.4618,46.18
1029,06911400,1455.5733,1790.5224,1.2301,23.01
1029,06911490,253.3008,283.9404,1.121,12.1
1029,06911500,287.4887,330.4481,1.1494,14.94
1029,06911900,295.2586,292.0811,0.9892,-1.08
1029,06912000,68.1167,105.8565,1.554,55.4
1029,06912500,833.9762,883.0339,1.0588,5.88
1029,06913000,2693.5876,2728.7579,1.0131,1.31
1029,06913500,3237.4851,3332.4598,1.0293,2.93
1029,06914000,865.056,838.7326,0.9696,-3.04
1029,06914100,888.3659,932.8327,1.0501,5.01
1029,06914500,1328.6639,1299.4861,0.978,-2.2
1029,06914950,74.3327,120.7759,1.6248,62.48
1029,06914960,41.1808,372.221,9.0387,803.87
1029,06914990,20.3573,114.5519,5.6271,462.71
1029,06915000,370.3683,926.754,2.5022,150.22
1029,06915800,6912.6783,7468.2445,1.0804,8.04
1029,06915977,146.7746,195.1336,1.3295,32.95
1029,06916000,7459.1658,8385.342,1.1242,12.42
1029,06916500,512.8176,533.9625,1.0412,4.12
1029,06916600,8417.4614,8565.7773,1.0176,1.76
1029,06917000,813.2563,913.2342,1.1229,12.29
1029,06917240,217.559,285.0013,1.31,31.0
1029,06917380,756.2765,761.5365,1.007,0.7
1029,06917500,1004.9154,1178.559,1.1728,17.28
1029,06917525,1026.9303,1178.559,1.1477,14.77
1029,381807094382400,5.2577,195.1336,37.114,3611.4
1029,381856094403800,4.9728,195.1336,39.2404,3824.04
1029,381919094380900,5.8016,195.1336,33.6346,3263.46
1029,06916675,354.8284,489.5272,1.3796,37.96
1029,06917060,1289.8141,4282.148,3.32,232.0
1029,06917560,1178.4446,2240.2294,1.901,90.1
1029,06917630,8.7542,229.8623,26.2575,2525.75
1029,06917680,927.2157,994.0634,1.0721,7.21
1029,06918060,2781.6472,2954.8807,1.0623,6.23
1029,06918065,2823.087,2954.8807,1.0467,4.67
1029,06918070,14011.8357,14525.0088,1.0366,3.66
1029,06918250,14685.2326,15572.4613,1.0604,6.04
1029,06918440,665.6269,1432.2988,2.1518,115.18
1029,06918460,652.677,707.3514,1.0838,8.38
1029,06918493,35.4828,78.9071,2.2238,122.38
1029,06918700,3.367,136.132,40.4314,3943.14
1029,06918740,613.8272,699.1407,1.139,13.9
1029,06918800,787.3564,914.6931,1.1617,16.17
1029,06919000,3004.3862,3295.7261,1.097,9.7
1029,06919020,3346.2646,4546.4965,1.3587,35.87
1029,06919500,1087.795,1110.4882,1.0209,2.09
1029,06919900,4687.8785,4910.4518,1.0475,4.75
1029,06919950,212.638,219.6371,1.0329,3.29
1029,06920500,21289.7023,21685.4997,1.0186,1.86
1029,06920520,97.9016,281.9391,2.8798,187.98
1029,06921000,582.7473,812.6266,1.3945,39.45
1029,06921070,714.8367,812.6266,1.1368,13.68
1029,06921200,290.0787,426.239,1.4694,46.94
1029,06921350,1592.8427,1736.6287,1.0903,9.03
1029,06921500,1696.4422,1894.3885,1.1167,11.67
1029,06921590,922.0358,1149.5103,1.2467,24.67
1029,06921600,1735.292,3261.4787,1.8795,87.95
1029,06921720,1072.2551,1185.0358,1.1052,10.52
1029,06921740,2.9785,1185.0358,397.8651,39686.51
1029,06921755,3263.385,3364.3454,1.0309,3.09
1029,06921760,3289.2849,3364.3454,1.0228,2.28
1029,06922000,4299.3803,4398.7949,1.0231,2.31
1029,06922450,29784.8633,30584.4299,1.0268,2.68
1029,06922500,29784.8633,30584.4299,1.0268,2.68
1029,06922800,62.6777,131.0621,2.091,109.1
1029,06923000,2.1238,138.3279,65.1326,6413.26
1029,06923150,105.4125,109.2681,1.0366,3.66
1029,06923250,976.4255,938.8033,0.9615,-3.85
1029,06923940,1351.9738,1423.6399,1.053,5.3
1029,06923950,1548.8129,1613.5391,1.0418,4.18
1029,06924000,1623.9225,1613.5391,0.9936,-0.64
1029,06925000,1807.8117,2663.9298,1.4736,47.36
1029,06925200,10.8262,93.5559,8.6417,764.17
1029,06925250,323.7485,484.6871,1.4971,49.71
1029,06926000,36259.8335,36375.1726,1.0032,0.32
1029,06926080,36441.1327,36484.9387,1.0012,0.12
1029,06926200,1.9425,132.795,68.3632,6736.32
1029,06926290,784.7664,811.5469,1.0341,3.41
1029,06926500,37554.8276,37834.553,1.0074,0.74
1029,06926510,37772.3866,37923.2462,1.004,0.4
1029,06927000,665.6269,758.6466,1.1397,13.97
1029,06927590,118.3625,169.1045,1.4287,42.87
1029,06927800,1046.3552,1205.0445,1.1517,15.17
1029,06928000,3237.4851,3513.5858,1.0853,8.53
1029,06928200,4.0922,3513.5858,858.6095,85760.95
1029,06928300,427.348,493.2431,1.1542,15.42
1029,06928420,707.0668,751.5947,1.063,6.3
1029,06928430,743.3266,751.5947,1.0111,1.11
1029,06928500,4351.18,4508.214,1.0361,3.61
1029,06928700,20.1501,117.0098,5.8069,480.69
1029,06929315,77.6996,80.0567,1.0303,3.03
1029,06930000,1450.3933,1821.4272,1.2558,25.58
1029,06930060,1535.8629,1821.4272,1.1859,18.59
1029,06931500,16.6018,687.9414,41.4377,4043.77
1029,06932000,517.9976,687.9414,1.3281,32.81
1029,06933500,7355.5662,7424.1619,1.0093,0.93
1029,06934000,8236.1622,8376.8853,1.0171,1.71
1030,06893080,119.1395,133.0008,1.1163,11.63
1030,06893100,170.4212,475.8672,2.7923,179.23
1030,06893300,68.8937,98.6069,1.4313,43.13
1030,06893350,53.0948,193.7465,3.6491,264.91
1030,06893390,166.1995,193.7465,1.1657,16.57
1030,385446094430700,36.7778,98.6069,2.6811,168.11
1030,385520094420000,40.9218,98.6069,2.4096,140.96
1030,385608094380300,94.7936,98.6069,1.0402,4.02
1030,06893000,1253813.2442,785.9014,0.0006,-99.94
1030,06893150,241.1279,475.8672,1.9735,97.35
1030,06893400,168.3492,193.7465,1.1509,15.09
1030,06893500,486.9178,629.0566,1.2919,29.19
1030,06893557,31.5979,629.0566,19.9082,1890.82
1030,06893562,44.0298,629.0566,14.2871,1328.71
1030,06893564,74.0737,629.0566,8.4923,749.23
1030,06893578,663.037,700.5611,1.0566,5.66
1030,06893590,668.2169,700.5611,1.0484,4.84
1030,06893600,13.4679,1035.727,76.9032,7590.32
1030,06893619,22.4293,1035.727,46.1774,4517.74
1030,06893620,24.6049,1035.727,42.0944,4109.44
1030,06893670,77.1816,145.3806,1.8836,88.36
1030,06893750,35.2238,77.9558,2.2132,121.32
1030,06893790,122.7654,177.6065,1.4467,44.67
1030,06893793,130.2764,177.6065,1.3633,36.33
1030,06893820,254.3368,401.0401,1.5768,57.68
1030,06893830,13.3125,401.0401,30.125,2912.5
1030,06893890,89.0956,103.3262,1.1597,15.97
1030,06893940,17.0939,477.7095,27.9462,2694.62
1030,06893970,21.7559,477.7095,21.9577,2095.77
1030,06894000,476.5578,581.6056,1.2204,22.04
1030,06894200,114.9955,357.1259,3.1056,210.56
1030,06894500,51.7998,82.3208,1.5892,58.92
1030,06894650,1256403.2323,3483.5026,0.0028,-99.72
1030,06894680,75.3687,184.5519,2.4487,144.87
1030,06894760,367.7783,608.9581,1.6558,65.58
1030,06895000,411.8081,570.7522,1.386,38.6
1030,06895500,1258475.2228,5363.9014,0.0043,-99.57
1030,06896000,663.037,785.497,1.1847,18.47
1030,06906500,1292145.0682,7283.8947,0.0056,-99.44
1030,06906600,0.8547,7380.9385,8635.7464,863474.64
1030,06906700,383.3182,493.5383,1.2875,28.75
1030,06906800,1406.3635,1480.2027,1.0525,5.25
1030,06907000,1548.8129,2374.7683,1.5333,53.33
1030,06907500,42.9938,195.9553,4.5578,355.78
1030,06907700,1416.7235,1625.3484,1.1473,14.73
1030,06908000,2900.7867,3879.9616,1.3376,33.76
1030,06908500,7.4333,68.8482,9.2622,826.22
1030,06909000,1296807.0468,14909.1117,0.0115,-98.85
1030,06909500,194.5081,326.8274,1.6803,68.03
1030,06909950,352.2384,494.5812,1.4041,40.41
1030,06910000,471.3778,618.4944,1.3121,31.21
1030,06910230,180.7812,232.4555,1.2858,28.58
1030,06910410,116.0315,182.3114,1.5712,57.12
1030,06910450,1314418.966,19055.913,0.0145,-98.55
1030,06910750,1452.9833,1509.916,1.0392,3.92
1030,06927200,10.4895,299.5844,28.5605,2756.05
1030,06927240,756.2765,811.3091,1.0728,7.28
1030,06934500,1353268.7877,23808.6083,0.0176,-98.24
1030,06935000,3.626,81.1368,22.3765,2137.65
1030,06935450,1355081.7793,25497.6553,0.0188,-98.12
1030,06935500,523.1776,697.7288,1.3336,33.36
1030,06935550,1355340.7781,25823.4383,0.0191,-98.09
1030,06935755,11.4995,87.303,7.5919,659.19
1030,06935770,29.2669,87.303,2.983,198.3
1030,06935830,44.2888,87.303,1.9712,97.12
1030,06935850,14.5557,138.2108,9.4953,849.53
1030,06935890,56.9797,138.2108,2.4256,142.56
1030,06935955,30.3029,138.2108,4.561,356.1
1030,06935965,1357153.7698,26526.1527,0.0195,-98.05
1030,06935980,9.6866,26526.1527,2738.4505,273745.05
1030,06935997,5.4908,26781.7701,4877.594,487659.4
1030,06936200,31.3389,67.3878,2.1503,115.03
1030,06936475,104.6355,115.2744,1.1017,10.17
1030,06936500,112.9235,115.2744,1.0208,2.08
1030,06936530,0.6475,26781.7701,41361.997,4136099.7
1101,07047980,476.5578,709.9419,1.4897,48.97
1101,07048000,215.228,238.1745,1.1066,10.66
1101,07048480,2.2274,321.8576,144.4999,14349.99
1101,07048490,3.5224,321.8576,91.3749,9037.49
1101,07048495,30.5619,321.8576,10.5313,953.13
1101,07048500,305.6186,321.8576,1.0531,5.31
1101,07048550,318.5685,321.8576,1.0103,1.03
1101,07048600,1035.9952,1490.4424,1.4387,43.87
1101,07048800,357.4184,374.5488,1.0479,4.79
1101,07048890,51.7998,115.7437,2.2344,123.44
1101,07049000,681.1669,695.6452,1.0213,2.13
1101,07049691,3087.2658,3326.2475,1.0774,7.74
1101,07050000,3206.4053,3326.2475,1.0374,3.74
1101,07050500,1364.9237,1448.5015,1.0612,6.12
1101,07053250,136.7514,187.901,1.374,37.4
1101,07054501,15669.4281,15745.573,1.0049,0.49
1101,07055000,15749.7177,15745.573,0.9997,-0.03
1101,07055565,186.4791,325.9691,1.748,74.8
1101,07055607,1030.8153,1098.8809,1.066,6.6
1101,07055608,1051.5352,1098.8809,1.045,4.5
1101,07055646,148.6653,229.3186,1.5425,54.25
1101,07055660,300.4386,449.4975,1.4961,49.61
1101,07055680,492.0977,938.8636,1.9079,90.79
1101,07055790,105.6715,215.5938,2.0402,104.02
1101,07055814,232.8399,1257.9249,5.4025,440.25
1101,07055875,174.5652,337.7922,1.935,93.5
1101,07056000,2147.1001,2476.4786,1.1534,15.34
1101,07056515,215.228,238.5401,1.1083,10.83
1101,07056700,2771.2873,2877.2963,1.0383,3.83
1101,07057000,2838.627,2877.2963,1.0136,1.36
1101,07057370,20823.5044,25587.0608,1.2288,22.88
1101,07059000,4175.0608,4205.0468,1.0072,0.72
1101,07059450,134.4204,281.4584,2.0939,109.39
1101,07059998,4687.8785,4740.1917,1.0112,1.12
1101,07060000,4687.8785,4740.1917,1.0112,1.12
1101,07060500,25848.0813,26318.1722,1.0182,1.82
1101,07060710,150.4783,198.4528,1.3188,31.88
1101,07060728,27194.8752,27215.8818,1.0008,0.08
1101,07060892,70.4477,99.7783,1.4163,41.63
1101,07061000,28671.1684,28603.0617,0.9976,-0.24
1101,07064000,4532.4792,4581.4961,1.0108,1.08
1101,07064040,21.6005,4827.4235,223.4866,22248.66
1101,07068600,999.7354,1123.1112,1.1234,12.34
1101,07068890,593.1073,812.9094,1.3706,37.06
1101,07069000,12535.5425,12659.3709,1.0099,0.99
1101,07069220,725.1967,739.8,1.0201,2.01
1101,07069295,686.3468,756.0635,1.1016,10.16
1101,07069305,2188.54,2285.1069,1.0441,4.41
1101,07069500,3056.186,3051.9987,0.9986,-0.14
1101,07072000,2926.6866,2928.4302,1.0006,0.06
1101,07072500,19088.2124,19094.591,1.0003,0.03
1101,07073000,562.0274,897.152,1.5963,59.63
1101,07073500,256.9268,310.04,1.2067,20.67
1101,07074420,21807.6999,22116.135,1.0141,1.41
1101,07074500,51540.7634,51339.6037,0.9961,-0.39
1101,07074670,22.248,97.4949,4.3822,338.22
1101,07074850,53094.7563,52868.598,0.9957,-0.43
1101,07075000,782.1764,901.6346,1.1527,15.27
1101,07075250,123.2834,250.9319,2.0354,103.54
1101,07075270,193.4721,250.9319,1.297,29.7
1101,07075280,296.0356,324.3759,1.0957,9.57
1101,07075300,383.3182,707.5417,1.8458,84.58
1101,07075500,818.4362,970.0244,1.1852,18.52
1101,07076000,2978.4863,3082.4263,1.0349,3.49
1101,07076506,183.1122,222.0022,1.2124,21.24
1101,07076517,3470.5841,3577.5709,1.0308,3.08
1101,07076530,188.0331,413.7748,2.2005,120.05
1101,07076620,4268.3004,4323.7023,1.013,1.3
1101,07076634,4377.0799,4663.1228,1.0654,6.54
1101,07040000,3548.2837,52.6219,0.0148,-98.52
1101,07050152,92.4626,175.5428,1.8985,89.85
1101,07050580,427.348,509.6431,1.1926,19.26
1101,07050680,3.3411,59.1358,17.6996,1669.96
1101,07050690,54.3898,59.1358,1.0873,8.73
1101,07050700,637.1371,697.5605,1.0948,9.48
1101,07052000,46.1018,130.2752,2.8258,182.58
1101,07052050,13.2607,130.2752,9.8241,882.41
1101,07052100,81.3256,130.2752,1.6019,60.19
1101,07052120,27.1949,130.2752,4.7904,379.04
1101,07052150,122.2474,264.6584,2.1649,116.49
1101,07052152,132.0894,264.6584,2.0036,100.36
1101,07052160,150.9963,264.6584,1.7527,75.27
1101,07052250,1196.5745,1918.7829,1.6036,60.36
1101,07052345,675.9869,698.9272,1.0339,3.39
1101,07052500,2556.3183,2630.1976,1.0289,2.89
1101,07052820,709.6567,844.0872,1.1894,18.94
1101,07053000,9367.987,9450.0542,1.0088,0.88
1101,07053450,10411.7522,10438.4361,1.0026,0.26
1101,07053500,10416.9322,10438.4361,1.0021,0.21
1101,07053810,494.6877,521.6457,1.0545,5.45
1101,07054000,11939.8452,12868.8807,1.0778,7.78
1101,07054080,771.8165,923.7156,1.1968,19.68
1101,07054288,146.5933,530.613,3.6196,261.96
1101,07057500,1452.9833,3093.5108,2.1291,112.91
1101,07058000,1476.2932,1511.6264,1.0239,2.39
1101,07058500,2996.6162,3093.5108,1.0323,3.23
1101,07061270,135.1974,244.1882,1.8062,80.62
1101,07061290,226.106,244.1882,1.08,8.0
1101,07061300,242.9409,244.1882,1.0051,0.51
1101,07061500,1253.5542,1298.0485,1.0355,3.55
1101,07061600,1276.8641,1298.0485,1.0166,1.66
1101,07061900,360.0083,684.0238,1.9,90.0
1101,07062050,2325.8093,2560.2539,1.1008,10.08
1101,07062500,2556.3183,2840.3589,1.1111,11.11
1101,07062575,2608.118,2941.1503,1.1277,12.77
1101,07063000,3224.5352,3827.811,1.1871,18.71
1101,07064300,4.4548,119.8796,26.9103,2591.03
1101,07064440,152.2913,195.6376,1.2846,28.46
1101,07064500,21.6523,139.9478,6.4634,546.34
1101,07064533,764.0465,985.8736,1.2903,29.03
1101,07064780,132.6074,132.6357,1.0002,0.02
1101,07065040,107.7435,151.9039,1.4099,40.99
1101,07065160,144.7803,152.1153,1.0507,5.07
1101,07065200,479.1478,557.7009,1.1639,16.39
1101,07065495,771.8165,794.3509,1.0292,2.92
1101,07066000,1030.8153,1150.8219,1.1164,11.64
1101,07066500,3294.4649,3564.3603,1.0819,8.19
1101,07066510,3470.5841,3564.3603,1.027,2.7
1101,07067000,4317.5102,4532.079,1.0497,4.97
1101,07068000,5278.3958,5436.3338,1.0299,2.99
1101,07068250,17.7414,125.9329,7.0982,609.82
1101,07068300,102.0455,125.9329,1.2341,23.41
1101,07068380,205.9041,463.4972,2.251,125.1
1101,07068510,502.4577,752.2549,1.4972,49.72
1101,07068540,97.1246,194.5398,2.003,100.3
1101,07068863,225.847,442.4053,1.9589,95.89
1101,07070000,12.7168,83.4458,6.5618,556.18
1101,07070500,934.9857,962.5542,1.0295,2.95
1101,07071500,2053.8606,2527.6623,1.2307,23.07
1102,07079300,129.2404,252.7556,1.9557,95.57
1102,07079500,129.4994,252.7556,1.9518,95.18
1102,07080980,4.7656,119.8786,25.1551,2415.51
1102,07081000,124.3194,119.8786,0.9643,-3.57
1102,07081200,256.6678,622.7387,2.4262,142.62
1102,07083000,60.8647,65.0972,1.0695,6.95
1102,07083200,63.7137,65.0972,1.0217,2.17
1102,07083500,65.2677,65.0972,0.9974,-0.26
1102,07083700,590.5173,622.7387,1.0546,5.46
1102,07083710,616.4172,622.7387,1.0103,1.03
1102,07084500,194.2491,274.0246,1.4107,41.07
1102,07086000,1105.9249,1412.8864,1.2776,27.76
1102,07086500,173.7882,178.6493,1.028,2.8
1102,07087050,1414.1335,1951.166,1.3798,37.98
1102,07087200,1582.4827,1951.166,1.233,23.3
1102,07089000,168.3492,282.8012,1.6798,67.98
1102,07090000,110.0745,137.493,1.2491,24.91
1102,07090500,177.1552,231.2798,1.3055,30.55
1102,07091000,214.192,231.2798,1.0798,7.98
1102,07091200,2732.4375,2848.1667,1.0424,4.24
1102,07091500,3154.6055,3025.0973,0.9589,-4.11
1102,07092000,362.5983,510.6449,1.4083,40.83
1102,07093000,145.0393,158.3474,1.0918,9.18
1102,07093500,538.7175,551.7623,1.0242,2.42
1102,07093700,3846.1323,4348.715,1.1307,13.07
1102,07093740,274.5387,348.163,1.2682,26.82
1102,07093775,546.4875,546.3525,0.9998,-0.02
1102,07094500,6368.7808,7933.2375,1.2456,24.56
1102,07094600,15.6176,468.3531,29.9887,2898.87
1102,07094900,8.2621,87.2951,10.5658,956.58
1102,07095000,828.7962,915.1861,1.1042,10.42
1102,07096000,8072.9929,9160.271,1.1347,13.47
1102,07096250,701.8868,744.8008,1.0611,6.11
1102,07096500,1124.0548,1129.5021,1.0048,0.48
1102,07097000,10422.1122,11119.8383,1.0669,6.69
1102,07099050,315.9785,502.5419,1.5904,59.04
1102,07099060,357.4184,502.5419,1.406,40.6
1102,07099080,68.8937,120.726,1.7524,75.24
1102,07099085,88.0596,120.726,1.371,37.1
1102,07099100,554.2575,554.2545,1.0,-0.0
1102,07099200,11085.1491,11119.8383,1.0031,0.31
1102,07099215,33.6698,76.254,2.2648,126.48
1102,07099220,24.838,76.254,3.0701,207.01
1102,07099230,161.3563,205.5351,1.2738,27.38
1102,07099235,187.7741,205.5351,1.0946,9.46
1102,07099238,185.1841,205.5351,1.1099,10.99
1102,07099400,12095.2445,12354.3738,1.0214,2.14
1102,07099500,12136.6843,12354.3738,1.0179,1.79
1102,07099969,12374.9632,12354.3738,0.9983,-0.17
1102,07099970,12224.7439,12354.3738,1.0106,1.06
1102,07099990,42.9938,112.9829,2.6279,162.79
1102,07100300,112.9235,112.9829,1.0005,0.05
1102,07100750,2.6159,226.3521,86.5297,8552.97
1102,07103100,4.7397,918.4489,193.7788,19277.88
1102,07103700,264.1788,918.4489,3.4766,247.66
1102,07103702,18.5184,918.4489,49.5965,4859.65
1102,07103703,24.2941,918.4489,37.8054,3680.54
1102,07103707,308.2086,918.4489,2.98,198.0
1102,07103740,41.4398,180.4848,4.3553,335.53
1102,07103747,66.5627,180.4848,2.7115,171.15
1102,07103750,73.8147,180.4848,2.4451,144.51
1102,07103755,78.2176,180.4848,2.3075,130.75
1102,07103780,210.825,433.0348,2.054,105.4
1102,07103785,4.0145,433.0348,107.8682,10686.82
1102,07103790,315.9785,433.0348,1.3705,37.05
1102,07103797,18.7256,60.9164,3.2531,225.31
1102,07103800,38.3318,60.9164,1.5892,58.92
1102,07103900,39.8858,60.9164,1.5273,52.73
1102,07103930,60.8647,433.0348,7.1147,611.47
1102,07103940,388.4982,433.0348,1.1146,11.46
1102,07103950,23.3358,45.4822,1.949,94.9
1102,07103960,41.9578,45.4822,1.084,8.4
1102,07103965,9.1427,611.6187,66.8972,6589.72
1102,07103970,466.1979,611.6187,1.3119,31.19
1102,07103977,15.3068,48.888,3.1939,219.39
1102,07103980,26.4179,48.888,1.8506,85.06
1102,07103985,7.3297,48.888,6.6699,566.99
1102,07103987,41.6988,48.888,1.1724,17.24
1102,07103990,48.9508,48.888,0.9987,-0.13
1102,07104000,525.7676,611.6187,1.1633,16.33
1102,07104500,22.6106,611.6187,27.0501,2605.01
1102,07104905,608.6472,611.6187,1.0049,0.49
1102,07105000,17.845,1239.357,69.4511,6845.11
1102,07105490,56.2027,64.101,1.1405,14.05
1102,07105500,1015.2753,1239.357,1.2207,22.07
1102,07105530,1069.6651,1239.357,1.1586,15.86
1102,07105600,135.7154,159.6964,1.1767,17.67
1102,07105800,1294.9941,1573.5305,1.2151,21.51
1102,07105900,169.3852,172.4461,1.0181,1.81
1102,07105920,28.4899,70.6047,2.4782,147.82
1102,07105928,30.5619,70.6047,2.3102,131.02
1102,07105940,69.4117,70.6047,1.0172,1.72
1102,07105945,17.5342,50.2654,2.8667,186.67
1102,07105950,20.176,50.2654,2.4913,149.13
1102,07105960,43.7708,50.2654,1.1484,14.84
1102,07106000,1740.472,1976.8057,1.1358,13.58
1102,07106300,2240.3397,2298.958,1.0262,2.62
1102,07106500,2395.739,2402.6527,1.0029,0.29
1102,07106510,2398.329,2402.6527,1.0018,0.18
1102,07107000,41.4398,142.1465,3.4302,243.02
1102,07107500,445.478,1081.4439,2.4276,142.76
1102,07107900,24.7603,162.6423,6.5687,556.87
1102,07108050,76.6636,162.6423,2.1215,112.15
1102,07108100,11.1887,81.6017,7.2932,629.32
1102,07108500,1209.5244,1231.7662,1.0184,1.84
1102,07108800,1225.0644,1231.7662,1.0055,0.55
1102,07108900,1227.6544,1231.7662,1.0033,0.33
1102,07109000,1230.2444,1231.7662,1.0012,0.12
1102,07109500,16197.7856,16301.4376,1.0064,0.64
1102,07110000,116.5495,114.3929,0.9815,-1.85
1102,07110400,1740.472,1872.8284,1.076,7.6
1102,07110500,2237.7497,1872.8284,0.8369,-16.31
1102,07111000,189.0691,695.4283,3.6782,267.82
1102,07111500,277.1287,695.4283,2.5094,150.94
1102,07112000,1292.4041,1330.6193,1.0296,2.96
1102,07112500,1377.8737,1577.0338,1.1445,14.45
1102,07113000,1857.0215,2074.0514,1.1169,11.69
1102,07113500,2048.6806,2074.0514,1.0124,1.24
1102,07114000,145.0393,451.0394,3.1098,210.98
1102,07114500,194.2491,451.0394,2.322,132.2
1102,07116000,4333.0501,4331.4391,0.9996,-0.04
1102,07116500,4814.7879,4813.7887,0.9998,-0.02
1102,07117000,24063.5795,24962.641,1.0374,3.74
1102,07117500,24501.2875,24962.641,1.0188,1.88
1102,07117600,282.3087,309.1935,1.0952,9.52
1102,07118000,326.3385,409.1691,1.2538,25.38
1102,07118500,385.9082,409.1691,1.0603,6.03
1102,07119000,1908.8212,1940.5136,1.0166,1.66
1102,07119500,2781.6472,2786.2367,1.0016,0.16
1102,07119700,28093.601,28169.9452,1.0027,0.27
1102,07120500,28583.1088,30701.0649,1.0741,7.41
1102,07120620,39.8858,352.6169,8.8407,784.07
1102,07121000,1168.0846,1335.5635,1.1434,14.34
1102,07121500,1310.534,1335.5635,1.0191,1.91
1102,07122400,279.7187,286.4176,1.0239,2.39
1102,07123000,31325.9062,31278.1574,0.9985,-0.15
1102,07123500,2657.3278,3101.5449,1.1672,16.72
1102,07123675,3633.7533,3687.9868,1.0149,1.49
1102,07124000,35752.1959,45867.8761,1.2829,28.29
1102,07124050,127.6864,818.6199,6.4112,541.12
1102,07124100,10.878,1126.462,103.5546,10255.46
1102,07124120,91.4266,91.4366,1.0001,0.01
1102,07124200,1307.944,1740.1145,1.3304,33.04
1102,07124210,11.8103,94.0467,7.9631,696.31
1102,07124220,91.1676,94.0467,1.0316,3.16
1102,07124300,258.9988,274.5232,1.0599,5.99
1102,07124410,1743.062,2004.8643,1.1502,15.02
1102,07124500,1939.9011,2004.8643,1.0335,3.35
1102,07125000,2219.6198,2511.4104,1.1315,13.15
1102,07125100,200.4651,213.351,1.0643,6.43
1102,07125500,419.5781,422.4632,1.0069,0.69
1102,07126000,3328.1347,4090.2299,1.229,22.9
1102,07126100,222.739,279.2166,1.2536,25.36
1102,07126130,175.8602,307.2138,1.7469,74.69
1102,07126140,308.2086,358.0357,1.1617,16.17
1102,07126200,419.5781,451.0324,1.075,7.5
1102,07126300,4926.6754,4952.4206,1.0052,0.52
1102,07126320,12.1988,119.4571,9.7925,879.25
1102,07126325,125.3554,222.0845,1.7716,77.16
1102,07126390,126.3914,154.2632,1.2205,22.05
1102,07126415,126.1324,126.4737,1.0027,0.27
1102,07126470,1098.155,1096.311,0.9983,-0.17
1102,07126480,145.2983,145.8982,1.0041,0.41
1102,07126485,7112.6253,7170.0532,1.0081,0.81
1102,07126500,7446.2158,8277.7905,1.1117,11.17
1102,07128000,8264.6521,8647.4151,1.0463,4.63
1102,07128500,8881.5872,8928.2198,1.0053,0.53
1102,07129500,1126.6448,1246.1661,1.1061,10.61
1102,07130500,45866.0994,48257.7526,1.0521,5.21
1102,07131000,339.2884,449.8951,1.326,32.6
1102,07133000,48673.6466,52003.6555,1.0684,6.84
1102,07133050,108.7795,731.5932,6.7255,572.55
1102,07134000,6733.9691,8327.0162,1.2366,23.66
1102,07134100,6814.2587,8327.0162,1.222,22.2
1102,07134180,56596.4202,60801.1196,1.0743,7.43
1102,07134990,453.2479,61587.9529,135.8814,13488.14
1102,07135000,2116.0203,2088.3626,0.9869,-1.31
1102,07135500,60670.4715,64310.5904,1.06,6.0
1102,07136000,543.8975,458.0389,0.8421,-15.79
1102,385821104481601,42.2168,45.4822,1.0773,7.73
1103,07137500,61387.8982,269.8589,0.0044,-99.56
1103,07138000,61916.2558,941.209,0.0152,-98.48
1103,07138020,62527.493,1607.1855,0.0257,-97.43
1103,07138062,67596.0997,1703.5827,0.0252,-97.48
1103,07138065,72100.089,3127.5094,0.0434,-95.66
1103,07138070,69836.4394,3127.5094,0.0448,-95.52
1103,07138650,1942.4911,1380.3611,0.7106,-28.94
1103,07138660,2160.0501,1585.2564,0.7339,-26.61
1103,07139000,63980.4763,3711.6729,0.058,-94.2
1103,07139500,64793.7326,7750.1149,0.1196,-88.04
1103,07139800,191.1411,201.1507,1.0524,5.24
1103,07140000,70981.2142,9035.4258,0.1273,-87.27
1103,07140500,82232.1225,10361.2923,0.126,-87.4
1103,07140700,150.7373,170.7724,1.1329,13.29
1103,07140850,2825.677,3221.2139,1.14,14.0
1103,07140880,461.0179,592.2397,1.2846,28.46
1103,07140890,505.0477,806.7663,1.5974,59.74
1103,07140900,694.1168,806.7663,1.1623,16.23
1103,07141000,937.5757,1050.9741,1.1209,12.09
1103,07141175,1903.6413,2351.5257,1.2353,23.53
1103,07141200,5205.8761,5915.6245,1.1363,13.63
1103,07141220,72858.9555,17441.501,0.2394,-76.06
1103,07141300,73436.5229,4496.2488,0.0612,-93.88
1103,07141770,2385.379,2931.1751,1.2288,22.88
1103,07141780,2983.6663,3574.0798,1.1979,19.79
1103,07141900,3752.8928,4197.3801,1.1184,11.84
1103,07142015,3848.7223,4441.1104,1.1539,15.39
1103,07142019,3884.9822,605.2161,0.1558,-84.42
1103,07142020,3884.9822,4441.1104,1.1431,14.31
1103,07142300,1103.3349,1936.7918,1.7554,75.54
1103,07142575,1344.2038,2805.0835,2.0868,108.68
1103,07142620,1553.9929,3146.6443,2.0249,102.49
1103,07142680,76259.6099,27833.6162,0.365,-63.5
1103,07142800,98080.2598,27975.2607,0.2852,-71.48
1103,07142860,111.3695,126.018,1.1315,13.15
1103,07142900,157.9893,272.638,1.7257,72.57
1103,07143300,1292.4041,2042.9196,1.5807,58.07
1103,07143310,2226.0948,2424.9698,1.0893,8.93
1103,07143330,82164.7828,30695.7521,0.3736,-62.64
1103,07143350,82527.3811,31078.4483,0.3766,-62.34
1103,07143375,82682.7804,31110.9154,0.3763,-62.37
1103,07143400,101196.0154,31110.9154,0.3074,-69.26
1103,07143600,183.8892,279.8295,1.5217,52.17
1103,07143665,1763.7819,1916.5859,1.0866,8.66
1103,07143672,1774.1419,2013.3472,1.1348,13.48
1103,07144000,150.2193,165.2616,1.1001,10.01
1103,07144050,449.6219,2974.7982,6.6162,561.62
1103,07144100,3017.3361,3469.6442,1.1499,14.99
1103,07144200,3237.4851,3682.8605,1.1376,13.76
1103,07144300,86057.5349,35581.8301,0.4135,-58.65
1103,07144325,42.4758,143.8203,3.3859,238.59
1103,07144330,8.9614,143.8203,16.0489,1504.89
1103,07144340,9.9974,143.8203,14.3858,1338.58
1103,07144480,222.739,297.8532,1.3372,33.72
1103,07144485,253.0418,297.8532,1.1771,17.71
1103,07144486,41.6988,297.8532,7.143,614.3
1103,07144490,297.8486,394.6229,1.3249,32.49
1103,07144550,86938.1309,35581.8301,0.4093,-59.07
1103,07144570,87041.7304,35698.1506,0.4101,-58.99
1103,07144601,834.1316,1258.5974,1.5089,50.89
1103,07144660,502.4577,655.2269,1.304,30.4
1103,07144680,120.6934,133.0615,1.1025,10.25
1103,07144730,137.7615,134.3137,0.975,-2.5
1103,07144780,1424.4935,2264.1986,1.5895,58.95
1103,07144795,1719.7521,2633.0636,1.5311,53.11
1103,07144800,2408.6889,2633.0636,1.0932,9.32
1103,07144850,54.3898,101.3528,1.8635,86.35
1103,07144910,303.0286,314.5843,1.0381,3.81
1103,07145200,1460.7533,1544.7592,1.0575,5.75
1103,07145500,4623.1288,5501.6327,1.19,19.0
1103,07145600,91877.2382,41999.0754,0.4571,-54.29
1103,07145700,398.8582,398.5519,0.9992,-0.08
1103,07146500,93514.1107,42510.4538,0.4546,-54.54
1103,07146570,77.6996,95.4825,1.2289,22.89
1103,07146623,639.7271,699.9043,1.0941,9.41
1103,07146800,160.5793,200.9827,1.2516,25.16
1103,07146830,906.4958,200.9827,0.2217,-77.83
1103,07146895,1170.6746,1341.5906,1.146,14.6
1103,07146990,419.5781,423.9959,1.0105,1.05
1103,07147050,227.919,233.2301,1.0233,2.33
1103,07147060,458.4279,472.9918,1.0318,3.18
1103,07147070,1103.3349,1221.3016,1.1069,10.69
1103,07147100,1181.0346,1221.3016,1.0341,3.41
1103,07147190,1181.0346,1221.3016,1.0341,3.41
1103,07147600,163.1693,177.468,1.0876,8.76
1103,07147800,4869.1776,4863.399,0.9988,-0.12
1103,07147900,5055.6568,5171.5861,1.0229,2.29
1104,07155590,6257.4113,7328.9111,1.1712,17.12
1104,07156010,1199.1645,1140.8488,0.9514,-4.86
1104,07156100,1603.2026,1391.2974,0.8678,-13.22
1104,07156220,2162.6401,2251.5348,1.0411,4.11
1104,07156225,2276.5995,2251.5348,0.989,-1.1
1104,07156500,19023.4627,13832.1714,0.7271,-27.29
1104,07156800,21377.7619,16173.4501,0.7566,-24.34
1104,07156900,13467.9382,17654.1037,1.3108,31.08
1104,07157500,2105.6603,3472.5055,1.6491,64.91
1104,07157740,16531.8941,24375.7658,1.4745,47.45
1104,07157900,107.4845,113.1909,1.0531,5.31
1104,07157940,1504.7831,1770.0307,1.1763,17.63
1104,07153500,1294.9941,1720.9418,1.3289,32.89
1104,07154000,2318.0394,4114.74,1.7751,77.51
1104,07154500,2880.0668,4114.74,1.4287,42.87
1104,07155000,4866.5877,5120.253,1.0521,5.21
1104,07155500,5734.2337,5786.2957,1.0091,0.91
1104,07157000,11149.8988,17940.9004,1.6091,60.91
1104,07157580,13682.9072,22067.0469,1.6127,61.27
1105,07157950,21178.3328,1847.6029,0.0872,-91.28
1105,07157960,1056.7151,1260.1634,1.1925,19.25
1105,07157980,23022.4043,2459.9894,0.1069,-89.31
1105,07158000,24270.7786,3897.3023,0.1606,-83.94
1105,07158150,114.9955,199.9868,1.7391,73.91
1105,07158400,507.6377,502.702,0.9903,-0.97
1105,07158500,37.5548,8393.859,223.5095,22250.95
1105,07159000,642.3171,743.168,1.157,15.7
1105,07159100,30390.9205,9907.2654,0.326,-67.4
1105,07159200,406.6281,492.4899,1.2112,21.12
1105,07159400,29854.7929,11864.1516,0.3974,-60.26
1105,07159500,4.1958,105.9265,25.246,2424.6
1105,07159720,639.7271,649.494,1.0153,1.53
1105,07159750,828.7962,905.546,1.0926,9.26
1105,07160000,33493.7262,13001.4601,0.3882,-61.18
1105,07160300,93.7576,99.8926,1.0654,6.54
1105,07160350,181.2992,321.3803,1.7727,77.27
1105,07160500,1067.0751,1121.6779,1.0512,5.12
1105,07160810,103.3405,118.6244,1.1479,14.79
1105,07161000,33478.1863,15534.1464,0.464,-53.6
1105,07161450,36368.613,15814.6646,0.4348,-56.52
1105,07162000,435.118,563.8291,1.2958,29.58
1105,07162500,33.9288,72.4293,2.1347,113.47
1105,07163000,80.2896,147.9818,1.8431,84.31
1105,07163300,37583.3175,17144.017,0.4562,-54.38
1105,07163500,35594.2066,17640.3895,0.4956,-50.44
1105,07164000,36060.4045,18231.3936,0.5056,-49.44
1106,07148111,1004.9154,1062.9146,1.0577,5.77
1106,07149000,2338.7593,2394.4035,1.0238,2.38
1106,07151500,2056.4506,2110.022,1.0261,2.61
1106,07148128,22455.1969,1593.0571,0.0709,-92.91
1106,07148140,100416.429,2399.4661,0.0239,-97.61
1106,07148350,2217.0298,2177.0861,0.982,-1.8
1106,07148400,2543.3683,2671.4813,1.0504,5.04
1106,07148450,2952.5864,2792.713,0.9459,-5.41
1106,07149500,6316.981,8148.2366,1.2899,28.99
1106,07149520,6125.3219,8148.2366,1.3303,33.03
1106,07149850,0.0259,151.1189,5834.734,583373.4
1106,07150500,8272.422,9072.4617,1.0967,9.67
1106,07150580,18.6738,326.3647,17.4771,1647.71
1106,07150870,6.0865,11136.1643,1829.6583,182865.83
1106,07151000,11577.2469,11601.2188,1.0021,0.21
1106,07152000,4851.0477,5235.8686,1.0793,7.93
1106,07152360,47.1378,99.3469,2.1076,110.76
1106,07152410,23.6466,332.5953,14.0653,1306.53
1106,07152500,120773.7356,22911.8832,0.1897,-81.03
1106,07153000,1393.4136,1452.5831,1.0425,4.25
1106,07153100,56.7207,90.9838,1.6041,60.41
1107,07191160,231.8039,346.2506,1.4937,49.37
1107,07191179,266.7688,346.2506,1.2979,29.79
1107,07165700,468.7878,557.4986,1.1892,18.92
1107,07165750,756.2765,803.2466,1.0621,6.21
1107,07166500,2833.447,2877.2022,1.0154,1.54
1107,07167000,795.1263,874.9577,1.1004,10.04
1107,07167500,334.1085,397.5865,1.19,19.0
1107,07168500,1515.143,1695.7193,1.1192,11.92
1107,07169500,2141.9202,2229.4715,1.0409,4.09
1107,07169800,569.7974,569.0221,0.9986,-0.14
1107,07170000,1489.2432,1651.324,1.1088,10.88
1107,07170060,1642.0525,1817.7533,1.107,10.7
1107,07170500,7490.2456,7465.8314,0.9967,-0.33
1107,07170700,95.8296,210.385,2.1954,119.54
1107,07170990,8655.7403,8859.7263,1.0236,2.36
1107,07171600,539.4945,540.3818,1.0016,0.16
1107,07172000,1152.5447,1127.0139,0.9778,-2.22
1107,07173300,309.2446,405.574,1.3115,31.15
1107,07173500,28.4899,88.1196,3.093,209.3
1107,07179300,193.2131,227.9413,1.1797,17.97
1107,07179500,686.3468,1397.3682,2.036,103.6
1107,07179600,142.4493,182.3725,1.2803,28.03
1107,07179700,310.7986,323.0793,1.0395,3.95
1107,07179710,1367.5137,1597.6469,1.1683,16.83
1107,07179730,1610.9726,2014.9896,1.2508,25.08
1107,07179750,1960.621,2014.9896,1.0277,2.77
1107,07179785,266.7688,218.9609,0.8208,-17.92
1107,07179795,517.9976,844.2112,1.6298,62.98
1107,07180000,852.1061,844.2112,0.9907,-0.93
1107,07180200,1300.174,1420.804,1.0928,9.28
1107,07180400,1952.851,2432.9794,1.2459,24.59
1107,07180500,284.8987,358.6709,1.2589,25.89
1107,07181000,2706.5376,2965.9062,1.0958,9.58
1107,07181500,238.2789,299.6864,1.2577,25.77
1107,07182000,3436.9142,3501.6666,1.0188,1.88
1107,07182200,492.0977,614.2086,1.2481,24.81
1107,07182250,4506.5793,4596.2758,1.0199,1.99
1107,07182260,4747.4482,4827.2902,1.0168,1.68
1107,07182280,4952.0573,4927.4865,0.995,-0.5
1107,07182390,7130.2373,7097.1864,0.9954,-0.46
1107,07182395,7231.2468,7324.5033,1.0129,1.29
1107,07182400,7596.4351,7773.5425,1.0233,2.33
1107,07182510,7878.7438,8612.4242,1.0931,9.31
1107,07183000,9642.5257,9930.2094,1.0298,2.98
1107,07183100,458.4279,532.7595,1.1621,16.21
1107,07183200,10865.0001,10971.8277,1.0098,0.98
1107,07183300,11776.6759,11864.1647,1.0074,0.74
1107,07183500,12703.8917,12833.8852,1.0102,1.02
1107,07184000,510.2277,610.5398,1.1966,19.66
1107,07184070,18.1299,610.5398,33.6758,3267.58
1107,07184220,69.9297,163.8221,2.3427,134.27
1107,07184240,88.0596,163.8221,1.8604,86.04
1107,07184300,233.0989,297.1848,1.2749,27.49
1107,07184500,546.4875,626.4189,1.1463,14.63
1107,07186010,155.3993,166.4071,1.0708,7.08
1107,07186040,440.298,568.9066,1.2921,29.21
1107,07186055,574.9774,666.9409,1.1599,15.99
1107,07187600,6340.2909,6454.5257,1.018,1.8
1107,07185500,9.9974,82.8437,8.2866,728.66
1107,07185700,792.5364,1048.2189,1.3226,32.26
1107,07185765,1100.7449,1192.3799,1.0832,8.32
1107,07185910,1333.8439,1661.225,1.2454,24.54
1107,07186000,3014.7462,3724.64,1.2355,23.55
1107,07186400,600.8772,702.1176,1.1685,16.85
1107,07186475,764.0465,776.8784,1.0168,1.68
1107,07186480,784.7664,776.8784,0.9899,-1.01
1107,07186500,85.4696,120.3587,1.4082,40.82
1107,07186600,108.2615,120.3587,1.1117,11.17
1107,07186670,112.4055,163.4525,1.4541,45.41
1107,07186690,176.8962,561.6964,3.1753,217.53
1107,07186900,69.9297,98.2992,1.4057,40.57
1107,07187000,1105.9249,1130.886,1.0226,2.26
1107,07187500,1186.2146,1212.089,1.0218,2.18
1107,07188500,108.7795,155.7934,1.4322,43.22
1107,07188653,365.1883,533.862,1.4619,46.19
1107,07188838,505.0477,508.1837,1.0062,0.62
1107,07188885,619.0072,627.2212,1.0133,1.33
1107,07189000,2204.0799,2219.9775,1.0072,0.72
1107,07189100,157.4713,293.1735,1.8618,86.18
1107,07171000,9282.5174,9314.0137,1.0034,0.34
1107,07171400,11237.9584,11284.8823,1.0042,0.42
1107,07171500,11401.1277,11284.8823,0.9898,-1.02
1107,07173000,1898.4613,2062.6746,1.0865,8.65
1107,07174000,1098.155,1116.8848,1.0171,1.71
1107,07174200,1300.174,1313.1455,1.01,1.0
1107,07174400,3545.6937,3780.1707,1.0661,6.61
1107,07174470,3742.5328,3780.1707,1.0101,1.01
1107,07174500,3794.3326,3780.1707,0.9963,-0.37
1107,07174600,360.0083,390.7925,1.0855,8.55
1107,07174618,442.888,446.8067,1.0088,0.88
1107,07174700,4540.2492,4509.0155,0.9931,-0.69
1107,07175000,6.1901,150.087,24.2464,2324.64
1107,07175500,5014.217,5092.2195,1.0156,1.56
1107,07175550,5299.1157,5430.6,1.0248,2.48
1107,07176000,16708.0133,16803.3473,1.0057,0.57
1107,07176321,416.9881,526.8149,1.2634,26.34
1107,07176465,170.9392,166.3705,0.9733,-2.67
1107,07176500,955.7056,958.6001,1.003,0.3
1107,07176800,79.2536,119.9848,1.5139,51.39
1107,07176950,297.8486,358.075,1.2022,20.22
1107,07177000,880.596,913.7159,1.0376,3.76
1107,07177410,916.8558,983.3844,1.0726,7.26
1107,07177500,2349.1192,2579.5711,1.0981,9.81
1107,07177600,2504.5185,2579.5711,1.03,3.0
1107,07177650,21.0048,2579.5711,122.8086,12180.86
1107,07177700,58.5337,2579.5711,44.0698,4306.98
1107,07177800,21.3156,2694.241,126.3976,12539.76
1107,07178000,2634.0179,2694.241,1.0229,2.29
1107,07178035,145.0393,158.0636,1.0898,8.98
1107,07178040,155.1403,158.0636,1.0188,1.88
1107,07178200,2908.5566,2949.5017,1.0141,1.41
1107,07178452,19815.999,19910.4188,1.0048,0.48
1107,07178520,193.9901,199.6385,1.0291,2.91
1107,07178600,20489.3959,20297.5711,0.9906,-0.94
1107,07178645,20978.9037,21017.4788,1.0018,0.18
1107,07185000,15348.2695,15447.1557,1.0064,0.64
1107,07185030,47.9148,15447.1557,322.3881,32138.81
1107,07185080,15568.4185,15593.4199,1.0016,0.16
1107,07185090,89.0956,136.6292,1.5335,53.35
1107,07185095,115.7725,136.6292,1.1802,18.02
1107,07185100,134.6794,136.6292,1.0145,1.45
1107,07188000,6516.4101,6614.8864,1.0151,1.51
1107,07188005,16.2392,6614.8864,407.34,40634.0
1107,07188007,16.4723,6614.8864,401.5758,40057.58
1107,07189500,25819.5915,25933.5221,1.0044,0.44
1107,07189540,20.7199,190.5205,9.195,819.5
1107,07189542,126.1324,190.5205,1.5105,51.05
1107,07189700,56.7207,126.6284,2.2325,123.25
1107,07189710,113.9336,220.2511,1.9332,93.32
1107,07190100,26793.427,28478.5504,1.0629,6.29
1107,07190500,26897.0265,28478.5504,1.0588,5.88
1107,07190600,184.1482,255.2997,1.3864,38.64
1107,07191000,1165.4946,1312.1908,1.1259,12.59
1107,07191200,331.5185,346.2506,1.0444,4.44
1107,07191220,341.8784,346.2506,1.0128,1.28
1107,071912213,422.1681,518.6956,1.2286,22.86
1107,07191222,153.0683,154.5547,1.0097,0.97
1107,07191265,70.4218,89.4347,1.27,27.0
1107,07191288,929.8057,1004.7301,1.0806,8.06
1107,07191297,15.6694,1004.7301,64.1204,6312.04
1107,07191500,29992.0623,30099.6528,1.0036,0.36
1107,07192000,593.1073,598.2842,1.0087,0.87
1107,07192100,297.4601,473.4967,1.5918,59.18
1107,07192500,31874.9837,32279.4402,1.0127,1.27
1107,07193500,32361.9014,31902.5921,0.9858,-1.42
1108,07199000,515.4076,566.0896,1.0983,9.83
1108,07199600,84.1746,147.9684,1.7579,75.79
1108,07199650,61.9007,147.9684,2.3904,139.04
1108,07200000,183.8892,314.824,1.712,71.2
1108,07200500,225.329,314.824,1.3972,39.72
1108,07201420,128.2044,252.1798,1.967,96.7
1108,07201500,580.1573,408.2517,0.7037,-29.63
1108,07202000,603.4672,940.5224,1.5585,55.85
1108,07202400,95.0526,321.2753,3.38,238.0
1108,07203000,890.9559,942.4215,1.0578,5.78
1108,07203525,1432.2634,1435.9957,1.0026,0.26
1108,07204000,191.1411,205.9859,1.0777,7.77
1108,07204500,193.9901,196.346,1.0121,1.21
1108,07205000,27.1949,477.2675,17.5499,1654.99
1108,07206000,432.528,632.6684,1.4627,46.27
1108,07206200,5.0505,632.6684,125.269,12426.9
1108,07206300,22.0149,632.6684,28.7382,2773.82
1108,07206400,19.2695,632.6684,32.8326,3183.26
1108,07206500,673.3969,865.2629,1.2849,28.49
1108,07207000,761.4565,865.2629,1.1363,13.63
1108,07207500,442.888,841.9779,1.9011,90.11
1108,07208500,168.3492,542.3172,3.2214,222.14
1108,07211000,2672.8677,2607.2842,0.9755,-2.45
1108,07211500,7381.4661,8889.8526,1.2043,20.43
1108,07214000,10253.7629,11003.754,1.0731,7.31
1108,07214600,7.252,251.9721,34.7454,3374.54
1108,07214700,23.8279,374.128,15.7013,1470.13
1108,07214800,59.5697,61.1271,1.0261,2.61
1108,07215500,450.6579,1335.9741,2.9645,196.45
1108,07215600,165.7592,162.1885,0.9785,-2.15
1108,07216500,691.5268,1335.9741,1.9319,93.19
1108,07217000,124.3194,150.7951,1.213,21.3
1108,07217100,183.8892,351.2199,1.91,91.0
1108,07218000,626.7771,642.8275,1.0256,2.56
1108,07218100,1349.3838,2233.5507,1.6552,65.52
1108,07218700,134.6794,157.5067,1.1695,16.95
1108,07220000,341.8784,574.1553,1.6794,67.94
1108,07220600,551.6675,759.2629,1.3763,37.63
1108,07221000,2675.4577,3045.5903,1.1383,13.83
1108,07221500,14794.0121,15785.5506,1.067,6.7
1108,07222000,15280.9299,16268.3493,1.0646,6.46
1108,07222500,1017.8653,1232.532,1.2109,21.09
1108,07226500,2929.2766,4597.5988,1.5695,56.95
1108,07227000,25980.1707,30588.8439,1.1774,17.74
1108,07227100,2035.7307,2086.509,1.0249,2.49
1109,07227200,1440.0334,1520.197,1.0557,5.57
1109,07228400,709.6567,775.8164,1.0932,9.32
1109,07228500,51957.7515,12602.4536,0.2426,-75.74
1109,07228940,53086.9863,11174.4973,0.2105,-78.95
1109,07229000,54291.3308,11117.9407,0.2048,-79.52
1109,07229050,53506.5644,10972.933,0.2051,-79.49
1109,07229100,54674.649,10526.816,0.1925,-80.75
1109,07229200,53760.3832,10526.816,0.1958,-80.42
1109,07229300,523.1776,525.3087,1.0041,0.41
1109,07229427,512.8176,588.167,1.1469,14.69
1109,07229500,310.7986,665.5745,2.1415,114.15
1109,07230000,665.6269,759.9336,1.1417,14.17
1109,07230500,1199.1645,1287.9397,1.074,7.4
1109,07230597,1424.4935,1555.6712,1.0921,9.21
1109,07230800,543.8975,618.0917,1.1364,13.64
1109,07231000,2299.9094,2396.5952,1.042,4.2
1109,07231500,58999.9292,13515.8298,0.2291,-77.09
1109,07231965,12.4837,294.6255,23.6007,2260.07
1109,07231975,360.0083,758.4895,2.1069,110.69
1109,07231990,347.0584,376.7878,1.0857,8.57
1109,07232000,1522.913,2894.0282,1.9003,90.03
1109,07232010,31.3389,170.5561,5.4423,444.23
1109,07232024,99.1965,107.9613,1.0884,8.84
1109,07245000,101395.4445,16804.6574,0.1657,-83.43
1109,07245030,52.0588,112.7993,2.1668,116.68
1109,07227448,9241.0776,5000.6027,0.5411,-45.89
1109,07227460,4.144,177.3224,42.7903,4179.03
1109,07227470,38106.4951,14042.0824,0.3685,-63.15
1109,07227500,39823.6572,16149.8475,0.4055,-59.45
1109,07227920,347.0584,396.0611,1.1412,14.12
1109,07228000,47080.8039,23484.6295,0.4988,-50.12
1110,07232250,2276.5995,2222.9835,0.9764,-2.36
1110,07232470,3931.602,5579.5357,1.4192,41.92
1110,07232500,3043.236,5771.1325,1.8964,89.64
1110,07232900,1877.7414,4826.4946,2.5704,157.04
1110,07233000,1986.5209,4884.2814,2.4587,145.87
1110,07233210,8394.1515,4884.2814,0.5819,-41.81
1110,07233650,2139.3302,4254.0158,1.9885,98.85
1110,07234000,12913.6807,20503.0308,1.5877,58.77
1110,07234100,440.298,458.5338,1.0414,4.14
1110,07234500,13126.0597,25113.1994,1.9132,91.32
1110,07235500,3063.9559,3627.5357,1.1839,18.39
1110,07235600,3027.6961,3781.4274,1.2489,24.89
1110,07236000,3589.7235,183.0747,0.051,-94.9
1110,07237000,3879.8022,4977.4501,1.2829,28.29
1110,07237500,21719.6403,30957.2718,1.4253,42.53
1110,07237800,360.0083,340.2686,0.9452,-5.48
1110,07238000,23460.1123,32329.3573,1.3781,37.81
1110,07239000,24058.3996,33093.6057,1.3756,37.56
1110,07239200,19924.7785,33462.3922,1.6794,67.94
1110,07239300,24672.2267,33401.022,1.3538,35.38
1110,07239450,25231.6642,32427.962,1.2852,28.52
1110,07239500,25433.6832,31797.939,1.2502,25.02
1110,07239700,25793.6916,28523.5386,1.1058,10.58
1110,07240200,25855.8513,27158.9041,1.0504,5.04
1110,07241000,25889.5212,27158.9041,1.049,4.9
1110,07241500,21898.3495,21756.4273,0.9935,-0.65
1110,07241506,28.6919,99.3996,3.4644,246.44
1110,07241520,26394.5688,21061.0255,0.7979,-20.21
1110,07241550,26619.8978,19808.6539,0.7441,-25.59
1110,07241750,6.1642,64.4998,10.4637,946.37
1110,07241780,63.9209,64.4998,1.0091,0.91
1110,07241800,27215.5951,17133.6952,0.6296,-37.04
1110,07242000,28624.5486,13164.2899,0.4599,-54.01
1110,07242100,1025.6353,1218.6787,1.1882,18.82
1110,07242247,172.4932,178.5245,1.035,3.5
1110,07242350,271.9488,493.8766,1.8161,81.61
1110,07242380,1364.9237,1410.3194,1.0333,3.33
1110,07242500,119.1395,136.6941,1.1473,14.73
1110,07243000,178.7092,235.1768,1.316,31.6
1110,07243500,5190.3362,5205.8556,1.003,0.3
1110,07244000,5975.1026,6202.4125,1.038,3.8
1110,07244100,57.7567,83.7744,1.4505,45.05
1110,07244500,33043.0683,17536.4273,0.5307,-46.93
1111,07194760,209.012,1214.8568,5.8124,481.24
1111,07194800,432.528,1214.8568,2.8087,180.87
1111,07194809,3.1598,43.501,13.7671,1276.71
1111,07194880,89.8726,336.4169,3.7433,274.33
1111,07194906,13.9859,94.6936,6.7706,577.06
1111,07194933,90.6496,94.6936,1.0446,4.46
1111,07195000,336.6985,336.4169,0.9992,-0.08
1111,07195400,1318.3039,1512.5656,1.1474,14.74
1111,07195430,1489.2432,1512.5656,1.0157,1.57
1111,07195800,36.7778,75.8658,2.0628,106.28
1111,07196900,105.1535,106.3908,1.0118,1.18
1111,07247000,525.7676,623.7462,1.1864,18.64
1111,07249400,380.7283,470.1489,1.2349,23.49
1111,07249444,3.0562,4933.2986,1614.201,161320.1
1111,07249448,3.2116,4933.2986,1536.0945,153509.45
1111,07249455,335804.9084,17845.4685,0.0531,-94.69
1111,07249500,91.4266,139.0429,1.5208,52.08
1111,07250000,1103.3349,1198.481,1.0862,8.62
1111,07250500,57603.9256,19272.6954,0.3346,-66.54
1111,07250514,2.9267,19272.6954,6585.1587,658415.87
1111,07250551,389914.94,19272.6954,0.0494,-95.06
1111,07250935,51.2818,54.0819,1.0546,5.46
1111,07250965,140.3774,330.2397,2.3525,135.25
1111,07250974,17.8709,330.2397,18.4792,1747.92
1111,07251000,192.1771,330.2397,1.7184,71.84
1111,07251500,559.4374,701.1068,1.2532,25.32
1111,07252000,966.0656,1010.8529,1.0464,4.64
1111,07252500,10.9556,93.0274,8.4913,749.13
1111,07253000,62.4187,93.0274,1.4904,49.04
1111,07253500,95.0526,213.8988,2.2503,125.03
1111,07254000,7.1484,213.8988,29.9228,2892.28
1111,07254500,15.0478,470.5294,31.2689,3026.89
1111,07255000,269.3588,470.5294,1.7469,74.69
1111,07255100,11.629,113.052,9.7215,872.15
1111,07255500,44.5478,113.052,2.5378,153.78
1111,07256000,137.2694,176.0838,1.2828,28.28
1111,07257000,709.6567,795.6671,1.1212,12.12
1111,07257006,792.5364,795.6671,1.004,0.4
1111,07257450,141.9313,143.9202,1.014,1.4
1111,07257460,146.0753,292.7275,2.0039,100.39
1111,07257480,226.365,225.2766,0.9952,-0.48
1111,07257500,624.1871,803.0976,1.2866,28.66
1111,07257693,5.5685,881.5241,158.3062,15730.62
1111,07258500,624.1871,630.1951,1.0096,0.96
1111,07259500,1336.4339,1433.1368,1.0724,7.24
1111,07260000,210.825,310.3292,1.472,47.2
1111,07260500,1978.7509,2055.7487,1.0389,3.89
1111,07260673,574.9774,791.8599,1.3772,37.72
1111,07260678,258.7398,305.5395,1.1809,18.09
1111,07260800,401448.1571,32399.481,0.0807,-91.93
1111,07260990,166.5362,193.4079,1.1614,16.14
1111,07261000,437.708,834.0728,1.9055,90.55
1111,07261090,61.1237,93.9068,1.5363,53.63
1111,07261200,315.9785,320.2769,1.0136,1.36
1111,07261500,1061.8951,1243.0697,1.1706,17.06
1111,07262500,1771.5519,2445.4269,1.3804,38.04
1111,07263000,543.8975,606.795,1.1156,11.56
1111,07263012,2478.6186,2511.2892,1.0132,1.32
1111,07263115,2740.2074,2820.5492,1.0293,2.93
1111,07263295,119.3985,220.6152,1.8477,84.77
1111,07263296,189.0691,220.6152,1.1668,16.68
1111,072632962,22.5329,220.6152,9.7908,879.08
1111,072632966,231.5449,362.7607,1.5667,56.67
1111,072632971,6.475,362.7607,56.0251,5502.51
1111,072632982,12.8463,362.7607,28.2384,2723.84
1111,07263300,354.8284,362.7607,1.0224,2.24
1111,07263426,6.3196,212.0223,33.5501,3255.01
1111,07263451,409295.8211,38874.813,0.095,-90.5
1111,07263465,0.9324,38874.813,41693.47,4169247.0
1111,07263500,352238.383,39374.9499,0.1118,-88.82
1111,07263555,255.8908,254.5581,0.9948,-0.52
1111,07263570,10.0492,439.9457,43.7794,4277.94
1111,07263580,53.0948,439.9457,8.286,728.6
1111,07263594,7.2261,439.9457,60.8831,5988.31
1111,07263605,435.118,439.9457,1.0111,1.11
1111,07263650,411808.1095,40248.267,0.0977,-90.23
1111,07263665,2.2015,111.6184,50.7013,4970.13
1111,07164480,162648.6633,283.3837,0.0017,-99.83
1111,07164500,162679.7432,410.9977,0.0025,-99.75
1111,07164600,30.0439,411.0785,13.6826,1268.26
1111,07164650,4.8433,411.0785,84.8761,8387.61
1111,07165500,318.5685,408.9525,1.2837,28.37
1111,07165550,129.4994,177.156,1.368,36.8
1111,07165562,46.3608,95.8025,2.0665,106.65
1111,07165564,1.295,95.8025,73.9791,7297.91
1111,07165565,14.1931,95.8025,6.7499,574.99
1111,07165570,164837.2033,2613.086,0.0159,-98.41
1111,07165600,196359.9486,3428.0082,0.0175,-98.25
1111,07194500,219693.1515,3840.7506,0.0175,-98.25
1111,07194555,220648.8571,9775.215,0.0443,-95.57
1111,07195500,1631.6925,1759.9147,1.0786,7.86
1111,07195855,154.8813,231.3966,1.494,49.4
1111,07195865,49.4688,56.1522,1.1351,13.51
1111,07196000,300.4386,327.8146,1.0911,9.11
1111,07196090,2136.7402,2208.7776,1.0337,3.37
1111,07196320,2318.0394,2321.6035,1.0015,0.15
1111,07196500,2460.4887,2527.6873,1.0273,2.73
1111,07196973,64.7497,64.9143,1.0025,0.25
1111,07197000,808.0763,807.7646,0.9996,-0.04
1111,07197360,233.6169,245.0759,1.0491,4.91
1111,07198000,4182.8308,4282.2452,1.0238,2.38
1111,07198500,587.9273,644.8262,1.0968,9.68
1111,07245500,471.3778,507.1683,1.0759,7.59
1111,07246000,896.1359,921.3447,1.0281,2.81
1111,07246500,330075.8547,12252.2105,0.0371,-96.29
1111,07246615,39.8858,167.37,4.1962,319.62
1111,07247015,694.1168,765.4384,1.1028,10.28
1111,07247250,244.2359,509.8924,2.0877,108.77
1111,07247450,145.5573,247.6956,1.7017,70.17
1111,07247500,310.7986,675.1305,2.1722,117.22
1111,07247550,33.1518,73.176,2.2073,120.73
1111,07248500,2571.8582,2630.917,1.023,2.3
1111,07248600,188.8101,193.2131,1.0233,2.33
1111,07248620,50.2458,69.3177,1.3796,37.96
1111,07248700,138.8234,179.3559,1.292,29.2
1111,07249080,178.9682,213.6378,1.1937,19.37
1111,07249100,72.2607,109.9656,1.5218,52.18
1111,07249413,4623.1288,4668.5504,1.0098,0.98
1111,07249422,11.37,39.4304,3.4679,246.79
1111,07249800,611.2372,626.7722,1.0254,2.54
1111,07249920,264.1788,309.5574,1.1718,17.18
1111,07249985,1087.795,1198.481,1.1018,10.18
1112,07300500,3416.1943,3937.8244,1.1527,15.27
1112,07300530,110.5925,289.7204,2.6197,161.97
1112,07300580,238.0199,289.7204,1.2172,21.72
1112,07301100,821.0262,819.9356,0.9987,-0.13
1112,07301110,4786.298,5146.7482,1.0753,7.53
1112,07301420,1061.8951,1404.395,1.3225,32.25
1112,07301481,4879.5376,5978.2624,1.2252,22.52
1112,07301500,5369.0454,6302.5698,1.1739,17.39
1112,07302000,5426.0251,6696.7122,1.2342,23.42
1112,07303000,5835.2432,6696.7122,1.1476,14.76
1112,07303400,1134.4148,1271.6079,1.1209,12.09
1112,07303420,1499.6031,1518.4378,1.0126,1.26
1112,07303500,2170.41,2282.24,1.0515,5.15
1112,07304500,1421.9035,1515.0343,1.0655,6.55
1112,07305000,10310.7427,11164.8253,1.0828,8.28
1112,07305500,341.8784,328.8343,0.9618,-3.82
1112,07306500,424.7581,424.4677,0.9993,-0.07
1112,07307010,419.5781,729.6662,1.739,73.9
1112,07307028,11476.2373,12370.9795,1.078,7.8
1112,07295400,1973.5709,2348.0146,1.1897,18.97
1112,07295450,502.4577,1480.9033,2.9473,194.73
1112,07296100,5374.2253,4389.141,0.8167,-18.33
1112,07297500,1841.4815,7405.0945,4.0213,302.13
1112,07298000,168.3492,482.8792,2.8683,186.83
1112,07298200,492.0977,2429.7646,4.9376,393.76
1112,07299000,1383.0537,1367.4804,0.9887,-1.13
1112,07299200,5239.5459,15232.1319,2.9071,190.71
1112,07299300,360.0083,536.7144,1.4908,49.08
1112,07299500,12351.6533,16513.0691,1.3369,33.69
1112,07299512,169.6442,17092.8488,100.757,9975.7
1112,07299514,172.4932,17092.8488,99.0929,9809.29
1112,07299530,367.7783,17580.5659,47.8021,4680.21
1112,07299540,7661.1848,17722.0204,2.3132,131.32
1112,07299850,688.9368,1167.4283,1.6945,69.45
1112,07300000,3164.9655,2964.9293,0.9368,-6.32
1112,07301300,2115.2433,2933.9931,1.3871,38.71
1113,07299710,725.1967,931.1442,1.284,28.4
1113,07309000,642.3171,743.904,1.1582,15.82
1113,07309990,1232.8343,1283.8525,1.0414,4.14
1113,07310000,18.1299,351.0911,19.3653,1836.53
1113,07310500,261.5888,351.0911,1.3421,34.21
1113,07311000,1797.4517,1794.8838,0.9986,-0.14
1113,07311200,63.7137,81.0451,1.272,27.2
1113,07311230,738.1466,880.4333,1.1928,19.28
1113,07311240,1175.8546,1205.6946,1.0254,2.54
1113,07311500,1564.3528,1620.1823,1.0357,3.57
1113,07312920,564.6174,592.4928,1.0494,4.94
1113,07313000,406.6281,503.8925,1.2392,23.92
1113,07313500,1458.1633,1539.3245,1.0557,5.57
1113,07313585,419.5781,503.1764,1.1992,19.92
1113,07313600,499.8677,503.1764,1.0066,0.66
1113,07315650,55586.3248,36835.0532,0.6627,-33.73
1113,07315700,1486.6532,1562.17,1.0508,5.08
1113,07315900,813.2563,863.7273,1.0621,6.21
1113,07316000,59116.4786,40349.5027,0.6825,-31.75
1113,07316500,1976.1609,2304.671,1.1662,16.62
1113,07317500,13.3643,107.5301,8.046,704.6
1113,07318000,43.5118,107.5301,2.4713,147.13
1113,07318500,2.6418,107.5301,40.7035,3970.35
1113,07319000,26.1589,107.5301,4.1107,311.07
1113,07319500,105.9305,266.5097,2.5159,151.59
1113,07320000,7.4333,266.5097,35.8537,3485.37
1113,07320500,16.7313,266.5097,15.9288,1492.88
1113,07321000,10.0751,266.5097,26.4524,2545.24
1113,07321500,1.6058,266.5097,165.9677,16496.77
1113,07322000,8.1067,266.5097,32.8754,3187.54
1113,07322500,59.5697,266.5097,4.4739,347.39
1113,07323000,225.588,266.5097,1.1814,18.14
1113,07324000,13.8046,266.5097,19.3058,1830.58
1113,07324200,3509.4339,3597.6745,1.0251,2.51
1113,07324400,3921.242,4055.925,1.0343,3.43
1113,07324500,629.3671,718.9086,1.1423,14.23
1113,07325000,5047.8868,5443.1188,1.0783,7.83
1113,07325500,8039.3231,8153.1979,1.0142,1.42
1113,07325800,341.8784,425.5373,1.2447,24.47
1113,07325840,49.4688,95.8724,1.938,93.8
1113,07325850,135.9744,175.6835,1.292,29.2
1113,07325860,73.0377,85.097,1.1651,16.51
1113,07326000,805.4863,850.1253,1.0554,5.54
1113,07326500,9396.4769,9553.1544,1.0167,1.67
1113,07327000,538.7175,603.2687,1.1198,11.98
1113,07327050,89.0956,208.3091,2.338,133.8
1113,073274406,9.4535,58.2885,6.1658,516.58
1113,073274408,2.849,58.2885,20.4594,1945.94
1113,07327442,34.4468,58.2885,1.6921,69.21
1113,07327445,8.6506,158.6586,18.3408,1734.08
1113,073274458,16.0579,158.6586,9.8804,888.04
1113,07327447,161.3563,243.613,1.5098,50.98
1113,07327483,4.2994,361.429,84.0654,8306.54
1113,07327490,538.7175,541.4424,1.0051,0.51
1113,07327500,587.9273,625.4675,1.0639,6.39
1113,07327550,600.8772,625.4675,1.0409,4.09
1113,07328000,12188.484,12441.1093,1.0207,2.07
1113,07328070,85.4696,109.304,1.2789,27.89
1113,07328100,12317.9835,12441.1093,1.01,1.0
1113,07328180,18.622,71.7204,3.8514,285.14
1113,07328500,13711.3971,14165.9199,1.0331,3.31
1113,07328550,19.5803,59.3544,3.0313,203.13
1113,07329000,375.5483,531.4587,1.4152,41.52
1113,07329500,533.5376,531.4587,0.9961,-0.39
1113,07329700,1553.9929,1636.4922,1.0531,5.31
1113,07329780,42.4758,49.2196,1.1588,15.88
1113,073298507,9.6607,156.0208,16.1501,1515.01
1113,07329852,114.2185,156.0208,1.366,36.6
1113,07329900,357.4184,358.5377,1.0031,0.31
1113,07330500,771.8165,801.8941,1.039,3.9
1113,07330700,845.3721,907.5354,1.0735,7.35
1113,07331000,18544.3149,18610.5054,1.0036,0.36
1113,07331185,54.571,149.2429,2.7348,173.48
1113,07331200,121.2114,149.2429,1.2313,23.13
1113,07331205,128.2303,149.2429,1.1639,16.39
1113,07331250,231.0269,267.4761,1.1578,15.78
1113,07331290,19375.4421,19856.7645,1.0248,2.48
1113,07331295,85.4696,115.9284,1.3564,35.64
1113,07331300,171.4572,259.0728,1.511,51.1
1113,07331383,244.2359,259.0728,1.0607,6.07
1113,07299570,9199.6378,1246.1439,0.1355,-86.45
1113,07307500,90.6496,667.2294,7.3605,636.05
1113,07307600,3714.043,3407.3938,0.9174,-8.26
1113,07307750,2644.3779,3007.0375,1.1371,13.71
1113,07307760,2740.2074,3126.5695,1.141,14.1
1113,07308000,6417.9905,7590.8599,1.1827,18.27
1113,07308200,7586.0752,8789.465,1.1586,15.86
1113,07308500,37901.886,13829.958,0.3649,-63.51
1113,07311622,1530.683,2228.8486,1.4561,45.61
1113,07311648,416.9881,444.4619,1.0659,6.59
1113,07311700,2426.8189,2571.2831,1.0595,5.95
1113,07311780,567.2074,831.8845,1.4666,46.66
1113,07311782,577.5673,831.8845,1.4403,44.03
1113,07311783,577.5673,831.8845,1.4403,44.03
1113,07311790,1292.4041,1243.9761,0.9625,-3.75
1113,07311900,4853.6377,4887.2986,1.0069,0.69
1113,07312100,5402.7152,5423.3955,1.0038,0.38
1113,07312200,1688.6722,1759.4616,1.0419,4.19
1113,07312330,7658.5948,8010.0139,1.0459,4.59
1113,07312500,2729.8475,8635.6773,3.1634,216.34
1113,07315200,461.0179,561.8426,1.2187,21.87
1113,07315400,3496.4839,3838.2881,1.0978,9.78
1113,07315510,80.7817,103.9527,1.2868,28.68
1113,07315525,443.147,494.1691,1.1151,11.51
1113,07316200,67.3397,147.1364,2.185,118.5
1114,07337000,109038.4994,32685.4468,0.2998,-70.02
1114,07339500,471.3778,930.3506,1.9737,97.37
1114,07340000,6889.3684,7450.8672,1.0815,8.15
1114,07340300,232.0629,371.184,1.5995,59.95
1114,07341000,321.1585,519.0824,1.6163,61.63
1114,07341200,663.037,671.0524,1.0121,1.21
1114,07341301,10668.161,10978.8423,1.0291,2.91
1114,07341500,120289.4078,33344.4862,0.2772,-72.28
1114,07344370,132003.924,44737.7299,0.3389,-66.11
1114,07349430,611.2372,759.5689,1.2427,24.27
1114,07344400,132361.3424,44895.7739,0.3392,-66.08
1114,07346450,458.4279,465.0651,1.0145,1.45
1114,07347000,300.4386,270.7379,0.9011,-9.89
1114,07347500,942.7557,1005.1456,1.0662,6.62
1114,07348500,156986.9493,54259.8464,0.3456,-65.44
1114,07348700,1566.9428,1809.024,1.1545,15.45
1114,07348800,173.2702,251.1229,1.4493,44.93
1114,07349000,2841.217,2978.416,1.0483,4.83
1114,07349450,1061.8951,1397.16,1.3157,31.57
1114,07349500,1414.1335,1481.0511,1.0473,4.73
1114,07349795,230.2499,408.3074,1.7733,77.33
1114,07349800,344.4684,408.3074,1.1853,18.53
1114,07349860,2538.1883,2041.4621,0.8043,-19.57
1114,07349868,1.036,2041.4621,1970.5323,196953.23
1114,07349870,1.2173,2041.4621,1677.0488,167604.88
1114,07349890,2600.3481,2123.4878,0.8166,-18.34
1114,07349910,2457.8987,2953.9814,1.2018,20.18
1114,07350000,6806.4888,6822.0351,1.0023,0.23
1114,07350020,6858.2885,6822.0351,0.9947,-0.53
1114,07350500,164106.8266,61222.9727,0.3731,-62.69
1114,07350900,67.3397,109.344,1.6238,62.38
1114,07351000,204.6091,376.9926,1.8425,84.25
1114,07351500,170.9392,598.8408,3.5032,250.32
1114,07351571,880.596,1000.3833,1.136,13.6
1114,07351600,1711.9821,1772.05,1.0351,3.51
1114,07351700,50.5048,115.7315,2.2915,129.15
1114,07351748,83.6566,80.44,0.9616,-3.84
1114,07351750,2227.3898,2192.6997,0.9844,-1.56
1114,07351755,2276.5995,2900.0869,1.2739,27.39
1114,07351780,13.701,213.1907,15.5602,1456.02
1114,07351880,9.0391,213.1907,23.5855,2258.55
1114,07351900,90.9086,213.1907,2.3451,134.51
1114,07352000,398.8582,416.4441,1.0441,4.41
1114,07352800,243.1999,352.9762,1.4514,45.14
1114,07353000,3589.7235,3479.4525,0.9693,-3.07
1114,07353500,121.7294,220.1212,1.8083,80.83
1114,07353522,206.4221,220.1212,1.0664,6.64
1114,07353800,103.8585,189.1787,1.8215,82.15
1114,07354000,55.4257,58.507,1.0556,5.56
1114,07354100,362.5983,381.3483,1.0517,5.17
1114,07354500,13.6492,58.2816,4.27,327.0
1114,07355000,46.6198,104.934,2.2508,125.08
1114,07355005,13.5197,104.934,7.7615,676.15
1114,07332000,82296.9758,251.1808,0.0031,-99.69
1114,07332305,116.2905,179.9719,1.5476,54.76
1114,07332307,127.4274,179.9719,1.4123,41.23
1114,07332348,318.4649,388.9741,1.2214,22.14
1114,07332390,419.5781,456.5417,1.0881,8.81
1114,07332400,525.7676,543.4218,1.0336,3.36
1114,07332500,1235.4243,1305.3692,1.0566,5.66
1114,07332900,20.9789,66.3165,3.1611,216.11
1114,07332950,1152.5447,1544.7489,1.3403,34.03
1114,07333000,352.2384,446.814,1.2685,26.85
1114,07333500,84.6926,593.797,7.0112,601.12
1114,07333800,224.293,231.2442,1.031,3.1
1114,07333910,455.8379,471.8564,1.0351,3.51
1114,07334000,2820.4971,2893.8136,1.026,2.6
1114,07334428,44.5737,75.789,1.7003,70.03
1114,07334800,1680.9023,1681.4706,1.0003,0.03
1114,07335000,1846.6615,1984.9172,1.0749,7.49
1114,07335300,5858.5531,6098.8052,1.041,4.1
1114,07335500,94578.5958,12568.3113,0.1329,-86.71
1114,07335700,102.5635,127.6914,1.245,24.5
1114,07335790,1810.4017,1899.9828,1.0495,4.95
1114,07336000,176.1192,264.721,1.5031,50.31
1114,07336200,2924.0966,2935.9604,1.0041,0.41
1114,07336500,3685.5531,3806.321,1.0328,3.28
1114,07337500,1670.5423,1729.4302,1.0353,3.53
1114,07337900,828.7962,892.5775,1.077,7.7
1114,07338000,3038.0561,2998.8513,0.9871,-1.29
1114,07338500,3180.5054,3638.2556,1.1439,14.39
1114,07338750,833.9762,1254.1537,1.5038,50.38
1114,07338920,1987.0389,2074.3194,1.0439,4.39
1114,07339000,2071.9905,2074.3194,1.0011,0.11
1114,07331600,102874.3277,109.6245,0.0011,-99.89
1114,07332600,186.4791,338.0312,1.8127,81.27
1114,07332605,372.9583,481.0279,1.2898,28.98
1114,07332655,1025.6353,1103.7478,1.0762,7.62
1114,07335400,453.2479,460.0335,1.015,1.5
1114,07336750,195.2851,450.1826,2.3053,130.53
1114,07336800,258.9988,258.6592,0.9987,-0.13
1114,07336820,101890.1323,20240.7356,0.1987,-80.13
1114,07342470,489.5078,492.0249,1.0051,0.51
1114,07342473,551.6675,581.7108,1.0545,5.45
1114,07343300,178.7092,248.8894,1.3927,39.27
1114,07344000,7184.627,7609.7143,1.0592,5.92
1114,07344482,70.4477,133.7799,1.899,89.9
1114,07345000,186.4791,255.2473,1.3688,36.88
1114,07346020,577.5673,575.6313,0.9966,-0.34
1114,07346047,683.7569,797.3634,1.1662,16.62
1114,07346048,789.9464,899.2633,1.1384,13.84
1114,07346055,1408.9535,1409.8217,1.0006,0.06
1114,07346085,5586.6044,5636.7108,1.009,0.9
1114,07346095,90.9086,115.3784,1.2692,26.92
1114,07346140,124.3194,131.9831,1.0616,6.16
1201,08022765,236.9839,255.2106,1.0769,7.69
1201,08023000,249.9339,255.2106,1.0211,2.11
1201,08023080,187.7741,458.5672,2.4421,144.21
1201,08023400,207.717,363.2825,1.7489,74.89
1201,08023500,398.8582,463.9427,1.1632,16.32
1201,08024000,287.4887,455.2068,1.5834,58.34
1201,08024060,8.1844,148.0665,18.0914,1709.14
1201,08024160,2.6677,43.0575,16.1404,1514.04
1201,08024200,336.6985,386.5614,1.1481,14.81
1201,08025500,383.3182,432.0712,1.1272,12.72
1201,08027500,297.8486,539.3858,1.8109,81.09
1201,08027600,0.5439,143.2514,263.3794,26237.94
1201,08027700,541.3075,539.3858,0.9964,-0.36
1201,08028000,945.3457,1031.1141,1.0907,9.07
1201,08028200,1100.7449,1145.462,1.0406,4.06
1201,08028700,33.9288,75.9427,2.2383,123.83
1201,08017190,42.9938,100.538,2.3384,133.84
1201,08017500,2299.9094,2732.634,1.1881,18.81
1201,08018000,174.5652,237.6601,1.3614,36.14
1201,08018730,85.7286,154.1155,1.7977,79.77
1201,08020200,126.6504,158.3196,1.2501,25.01
1201,08020500,7632.695,8139.4937,1.0664,6.64
1201,08020820,86.2466,8139.4937,94.3747,9337.47
1201,08020960,52.5768,128.4109,2.4424,144.24
1201,08020980,124.0604,128.4109,1.0351,3.51
1201,08020990,162.3923,163.0256,1.0039,0.39
1201,08021000,310.7986,410.5713,1.321,32.1
1201,08021600,19.7875,94.2337,4.7623,376.23
1201,08022070,383.3182,443.845,1.1579,15.79
1201,08022100,219.631,282.8958,1.2881,28.81
1201,08022120,10678.521,10784.5078,1.0099,0.99
1201,08022300,347.0584,512.5932,1.477,47.7
1201,08022400,213.933,340.9224,1.5936,59.36
1201,08022500,12532.9525,12609.3205,1.0061,0.61
1201,08023200,253.3008,320.6786,1.266,26.6
1201,08024400,16855.6426,17650.9465,1.0472,4.72
1201,08024500,318.5685,377.5241,1.1851,18.51
1201,08025240,106.9665,133.578,1.2488,24.88
1201,08025307,46.6198,89.4779,1.9193,91.93
1201,08025360,18590.9347,19465.4567,1.047,4.7
1201,08026290,19551.8202,21229.5006,1.0858,8.58
1201,08029760,184.9252,24227.8626,131.0144,13001.44
1201,08030000,179.2272,326.9875,1.8244,82.44
1201,08030050,339.2884,394.8356,1.1637,16.37
1201,08030520,24273.3686,25495.1603,1.0503,5.03
1201,08030530,24467.6177,25495.1603,1.042,4.2
1201,08030540,24496.1075,25495.1603,1.0408,4.08
1201,08030730,155.3993,25495.1603,164.0623,16306.23
1201,08030800,191.6591,25495.1603,133.0235,13202.35
1201,08031010,271.9488,376.188,1.3833,38.33
1201,08031020,38.8498,376.188,9.6831,868.31
1201,08031050,471.3778,472.9173,1.0033,0.33
1202,08031200,600.8772,611.634,1.0179,1.79
1202,08031500,2204.0799,2335.3984,1.0596,5.96
1202,08032000,2965.5364,3037.0676,1.0241,2.41
1202,08032500,5037.5269,5038.9822,1.0003,0.03
1202,08032700,5796.3934,6282.5333,1.0839,8.39
1202,08033300,204.6091,252.3215,1.2332,23.32
1202,08033350,644.907,734.2846,1.1386,13.86
1202,08033500,9417.1968,9574.1518,1.0167,1.67
1202,08033700,378.1383,471.5013,1.2469,24.69
1202,08035000,1230.2444,1287.7802,1.0468,4.68
1202,08037000,4143.981,4186.1638,1.0102,1.02
1202,08037180,4188.0108,4186.1638,0.9996,-0.04
1202,08037500,195.0261,214.0836,1.0977,9.77
1202,08038000,1302.764,1355.168,1.0402,4.02
1202,08038500,7490.2456,7570.3044,1.0107,1.07
1202,08039100,230.5089,286.2928,1.242,24.2
1202,08039500,9028.6986,9079.0146,1.0056,0.56
1202,08040600,19616.5699,19765.852,1.0076,0.76
1202,08041000,20592.9955,20604.4136,1.0006,0.06
1202,08041300,686.3468,705.5508,1.028,2.8
1202,08041365,88.5776,116.298,1.313,31.3
1202,08041375,116.0315,199.0369,1.7154,71.54
1202,08041540,419.5781,511.2258,1.2184,21.84
1202,08041745,75.1097,328.0938,4.3682,336.82
1203,08042600,600.8772,681.0531,1.1334,13.34
1203,08042700,55.9437,141.6418,2.5319,153.19
1203,08042900,76.6636,121.6225,1.5864,58.64
1203,08043500,2970.7164,3010.5199,1.0134,1.34
1203,08044135,135.9744,4428.2222,32.5666,3156.66
1203,08044140,136.4924,142.9678,1.0474,4.74
1203,08045500,5314.6556,5308.7865,0.9989,-0.11
1203,08046000,650.087,683.1781,1.0509,5.09
1203,08048520,45.8428,95.8281,2.0904,109.04
1203,08048530,2.5123,95.8281,38.1437,3714.37
1203,08048540,3.4965,95.8281,27.407,2640.7
1203,08048600,5.5685,7151.4475,1284.2741,128327.41
1203,08048850,31.8569,7151.4475,224.4869,22348.69
1203,08048980,258.9988,316.6497,1.2226,22.26
1203,08049000,326.3385,369.8983,1.1335,13.35
1203,08049550,76.6636,114.365,1.4918,49.18
1203,08049562,2.5382,244.8159,96.453,9545.3
1203,08049600,308.2086,350.365,1.1368,13.68
1203,08049900,603.4672,686.9237,1.1383,13.83
1203,08050000,707.0668,763.2412,1.0794,7.94
1203,08050300,119.1395,174.207,1.4622,46.22
1203,08050350,157.2123,174.207,1.1081,10.81
1203,08050500,986.7855,1793.9494,1.818,81.8
1203,08051000,688.9368,777.5876,1.1287,12.87
1203,08051130,1792.2718,1889.1182,1.054,5.4
1203,08052000,2807.5471,2847.2537,1.0141,1.41
1203,08052650,120.9524,265.7796,2.1974,119.74
1203,08053010,38.0728,4507.2149,118.384,11738.4
1203,08053030,10.619,4507.2149,424.4501,42345.01
1203,08053090,23.5689,6448.7332,273.6121,27261.21
1203,08053430,714.3446,741.7929,1.0384,3.84
1203,08054000,1608.3826,1630.7567,1.0139,1.39
1203,08055700,25.8999,6676.0968,257.7655,25676.55
1203,08056000,6622.5996,6676.0968,1.0081,0.81
1203,08057055,15881.8071,16409.9263,1.0333,3.33
1203,08057100,76.1457,80.8633,1.062,6.2
1203,08057300,258.9988,348.6668,1.3462,34.62
1203,08057450,136.7514,200.2292,1.4642,46.42
1203,08058500,101.0095,129.7242,1.2843,28.43
1203,08059500,292.6687,311.9424,1.0659,6.59
1203,08059570,79.5126,124.415,1.5647,56.47
1203,08060000,839.1561,2095.2025,2.4968,149.68
1203,08061000,2002.0608,2095.2025,1.0465,4.65
1203,08061500,2175.59,2205.6292,1.0138,1.38
1203,08061548,72.7787,124.4223,1.7096,70.96
1203,08061700,81.8436,110.0638,1.3448,34.48
1203,08061950,59.5697,72.2443,1.2128,21.28
1203,08062095,166.2772,240.2145,1.4447,44.47
1203,08062575,21572.011,21677.1483,1.0049,0.49
1203,08062650,2608.118,22324.9159,8.5598,755.98
1203,08062900,603.4672,619.6612,1.0268,2.68
1203,08062980,305.6186,1848.2398,6.0475,504.75
1203,08063000,1898.4613,1935.9614,1.0198,1.98
1203,08063003,70.9657,96.3054,1.3571,35.71
1203,08063020,2618.478,2657.4738,1.0149,1.49
1203,08063200,45.5838,80.976,1.7764,77.64
1203,08063460,1890.6913,1930.9594,1.0213,2.13
1203,08063500,1901.0513,1930.9594,1.0157,1.57
1203,08064500,2494.1586,2728.2627,1.0939,9.39
1203,08064800,536.1275,760.8167,1.4191,41.91
1203,08065000,33237.3174,33842.7333,1.0182,1.82
1203,08065340,96.0886,135.7776,1.413,41.3
1203,08065500,37425.3282,37729.8382,1.0081,0.81
1203,08065700,290.0787,357.0423,1.2308,23.08
1203,08065925,104.3765,154.6446,1.4816,48.16
1203,08066000,40375.3247,40614.736,1.0059,0.59
1203,08066100,574.9774,764.4192,1.3295,32.95
1203,08066191,42949.7728,42387.5994,0.9869,-1.31
1203,08067000,45241.9123,40945.4612,0.905,-9.5
1203,08067100,45513.8611,39489.1909,0.8676,-13.24
1203,08067215,45565.6608,38839.7307,0.8524,-14.76
1204,08042490,225.07,380.3355,1.6899,68.99
1204,08042520,120.4344,1964.3436,16.3105,1531.05
1204,08042558,57.4977,518.158,9.0118,801.18
1204,08067520,17.3529,10257.172,591.092,59009.2
1204,08067610,1152.5447,1260.4685,1.0936,9.36
1204,08067650,1168.0846,1260.4685,1.0791,7.91
1204,08067700,104.6355,569.6413,5.4441,444.41
1204,08067900,753.6865,862.6659,1.1446,14.46
1204,08068000,2144.5102,2208.2009,1.0297,2.97
1204,08068700,209.012,316.5375,1.5144,51.44
1204,08069500,4509.1693,7258.2321,1.6097,60.97
1204,08069800,238.0199,289.6192,1.2168,21.68
1204,08070900,181.5582,215.1105,1.1848,18.48
1204,08071500,7251.9667,7343.7856,1.0127,1.27
1204,08072350,211.602,346.9398,1.6396,63.96
1204,08072520,20.4609,827.1367,40.4252,3942.52
1204,08072800,126.6504,142.5163,1.1253,12.53
1204,08073898,5.18,879.9717,169.8795,16887.95
1204,08074000,870.236,879.9717,1.0112,1.12
1204,08074150,19.4249,193.0584,9.9387,893.87
1204,08074250,29.5259,193.0584,6.5386,553.86
1204,08074540,46.8788,302.4573,6.4519,545.19
1204,08074598,328.9285,302.4573,0.9195,-8.05
1204,08074600,878.006,879.9717,1.0022,0.22
1204,08074610,1175.8546,2598.2336,2.2097,120.97
1204,08074710,1204.3445,2598.2336,2.1574,115.74
1204,08074800,32.8928,248.5813,7.5573,655.73
1204,08075110,349.6484,367.4473,1.0509,5.09
1204,08075500,163.1693,247.6235,1.5176,51.76
1204,08075650,27.7129,247.6235,8.9353,793.53
1204,08075780,22.4034,86.8698,3.8775,287.75
1204,08076005,8.5988,192.507,22.3878,2138.78
1204,08076700,471.3778,540.6338,1.1469,14.69
1204,08077000,100.4915,771.4224,7.6765,667.65
1204,08077647,195.8031,13077.6787,66.7899,6578.99
1204,08077695,30.0439,13077.6787,435.2862,43428.62
1204,08078080,45.3248,1602.5349,35.3567,3435.67
1204,08078400,95.8296,299.77,3.1282,212.82
1204,08078930,356.9004,539.4897,1.5116,51.16
1204,08078940,471.3778,539.4897,1.1445,14.45
1204,08079000,295.2586,1602.5349,5.4276,442.76
1204,08079005,300.4386,1602.5349,5.334,433.4
1204,08079010,588.9633,1602.5349,2.7209,172.09
1204,08079120,3.5742,1602.5349,448.3639,44736.39
1205,08079500,517.9976,6015.2017,11.6124,1061.24
1205,08079510,13941.906,6015.2017,0.4314,-56.86
1205,08079575,1134.4148,6938.0069,6.1159,511.59
1205,08080000,4154.3409,10467.3377,2.5196,151.96
1205,08080540,205.1271,254.1668,1.2391,23.91
1205,08080950,722.6067,834.4447,1.1548,15.48
1205,08081000,5141.1264,9490.8026,1.8461,84.61
1205,08081200,751.0966,759.4195,1.0111,1.11
1205,08081500,166.5362,248.6113,1.4928,49.28
1205,08082100,229.9909,241.533,1.0502,5.02
1206,08082180,650.087,709.8756,1.092,9.2
1206,08083000,18813.6736,6193.2359,0.3292,-67.08
1206,08083235,3304.8248,3426.5895,1.0368,3.68
1206,08083245,530.9476,609.1673,1.1473,14.73
1206,08083280,287.4887,333.4964,1.16,16.0
1206,08083300,344.4684,680.2444,1.9748,97.48
1206,08083400,101.2685,69.8746,0.69,-31.0
1206,08083430,1092.975,680.2444,0.6224,-37.76
1206,08083470,308.2086,489.671,1.5888,58.88
1206,08085000,2367.2491,2758.3395,1.1652,16.52
1206,08086000,11196.5186,84.293,0.0075,-99.25
1206,08086015,331.5185,368.9205,1.1128,11.28
1206,08086100,1175.8546,1200.1506,1.0207,2.07
1206,08086120,168.8672,169.7202,1.0051,0.51
1206,08086150,101.7865,110.4578,1.0852,8.52
1206,08086200,297.8486,380.239,1.2766,27.66
1206,08086210,59.3107,380.239,6.411,541.1
1206,08086235,279.7187,353.969,1.2654,26.54
1206,08086260,68.3757,93.8,1.3718,37.18
1206,08086500,2820.4971,3326.754,1.1795,17.95
1206,08087300,14755.1623,14858.4065,1.007,0.7
1206,08088000,33946.9742,22209.0919,0.6542,-34.58
1206,08088100,30.5619,140.1298,4.5851,358.51
1206,08088200,310.7986,711.7977,2.2902,129.02
1206,08088300,62.6777,71.63,1.1428,14.28
1206,08088430,183.7338,190.6738,1.0378,3.78
1206,08088450,251.2288,303.9926,1.21,21.0
1206,08088470,344.4684,408.4761,1.1858,18.58
1206,08088600,36337.5332,24102.0386,0.6633,-33.67
1206,08089200,681.1669,688.8543,1.0113,1.13
1206,08090500,1484.0632,1650.263,1.112,11.2
1206,08092600,45643.3605,33152.6805,0.7263,-27.37
1206,08093250,217.3,271.2211,1.2481,24.81
1206,08093400,32.1159,102.6043,3.1948,219.48
1206,08093500,797.7163,807.3842,1.0121,1.21
1206,08093700,248.3799,344.507,1.387,38.7
1206,08094500,117.5855,262.8949,2.2358,123.58
1206,08095500,999.7354,4310.2979,4.3114,331.14
1206,08095600,4289.0203,4310.2979,1.005,0.5
1206,08096500,51781.6323,38861.3003,0.7505,-24.95
1207,08097500,53470.3045,979.0541,0.0183,-98.17
1207,08098000,218.854,231.9609,1.0599,5.99
1207,08098450,56332.2414,23900.8579,0.4243,-57.57
1207,08100630,29.0079,61.0333,2.104,110.4
1207,08101200,1388.2336,1454.5633,1.0478,4.78
1207,08101300,1442.6234,1454.5633,1.0083,0.83
1207,08101310,32.8928,172.0732,5.2313,423.13
1207,08101330,47.3968,62.9914,1.329,32.9
1207,08101340,153.0683,172.0732,1.1242,12.42
1207,08101500,1727.5221,1764.2404,1.0213,2.13
1207,08102600,290.0787,294.7921,1.0162,1.62
1207,08103903,121.4704,157.6481,1.2978,29.78
1207,08104000,3211.5853,3258.4879,1.0146,1.46
1207,08104310,352.2384,390.8899,1.1097,10.97
1207,08104866,222.221,348.0409,1.5662,56.62
1207,08104870,274.5387,348.0409,1.2677,26.77
1207,08105000,1048.9452,1097.7265,1.0465,4.65
1207,08105046,59.3107,101.2386,1.7069,70.69
1207,08105100,215.228,327.6827,1.5225,52.25
1207,08105200,303.0286,327.6827,1.0814,8.14
1207,08105300,1458.1633,1526.8497,1.0471,4.71
1207,08105400,1551.4029,1604.4997,1.0342,3.42
1207,08105863,59.5697,159.0103,2.6693,166.93
1207,0810588650,35.6123,276.2279,7.7565,675.65
1207,08105897,497.2777,636.8744,1.2807,28.07
1207,08106300,1307.944,1345.8756,1.029,2.9
1207,08106310,3519.7938,3538.6294,1.0054,0.54
1207,08107000,193.4721,212.5728,1.0987,9.87
1207,08107500,442.888,457.5367,1.0331,3.31
1207,08108000,83.3976,157.2164,1.8851,88.51
1207,08108200,116.0315,157.2164,1.3549,35.49
1207,08108705,223.257,228.6474,1.0241,2.41
1207,08109000,77567.5539,24813.5978,0.3199,-68.01
1207,08109300,65.0087,138.84,2.1357,113.57
1207,08110075,178.4502,217.6918,1.2199,21.99
1207,08110200,81910.964,29009.642,0.3542,-64.58
1207,08110400,805.4863,940.8216,1.168,16.8
1207,08111000,3765.8427,4129.9321,1.0967,9.67
1207,08111010,4685.2885,4878.1378,1.0412,4.12
1207,08111025,3.4447,111.9169,32.4897,3148.97
1207,08111050,5.0246,111.9169,22.2739,2127.39
1207,08111060,235.6889,306.6028,1.3009,30.09
1207,08111062,258.9988,306.6028,1.1838,18.38
1207,08111570,18.363,122.2187,6.6557,565.57
1207,08114100,92089.6173,37352.6594,0.4056,-59.44
1207,08114500,92263.1465,36876.0344,0.3997,-60.03
1207,08115500,67.8577,297.892,4.39,339.0
1207,08116000,300.4386,386.8146,1.2875,28.75
1207,08116500,31.5979,105.6604,3.3439,234.39
1207,08117210,71.4837,35952.4775,502.9467,50194.67
1208,08118500,68.1167,1214.7409,17.8332,1683.32
1208,08119000,110.3335,115.8734,1.0502,5.02
1208,08119500,2880.0668,3681.5914,1.2783,27.83
1208,08120700,3965.2718,4748.4103,1.1975,19.75
1208,08121500,595.6973,754.0129,1.2658,26.58
1208,08122000,56.2027,138.9796,2.4728,147.28
1208,08122500,699.2968,878.2127,1.2559,25.59
1208,08123500,458.4279,459.6026,1.0026,0.26
1208,08123650,3897.9321,21188.2966,5.4358,443.58
1208,08123700,3954.9118,21188.2966,5.3575,435.75
1208,08123720,4063.6913,21311.0389,5.2443,424.43
1208,08123900,12268.7737,30289.1927,2.4688,146.88
1209,08117370,349.6484,408.8821,1.1694,16.94
1209,08117400,380.7283,450.3396,1.1828,18.28
1209,08117705,2274.0096,2390.3186,1.0511,5.11
1209,08117855,252.5238,340.1742,1.3471,34.71
1209,08117900,26.6769,649.818,24.3588,2335.88
1209,08126500,15954.3268,1196.3073,0.075,-92.5
1209,08128500,4364.13,5850.7379,1.3406,34.06
1209,08129300,1048.9452,1106.5853,1.055,5.5
1209,08131000,1737.882,9229.009,5.3105,431.05
1209,08132500,10385.8523,9311.8833,0.8966,-10.34
1209,08133500,1471.1132,1581.1217,1.0748,7.48
1209,08135000,3755.4828,3846.1882,1.0242,2.42
1209,08139500,113.7005,23010.5383,202.3786,20137.86
1209,08140500,21.5228,23010.5383,1069.1238,106812.38
1209,08140700,1377.8737,1710.2711,1.2412,24.12
1209,08140800,862.466,1004.4837,1.1647,16.47
1209,08140860,1162.9047,1162.7535,0.9999,-0.01
1209,08141500,140.3774,174.8608,1.2456,24.56
1209,08143600,5369.0454,5363.8483,0.999,-0.1
1209,08143890,1639.4625,1665.343,1.0158,1.58
1209,08144800,261.5888,399.9188,1.5288,52.88
1209,08151000,9704.6854,9638.5668,0.9932,-0.68
1209,08151100,10067.2838,10159.1045,1.0091,0.91
1209,08152940,74.8507,83.7269,1.1186,11.86
1209,08152980,159.0253,163.2205,1.0264,2.64
1209,08153000,1675.7223,1645.9723,0.9822,-1.78
1209,08153900,133.3844,211.1909,1.5833,58.33
1209,08153990,12.4319,3314.1358,266.5823,26558.23
1209,08154000,3351.4446,3314.1358,0.9889,-1.11
1209,08154050,88.0596,146.0824,1.6589,65.89
1209,08154510,70841.3548,45933.9629,0.6484,-35.16
1209,08155260,282.3087,45556.6416,161.3717,16037.17
1209,08156700,16.8867,45404.4517,2688.7664,268776.64
1209,08157000,5.9829,45404.4517,7589.0722,758807.22
1209,08157500,10.6967,45404.4517,4244.7353,424373.53
1209,08158050,33.9288,45404.4517,1338.2257,133722.57
1209,08158100,32.6339,45053.542,1380.577,137957.7
1209,08158800,429.938,467.9701,1.0885,8.85
1209,08158880,9.2722,835.1571,90.0715,8907.15
1209,08158922,17.586,835.1571,47.4898,4648.98
1209,08159150,11.9398,290.2118,24.3062,2330.62
1209,08159165,100.2325,170.7622,1.7037,70.37
1209,08159170,165.2412,170.7622,1.0334,3.34
1209,08160000,3.8332,35634.4853,9296.3187,929531.87
1209,08160500,73231.9138,31109.4871,0.4248,-57.52
1209,08160700,77466.5444,25942.596,0.3349,-66.51
1209,08162501,80040.9926,18521.6018,0.2314,-76.86
1210,08164350,1131.8248,1210.4152,1.0694,6.94
1210,08164370,1421.9035,1466.9937,1.0317,3.17
1210,08164500,2750.5674,2754.2535,1.0013,0.13
1210,08166500,1973.5709,2356.7781,1.1942,19.42
1210,08167109,40.9218,2518.0828,61.534,6053.4
1210,08167200,2856.7569,2974.7349,1.0413,4.13
1210,08167600,28.2309,3516.6784,124.5685,12356.85
1210,08167870,22.6624,43.2365,1.9079,90.79
1210,08167900,3853.9023,3935.0294,1.0211,2.11
1210,08168770,78.4766,178.4894,2.2744,127.44
1210,08169500,4278.6604,4391.4365,1.0264,2.64
1210,08169740,4519.5293,4539.3751,1.0044,0.44
1210,08170800,138.0464,200.0583,1.4492,44.92
1210,08170890,130.0174,177.8675,1.368,36.8
1210,08172400,290.0787,384.6365,1.326,32.6
1210,08172500,489.5078,604.4984,1.2349,23.49
1210,08173500,3234.8951,3369.5418,1.0416,4.16
1210,08176000,12848.931,12897.2904,1.0038,0.38
1210,08176550,432.528,473.5463,1.0948,9.48
1210,08177000,955.7056,1022.521,1.0699,6.99
1210,08177520,15063.3708,15198.4083,1.009,0.9
1210,08177825,92.7216,111.8043,1.2058,20.58
1210,08177860,94.2756,111.8043,1.1859,18.59
1210,08178000,108.2615,111.8043,1.0327,3.27
1210,08178505,227.919,922.9967,4.0497,304.97
1210,08178638,4.403,154.1296,35.0057,3400.57
1210,08178861,235.9479,296.8386,1.2581,25.81
1210,08178871,65.2677,90.1098,1.3806,38.06
1210,08179000,1227.6544,1415.3453,1.1529,15.29
1210,08179100,145.8163,153.1854,1.0505,5.05
1210,08180640,2084.9404,2091.1078,1.003,0.3
1210,08180850,2703.9476,2747.7136,1.0162,1.62
1210,08180990,99.7145,198.0454,1.9861,98.61
1210,08181410,1.0101,211.5945,209.4798,20847.98
1210,08181450,3.0821,614.5959,199.4091,19840.91
1210,08182500,199.9471,244.266,1.2217,22.17
1210,08183000,4625.7188,4934.9179,1.0668,6.68
1210,08184000,512.8176,534.1091,1.0415,4.15
1210,08184500,647.497,707.2668,1.0923,9.23
1210,08187500,187.5151,226.4802,1.2078,20.78
1210,08188000,24.4236,9237.9243,378.2378,37723.78
1210,08189590,120.9524,135.2734,1.1184,11.84
1210,08189710,54.1308,2009.8686,37.1299,3612.99
1210,08189800,331.5185,467.069,1.4089,40.89
1211,0818998070,85.9876,90.6673,1.0544,5.44
1211,08191500,4747.4482,4880.8496,1.0281,2.81
1211,08192500,5444.155,5559.0067,1.0211,2.11
1211,08194600,22172.8882,22028.4533,0.9935,-0.65
1211,08194840,606.0572,696.136,1.1486,14.86
1211,08196500,463.6079,483.1263,1.0421,4.21
1211,08197970,336.6985,444.9016,1.3214,32.14
1211,08199700,3781.3826,3639.9205,0.9626,-3.74
1211,08200500,370.3683,981.6159,2.6504,165.04
1211,08202000,137.7874,219.4988,1.593,59.3
1211,08202450,154.1043,219.4988,1.4244,42.44
1211,08202500,226.365,341.4539,1.5084,50.84
1211,08203450,47.1378,128.6653,2.7296,172.96
1211,08204500,1463.3433,1511.4578,1.0329,3.29
1211,08207000,14221.6247,14207.7636,0.999,-0.1
1211,08207290,820.5082,907.3056,1.1058,10.58
1211,08210300,218.595,308.248,1.4101,41.01
1211,08211100,42923.873,39729.9477,0.9256,-7.44
1211,08211502,43299.4212,38945.6119,0.8994,-10.06
1211,08211800,826.2062,1314.5144,1.591,59.1
1211,08212000,1341.6138,1461.4136,1.0893,8.93
1211,08212820,1010.0954,997.475,0.9875,-1.25
1211,08470500,1225.0644,1232.0113,1.0057,0.57
1301,08213500,422.1681,1055.5713,2.5004,150.04
1301,08214500,133.9024,174.7102,1.3048,30.48
1301,08216500,91.4266,104.1411,1.1391,13.91
1301,08217000,1825.9416,2231.707,1.2222,22.22
1301,08217500,2020.1907,2231.707,1.1047,10.47
1301,08218000,138.8234,245.0898,1.7655,76.55
1301,08218500,233.0989,245.0898,1.0514,5.14
1301,08219500,559.4374,549.6314,0.9825,-1.75
1301,08220000,3418.7843,3510.9166,1.0269,2.69
1301,08220500,137.2694,225.4051,1.6421,64.21
1301,08220900,30.5619,87.3408,2.8578,185.78
1301,08221500,4118.0811,4160.1454,1.0102,1.02
1301,08223000,4428.8797,4296.1967,0.97,-3.0
1301,08223500,85.2106,651.966,7.6512,665.12
1301,08224110,17.0162,125.7951,7.3927,639.27
1301,08224113,29.0079,125.7951,4.3366,333.66
1301,08224200,4.6102,111.7438,24.2385,2323.85
1301,08224500,117.5855,215.9016,1.8361,83.61
1301,08226600,0.2072,839.6266,4052.2707,405127.07
1301,08226700,35.2238,52.4361,1.4887,48.87
1301,08227000,1541.0429,1482.3519,0.9619,-3.81
1301,08227400,0.1295,53.9472,416.5826,41558.26
1301,08227500,27.7129,98.1679,3.5423,254.23
1301,08229500,17.5342,57.4056,3.2739,227.39
1301,08230500,303.0286,295.6926,0.9758,-2.42
1301,08231000,161.0973,174.9552,1.086,8.6
1301,08234200,9.6089,150.4972,15.6623,1466.23
1301,08235250,97.9016,139.2985,1.4228,42.28
1301,08235270,11.4995,41.4218,3.602,260.2
1301,08235290,41.6988,139.2985,3.3406,234.06
1301,08235350,150.4783,184.9615,1.2292,22.92
1301,08235700,197.6161,278.6466,1.41,41.0
1301,08236000,277.1287,278.6466,1.0055,0.55
1301,08236500,300.4386,321.8847,1.0714,7.14
1301,08238000,253.8188,503.6495,1.9843,98.43
1301,08238350,0.4662,1003.9428,2153.4694,215246.94
1301,08238380,0.6216,73.4694,118.1946,11719.46
1301,08240000,7251.9667,8513.352,1.1739,17.39
1301,08240500,116.5495,182.1902,1.5632,56.32
1301,08241000,157.9893,182.1902,1.1532,15.32
1301,08241500,492.0977,827.7754,1.6821,68.21
1301,08242500,82.8796,827.7754,9.9877,898.77
1301,08243500,1025.6353,1287.7252,1.2555,25.55
1301,08245000,103.5995,345.15,3.3316,233.16
1301,08245500,114.9955,345.15,3.0014,200.14
1301,08246000,546.4875,730.4563,1.3366,33.66
1301,08246500,730.3766,730.4563,1.0001,0.01
1301,08248500,901.3159,968.4233,1.0745,7.45
1301,08249000,2297.3195,1985.8478,0.8644,-13.56
1301,08249400,187.5151,761.1774,4.0593,305.93
1301,08250000,569.7974,761.1774,1.3359,33.59
1301,08250500,660.447,761.1774,1.1525,15.25
1301,08251500,12328.3434,11802.7262,0.9574,-4.26
1301,08247500,284.8987,299.7841,1.0522,5.22
1301,08248000,432.528,400.5069,0.926,-7.4
1302,08252500,65.0087,115.0267,1.7694,76.94
1302,08253000,48.4328,115.0267,2.375,137.5
1302,08253500,5.5685,182.3379,32.7447,3174.47
1302,08254000,141.4134,182.3379,1.2894,28.94
1302,08254500,393.6782,433.3906,1.1009,10.09
1302,08255000,31.0799,541.4841,17.4223,1642.23
1302,08255500,505.0477,614.395,1.2165,21.65
1302,08260500,510.2277,614.395,1.2042,20.42
1302,08261000,517.9976,614.395,1.1861,18.61
1302,08263000,27.1949,89.5141,3.2916,229.16
1302,08263500,14244.9346,2270.6707,0.1594,-84.06
1302,08264000,49.4688,146.4008,2.9595,195.95
1302,08264500,75.3687,146.4008,1.9425,94.25
1302,08265000,292.6687,399.1648,1.3639,36.39
1302,08266000,95.0526,101.7224,1.0702,7.02
1302,08266820,479.1478,490.7781,1.0243,2.43
1302,08267000,492.0977,490.7781,0.9973,-0.27
1302,08267500,93.7576,185.1406,1.9747,97.47
1302,08268200,104.3765,185.1406,1.7738,77.38
1302,08268500,169.9032,185.1406,1.0897,8.97
1302,08268700,15073.7308,3475.2981,0.2306,-76.94
1302,08269000,172.4932,485.0435,2.812,181.2
1302,08271000,42.9938,84.5628,1.9669,96.69
1302,08275000,156.6943,185.8581,1.1861,18.61
1302,08275300,515.4076,1003.3011,1.9466,94.66
1302,08275500,214.969,381.2446,1.7735,77.35
1302,08275600,95.8296,101.2879,1.057,5.7
1302,08276000,929.8057,1003.3011,1.079,7.9
1302,08276300,984.1955,1087.6959,1.1052,10.52
1302,08276500,17586.0193,6306.8589,0.3586,-64.14
1302,08277470,261.5888,373.6018,1.4282,42.82
1302,08278500,98.4195,169.257,1.7197,71.97
1302,08279000,789.9464,829.81,1.0505,5.05
1302,08279500,19321.3113,6556.4388,0.3393,-66.07
1302,08281100,19709.8095,15332.799,0.7779,-22.21
1302,08281400,244.7539,306.676,1.253,25.3
1302,08282300,334.1085,436.9736,1.3079,30.79
1302,08283500,1048.9452,1790.4411,1.7069,70.69
1302,08284100,1243.1943,1790.4411,1.4402,44.02
1302,08284150,108.7795,107.6441,0.9896,-1.04
1302,08284200,290.0787,313.0629,1.0792,7.92
1302,08284300,116.5495,115.8182,0.9937,-0.63
1302,08284500,499.8677,498.6716,0.9976,-0.24
1302,08285500,2012.4208,2562.3447,1.2733,27.33
1302,08286500,3884.9822,4989.2131,1.2842,28.42
1302,08287000,5301.7057,5452.1435,1.0284,2.84
1302,08287500,5656.534,6141.0788,1.0857,8.57
1302,08288000,130.7944,188.54,1.4415,44.15
1302,08289000,1085.205,1149.1391,1.0589,5.89
1302,08290000,7883.9238,7988.8018,1.0133,1.33
1302,08291000,222.739,472.5633,2.1216,112.16
1302,08291500,486.9178,15589.6594,32.017,3101.7
1302,08292000,89.3546,127.4986,1.4269,42.69
1302,08294195,64.7497,128.1433,1.9791,97.91
1302,08294210,88.8366,128.1433,1.4425,44.25
1302,08294300,88.8366,128.1433,1.4425,44.25
1302,08295000,98.9375,128.1433,1.2952,29.52
1302,08295200,1.6317,128.1433,78.534,7753.4
1302,08301000,229.7319,442.7752,1.9274,92.74
1302,08302200,4.144,105.4424,25.4447,2444.47
1302,08302300,1.1137,105.4424,94.678,9367.8
1302,08302400,1.2173,105.4424,86.6203,8562.03
1302,08302500,30.3029,105.4424,3.4796,247.96
1302,08304100,1.6576,105.4424,63.6118,6261.18
1302,08304200,1.7871,105.4424,59.0022,5800.22
1302,08304300,1.6835,105.4424,62.6331,6163.31
1302,08304400,1.1655,105.4424,90.4701,8947.01
1302,08305000,18.2853,105.4424,5.7665,476.65
1302,08305030,19.7098,105.4424,5.3497,434.97
1302,08308050,78.2176,105.4424,1.3481,34.81
1302,08313000,29422.2649,16355.4672,0.5559,-44.41
1302,08313042,23.5171,153.4096,6.5233,552.33
1302,08313060,17.9745,153.4096,8.5348,753.48
1302,08313150,29577.6642,16657.2446,0.5632,-43.68
1302,08313268,28878.3674,16777.8291,0.581,-41.9
1302,08313300,23.0509,16930.048,734.4638,73346.38
1302,08313350,45.3248,16930.048,373.5273,37252.73
1302,08314500,30199.2614,17293.3095,0.5726,-42.74
1302,08315480,34.9648,140.7326,4.025,302.5
1302,08316000,47.1378,140.7326,2.9856,198.56
1302,08317200,598.2873,663.1848,1.1085,10.85
1302,08317400,38590.8228,17293.3095,0.4481,-55.19
1302,08317850,1468.5233,1579.81,1.0758,7.58
1302,08317950,1543.6329,1579.81,1.0234,2.34
1302,08318000,1657.5924,1734.859,1.0466,4.66
1302,08319000,34084.2435,21200.5199,0.622,-37.8
1302,08321500,448.0679,520.3535,1.1613,16.13
1302,08323000,608.6472,692.8375,1.1383,13.83
1302,08323500,595.6973,692.8375,1.1631,16.31
1302,08324000,1217.2944,1496.5574,1.2294,22.94
1302,08328950,2678.0477,2690.4026,1.0046,0.46
1302,08329000,2688.4077,2690.4026,1.0007,0.07
1302,08329500,37192.2293,24095.3304,0.6479,-35.21
1302,08329700,9.842,152.0518,15.4494,1444.94
1302,08329720,9.842,152.0518,15.4494,1444.94
1302,08329835,103.5995,25063.3577,241.9254,24092.54
1302,08329838,5.2577,25063.3577,4767.0032,476600.32
1302,08329839,3.9109,25063.3577,6408.6202,640762.02
1302,08329840,10.9556,25063.3577,2287.7108,228671.08
1302,08329860,0.2072,25063.3577,120962.7061,12096170.61
1302,08329872,13.9859,168.9947,12.0832,1108.32
1302,08329873,0.0223,168.9947,7587.1192,758611.92
1302,08329874,0.107,168.9947,1579.8844,157888.44
1302,08329875,0.0381,168.9947,4438.7228,443772.28
1302,08329876,0.2062,168.9947,819.7139,81871.39
1302,08329877,15.0219,168.9947,11.2499,1024.99
1302,08329880,0.3108,168.9947,543.7435,54274.35
1302,08329882,21.4969,168.9947,7.8614,686.14
1302,08329888,1.3209,72.3953,54.8078,5380.78
1302,08329890,0.2331,72.3953,310.5776,30957.76
1302,08329900,227.66,72.3953,0.318,-68.2
1302,08329911,5.3354,72.3953,13.5689,1256.89
1302,08329914,0.5698,72.3953,127.0545,12605.45
1302,08329918,36490.3425,24418.6297,0.6692,-33.08
1302,08329928,36837.4009,24745.5366,0.6718,-32.82
1302,08329935,3.885,24745.5366,6369.5367,636853.67
1302,08329936,0.3367,24745.5366,73494.6545,7349365.45
1302,083299375,78.9946,24745.5366,313.2559,31225.59
1302,08329938,0.8806,25063.3577,28461.8132,2846081.32
1302,08330000,37554.8276,25063.3577,0.6674,-33.26
1302,08330150,45169.3926,25328.0345,0.5607,-43.93
1302,08330200,4.7138,152.0518,32.2569,3125.69
1302,08330500,195.0261,230.2098,1.1804,18.04
1302,08330540,4.144,152.0518,36.6922,3569.22
1302,08330560,207.458,230.2098,1.1097,10.97
1302,08330565,70.4477,341.1964,4.8433,384.33
1302,08330567,71.4837,341.1964,4.7731,377.31
1302,08330569,302.7696,341.1964,1.1269,12.69
1302,08330580,315.2016,341.1964,1.0825,8.25
1302,08330600,331.5185,341.1964,1.0292,2.92
1302,08330775,28.4899,341.1964,11.9761,1097.61
1302,08330800,491.0617,341.1964,0.6948,-30.52
1302,08330875,37881.1661,25782.7217,0.6806,-31.94
1302,08331118,16.3169,25328.0345,1552.2554,155125.54
1302,08331130,1.5022,25782.7217,17163.3871,1716238.71
1302,08331140,2.0979,25782.7217,12289.8327,1228883.27
1302,08331160,38015.8455,26165.1315,0.6883,-31.17
1302,08331510,39797.7573,27666.662,0.6952,-30.48
1302,08331660,617.9712,656.8492,1.0629,6.29
1302,08332000,42190.9063,29135.076,0.6906,-30.94
1302,08332010,49805.4714,29135.076,0.585,-41.5
1302,08333500,1028.2253,1118.4858,1.0878,8.78
1302,08334000,1087.795,1118.4858,1.0282,2.82
1302,08334300,52.5768,63.617,1.21,21.0
1302,08340500,3600.0835,3563.6547,0.9899,-1.01
1302,08341300,194.2491,545.7415,2.8095,180.95
1302,08341365,189.8461,299.9075,1.5797,57.97
1302,08341500,520.5876,601.8882,1.1562,15.62
1302,08342000,541.3075,601.8882,1.1119,11.19
1302,08342600,195.8031,198.2706,1.0126,1.26
1302,08343000,2641.7879,2648.0029,1.0024,0.24
1302,08343100,33.6698,3691.3471,109.6336,10863.36
1302,08343500,3030.2861,3788.8866,1.2503,25.03
1302,08349800,277.1287,341.3847,1.2319,23.19
1302,08350500,4946.8773,6092.6345,1.2316,23.16
1302,08351500,4346.0,7392.9491,1.7011,70.11
1302,08352500,11882.8655,15076.4703,1.2688,26.88
1302,08353000,13745.0669,16675.7793,1.2132,21.32
1302,08354000,3574.1836,3617.0092,1.012,1.2
1302,08354400,69333.9817,50180.8998,0.7238,-27.62
1302,08354900,61719.4167,50180.8998,0.813,-18.7
1302,08355000,61719.4167,50180.8998,0.813,-18.7
1302,08355050,61828.1962,50462.7226,0.8162,-18.38
1302,08355300,119.1395,115.4446,0.969,-3.1
1302,08355490,63151.6801,124.8821,0.002,-99.8
1302,08355500,70965.6742,124.8821,0.0018,-99.82
1302,08358400,64128.1056,52017.2652,0.8111,-18.89
1302,08358500,64128.1056,51519.4927,0.8034,-19.66
1302,08358550,1069.6651,1091.3951,1.0203,2.03
1302,08359500,73814.6611,48225.6631,0.6533,-34.67
1302,08360000,1043.7652,1171.0642,1.122,12.2
1303,08361000,68660.5848,1885.5733,0.0275,-97.25
1303,08362500,71898.0699,3698.9535,0.0514,-94.86
1303,08363600,34.9648,7227.7503,206.7148,20571.48
1303,08476300,252.0058,299.1371,1.187,18.7
1303,08477000,393.6782,441.8961,1.1225,12.25
1303,08477110,476.5578,625.0871,1.3117,31.17
1303,08477500,1139.5948,1286.066,1.1285,12.85
1303,08477530,1222.4744,1336.5801,1.0933,9.33
1303,08477600,68.6347,310.8424,4.5289,352.89
1303,08478400,2851.5769,3348.6252,1.1743,17.43
1303,08364000,75886.6516,8430.4039,0.1111,-88.89
1304,08365600,5.957,278.1038,46.6854,4568.54
1304,08365800,16.5759,278.1038,16.7776,1577.76
1304,08373200,714.8367,708.0358,0.9905,-0.95
1304,08449000,7163.9071,7221.2026,1.008,0.8
1305,08480595,5006.447,4912.2801,0.9812,-1.88
1305,08481500,310.7986,374.6849,1.2056,20.56
1305,08482000,362.5983,462.2531,1.2748,27.48
1305,08484500,162.9103,273.4425,1.6785,67.85
1305,08484550,252.5238,273.4425,1.0828,8.28
1305,08486250,44.5478,85.5601,1.9206,92.06
1305,08486260,54.3898,52.7841,0.9705,-2.95
1305,08492900,32.8928,136.5004,4.1498,314.98
1306,08377900,137.7874,139.1898,1.0102,1.02
1306,08378500,489.5078,464.9735,0.9499,-5.01
1306,08379200,214.969,272.472,1.2675,26.75
1306,08379500,2719.4875,3808.8816,1.4006,40.06
1306,08380500,217.559,255.1254,1.1727,17.27
1306,08381000,225.329,255.1254,1.1322,13.22
1306,08382000,810.6663,1066.141,1.3151,31.51
1306,08382500,1579.8927,1637.2634,1.0363,3.63
1306,08382600,6034.6723,6027.087,0.9987,-0.13
1306,08382650,6060.5722,6750.9663,1.1139,11.39
1306,08382730,169.9032,262.9004,1.5474,54.74
1306,08382760,35.4828,262.9004,7.4092,640.92
1306,08382800,6293.6711,6750.9663,1.0727,7.27
1306,08382830,6293.6711,6750.9663,1.0727,7.27
1306,08383000,6863.4685,6750.9663,0.9836,-1.64
1306,08383400,10282.2528,9651.2908,0.9386,-6.14
1306,08383500,10282.2528,10305.0451,1.0022,0.22
1306,08384500,11370.0478,12241.425,1.0766,7.66
1306,08385500,12817.8512,13143.1559,1.0254,2.54
1306,08385520,14503.9334,15090.687,1.0405,4.05
1306,08385522,15112.5806,15090.687,0.9986,-0.14
1306,08385620,18129.9168,16546.6112,0.9127,-8.73
1306,08385630,17026.5818,18015.6816,1.0581,5.81
1306,08385640,20201.9073,19739.9627,0.9771,-2.29
1306,08385643,17943.4376,19859.0644,1.1068,10.68
1306,08385648,18790.3637,20662.5722,1.0996,9.96
1306,08386000,29474.0647,32500.8356,1.1027,10.27
1306,08386505,47.3968,311.1722,6.5653,556.53
1306,08387000,310.7986,665.67,2.1418,114.18
1306,08387550,8.1844,150.6977,18.4129,1741.29
1306,08387575,7.2261,150.6977,20.8547,1985.47
1306,08387600,21.0825,150.6977,7.148,614.8
1306,08387800,40.6628,150.6977,3.706,270.6
1306,08388000,751.0966,749.8208,0.9983,-0.17
1306,08389055,234.9119,576.2054,2.4529,145.29
1306,08389500,764.0465,766.6987,1.0035,0.35
1306,08390020,1522.5919,2228.1397,1.4634,46.34
1306,08390100,1851.8415,2228.1397,1.2032,20.32
1306,08390500,2452.7187,2500.8233,1.0196,1.96
1306,08390800,2494.1586,2500.8233,1.0027,0.27
1306,08393200,80.2896,130.5328,1.6258,62.58
1306,08393300,168.3492,217.7523,1.2935,29.35
1306,08393500,2773.8773,4208.4591,1.5172,51.72
1306,08393600,50.5048,116.3395,2.3035,130.35
1306,08393610,7510.9655,4208.4591,0.5603,-43.97
1306,08394024,33296.8871,32908.7696,0.9883,-1.17
1306,08394033,33457.4664,33218.0082,0.9928,-0.72
1306,08394100,35301.5379,36089.1969,1.0223,2.23
1306,08394500,2413.8689,2444.1832,1.0126,1.26
1306,08395500,38228.2245,39568.5113,1.0351,3.51
1306,08396000,515.4076,569.41,1.1048,10.48
1306,08396500,39626.8181,40415.2812,1.0199,1.99
1306,08397600,1509.9631,1522.7161,1.0084,0.84
1306,08397620,1748.242,2336.1066,1.3363,33.63
1306,08398500,2745.3874,2775.668,1.011,1.1
1306,08399500,44933.7037,44466.7871,0.9896,-1.04
1306,08400000,867.646,896.8422,1.0336,3.36
1306,08401000,44003.898,46831.6772,1.0643,6.43
1306,08401100,44029.7979,46831.6772,1.0636,6.36
1306,08401200,569.7974,589.2442,1.0341,3.41
1306,08401500,45713.2901,46831.6772,1.0245,2.45
1306,08401900,738.1466,762.1592,1.0325,3.25
1306,08402000,46567.9862,47033.232,1.01,1.0
1306,08404000,46826.985,47226.9366,1.0085,0.85
1306,08405000,46878.7848,49370.4226,1.0532,5.32
1306,08405105,846.9261,1111.1917,1.312,31.2
1306,08405150,1168.0846,1111.1917,0.9513,-4.87
1306,08405200,48044.2794,49370.4226,1.0276,2.76
1306,08405350,823.6162,890.805,1.0816,8.16
1306,08405400,924.6258,1007.8597,1.09,9.0
1306,08405450,4.3512,890.805,204.7272,20372.72
1306,08405500,960.8856,1007.8597,1.0489,4.89
1306,08406000,1002.3254,1007.8597,1.0055,0.55
1306,08406500,49701.8718,50643.9068,1.019,1.9
1306,08407000,49883.171,50739.396,1.0172,1.72
1306,08407500,50608.3677,50151.484,0.991,-0.9
1307,08408500,1784.5018,2037.8677,1.142,14.2
1307,08411500,1201.7545,1336.9689,1.1125,11.25
1307,08414000,56073.2426,3242.6387,0.0578,-94.22
1307,08416500,56461.7408,3455.1919,0.0612,-93.88
1307,08419000,57238.7372,3522.7865,0.0615,-93.85
1307,08424500,139.3414,210.0895,1.5077,50.77
1307,08431000,2652.1478,2682.854,1.0116,1.16
1307,08431500,4874.3576,5068.2104,1.0398,3.98
1307,08431700,135.7154,138.4732,1.0203,2.03
1307,08431800,587.9273,729.0994,1.2401,24.01
1307,08432000,784.7664,850.5096,1.0838,8.38
1307,08434000,9606.2659,9741.7646,1.0141,1.41
1307,08435500,67287.8911,14992.0798,0.2228,-77.72
1307,08435600,72.2607,146.0568,2.0212,102.12
1307,08435620,46.8788,146.0568,3.1156,211.56
1307,08435660,30.0439,76.7302,2.5539,155.39
1307,08435700,76.9226,241.8638,3.1442,214.42
1307,08435800,3061.3659,3042.4603,0.9938,-0.62
1307,08438100,72027.5693,26370.3984,0.3661,-63.39
1307,08441500,72053.4692,26370.3984,0.366,-63.4
1307,08446550,76560.0485,32337.9763,0.4224,-57.76
1307,08447410,91167.5815,46855.7664,0.514,-48.6
1308,08458993,15.4622,24519.2989,1585.7545,158475.45
1309,08475000,456700.3735,12003.1864,0.0263,-97.37
1401,09010100,0.2072,111.8241,539.6941,53869.41
1401,09010400,0.2072,111.8241,539.6941,53869.41
1401,09010500,165.2412,263.6563,1.5956,59.56
1401,09010501,138.3054,263.6563,1.9063,90.63
1401,09010600,22.8955,263.6563,11.5156,1051.56
1401,09011000,264.1788,263.6563,0.998,-0.2
1401,09011500,4.2735,807.3811,188.9282,18792.82
1401,09012400,41.4398,118.7098,2.8646,186.46
1401,09012500,118.6215,118.7098,1.0007,0.07
1401,09013500,70.4477,72.9201,1.0351,3.51
1401,09014000,197.6161,807.3811,4.0856,308.56
1401,09014050,197.8751,807.3811,4.0803,308.03
1401,09015000,492.0977,807.3811,1.6407,64.07
1401,09015500,19.1141,807.3811,42.24,4124.0
1401,09016000,15.4104,807.3811,52.3919,5139.19
1401,09016500,121.4704,124.9574,1.0287,2.87
1401,09017000,147.3703,807.3811,5.4786,447.86
1401,09018000,45.3248,45.4409,1.0026,0.26
1401,09019000,808.0763,2015.8509,2.4946,149.46
1401,09019500,836.5662,2015.8509,2.4097,140.97
1401,09019850,238.2789,293.5776,1.2321,23.21
1401,09020000,282.3087,293.5776,1.0399,3.99
1401,09020500,328.9285,366.601,1.1145,11.45
1401,09021000,347.0584,366.601,1.0563,5.63
1401,09022000,27.1949,150.7531,5.5434,454.34
1401,09023500,58.0157,150.7531,2.5985,159.85
1401,09024000,71.4837,150.7531,2.1089,110.89
1401,09025000,72.2607,72.3235,1.0009,0.09
1401,09025300,4.3253,469.652,108.583,10758.3
1401,09025400,18.5184,469.652,25.3613,2436.13
1401,09026500,85.2106,99.009,1.1619,16.19
1401,09027100,297.8486,469.652,1.5768,57.68
1401,09029995,10.4895,51.6496,4.924,392.4
1401,09032000,51.7998,172.5641,3.3314,233.14
1401,09032001,51.5408,172.5641,3.3481,234.81
1401,09032050,1.7094,172.5641,100.9506,9995.06
1401,09032100,12.5873,172.5641,13.7093,1270.93
1401,09032200,5.3872,172.5641,32.0324,3103.24
1401,09032300,4.4289,172.5641,38.9634,3796.34
1401,09032400,2.7972,172.5641,61.692,6069.2
1401,09032500,132.8664,172.5641,1.2988,29.88
1401,09032990,18.7774,172.5641,9.19,819.0
1401,09033000,20.7976,172.5641,8.2973,729.73
1401,09033100,170.9392,172.5641,1.0095,0.95
1401,09033300,580.1573,782.9731,1.3496,34.96
1401,09033500,30.0439,43.7346,1.4557,45.57
1401,09034000,769.2265,782.9731,1.0179,1.79
1401,09034250,2040.9106,2133.9343,1.0456,4.56
1401,09034500,2136.7402,2133.9343,0.9987,-0.13
1401,09034800,16.8867,74.4748,4.4103,341.03
1401,09034900,14.5039,186.4189,12.853,1185.3
1401,09035500,42.4758,186.4189,4.3888,338.88
1401,09035700,91.1676,186.4189,2.0448,104.48
1401,09035800,22.7401,186.4189,8.1978,719.78
1401,09035820,7.2002,71.8496,9.9789,897.89
1401,09035830,10.3859,71.8496,6.918,591.8
1401,09035840,14.3226,71.8496,5.0165,401.65
1401,09035845,1.554,71.8496,46.2355,4523.55
1401,09035850,16.9126,71.8496,4.2483,324.83
1401,09035870,51.7998,71.8496,1.3871,38.71
1401,09035880,56.2027,71.8496,1.2784,27.84
1401,09035900,70.9657,71.8496,1.0125,1.25
1401,09036000,231.8039,361.4583,1.5593,55.93
1401,09036500,35.7418,70.6498,1.9767,97.67
1401,09037000,365.1883,427.7421,1.1713,17.13
1401,09037200,6.2678,599.8444,95.703,9470.3
1401,09037500,476.5578,599.8444,1.2587,25.87
1401,09038500,595.6973,599.8444,1.007,0.7
1401,09039000,115.5135,342.4546,2.9646,196.46
1401,09039500,126.3914,342.4546,2.7095,170.95
1401,09040000,196.8391,196.0829,0.9962,-0.38
1401,09040500,435.118,435.3016,1.0004,0.04
1401,09041000,226.365,329.1799,1.4542,45.42
1401,09041090,375.5483,382.8534,1.0195,1.95
1401,09041100,29.7849,58.6071,1.9677,96.77
1401,09041200,49.2098,94.9641,1.9298,92.98
1401,09041300,46.1018,64.6456,1.4022,40.22
1401,09041400,699.2968,761.6235,1.0891,8.91
1401,09041500,751.0966,761.6235,1.014,1.4
1401,09043000,14.6593,109.405,7.4632,646.32
1401,09044000,2.9785,109.405,36.7318,3573.18
1401,09044500,5.0505,109.405,21.6623,2066.23
1401,09045000,12.406,109.405,8.8187,781.87
1401,09045500,13.5456,109.405,8.0768,707.68
1401,09046400,21.73,109.405,5.0347,403.47
1401,09046490,109.5565,179.5806,1.6392,63.92
1401,09046530,28.2309,179.5806,6.3611,536.11
1401,09046600,318.5685,319.1278,1.0018,0.18
1401,09046601,308.2086,319.1278,1.0354,3.54
1401,09047000,331.5185,864.5366,2.6078,160.78
1401,09047500,149.4423,201.2909,1.3469,34.69
1401,09047700,23.6725,201.2909,8.5032,750.32
1401,09048000,235.4299,864.5366,3.6722,267.22
1401,09049200,54.3898,70.9748,1.3049,30.49
1401,09050000,209.789,240.4242,1.146,14.6
1401,09050100,238.7969,240.4242,1.0068,0.68
1401,09050500,287.4887,864.5366,3.0072,200.72
1401,09050700,865.056,1008.3644,1.1657,16.57
1401,09051000,33.4108,1008.3644,30.1808,2918.08
1401,09051050,47.6558,1008.3644,21.1593,2015.93
1401,09051500,34.7058,1008.3644,29.0546,2805.46
1401,09052000,40.9218,1129.7604,27.6078,2660.78
1401,09052400,22.1703,1129.7604,50.9583,4995.83
1401,09052500,25.615,1129.7604,44.1055,4310.55
1401,09052800,36.7778,1287.582,35.0097,3400.97
1401,09053000,42.9938,1287.582,29.9481,2894.81
1401,09053500,1323.4839,1507.7556,1.1392,13.92
1401,09054000,38.8498,1507.7556,38.8098,3780.98
1401,09054500,47.9148,1507.7556,31.4674,3046.74
1401,09055000,21.7559,1507.7556,69.3033,6830.33
1401,09055300,31.0799,1507.7556,48.5123,4751.23
1401,09055500,35.2238,1507.7556,42.805,4180.5
1401,09056000,1478.8832,1507.7556,1.0195,1.95
1401,09057500,1546.2229,1660.2782,1.0738,7.38
1401,09057520,1670.5423,1768.363,1.0586,5.86
1401,09058000,6161.5817,6463.0671,1.0489,4.89
1401,09058030,6247.0513,6463.0671,1.0346,3.46
1401,09058500,33.6698,143.5091,4.2622,326.22
1401,09058600,8.8319,143.5091,16.249,1524.9
1401,09058610,8.8319,143.5091,16.249,1524.9
1401,09058700,7.6146,143.5091,18.8467,1784.67
1401,09058800,9.3499,143.5091,15.3488,1434.88
1401,09059500,219.372,249.1686,1.1358,13.58
1401,09060500,123.2834,520.1968,4.2195,321.95
1401,09060550,188.0331,520.1968,2.7665,176.65
1401,09060700,73.0377,148.0634,2.0272,102.72
1401,09060770,512.8176,520.1968,1.0144,1.44
1401,09060799,7588.6652,7694.4298,1.0139,1.39
1401,09060800,36.7778,98.6593,2.6826,168.26
1401,09060900,13.7528,98.6593,7.1737,617.37
1401,09060950,88.5776,98.6593,1.1138,11.38
1401,09061000,23.4135,77.0752,3.2919,229.19
1401,09061600,20.2019,98.687,4.885,388.5
1401,09062600,30.5619,424.7962,13.8996,1289.96
1401,09063000,181.8172,424.7962,2.3364,133.64
1401,09063200,24.6826,76.4577,3.0976,209.76
1401,09063400,61.3827,76.4577,1.2456,24.56
1401,09063440,66.3037,76.4577,1.1531,15.31
1401,09063500,76.1457,76.4577,1.0041,0.41
1401,09063900,16.5241,96.9921,5.8697,486.97
1401,09064000,92.2036,96.9921,1.0519,5.19
1401,09064500,150.7373,165.5936,1.0986,9.86
1401,09064600,481.7378,937.4572,1.946,94.6
1401,09065100,88.0596,88.7766,1.0081,0.81
1401,09065500,37.5548,89.5728,2.3851,138.51
1401,09066000,32.3749,89.5728,2.7667,176.67
1401,09066050,50.7638,89.5728,1.7645,76.45
1401,09066100,11.7585,173.03,14.7153,1371.53
1401,09066150,13.7787,173.03,12.5578,1155.78
1401,09066200,16.0061,173.03,10.8102,981.02
1401,09066250,148.4063,173.03,1.1659,16.59
1401,09066300,15.4363,263.8889,17.0953,1609.53
1401,09066310,199.6881,263.8889,1.3215,32.15
1401,09066325,199.6881,263.8889,1.3215,32.15
1401,09066400,19.0105,263.8889,13.8812,1288.12
1401,09066500,261.5888,263.8889,1.0088,0.88
1401,09066510,264.1788,263.8889,0.9989,-0.11
1401,09067000,38.0728,1024.2419,26.9022,2590.22
1401,09067005,1023.0453,1024.2419,1.0012,0.12
1401,09067020,1038.5852,1075.2619,1.0353,3.53
1401,09067200,126.9094,127.0295,1.0009,0.09
1401,09067300,70.7067,117.5181,1.6621,66.21
1401,09067500,1629.1025,1671.2275,1.0259,2.59
1401,09067700,25.2265,168.4025,6.6756,567.56
1401,09068000,184.9252,277.5176,1.5007,50.07
1401,09069000,2180.77,2446.3492,1.1218,12.18
1401,09069500,162.3923,174.1099,1.0722,7.22
1401,09070000,2447.5388,2517.8119,1.0287,2.87
1401,09070050,2460.4887,2517.8119,1.0233,2.33
1401,09070500,11370.0478,11385.0568,1.0013,0.13
1401,09071295,15.7212,100.3618,6.3838,538.38
1401,09071300,14.8406,100.3618,6.7626,576.26
1401,09071750,11799.9858,11798.8421,0.9999,-0.01
1401,09072500,11805.1658,11798.8421,0.9995,-0.05
1401,09072550,23.3876,160.7512,6.8734,587.34
1401,09073005,39.1088,86.2404,2.2051,120.51
1401,09073300,196.3211,240.1973,1.2235,22.35
1401,09073400,274.5387,394.9732,1.4387,43.87
1401,09073500,282.3087,394.9732,1.3991,39.91
1401,09073700,16.0061,111.5951,6.972,597.2
1401,09073800,22.3257,111.5951,4.9985,399.85
1401,09073900,16.9385,111.5951,6.5882,558.82
1401,09074000,108.0025,111.5951,1.0333,3.33
1401,09074500,111.6285,111.5951,0.9997,-0.03
1401,09074800,83.3976,164.6772,1.9746,97.46
1401,09075000,173.5292,186.9535,1.0774,7.74
1401,09075400,186.4791,186.9535,1.0025,0.25
1401,09075500,590.5173,954.0431,1.6156,61.56
1401,09075700,91.6856,151.8852,1.6566,65.66
1401,09076000,108.0025,151.8852,1.4063,40.63
1401,09076300,748.5066,954.0431,1.2746,27.46
1401,09076520,17.0939,954.0431,55.8118,5481.18
1401,09077200,48.4328,117.3549,2.423,142.3
1401,09077400,83.3976,117.3549,1.4072,40.72
1401,09077600,23.6207,117.3549,4.9683,396.83
1401,09077610,24.4236,117.3549,4.805,380.5
1401,09077800,29.7849,440.4688,14.7883,1378.83
1401,09077900,44.8068,440.4688,9.8304,883.04
1401,09077945,15.5399,440.4688,28.3443,2734.43
1401,09077950,16.5241,440.4688,26.6561,2565.61
1401,09078000,234.6529,440.4688,1.8771,87.71
1401,09078100,31.0799,109.3272,3.5176,251.76
1401,09078200,18.4407,109.3272,5.9286,492.86
1401,09078300,62.6777,109.3272,1.7443,74.43
1401,09078475,31.0799,109.3272,3.5176,251.76
1401,09078500,108.7795,109.3272,1.005,0.5
1401,09078600,347.0584,440.4688,1.2691,26.91
1401,09078900,11.8103,90.1629,7.6342,663.42
1401,09079000,20.0983,90.1629,4.4861,348.61
1401,09079450,89.3546,90.1629,1.009,0.9
1401,09079500,90.6496,90.1629,0.9946,-0.54
1401,09080000,448.0679,579.8025,1.294,29.4
1401,09080100,494.6877,579.8025,1.1721,17.21
1401,09080200,585.3373,658.6375,1.1252,12.52
1401,09080300,31.8569,658.6375,20.6749,1967.49
1401,09080400,613.8272,658.6375,1.073,7.3
1401,09080800,37.2958,118.9081,3.1882,218.82
1401,09081000,2224.7998,3283.837,1.476,47.6
1401,09081500,192.4361,277.6996,1.4431,44.31
1401,09081550,277.1287,433.3691,1.5638,56.38
1401,09081600,432.528,592.3589,1.3695,36.95
1401,09082500,593.1073,938.2135,1.5819,58.19
1401,09082800,72.0017,200.171,2.7801,178.01
1401,09083000,195.2851,200.171,1.025,2.5
1401,09083700,7.8736,938.2135,119.16,11816.0
1401,09083800,903.9059,938.2135,1.038,3.8
1401,09084000,80.5486,182.8005,2.2694,126.94
1401,09084500,20.9789,96.4464,4.5973,359.73
1401,09084600,43.2528,96.4464,2.2298,122.98
1401,09085000,3763.2527,3767.0592,1.001,0.1
1401,09085100,15576.1885,15861.8415,1.0183,1.83
1401,09085150,15643.5282,15861.8415,1.014,1.4
1401,09085160,15669.4281,15861.8415,1.0123,1.23
1401,09085200,61.6417,144.248,2.3401,134.01
1401,09085300,39.1088,144.248,3.6884,268.84
1401,09085400,16.6018,144.248,8.6887,768.87
1401,09085500,142.4493,144.248,1.0126,1.26
1401,09086000,24.5531,69.2717,2.8213,182.13
1401,09086470,236.7249,340.1824,1.437,43.7
1401,09086970,60.6057,102.6141,1.6931,69.31
1401,09087500,466.1979,464.3177,0.996,-0.4
1401,09087600,16337.645,17129.2653,1.0485,4.85
1401,09088000,39.6268,115.8076,2.9225,192.25
1401,09089000,90.3906,166.1542,1.8382,83.82
1401,09089500,167.3132,304.01,1.817,81.7
1401,09090700,105.6715,125.8362,1.1908,19.08
1401,09090785,520.5876,520.8574,1.0005,0.05
1401,09091500,88.8366,135.3195,1.5232,52.32
1401,09092000,354.8284,517.3711,1.4581,45.81
1401,09092500,20.4609,18084.4973,883.8561,88285.61
1401,09092570,18155.8167,18269.4998,1.0063,0.63
1401,09092600,27.1949,18269.4998,671.7994,67079.94
1401,09092800,122.5064,124.8985,1.0195,1.95
1401,09092830,32.6339,88.5632,2.7138,171.38
1401,09092850,57.2387,88.5632,1.5473,54.73
1401,09092960,37.5548,104.9793,2.7954,179.54
1401,09092970,52.8358,104.9788,1.9869,98.69
1401,09092980,10.4636,104.9788,10.0328,903.28
1401,09093000,365.1883,513.7442,1.4068,40.68
1401,09093500,512.8176,513.7442,1.0018,0.18
1401,09093700,19088.2124,19202.1578,1.006,0.6
1401,09094200,391.0882,693.8493,1.7742,77.42
1401,09094400,284.8987,289.1058,1.0148,1.48
1401,09095000,831.3862,1319.1232,1.5867,58.67
1401,09095300,252.2648,282.0284,1.118,11.8
1401,09095400,282.3087,282.0284,0.999,-0.1
1401,09095500,20683.645,20805.1912,1.0059,0.59
1401,09095800,48.1738,205.0797,4.2571,325.71
1401,09096000,62.4187,205.0797,3.2855,228.55
1401,09096500,208.235,777.9979,3.7362,273.62
1401,09096800,128.7224,201.425,1.5648,56.48
1401,09097500,370.3683,417.955,1.1285,12.85
1401,09097600,24.7862,45.8407,1.8494,84.94
1401,09097900,846.9261,1001.1869,1.1821,18.21
1401,09098500,2.2015,82.4198,37.4382,3643.82
1401,09099000,12.7427,82.4198,6.468,546.8
1401,09099500,52.3178,82.4198,1.5754,57.54
1401,09100000,70.1887,82.4198,1.1743,17.43
1401,09100500,36.2598,57.921,1.5974,59.74
1401,09101000,46.1018,57.923,1.2564,25.64
1401,09101500,25.5114,59.2372,2.322,132.2
1401,09104000,24.2164,46.0133,1.9001,90.01
1401,09104500,17.586,87.727,4.9885,398.85
1401,09105000,1533.273,1558.0733,1.0162,1.62
1401,09106000,22631.3161,22821.7955,1.0084,0.84
1401,09106150,22825.5652,22821.7955,0.9998,-0.02
1401,09106200,12.2247,22968.4967,1878.853,187785.3
1401,09152650,64.4907,56.4841,0.8758,-12.42
1401,09152900,39.8858,41.792,1.0478,4.78
1401,09153000,44288.7967,24046.0574,0.5429,-45.71
1401,09153270,367.7783,366.7094,0.9971,-0.29
1401,09153290,40.6628,92.6481,2.2784,127.84
1401,09153300,75.8867,92.6481,1.2209,22.09
1401,09153330,247.6029,430.2932,1.7378,73.78
1401,09153400,435.118,536.5316,1.2331,23.31
1401,09160000,0.0518,536.5316,10357.8005,1035680.05
1401,09160500,0.2331,536.5316,2301.7335,230073.35
1401,09161000,0.3626,536.5316,1479.6858,147868.58
1401,09163050,16.8608,536.5316,31.8212,3082.12
1401,09163310,510.2277,1133.4805,2.2215,122.15
1401,09163340,41.1808,1133.4805,27.5245,2652.45
1401,09163490,1129.2348,1133.4805,1.0038,0.38
1401,09163492,1134.4148,1133.4805,0.9992,-0.08
1401,09163500,46228.6978,25531.1397,0.5523,-44.77
1401,391953108130201,1318.3039,1319.1232,1.0006,0.06
1401,392547106023400,54.6487,109.405,2.002,100.2
1401,393259107194801,11810.3458,15861.8415,1.343,34.3
1401,394220106431500,1553.9929,1671.2275,1.0754,7.54
1401,400016105490800,36.0008,172.5641,4.7933,379.33
1401,401530105475401,73.5557,118.7098,1.6139,61.39
1402,09106800,179.4862,235.9266,1.3145,31.45
1402,09107000,331.5185,332.0149,1.0015,0.15
1402,09107500,104.6355,104.8579,1.0021,0.21
1402,09108250,163.1693,164.3207,1.0071,0.71
1402,09109000,657.857,1236.3187,1.8793,87.93
1402,09110000,1232.8343,1236.3187,1.0028,0.28
1402,09110500,233.8759,236.1414,1.0097,0.97
1402,09110970,11.8103,53.2019,4.5047,350.47
1402,09110990,22.4034,53.2019,2.3747,137.47
1402,09111000,22.4034,53.2019,2.3747,137.47
1402,09111250,52.8358,53.2019,1.0069,0.69
1402,09111500,178.4502,233.0751,1.3061,30.61
1402,09112000,85.2106,92.4525,1.085,8.5
1402,09112200,619.0072,1985.7489,3.208,220.8
1402,09112500,748.5066,1985.7489,2.6529,165.29
1402,09113000,52.5768,59.0651,1.1234,12.34
1402,09113100,58.0157,59.0651,1.0181,1.81
1402,09113300,122.2474,308.9414,2.5272,152.72
1402,09113500,313.3886,427.8324,1.3652,36.52
1402,09113980,422.1681,427.8324,1.0134,1.34
1402,09114000,432.528,5711.1921,13.2042,1220.42
1402,09114500,2618.478,5711.1921,2.1811,118.11
1402,09114520,2615.888,5711.1921,2.1833,118.33
1402,09115500,383.3182,446.8905,1.1658,16.58
1402,09116000,541.3075,540.9968,0.9994,-0.06
1402,09117000,1105.9249,1466.5022,1.326,32.6
1402,09118000,274.5387,361.511,1.3168,31.68
1402,09118450,865.056,879.6439,1.0169,1.69
1402,09118500,934.9857,1013.9043,1.0844,8.44
1402,09119000,2747.9774,2855.0687,1.039,3.9
1402,09120500,6091.652,6231.5259,1.023,2.3
1402,09121500,65.2677,155.5522,2.3833,138.33
1402,09121800,642.3171,880.712,1.3711,37.11
1402,09122000,880.596,952.5565,1.0817,8.17
1402,09122500,148.6653,212.9927,1.4327,43.27
1402,09123000,222.739,8880.1482,39.868,3886.8
1402,09123400,148.9243,275.7674,1.8517,85.17
1402,09123450,274.5387,592.6327,2.1586,115.86
1402,09123500,297.8486,592.6327,1.9897,98.97
1402,09124000,215.228,216.5625,1.0062,0.62
1402,09124010,216.523,216.5625,1.0002,0.02
1402,09124500,878.006,878.8146,1.0009,0.09
1402,09124700,8943.2289,9359.3393,1.0465,4.65
1402,09125000,90.6496,102.115,1.1265,12.65
1402,09126000,172.7522,229.48,1.3284,32.84
1402,09126500,541.3075,598.1553,1.105,10.5
1402,09127000,595.6973,598.1553,1.0041,0.41
1402,09127450,60.3467,149.7319,2.4812,148.12
1402,09127500,109.2975,149.7319,1.3699,36.99
1402,09128000,10284.8428,10332.0653,1.0046,0.46
1402,09128500,110.8515,375.412,3.3866,238.66
1402,09129000,163.4282,375.412,2.2971,129.71
1402,09129500,185.1841,193.6538,1.0457,4.57
1402,09129600,432.528,13597.6707,31.4377,3043.77
1402,09129800,99.7145,142.0945,1.425,42.5
1402,09130500,344.4684,604.2022,1.754,75.4
1402,09130600,19.2177,128.2816,6.6752,567.52
1402,09130800,71.7427,128.2816,1.7881,78.81
1402,09131100,31.0799,46.2957,1.4896,48.96
1402,09131200,129.2404,253.8696,1.9643,96.43
1402,09131500,665.6269,1442.094,2.1665,116.65
1402,09132000,53.6128,132.2607,2.467,146.7
1402,09132050,245.0129,604.8196,2.4685,146.85
1402,09132095,603.4672,604.8196,1.0022,0.22
1402,09132500,1359.7438,1442.094,1.0606,6.06
1402,09132700,3.4447,53.4195,15.5078,1450.78
1402,09132800,3.5224,53.4195,15.1657,1416.57
1402,09132900,6.0606,53.4195,8.8143,781.43
1402,09132920,53.6128,150.1581,2.8008,180.08
1402,09132940,125.8734,150.1581,1.1929,19.29
1402,09132960,149.9603,150.1581,1.0013,0.13
1402,09132985,12.3801,76.2324,6.1576,515.76
1402,09132995,76.1457,76.2324,1.0011,0.11
1402,09133000,1691.2622,1869.0681,1.1051,10.51
1402,09134000,108.0025,140.6592,1.3024,30.24
1402,09134050,138.5644,140.6592,1.0151,1.51
1402,09134100,1926.9512,2055.0865,1.0665,6.65
1402,09134200,106.1895,106.4542,1.0025,0.25
1402,09134700,18.7515,115.0615,6.1361,513.61
1402,09135000,134.1614,173.0749,1.29,29.0
1402,09135900,172.7522,173.0749,1.0019,0.19
1402,09135920,173.2702,173.0749,0.9989,-0.11
1402,09135950,2390.559,2510.513,1.0502,5.02
1402,09136100,2509.6985,2510.513,1.0003,0.03
1402,09136200,13574.1277,13822.3066,1.0183,1.83
1402,09136500,109.2975,147.747,1.3518,35.18
1402,09137050,147.3703,147.747,1.0026,0.26
1402,09137800,27.1949,81.8387,3.0093,200.93
1402,09139200,31.5979,229.9876,7.2786,627.86
1402,09139500,52.8358,229.9876,4.3529,335.29
1402,09140200,13.8564,88.2262,6.3672,536.72
1402,09140500,27.9719,88.2262,3.1541,215.41
1402,09140700,5.5426,88.2262,15.9179,1491.79
1402,09141000,11.37,88.2262,7.7595,675.95
1402,09141200,26.6769,88.2262,3.3072,230.72
1402,09141500,29.2669,88.2262,3.0145,201.45
1402,09142000,135.1974,229.9876,1.7011,70.11
1402,09143000,70.9657,118.7015,1.6727,67.27
1402,09143500,99.7145,118.7015,1.1904,19.04
1402,09144000,112.9235,118.7015,1.0512,5.12
1402,09144200,510.2277,514.7132,1.0088,0.88
1402,09144250,14597.173,17523.9116,1.2005,20.05
1402,09144500,46.8788,55.2793,1.1792,17.92
1402,09145000,108.7795,232.0947,2.1336,113.36
1402,09145500,66.8217,72.2774,1.0816,8.16
1402,09146000,194.7671,232.0947,1.1917,19.17
1402,09146020,199.1701,232.0947,1.1653,16.53
1402,09146200,385.9082,1000.55,2.5927,159.27
1402,09146400,36.5188,65.236,1.7864,78.64
1402,09146500,43.5118,254.2205,5.8426,484.26
1402,09146550,31.5979,254.2205,8.0455,704.55
1402,09146600,21.1602,78.2909,3.6999,269.99
1402,09147000,251.7468,254.2205,1.0098,0.98
1402,09147025,686.3468,1000.55,1.4578,45.78
1402,09147100,117.5855,128.6542,1.0941,9.41
1402,09147500,1160.3147,1162.0148,1.0015,0.15
1402,09149400,107.7435,204.4603,1.8977,89.77
1402,09149420,198.3931,156.6143,0.7894,-21.06
1402,09149480,453.2479,530.1357,1.1696,16.96
1402,09149500,2885.2468,2890.3103,1.0018,0.18
1402,09149900,18.3889,148.136,8.0557,705.57
1402,09149910,67.3397,148.136,2.1998,119.98
1402,09150500,626.7771,644.3075,1.028,2.8
1402,09151500,541.3075,542.3597,1.0019,0.19
1402,09152000,160.3203,348.9292,2.1765,117.65
1402,09152500,20520.4758,20824.0607,1.0148,1.48
1402,09152520,10.8003,20824.0607,1928.1091,192710.91
1402,09152600,9.583,20824.0607,2173.031,217203.1
1402,383103106594200,5524.4446,5711.1921,1.0338,3.38
1402,383926107593001,172.7522,173.4403,1.004,0.4
1402,383946107595301,173.2702,173.483,1.0012,0.12
1402,385106106571000,190.1051,233.0751,1.226,22.6
1402,385450107015700,42.2168,140.0965,3.3185,231.85
1402,385553107243301,1354.5638,1442.094,1.0646,6.46
1402,385903107210800,616.4172,664.9258,1.0787,7.87
1403,09163570,1.9943,44.9733,22.551,2155.1
1403,09165000,274.5387,306.9843,1.1182,11.82
1403,09166000,419.5781,438.0897,1.0441,4.41
1403,09166500,1305.354,1500.2127,1.1493,14.93
1403,09166950,184.4072,191.4867,1.0384,3.84
1403,09167000,190.3641,191.4867,1.0059,0.59
1403,09167450,214.969,2119.6481,9.8602,886.02
1403,09167500,2116.0203,2178.7292,1.0296,2.96
1403,09168100,380.7283,423.9737,1.1136,11.36
1403,09168500,432.528,724.2063,1.6744,67.44
1403,09168730,3714.043,4072.731,1.0966,9.66
1403,09168800,113.7005,114.9445,1.0109,1.09
1403,09169500,5244.7259,5589.5247,1.0657,6.57
1403,09170500,61.1237,147.1647,2.4077,140.77
1403,09170800,138.0464,147.1647,1.0661,6.61
1403,09171000,143.2263,147.1647,1.0275,2.75
1403,09171100,5560.7045,5589.5247,1.0052,0.52
1403,09171200,110.8515,357.7724,3.2275,222.75
1403,09171240,22.0667,101.9403,4.6196,361.96
1403,09171310,108.0025,150.2688,1.3913,39.13
1403,09171500,432.528,764.4609,1.7674,76.74
1403,09172000,86.5056,108.7492,1.2571,25.71
1403,09172500,800.3063,1238.7398,1.5478,54.78
1403,09173000,105.1535,198.9689,1.8922,89.22
1403,09173500,74.5917,117.6955,1.5779,57.79
1403,09174000,1680.9023,1878.8673,1.1178,11.78
1403,09174500,100.4915,132.6023,1.3195,31.95
1403,09174600,1924.3612,2766.2864,1.4375,43.75
1403,09174700,18.9328,227.0403,11.9919,1099.19
1403,09175000,137.2694,227.0403,1.654,65.4
1403,09175400,106.9665,121.5125,1.136,13.6
1403,09175500,2768.6973,3315.5775,1.1975,19.75
1403,09175900,203.5731,395.5542,1.9431,94.31
1403,09176500,43.7708,157.4475,3.5971,259.71
1403,09177000,3884.9822,9614.8645,2.4749,147.49
1403,09179000,196.3211,231.8038,1.1807,18.07
1403,09179200,80.8076,106.8902,1.3228,32.28
1403,09179450,10738.0907,11268.5029,1.0494,4.94
1403,09179500,11258.6783,11576.6393,1.0282,2.82
1403,09163675,440.298,531.2431,1.2066,20.66
1403,09180000,11862.1455,11944.5196,1.0069,0.69
1403,09180500,62418.7135,15878.9786,0.2544,-74.56
1403,09180920,7.511,54.6524,7.2763,627.63
1403,09180970,37.5548,54.6524,1.4553,45.53
1403,09181000,48.6918,54.6524,1.1224,12.24
1403,09181500,87.0236,16737.5837,192.3338,19133.38
1403,09182000,19.6321,58.3561,2.9725,197.25
1403,09182200,45.5838,58.3561,1.2802,28.02
1403,09182400,150.4783,138.5938,0.921,-7.9
1403,09182500,137.5284,138.5938,1.0077,0.77
1403,09182900,370.3683,420.8501,1.1363,13.63
1403,09183000,419.5781,420.8501,1.003,0.3
1403,09183500,69.4117,368.386,5.3073,430.73
1403,09183600,71.4837,368.386,5.1534,415.34
1403,09184000,193.9901,368.386,1.899,89.9
1403,09184500,40.9218,78.5312,1.9191,91.91
1403,09184600,78.9946,166.1317,2.1031,110.31
1403,09185000,148.6653,166.1317,1.1175,11.75
1403,09185100,367.7783,368.386,1.0017,0.17
1403,09185500,979.0155,987.7004,1.0089,0.89
1403,09185600,65801.2379,19565.8324,0.2973,-70.27
1403,09185800,6.3455,94.5809,14.9053,1390.53
1403,09186000,12.1729,94.5809,7.7698,676.98
1403,09186500,80.8076,94.5809,1.1704,17.04
1403,09187000,297.8486,299.2063,1.0046,0.46
1403,09187500,668.2169,1079.6183,1.6157,61.57
1403,09187550,678.5769,1079.6183,1.591,59.1
1404,09235450,2113.4303,2150.8187,1.0177,1.77
1404,09235490,2377.6091,2524.4449,1.0618,6.18
1404,404417108524900,3315.1848,42551.9868,12.8355,1183.55
1404,09217900,326.3385,439.7429,1.3475,34.75
1404,09219500,95.5706,208.2558,2.1791,117.91
1404,09225500,37036.83,36019.5638,0.9725,-2.75
1404,09226500,72.7787,555.4931,7.6326,663.26
1404,09227000,21.2379,555.4931,26.1557,2515.57
1404,09227500,59.5697,92.7584,1.5571,55.71
1404,09228500,137.7874,172.8564,1.2545,25.45
1404,09230300,65.2677,1477.5144,22.6378,2163.78
1404,09232000,108.7795,77.8739,0.7159,-28.41
1404,09232500,287.4887,37837.7403,131.6147,13061.47
1404,09233000,49.2098,120.9895,2.4586,145.86
1404,09233500,49.2098,120.9895,2.4586,145.86
1404,09234000,284.8987,288.2243,1.0117,1.17
1404,09234500,39108.8205,38507.2487,0.9846,-1.54
1404,09234700,362.5983,395.3121,1.0902,9.02
1404,09235000,40662.8133,39312.9815,0.9668,-3.32
1404,09235100,78.2176,298.8298,3.8205,282.05
1404,09235600,63.7137,113.8572,1.787,78.7
1404,09235800,277.1287,87.4342,0.3155,-68.45
1404,09188500,1193.9845,1216.6733,1.019,1.9
1404,09189000,380.7283,384.3464,1.0095,0.95
1404,09189495,110.8515,259.1402,2.3377,133.77
1404,09189500,112.1465,259.1402,2.3107,131.07
1404,09189550,86.2466,111.5837,1.2938,29.38
1404,09190000,274.5387,451.3985,1.6442,64.42
1404,09190500,448.0679,451.3985,1.0074,0.74
1404,09191000,2364.6591,6490.0731,2.7446,174.46
1404,09191300,55.4257,123.688,2.2316,123.16
1404,09191500,515.4076,620.1983,1.2033,20.33
1404,09192500,616.4172,620.1983,1.0061,0.61
1404,09193000,92.4626,156.1087,1.6883,68.83
1404,09194500,108.2615,231.7014,2.1402,114.02
1404,09195500,69.9297,613.8724,8.7784,777.84
1404,09196000,613.8272,613.8724,1.0001,0.01
1404,09196500,197.6161,200.391,1.014,1.4
1404,09197000,261.5888,304.5469,1.1642,16.42
1404,09197500,269.3588,304.5469,1.1306,13.06
1404,09198000,271.9488,304.5469,1.1199,11.99
1404,09198500,215.487,391.7561,1.818,81.8
1404,09199000,326.3385,391.7561,1.2005,20.05
1404,09199500,101.2685,108.0409,1.0669,6.69
1404,09200000,104.6355,108.0409,1.0325,3.25
1404,09201000,1388.2336,1798.0215,1.2952,29.52
1404,09201500,297.8486,289.658,0.9725,-2.75
1404,09202000,326.3385,355.6887,1.0899,8.99
1404,09202500,352.2384,355.6887,1.0098,0.98
1404,09203000,212.379,238.5831,1.1234,12.34
1404,09204000,116.0315,209.3855,1.8046,80.46
1404,09204500,932.3957,964.2185,1.0341,3.41
1404,09205000,3250.4351,3263.1206,1.0039,0.39
1404,09205490,76.6636,152.9595,1.9952,99.52
1404,09205500,157.9893,250.8679,1.5879,58.79
1404,09206000,83.1386,168.8017,2.0304,103.04
1404,09207500,303.0286,168.8017,0.557,-44.3
1404,09207700,173.5292,211.6655,1.2198,21.98
1404,09208000,17.3529,105.1473,6.0593,505.93
1404,09208400,315.9785,338.745,1.0721,7.21
1404,09208500,409.2181,484.8534,1.1848,18.48
1404,09209400,9906.7045,9938.719,1.0032,0.32
1404,09209500,10080.2337,10859.7741,1.0773,7.73
1404,09210000,150.2193,272.4385,1.8136,81.36
1404,09210500,398.8582,419.705,1.0523,5.23
1404,09211000,543.8975,592.4064,1.0892,8.92
1404,09211200,10870.1801,16838.0123,1.549,54.9
1404,09212500,243.4589,333.7958,1.3711,37.11
1404,09213500,815.8463,1002.075,1.2283,22.83
1404,09214000,52.3178,169.5709,3.2412,224.12
1404,09214500,360.0083,1770.2036,4.9171,391.71
1404,09215000,1007.5054,1033.295,1.0256,2.56
1404,09215550,2934.4565,3631.7999,1.2376,23.76
1404,09216000,3594.9035,3631.7999,1.0103,1.03
1404,09216050,3846.1323,3956.2342,1.0286,2.86
1404,09216500,18715.2541,18745.9999,1.0016,0.16
1404,09216525,108.2615,129.225,1.1936,19.36
1404,09216527,138.0464,943.7805,6.8367,583.67
1404,09216545,797.7163,827.9948,1.038,3.8
1404,09216562,2147.6181,2159.6881,1.0056,0.56
1404,09216565,89.8726,117.6648,1.3092,30.92
1404,09216576,92.9806,143.9591,1.5483,54.83
1404,09216578,9.5571,845.6797,88.4875,8748.75
1404,09216750,1362.3337,1365.213,1.0021,0.21
1404,09217000,24537.5474,24670.2489,1.0054,0.54
1404,09218500,378.1383,439.7429,1.1629,16.29
1404,09219000,738.1466,839.7084,1.1376,13.76
1404,09219200,840.1921,839.7084,0.9994,-0.06
1404,09220000,143.2263,208.2558,1.454,45.4
1404,09220500,97.6426,137.6967,1.4102,41.02
1404,09221500,536.1275,775.0878,1.4457,44.57
1404,09222000,2092.7104,2282.5662,1.0907,9.07
1404,09222200,138.3054,139.4237,1.0081,0.81
1404,09222300,1077.4351,1363.5692,1.2656,26.56
1404,09222400,2491.5686,2498.2468,1.0027,0.27
1404,09222500,5620.2742,5437.8494,0.9675,-3.25
1404,09223000,334.1085,385.9338,1.1551,15.51
1404,09223500,784.7664,968.192,1.2337,23.37
1404,09224000,1010.0954,1189.401,1.1775,17.75
1404,09224500,7355.5662,7166.5045,0.9743,-2.57
1404,09224700,7720.7546,7769.665,1.0063,0.63
1404,09225000,9458.6366,9512.2072,1.0057,0.57
1404,09226000,147.6293,227.1123,1.5384,53.84
1404,09228000,595.6973,929.1103,1.5597,55.97
1404,09229500,1346.7938,1477.5144,1.0971,9.71
1404,09235300,507.6377,849.4458,1.6733,67.33
1405,09236000,57.2387,134.7988,2.355,135.5
1405,09236500,107.7435,134.7988,1.2511,25.11
1405,09237450,533.5376,898.5087,1.6841,68.41
1405,09237500,590.5173,898.5087,1.5216,52.16
1405,09237800,98.9375,105.3059,1.0644,6.44
1405,09238000,36.2598,59.2888,1.6351,63.51
1405,09238300,1.8389,141.615,77.0111,7601.11
1405,09238350,16.7054,141.615,8.4772,747.72
1405,09238500,109.8155,141.615,1.2896,28.96
1405,09238700,1.1137,72.1914,64.8216,6382.16
1405,09238705,1.8389,72.1914,39.2581,3825.81
1405,09238710,2.6677,72.1914,27.0614,2606.14
1405,09238750,3.6001,72.1914,20.0527,1905.27
1405,09238770,7.3038,72.1914,9.8841,888.41
1405,09238800,12.406,72.1914,5.8191,481.91
1405,09238900,66.3037,72.1914,1.0888,8.88
1405,09239400,18.0263,1546.0885,85.7684,8476.84
1405,09239500,1468.5233,1546.0885,1.0528,5.28
1405,09240020,1546.2229,2871.3228,1.857,85.7
1405,09240500,157.9893,252.7759,1.6,60.0
1405,09240800,87.2826,252.7759,2.8961,189.61
1405,09240900,315.9785,537.9866,1.7026,70.26
1405,09241000,559.4374,622.3826,1.1125,11.25
1405,09242500,1160.3147,1223.3484,1.0543,5.43
1405,09243700,60.8647,112.7662,1.8527,85.27
1405,09243800,22.2998,112.7662,5.0568,405.68
1405,09243900,45.3248,112.7662,2.488,148.8
1405,09244100,89.3546,200.9026,2.2484,124.84
1405,09244300,66.8217,81.4939,1.2196,21.96
1405,09244400,3703.683,3654.7286,0.9868,-1.32
1405,09244410,3703.683,3654.7286,0.9868,-1.32
1405,09244415,10.8003,47.6755,4.4143,341.43
1405,09244460,6.8635,47.2694,6.8871,588.71
1405,09244464,20.9271,47.2694,2.2588,125.88
1405,09244470,35.2238,183.3572,5.2055,420.55
1405,09244490,4079.2313,4665.0123,1.1436,14.36
1405,09244500,117.5855,120.0504,1.021,2.1
1405,09245000,166.2772,234.0808,1.4078,40.78
1405,09245500,54.3898,58.3493,1.0728,7.28
1405,09246200,442.888,537.8814,1.2145,21.45
1405,09246400,549.0775,577.1917,1.0512,5.12
1405,09246500,574.9774,577.1917,1.0039,0.39
1405,09246900,88.8366,91.4749,1.0297,2.97
1405,09246920,103.5995,143.5071,1.3852,38.52
1405,09247000,668.2169,669.783,1.0023,0.23
1405,09247500,4480.6794,6785.1015,1.5143,51.43
1405,09247600,5511.4947,6785.1015,1.2311,23.11
1405,09248500,248.6389,370.0443,1.4883,48.83
1405,09248600,279.7187,370.0443,1.3229,32.29
1405,09249000,388.4982,742.6045,1.9115,91.15
1405,09249200,120.9524,191.4135,1.5826,58.26
1405,09249500,883.1859,1187.0429,1.344,34.4
1405,09249700,35.4828,148.6399,4.1891,318.91
1405,09249750,1085.205,1187.0429,1.0938,9.38
1405,09250000,168.3492,224.2372,1.332,33.2
1405,09250400,103.5995,349.9097,3.3775,237.75
1405,09250507,51.7998,118.3176,2.2841,128.41
1405,09250510,18.6997,118.3176,6.3272,532.72
1405,09250600,70.9657,118.3176,1.6673,66.73
1405,09250610,19.5026,118.3176,6.0668,506.68
1405,09250700,66.3037,134.6396,2.0306,103.06
1405,09251000,8761.9298,9025.0357,1.03,3.0
1405,09251100,9937.7844,20279.0578,2.0406,104.06
1405,09251500,310.7986,299.066,0.9623,-3.77
1405,09252500,119.1395,115.078,0.9659,-3.41
1405,09253000,652.677,997.7551,1.5287,52.87
1405,09254500,207.199,393.3184,1.8983,89.83
1405,09255000,391.0882,393.3184,1.0057,0.57
1405,09258000,63.7137,128.3524,2.0145,101.45
1405,09259990,619.0072,704.6868,1.1384,13.84
1405,09260000,10448.012,10308.1865,0.9866,-1.34
1405,09260050,20541.1957,20469.7569,0.9965,-0.35
1405,09302400,50.5048,132.072,2.615,161.5
1405,09302420,161.8743,236.7773,1.4627,46.27
1405,09302450,55.6847,55.9862,1.0054,0.54
1405,09302500,154.6223,155.1755,1.0036,0.36
1405,09302800,569.7974,675.373,1.1853,18.53
1405,09303000,670.8069,675.373,1.0068,0.68
1405,09303300,135.4564,291.3938,2.1512,115.12
1405,09303320,19.0623,291.3938,15.2864,1428.64
1405,09303340,29.0079,291.3938,10.0453,904.53
1405,09303400,331.5185,344.8498,1.0402,4.02
1405,09303500,393.6782,1142.4013,2.9019,190.19
1405,09304000,458.4279,1142.4013,2.492,149.2
1405,09304100,88.3186,1658.9331,18.7835,1778.35
1405,09304115,1372.6937,1658.9331,1.2085,20.85
1405,09304150,149.1833,152.0325,1.0191,1.91
1405,09304200,1678.3123,2094.8692,1.2482,24.82
1405,09304300,65.0087,258.7288,3.9799,297.99
1405,09304500,1968.391,2094.8692,1.0643,6.43
1405,09304600,2092.7104,2094.8692,1.001,0.1
1405,09304800,2698.7676,2818.8842,1.0445,4.45
1405,09305500,23.2322,111.6514,4.8059,380.59
1405,09306007,458.4279,616.1856,1.3441,34.41
1405,09306015,62.1597,156.7,2.5209,152.09
1405,09306022,113.9595,156.7,1.3751,37.51
1405,09306025,36.7778,156.7,4.2607,326.07
1405,09306028,40.6628,156.7,3.8536,285.36
1405,09306033,3.1598,887.5738,280.8969,27989.69
1405,09306036,9.3758,887.5738,94.6669,9366.69
1405,09306039,3.108,887.5738,285.5785,28457.85
1405,09306042,2.7454,887.5738,323.2964,32229.64
1405,09306045,660.447,887.5738,1.3439,34.39
1405,09306050,17.1198,125.3769,7.3235,632.35
1405,09306052,20.6422,125.3769,6.0738,507.38
1405,09306058,125.3554,125.3769,1.0002,0.02
1405,09306061,800.3063,887.5738,1.109,10.9
1405,09306175,266.7688,266.8542,1.0003,0.03
1405,09306200,1310.534,1357.2534,1.0356,3.56
1405,09306202,3.8073,1357.2534,356.4887,35548.87
1405,09306203,7.4333,1357.2534,182.5918,18159.18
1405,09306222,1688.6722,1690.4096,1.001,0.1
1405,09306224,4716.3683,5906.276,1.2523,25.23
1405,09306230,67.5987,78.3991,1.1598,15.98
1405,09306235,22.2998,218.2819,9.7885,878.85
1405,09306237,7.0966,218.2819,30.7588,2975.88
1405,09306240,23.8538,218.2819,9.1508,815.08
1405,09306241,6.1901,218.2819,35.2632,3426.32
1405,09306242,82.3616,218.2819,2.6503,165.03
1405,09306244,97.9016,218.2819,2.2296,122.96
1405,09306246,14.3226,218.2819,15.2403,1424.03
1405,09306248,101.2685,361.4915,3.5696,256.96
1405,09306250,129.4994,361.4915,2.7915,179.15
1405,09306255,678.5769,679.1942,1.0009,0.09
1405,09306290,6552.6699,7137.7481,1.0893,8.93
1405,09306300,7182.037,8366.4905,1.1649,16.49
1405,09306380,1100.7449,1100.4539,0.9997,-0.03
1405,09306395,9531.1562,9339.8119,0.9799,-2.01
1405,09306400,9582.956,9339.8119,0.9746,-2.54
1405,09306405,63.4547,63.7165,1.0041,0.41
1405,09306410,258.9988,264.2181,1.0202,2.02
1405,09306415,637.1371,745.0133,1.1693,16.93
1405,09306417,4.403,745.0133,169.2066,16820.66
1405,09306420,670.8069,745.0133,1.1106,11.06
1405,09306425,32.1159,745.0133,23.1977,2219.77
1405,09306430,735.5566,745.0133,1.0129,1.29
1405,09306500,10411.7522,10174.3249,0.9772,-2.28
1405,09306600,10437.6521,10174.3249,0.9748,-2.52
1405,09306605,6.475,10174.3249,1571.3315,157033.15
1405,09306610,21.4969,10174.3249,473.2926,47229.26
1405,09306620,244.4949,256.1602,1.0477,4.77
1405,09306625,252.5238,256.1602,1.0144,1.44
1405,09306700,10696.6509,10577.8001,0.9889,-1.11
1405,09306740,30.3029,68.9117,2.2741,127.41
1405,09306760,58.5337,88.8841,1.5185,51.85
1405,09306780,321.1585,405.7423,1.2634,26.34
1405,09306800,839.1561,926.1825,1.1037,10.37
1405,09306850,1030.8153,1027.5186,0.9968,-0.32
1405,09306870,154.6223,193.1246,1.249,24.9
1405,09306872,184.1482,193.1246,1.0487,4.87
1405,09306878,590.5173,608.1304,1.0298,2.98
1405,09306880,28.4899,12962.6391,454.9912,45399.12
1405,09306885,182.8532,216.079,1.1817,18.17
1405,09306900,13260.7391,12962.6391,0.9775,-2.25
1405,09251800,33.6698,118.9258,3.5321,253.21
1405,09251900,75.8867,118.9258,1.5672,56.72
1405,09253400,33.6698,82.1774,2.4407,144.07
1405,09255200,1585.0727,2595.7497,1.6376,63.76
1405,09255400,14.478,62.5309,4.319,331.9
1405,09255500,520.5876,567.1295,1.0894,8.94
1405,09255900,19.9947,115.8549,5.7943,479.43
1405,09256000,797.7163,913.0626,1.1446,14.46
1405,09256500,916.8558,913.0626,0.9959,-0.41
1405,09257000,2644.3779,5329.596,2.0154,101.54
1405,09258050,326.3385,396.0938,1.2138,21.38
1405,09258980,2444.9488,2458.6877,1.0056,0.56
1405,09259000,3074.3159,2458.6877,0.7998,-20.02
1405,09259700,7821.7641,8492.2004,1.0857,8.57
1406,09261500,59.5697,102.7082,1.7242,72.42
1406,09261700,199.9471,255.5834,1.2783,27.83
1406,09262000,206.1631,255.5834,1.2397,23.97
1406,09262500,51.7998,54.4462,1.0511,5.11
1406,09263000,72.5197,163.8126,2.2589,125.89
1406,09263500,660.447,656.4474,0.9939,-0.61
1406,09264000,69.9297,79.1386,1.1317,13.17
1406,09264500,51.7998,60.9968,1.1775,17.75
1406,09265300,144.5213,246.5784,1.7062,70.62
1406,09265500,258.9988,315.0289,1.2163,21.63
1406,09266500,261.5888,315.0289,1.2043,20.43
1406,09267100,284.8987,315.0289,1.1058,10.58
1406,09267500,0.0259,123.0793,4752.1185,475111.85
1406,09268000,114.9955,123.0793,1.0703,7.03
1406,09268500,22.3257,215.0281,9.6314,863.14
1406,09268900,21.3415,51.004,2.3899,138.99
1406,09269000,31.0799,51.004,1.6411,64.11
1406,09269500,46.6198,51.004,1.094,9.4
1406,09270000,252.2648,257.5434,1.0209,2.09
1406,09270500,297.8486,300.3241,1.0083,0.83
1406,09271000,624.1871,702.6495,1.1257,12.57
1406,09271500,991.9654,1014.2962,1.0225,2.25
1406,09271550,1007.5054,1014.2962,1.0067,0.67
1406,09273000,101.0095,132.628,1.313,31.3
1406,09273200,101.0095,132.628,1.313,31.3
1406,09273500,19.4249,206.5991,10.6358,963.58
1406,09274000,202.0191,490.3554,2.4273,142.73
1406,09274900,103.5995,231.6651,2.2362,123.62
1406,09275000,113.4415,231.6651,2.0422,104.22
1406,09275500,159.5433,231.6651,1.4521,45.21
1406,09276000,27.4539,50.4485,1.8376,83.76
1406,09276500,49.2098,50.4485,1.0252,2.52
1406,09276600,214.969,231.6651,1.0777,7.77
1406,09277000,595.6973,672.5429,1.129,12.9
1406,09277500,914.2658,972.7601,1.064,6.4
1406,09277501,922.0358,972.7601,1.055,5.5
1406,09277800,256.1498,330.1648,1.289,28.9
1406,09278000,40.6628,41.923,1.031,3.1
1406,09278500,315.9785,330.1648,1.0449,4.49
1406,09278700,344.4684,429.7805,1.2477,24.77
1406,09279000,380.7283,429.7805,1.1288,12.88
1406,09279100,616.4172,624.0586,1.0124,1.24
1406,09279150,1613.5626,1660.2779,1.029,2.9
1406,09279500,1709.3922,4846.2709,2.8351,183.51
1406,09279501,1709.3922,4846.2709,2.8351,183.51
1406,09280400,7.4851,99.5696,13.3024,1230.24
1406,09285000,111.3695,556.8223,4.9998,399.98
1406,09285500,113.9595,113.9981,1.0003,0.03
1406,09285700,940.1657,963.5307,1.0249,2.49
1406,09285900,937.5757,963.5307,1.0277,2.77
1406,09286100,81.3256,85.4065,1.0502,5.02
1406,09286500,230.5089,314.1576,1.3629,36.29
1406,09286700,124.3194,205.6132,1.6539,65.39
1406,09287000,129.7584,205.6132,1.5846,58.46
1406,09287500,35.7418,309.6437,8.6633,766.33
1406,09288000,362.5983,431.056,1.1888,18.88
1406,09288100,769.2265,773.4993,1.0056,0.56
1406,09288150,145.2983,145.384,1.0006,0.06
1406,09288180,2375.0191,2447.2635,1.0304,3.04
1406,09288400,2742.7974,3013.7552,1.0988,9.88
1406,09288500,2760.9273,3013.7552,1.0916,9.16
1406,09288900,105.1535,195.6263,1.8604,86.04
1406,09289000,512.8176,514.2452,1.0028,0.28
1406,09289500,201.7601,290.4949,1.4398,43.98
1406,09291000,290.0787,419.7505,1.447,44.7
1406,09291200,357.4184,419.7505,1.1744,17.44
1406,09291500,256.4088,360.8712,1.4074,40.74
1406,09292000,295.2586,360.8712,1.2222,22.22
1406,09292500,341.8784,360.8712,1.0556,5.56
1406,09293000,367.7783,360.8712,0.9812,-1.88
1406,09293500,787.3564,1102.0352,1.3997,39.97
1406,09293600,823.6162,1102.0352,1.338,33.8
1406,09293700,247.3439,249.2758,1.0078,0.78
1406,09294000,1105.9249,1275.0135,1.1529,15.29
1406,09294500,1253.5542,1275.0135,1.0171,1.71
1406,09295000,6845.3386,6943.5977,1.0144,1.44
1406,09295100,7018.8678,7036.1319,1.0025,0.25
1406,09295500,85.4696,151.1625,1.7686,76.86
1406,09296000,341.8784,513.6361,1.5024,50.24
1406,09296500,24.6049,513.6361,20.8754,1987.54
1406,09296800,406.6281,513.6361,1.2632,26.32
1406,09297000,422.1681,513.6361,1.2167,21.67
1406,09297500,564.6174,557.95,0.9882,-1.18
1406,09297600,559.4374,1169.6216,2.0907,109.07
1406,09297700,556.8474,557.95,1.002,0.2
1406,09297800,655.267,1169.6216,1.785,78.5
1406,09297900,989.3755,1169.6216,1.1822,18.22
1406,09298000,38.5908,86.7779,2.2487,124.87
1406,09298500,233.0989,276.2268,1.185,18.5
1406,09299000,25.8999,276.2268,10.6652,966.52
1406,09299400,284.8987,322.0638,1.1305,13.05
1406,09299500,282.3087,322.0638,1.1408,14.08
1406,09299600,310.7986,322.0638,1.0362,3.62
1406,09299700,321.1585,322.0638,1.0028,0.28
1406,09299900,186.9971,211.5616,1.1314,13.14
1406,09300000,194.2491,211.5616,1.0891,8.91
1406,09300500,1442.6234,1486.9242,1.0307,3.07
1406,09301000,173.5292,167.2161,0.9636,-3.64
1406,09301200,1214.7044,1182.3072,0.9733,-2.67
1406,09301500,2755.7473,2728.5353,0.9901,-0.99
1406,09302000,9816.0549,9947.8506,1.0134,1.34
1406,09307000,91944.5779,15054.5743,0.1637,-83.63
1406,09307200,396.2682,406.905,1.0268,2.68
1406,09307300,771.8165,778.5931,1.0088,0.88
1406,09307500,769.2265,868.2831,1.1288,12.88
1406,09307800,232.3219,232.4539,1.0006,0.06
1406,09307900,745.9166,778.2753,1.0434,4.34
1406,09308000,2323.2193,2408.185,1.0366,3.66
1406,09308500,82.8796,116.4157,1.4046,40.46
1406,09309000,598.2873,628.6537,1.0508,5.08
1406,09309600,0.0259,80.223,3097.4263,309642.63
1406,09309800,19.4508,80.223,4.1244,312.44
1406,09310000,43.5118,80.223,1.8437,84.37
1406,09310500,155.6583,204.3556,1.3128,31.28
1406,09310575,5.2836,148.1051,28.0312,2703.12
1406,09310600,14.2449,148.1051,10.397,939.7
1406,09310700,75.3687,148.1051,1.9651,96.51
1406,09311500,401.4482,451.2804,1.1241,12.41
1406,09311700,466.1979,451.2804,0.968,-3.2
1406,09312000,60.3467,60.4458,1.0016,0.16
1406,09312500,136.7514,263.6359,1.9278,92.78
1406,09312600,195.8031,263.6359,1.3464,34.64
1406,09312700,67.5987,68.3188,1.0107,1.07
1406,09312800,162.6513,208.5313,1.2821,28.21
1406,09312900,200.4651,208.5313,1.0402,4.02
1406,09313000,1178.4446,1301.8817,1.1047,10.47
1406,09313040,59.5697,61.1863,1.0271,2.71
1406,09313520,1372.6937,1377.3713,1.0034,0.34
1406,09313600,1862.2015,1896.0745,1.0182,1.82
1406,09313965,65.5267,78.7998,1.2026,20.26
1406,09313975,45.8428,131.2573,2.8632,186.32
1406,09313980,2191.1299,2488.8059,1.1359,13.59
1406,09313985,15.0219,114.3287,7.6108,661.08
1406,09314000,2209.2599,2488.8059,1.1265,12.65
1406,09314250,2473.4386,2488.8059,1.0062,0.62
1406,09314260,131.0534,208.4657,1.5907,59.07
1406,09314280,494.6877,499.2122,1.0091,0.91
1406,09314340,103.8585,283.901,2.7335,173.35
1406,09314374,32.3749,138.0319,4.2636,326.36
1406,09314500,3988.5817,4616.1524,1.1573,15.73
1406,09315000,116160.9667,27844.8477,0.2397,-76.03
1406,09315500,466.1979,551.3157,1.1826,18.26
1406,09316000,194.2491,218.2886,1.1238,12.38
1406,09316100,146.5933,236.6763,1.6145,61.45
1406,09317000,4.921,162.2815,32.9775,3197.75
1406,09317919,14.7629,434.7322,29.4476,2844.76
1406,09317920,30.3029,434.7322,14.3462,1334.62
1406,09317997,461.0179,163.4407,0.3545,-64.55
1406,09318000,484.3278,163.4407,0.3375,-66.25
1406,09318500,841.7461,895.4963,1.0639,6.39
1406,09319000,0.0259,315.3861,12177.1259,1217612.59
1406,09324200,56.7207,63.6626,1.1224,12.24
1406,09324500,538.7175,875.0875,1.6244,62.44
1406,09325000,675.9869,875.0875,1.2945,29.45
1406,09325100,1761.1919,2515.0489,1.428,42.8
1406,09326500,357.4184,393.3422,1.1005,10.05
1406,09327000,195.5441,506.0306,2.5878,158.78
1406,09327500,543.8975,625.8193,1.1506,15.06
1406,09327550,572.3874,625.8193,1.0933,9.33
1406,09328000,2431.9988,2515.0489,1.0341,3.41
1406,09328100,3325.5447,3679.3873,1.1064,10.64
1406,09328400,4263.1204,4323.0872,1.0141,1.41
1406,09328500,4216.5006,4323.0872,1.0253,2.53
1406,09328910,8088.5329,6296.8655,0.7785,-22.15
1406,09328920,125769.8226,36975.2247,0.294,-70.6
1406,392217111034799,492.0977,163.4407,0.3321,-66.79
1407,09379910,289301.6719,30832.3818,0.1066,-89.34
1407,09380000,289560.6707,30832.3818,0.1065,-89.35
1407,09380002,279306.9078,30832.3818,0.1104,-88.96
1407,09382000,3651.8832,3569.0948,0.9773,-2.27
1407,09328960,184407.1535,856.6215,0.0046,-99.54
1407,09328990,184588.4526,13220.9422,0.0716,-92.84
1407,09329000,69.9297,73.8082,1.0555,5.55
1407,09329050,62.1597,152.3754,2.4514,145.14
1407,09329500,530.9476,562.8051,1.06,6.0
1407,09329900,269.3588,305.4256,1.1339,13.39
1407,09330000,1945.0811,2048.9476,1.0534,5.34
1407,09330210,297.8486,300.8026,1.0099,0.99
1407,09330230,3128.7056,3800.9907,1.2149,21.49
1407,09330250,3211.5853,3800.9907,1.1835,18.35
1407,09330410,19.5026,64.9803,3.3319,233.19
1407,09330500,271.9488,329.6309,1.2121,21.21
1407,09331500,129.4994,192.3136,1.4851,48.51
1407,09331850,55.9437,110.263,1.971,97.1
1407,09331900,269.3588,320.5894,1.1902,19.02
1407,09331950,35.2238,320.5894,9.1015,810.15
1407,09332100,1082.615,1163.5181,1.0747,7.47
1407,09332500,1139.5948,1163.5181,1.021,2.1
1407,09332700,2178.18,3125.1386,1.4347,43.47
1407,09333000,9039.0585,9263.9206,1.0249,2.49
1407,09333500,10771.7606,11220.8017,1.0417,4.17
1407,09334000,352.2384,369.7,1.0496,4.96
1407,09334500,714.8367,14390.4796,20.1311,1913.11
1407,09335000,198393.0893,14390.4796,0.0725,-92.75
1407,09335200,416.9881,530.6449,1.2726,27.26
1407,09335500,233.0989,238.2655,1.0222,2.22
1407,09336000,93.2396,118.4031,1.2699,26.99
1407,09336500,258.9988,238.2655,0.9199,-8.01
1407,09337000,176.3782,253.3922,1.4366,43.66
1407,09337500,828.7962,1191.5028,1.4376,43.76
1407,09338000,55.4257,137.4811,2.4805,148.05
1407,09338500,4.921,124.4139,25.2824,2428.24
1407,09338900,162.3923,202.3086,1.2458,24.58
1407,09339000,448.0679,456.428,1.0187,1.87
1407,09339500,4584.279,5243.5735,1.1438,14.38
1407,09381000,75.1097,164.8111,2.1943,119.43
1407,09381500,512.8176,685.1929,1.3361,33.61
1407,09381800,1675.7223,1803.6502,1.0763,7.63
1408,09379025,1655.0024,3713.6477,2.2439,124.39
1408,09379050,233.9062,356.3969,1.5237,52.37
1408,09379180,1072.2551,1305.9036,1.2179,21.79
1408,09379200,9453.4566,10300.3218,1.0896,8.96
1408,09339900,166.0182,235.3665,1.4177,41.77
1408,09340000,225.07,235.3665,1.0457,4.57
1408,09340500,106.7075,466.1408,4.3684,336.84
1408,09340800,130.7944,466.1408,3.5639,256.39
1408,09341200,36.2598,52.7649,1.4552,45.52
1408,09341300,46.6198,52.7649,1.1318,13.18
1408,09341350,3.6519,52.7649,14.4487,1344.87
1408,09341500,221.185,466.1408,2.1075,110.75
1408,09342000,59.5697,71.6089,1.2021,20.21
1408,09342500,727.7867,727.5504,0.9997,-0.03
1408,09343000,150.2193,171.9761,1.1448,14.48
1408,09343300,178.9682,251.8257,1.4071,40.71
1408,09343500,60.3467,118.0635,1.9564,95.64
1408,09344000,180.7812,213.6645,1.1819,18.19
1408,09344300,249.6749,370.4202,1.4836,48.36
1408,09344400,258.9988,370.4202,1.4302,43.02
1408,09345200,36.7778,61.12,1.6619,66.19
1408,09345500,56.7207,61.12,1.0776,7.76
1408,09346000,445.478,574.8206,1.2903,29.03
1408,09346400,3237.4851,3323.0863,1.0264,2.64
1408,09347200,83.3976,204.1132,2.4475,144.75
1408,09347205,88.3186,204.1132,2.3111,131.11
1408,09347500,213.156,396.5231,1.8602,86.02
1408,09348500,113.1825,125.716,1.1107,11.07
1408,09349000,138.3054,169.3769,1.2247,22.47
1408,09349500,960.8856,1226.2494,1.2762,27.62
1408,09349800,1691.2622,1752.1554,1.036,3.6
1408,09352800,336.6985,353.267,1.0492,4.92
1408,09352900,187.7741,226.4343,1.2059,20.59
1408,09353500,699.2968,726.4577,1.0388,3.88
1408,09353800,880.596,1060.7742,1.2046,20.46
1408,09354500,1344.2038,1506.9807,1.1211,12.11
1408,09355000,150.7373,151.2392,1.0033,0.33
1408,09357500,144.7803,412.7962,2.8512,185.12
1408,09358000,182.8532,412.7962,2.2575,125.75
1408,09358550,52.0588,52.8505,1.0152,1.52
1408,09358900,28.4899,136.9172,4.8058,380.58
1408,09359000,114.7365,136.9172,1.1933,19.33
1408,09359010,135.4564,136.9172,1.0108,1.08
1408,09359020,378.1383,412.7962,1.0917,9.17
1408,09359080,66.3037,74.2628,1.12,12.0
1408,09359082,66.3037,74.2628,1.12,12.0
1408,09359100,87.8006,106.976,1.2184,21.84
1408,09359500,875.416,1012.9397,1.1571,15.71
1408,09361000,445.478,441.3574,0.9908,-0.92
1408,09361200,18.5961,1687.5847,90.7493,8974.93
1408,09361400,68.1167,100.1693,1.4706,47.06
1408,09361500,1815.5817,1986.2093,1.094,9.4
1408,09362000,170.9392,164.8673,0.9645,-3.55
1408,09362520,2007.2408,2043.8818,1.0183,1.83
1408,09362550,16.7054,2043.8818,122.3484,12134.84
1408,09362900,178.1912,268.3453,1.5059,50.59
1408,09363000,252.2648,268.3453,1.0637,6.37
1408,09363050,277.1287,331.6929,1.1969,19.69
1408,09363100,45.8428,68.795,1.5007,50.07
1408,09363200,572.3874,572.7643,1.0007,0.07
1408,09363500,2823.087,3091.1783,1.095,9.5
1408,09365500,89.0956,115.7414,1.2991,29.91
1408,09366000,170.9392,195.0697,1.1412,14.12
1408,09366500,857.2861,802.0611,0.9356,-6.44
1408,09368500,102.0455,110.8737,1.0865,8.65
1408,09369000,30.8209,274.2009,8.8966,789.66
1408,09369500,31.3389,32.1548,1.026,2.6
1408,09370000,185.1841,274.2009,1.4807,48.07
1408,09370600,419.5781,526.5439,1.2549,25.49
1408,09370800,782.1764,1012.2802,1.2942,29.42
1408,09370820,828.7962,1012.2802,1.2214,22.14
1408,09371000,1362.3337,1370.2366,1.0058,0.58
1408,09371002,68.1167,158.688,2.3296,132.96
1408,09371010,37813.8264,37846.7448,1.0009,0.09
1408,09371400,88.0596,88.1655,1.0012,0.12
1408,09371420,380.7283,504.635,1.3254,32.54
1408,09371492,89.3546,90.7616,1.0157,1.57
1408,09371495,87.0236,90.7616,1.043,4.3
1408,09371500,595.6973,683.5289,1.1474,14.74
1408,09371520,606.0572,683.5289,1.1278,12.78
1408,09371700,732.9666,776.529,1.0594,5.94
1408,09372000,893.5459,900.0441,1.0073,0.73
1408,09378490,251.4878,334.6093,1.3305,33.05
1408,09355500,8443.3612,9020.2927,1.0683,6.83
1408,09356500,9220.3577,9142.9502,0.9916,-0.84
1408,09356565,4402.9798,4440.3893,1.0085,0.85
1408,09357000,13856.4364,14097.9799,1.0174,1.74
1408,09357700,14996.0312,15104.383,1.0072,0.72
1408,09364010,3369.5745,3465.0272,1.0283,2.83
1408,09364200,3470.5841,3551.5049,1.0233,2.33
1408,09364500,3522.3838,3551.5049,1.0083,0.83
1408,09365000,18751.5139,20595.893,1.0984,9.84
1408,09367000,909.0858,1210.2234,1.3313,33.13
1408,09367400,2.6677,1504.3068,563.8991,56289.91
1408,09367500,1509.9631,1504.3068,0.9963,-0.37
1408,09367540,20590.4055,21093.4209,1.0244,2.44
1408,09367555,162.6513,367.0845,2.2569,125.69
1408,09367561,352.2384,367.0845,1.0421,4.21
1408,09367660,153.0683,473.2862,3.092,209.2
1408,09367680,1497.0131,1596.7339,1.0666,6.66
1408,09367685,21.2638,109.1501,5.1331,413.31
1408,09367687,590.5173,832.1025,1.4091,40.91
1408,09367689,1035.9952,1232.9597,1.1901,19.01
1408,09367710,473.9678,502.3376,1.0599,5.99
1408,09367900,18.2594,248.8798,13.6302,1263.02
1408,09367930,118.1035,178.3856,1.5104,51.04
1408,09367934,20.8235,9009.2932,432.6502,43165.02
1408,09367936,22.2739,220.4864,9.8989,889.89
1408,09367938,9575.186,10532.5959,1.1,10.0
1408,09367950,11266.4483,11792.7008,1.0467,4.67
1408,09367958,11784.4459,11792.7008,1.0007,0.07
1408,09368000,33410.8466,33603.6558,1.0058,0.58
1408,093710009,2074.5805,2077.858,1.0016,0.16
1408,09372200,1864.7914,1857.1996,0.9959,-0.41
1408,09372400,7.0448,102.4827,14.5473,1354.73
1408,09372500,27.1949,102.4827,3.7685,276.85
1408,09376800,6.6045,96.1887,14.5642,1356.42
1408,09376900,12.8204,96.1887,7.5028,650.28
1408,09378100,22.4811,102.4827,4.5586,355.86
1408,09378170,22.3775,102.4827,4.5797,357.97
1408,09378200,45.5838,102.4827,2.2482,124.82
1408,09378600,2988.8463,3027.2907,1.0129,1.29
1408,09378630,9.7643,141.2769,14.4688,1346.88
1408,09378650,95.8296,141.2769,1.4743,47.43
1408,09378700,530.9476,580.31,1.093,9.3
1408,09379000,720.0167,742.6647,1.0315,3.15
1408,09379250,10618.9513,10612.5138,0.9994,-0.06
1408,09379500,59569.7265,59480.27,0.9985,-0.15
1408,09379700,62159.7146,70.4114,0.0011,-99.89
1501,09383100,295963.1213,3038.6561,0.0103,-98.97
1501,09402500,356488.5535,3800.4701,0.0107,-98.93
1501,09403000,261.5888,261.1072,0.9982,-0.18
1501,09403780,2810.1371,3126.6276,1.1126,11.26
1501,09403850,6109.782,6119.2278,1.0015,0.15
1501,09403990,12.147,47.196,3.8854,288.54
1501,09404020,39.8858,47.196,1.1833,18.33
1501,09404040,120.1754,215.9914,1.7973,79.73
1501,09404104,5001.267,4691.3808,0.938,-6.2
1501,09404110,7275.2766,7095.7048,0.9753,-2.47
1501,09404112,7505.7855,7430.5616,0.99,-1.0
1501,09404115,7280.4566,7430.5616,1.0206,2.06
1501,09404120,371090.9065,19721.6648,0.0531,-94.69
1501,09404200,374667.68,23841.2258,0.0636,-93.64
1501,09404208,722.6067,715.6461,0.9904,-0.96
1501,09404222,668.2169,690.2554,1.033,3.3
1501,09404343,984.9725,1019.276,1.0348,3.48
1501,09413700,11434.7975,11077.7296,0.9688,-3.12
1501,09414900,1489.2432,1495.088,1.0039,0.39
1501,09415000,13183.0395,12678.9266,0.9618,-3.82
1501,09415190,15255.03,14758.8774,0.9675,-3.25
1501,09415230,15488.1289,15136.4523,0.9773,-2.27
1501,09415250,15356.0395,15868.9215,1.0334,3.34
1501,09415460,73.0377,251.3496,3.4414,244.14
1501,09415515,28.4899,141.3027,4.9598,395.98
1501,09415550,1820.7616,1892.9173,1.0396,3.96
1501,09415558,0.3367,3540.2405,10514.573,1051357.3
1501,09415600,44.0298,145.3545,3.3013,230.13
1501,09415850,9917.0645,9913.1673,0.9996,-0.04
1501,09416000,2574.4482,10017.4907,3.8911,289.11
1501,09416500,277.1287,10017.4907,36.1474,3514.74
1501,09417000,313.3886,10853.642,34.6332,3363.32
1501,09417400,11292.3482,10853.642,0.9612,-3.88
1501,09417500,758.8665,923.3156,1.2167,21.67
1501,09418000,1165.4946,1228.7313,1.0543,5.43
1501,09418200,88.0596,147.5086,1.6751,67.51
1501,09418300,116.5495,89.1221,0.7647,-23.53
1501,09418500,4325.2801,4329.7914,1.001,0.1
1501,09419000,10238.223,158.9345,0.0155,-98.45
1501,09419500,10955.6497,18093.1815,1.6515,65.15
1501,09419507,8391.5615,18093.1815,2.1561,115.61
1501,09419515,8546.9608,18093.1815,2.1169,111.69
1501,09419530,26544.7881,18228.1171,0.6867,-31.33
1501,09419610,23.8279,47.5322,1.9948,99.48
1501,09419649,239.0818,253.8823,1.0619,6.19
1501,094196497,292.8241,1638.905,5.5969,459.69
1501,09419650,3366.9845,3044.8562,0.9043,-9.57
1501,094196557,17.0162,3044.8562,178.9384,17793.84
1501,09419656,119.9164,3044.8562,25.3915,2439.15
1501,09419658,2131.5602,3044.8562,1.4285,42.85
1501,09419659,45.3507,365.7406,8.0647,706.47
1501,09419665,372.9583,3044.8562,8.1641,716.41
1501,09419673,242.4229,504.7225,2.082,108.2
1501,09419674,260.4751,504.7225,1.9377,93.77
1501,09419677,274.5387,504.7225,1.8384,83.84
1501,094196775,279.7187,504.7225,1.8044,80.44
1501,094196781,556.8474,3044.8562,5.468,446.8
1501,094196783,3545.6937,3044.8562,0.8587,-14.13
1501,094196784,3931.602,4039.5586,1.0275,2.75
1501,09419695,176.9221,210.4514,1.1895,18.95
1501,09419696,595.6973,455.1647,0.7641,-23.59
1501,09419700,3931.602,4039.5586,1.0275,2.75
1501,09419740,9.7902,4039.5586,412.6144,41161.44
1501,09419753,5646.1741,4039.5586,0.7155,-28.45
1501,09419756,5672.074,4039.5586,0.7122,-28.78
1501,09419790,5697.9738,4039.5586,0.7089,-29.11
1501,09419800,4107.7211,4039.5586,0.9834,-1.66
1501,09403600,502.4577,502.6212,1.0003,0.03
1501,09403620,12.4578,55.0607,4.4198,341.98
1501,09403630,38.3318,55.0607,1.4364,43.64
1501,09403640,6.4491,55.0607,8.5378,753.78
1501,09403650,25.3819,57.6949,2.2731,127.31
1501,09403660,42.9938,55.0607,1.2807,28.07
1501,09403670,49.7278,57.6949,1.1602,16.02
1501,09403690,613.8272,472.5229,0.7698,-23.02
1501,09404450,192.1771,300.0278,1.5612,56.12
1501,09404700,422.1681,573.9421,1.3595,35.95
1501,09404900,888.3659,1046.6545,1.1782,17.82
1501,09405200,17.4047,136.7643,7.8579,685.79
1501,09405250,20.2537,136.7643,6.7526,575.26
1501,09405300,26.4179,90.6627,3.4319,243.19
1501,09405400,14.6334,101.6706,6.9478,594.78
1501,09405420,76.6636,101.6706,1.3262,32.62
1501,09405450,107.4845,180.3101,1.6775,67.75
1501,09405500,890.9559,926.5306,1.0399,3.99
1501,09405501,890.9559,926.5306,1.0399,3.99
1501,09405900,250.1929,261.1555,1.0438,4.38
1501,09406000,2476.0286,2785.7898,1.1251,12.51
1501,09406100,2538.1883,2785.7898,1.0976,9.76
1501,09406150,236.4659,244.5382,1.0341,3.41
1501,09406300,25.5114,156.3212,6.1275,512.75
1501,09406500,341.8784,427.8868,1.2516,25.16
1501,09406600,344.4684,427.8868,1.2422,24.22
1501,09406640,23.802,427.8868,17.9769,1697.69
1501,09406700,28.4899,556.7527,19.5421,1854.21
1501,09406900,13.0017,556.7527,42.8214,4182.14
1501,09407000,520.5876,556.7527,1.0695,6.95
1501,09407200,520.5876,556.7527,1.0695,6.95
1501,09407600,551.6675,556.7527,1.0092,0.92
1501,09407800,556.8474,2785.7898,5.0028,400.28
1501,09407810,3341.0847,3607.4635,1.0797,7.97
1501,09408000,40.1448,201.6207,5.0223,402.23
1501,09408135,3403.2444,3607.4635,1.06,6.0
1501,09408150,3866.8522,4126.9269,1.0673,6.73
1501,09408195,3493.894,3475.8217,0.9948,-0.52
1501,09408400,48.4328,85.1445,1.758,75.8
1501,09409000,251.2288,288.5204,1.1484,14.84
1501,09409100,300.4386,359.635,1.197,19.7
1501,09409500,85.4696,154.7302,1.8104,81.04
1501,09409880,701.8868,725.3167,1.0334,3.34
1501,09410000,875.416,870.134,0.994,-0.6
1501,09410100,979.0155,1133.5817,1.1579,15.79
1501,09410400,1061.8951,1133.5817,1.0675,6.75
1501,09413000,1401.1836,1399.6863,0.9989,-0.11
1501,09413200,9979.2242,10356.7283,1.0378,3.78
1501,09413500,10678.521,10356.7283,0.9699,-3.01
1501,09413900,150.2193,217.6319,1.4488,44.88
1502,09383200,3.367,36.283,10.7761,977.61
1502,09383220,1.295,36.283,28.0179,2701.79
1502,09383250,4.921,36.283,7.3731,637.31
1502,09383400,75.3687,152.3787,2.0218,102.18
1502,09383430,398.8582,418.2005,1.0485,4.85
1502,09383500,215.746,227.5448,1.0547,5.47
1502,09383550,224.811,227.5448,1.0122,1.22
1502,09383570,429.938,444.3176,1.0334,3.34
1502,09383595,896.1359,913.9273,1.0199,1.99
1502,09384000,1823.3516,1997.8863,1.0957,9.57
1502,09384600,2046.0906,1997.8863,0.9764,-2.36
1502,09385500,1445.2134,2148.3483,1.4865,48.65
1502,09385700,2188.54,2148.3483,0.9816,-1.84
1502,09386000,2496.7485,2512.8057,1.0064,0.64
1502,09386030,1960.621,2512.8057,1.2816,28.16
1502,09386250,5770.4935,5784.68,1.0025,0.25
1502,09386300,3032.8761,8915.7842,2.9397,193.97
1502,09386500,9212.5877,9043.8088,0.9817,-1.83
1502,09388000,15987.9966,16895.1783,1.0567,5.67
1502,09390000,308.2086,395.0485,1.2818,28.18
1502,09390500,177.6732,251.4561,1.4153,41.53
1502,09392000,189.0691,251.4561,1.33,33.0
1502,09392500,233.6169,251.4561,1.0764,7.64
1502,09393000,1059.3051,1191.1068,1.1244,12.44
1502,09393400,678.5769,736.8518,1.0859,8.59
1502,09394000,2297.3195,2321.0983,1.0104,1.04
1502,09394500,20137.1576,19930.9194,0.9898,-1.02
1502,09395650,2719.4875,2771.0875,1.019,1.9
1502,09395900,1276.8641,1318.4183,1.0325,3.25
1502,09395990,1691.0827,1692.3776,1.0008,0.08
1502,09396100,5454.515,5634.7789,1.033,3.3
1502,09396500,6744.329,6914.6341,1.0253,2.53
1502,09397000,28787.7178,28474.3379,0.9891,-1.09
1502,09397300,31196.4068,30716.9035,0.9846,-1.54
1502,09397500,701.8868,772.9922,1.1013,10.13
1502,09398000,2022.7807,2122.0002,1.0491,4.91
1502,09398500,821.0262,950.113,1.1572,15.72
1502,09399000,1608.3826,1575.409,0.9795,-2.05
1502,09399400,764.0465,664.8842,0.8702,-12.98
1502,09399500,743.3266,786.5147,1.0581,5.81
1502,09400000,41698.8086,35911.6569,0.8612,-13.88
1502,09400350,41937.0875,40688.7346,0.9702,-2.98
1502,09400562,1644.6425,1894.1967,1.1517,15.17
1502,09400568,2343.9392,2364.167,1.0086,0.86
1502,09400583,380.7283,1222.0775,3.2098,220.98
1502,09400600,132.0894,180.2925,1.3649,36.49
1502,09400815,57.7567,139.5075,2.4154,141.54
1502,09401000,53612.7539,53341.6658,0.9949,-0.51
1502,09401110,1225.0644,1248.3828,1.019,1.9
1502,09401200,58945.5394,59333.287,1.0066,0.66
1502,09401226,1.6058,113.5967,70.7419,6974.19
1502,09401229,1.4685,113.5967,77.3544,7635.44
1502,09401260,4219.0906,4138.4063,0.9809,-1.91
1502,09401280,4931.3374,4138.4063,0.8392,-16.08
1502,09401400,6454.2504,5861.1439,0.9081,-9.19
1502,09401500,6894.5483,5861.1439,0.8501,-14.99
1502,09402000,67575.3798,65497.2789,0.9692,-3.08
1502,09402300,69857.1593,66661.6877,0.9543,-4.57
1502,09386050,163.1693,206.3963,1.2649,26.49
1502,09386900,184.9252,396.7271,2.1453,114.53
1502,09386917,60.8647,62.9298,1.0339,3.39
1502,09386919,393.4192,600.8969,1.5274,52.74
1502,09386950,2162.6401,2178.116,1.0072,0.72
1502,09387300,3403.2444,3388.4213,0.9956,-0.44
1502,09395350,499.8677,1335.2859,2.6713,167.13
1502,09395500,1445.2134,1633.4342,1.1302,13.02
1502,09395630,2190.6119,2238.5615,1.0219,2.19
1502,09395700,203.3141,269.7289,1.3267,32.67
1503,09424000,446254.9514,10841.4685,0.0243,-97.57
1503,09424200,370.3683,406.3811,1.0972,9.72
1503,09424380,1486.1352,1491.7477,1.0038,0.38
1503,09424432,347.0584,386.1115,1.1125,11.25
1503,09424447,1556.5829,1583.0478,1.017,1.7
1503,09424450,7075.8475,6710.9452,0.9484,-5.16
1503,09424470,282.3087,293.8091,1.0407,4.07
1503,09424900,2924.0966,3710.9961,1.2691,26.91
1503,09425000,328.9285,310.8262,0.945,-5.5
1503,09425500,3726.9929,11505.8355,3.0872,208.72
1503,09426000,11973.515,11637.8937,0.972,-2.8
1503,09426500,13063.9,682.4765,0.0522,-94.78
1503,09426620,13796.8667,13478.5156,0.9769,-2.31
1503,09428900,1090.385,1146.005,1.051,5.1
1503,09429300,476039.8147,40014.9066,0.0841,-91.59
1503,09521000,629108.112,41997.4146,0.0668,-93.32
1503,09522000,638950.0668,42455.895,0.0664,-93.36
1503,09522200,638950.0668,43417.5177,0.068,-93.2
1503,09423350,2.1756,121.1341,55.6788,5467.88
1503,09423500,451952.9253,6393.08,0.0141,-98.59
1503,09424050,5.2836,1057.3384,200.118,19911.8
1503,09424170,17.586,26806.7741,1524.323,152332.3
1503,09427520,462830.8753,26863.4564,0.058,-94.2
1503,09427600,1.1137,26863.4564,24121.0198,2412001.98
1503,09427800,4.3253,26863.4564,6210.8015,620980.15
1503,09428200,30.0439,36.6985,1.2215,22.15
1503,09428530,3.9368,27806.4009,7063.2312,706223.12
1503,09429010,471895.8337,35726.9124,0.0757,-92.43
1503,09429100,461642.0708,36354.0595,0.0787,-92.13
1503,09429490,477852.8064,41778.1162,0.0874,-91.26
1503,09429500,477852.8064,41903.7999,0.0877,-91.23
1503,09429600,478111.8052,41997.4146,0.0878,-91.22
1503,09521100,638432.0692,42455.895,0.0665,-93.35
1503,09421500,444700.9585,116.8274,0.0003,-99.97
1504,09439000,9295.4673,9325.6061,1.0032,0.32
1504,09442000,10385.8523,10444.3815,1.0056,0.56
1504,09444200,1310.534,1375.6432,1.0497,4.97
1504,09444500,7156.1371,7258.3157,1.0143,1.43
1504,09445500,264.1788,300.3439,1.1369,13.69
1504,09446000,385.9082,416.5957,1.0795,7.95
1504,09446500,976.4255,1006.7951,1.0311,3.11
1504,09447000,1610.9726,1719.9289,1.0676,6.76
1504,09447800,782.1764,815.4239,1.0425,4.25
1504,09448500,20348.9668,20451.3029,1.005,0.5
1504,09451000,20590.4055,20451.3029,0.9932,-0.68
1504,09454500,101.0095,145.4373,1.4398,43.98
1504,09455000,101.0095,145.4373,1.4398,43.98
1504,09455500,21.2379,100.9589,4.7537,375.37
1504,09456000,2108.2503,2130.909,1.0107,1.07
1504,09456200,3625.9834,3813.3546,1.0517,5.17
1504,09456600,269.3588,268.3584,0.9963,-0.37
1504,09456700,372.9583,395.1403,1.0595,5.95
1504,09456800,5058.2468,5310.6632,1.0499,4.99
1504,09456900,199.9471,223.6801,1.1187,11.87
1504,09457000,5677.2539,5828.1472,1.0266,2.66
1504,09458050,28.2309,102.4458,3.6289,262.89
1504,09458200,12.3801,52.4869,4.2396,323.96
1504,09458500,27088.6856,27350.6763,1.0097,0.97
1504,09460150,10.4118,63.3511,6.0846,508.46
1504,09460200,62.9367,27350.6763,434.5743,43357.43
1504,09466000,29341.9753,29475.9896,1.0046,0.46
1504,09466300,29474.0647,29836.5791,1.0123,1.23
1504,09466500,29707.1636,29950.8997,1.0082,0.82
1504,09467100,29914.3627,30390.7068,1.0159,1.59
1504,09468500,2657.3278,2710.4551,1.02,2.0
1504,09430000,4143.981,4476.7668,1.0803,8.03
1504,09430010,282.3087,1306.2932,4.6272,362.72
1504,09430020,1178.4446,1306.2932,1.1085,10.85
1504,09430030,3910.882,4476.7668,1.1447,14.47
1504,09430150,202.0191,276.3424,1.3679,36.79
1504,09430500,4827.7378,5137.7298,1.0642,6.42
1504,09430600,178.7092,242.5651,1.3573,35.73
1504,09431000,6314.391,6403.1342,1.0141,1.41
1504,09431500,7327.0764,7491.1485,1.0224,2.24
1504,09432000,8295.7319,8468.2007,1.0208,2.08
1504,09442653,70.1887,84.7172,1.207,20.7
1504,09442680,859.8761,1080.9452,1.2571,25.71
1504,09442681,870.236,1080.9452,1.2421,24.21
1504,09442692,243.4589,306.5158,1.259,25.9
1504,09443000,4004.1216,4275.1151,1.0677,6.77
1504,09443500,88.0596,141.1341,1.6027,60.27
1504,09444000,4281.2503,4875.9757,1.1389,13.89
1505,09469500,33374.5868,246.4393,0.0074,-99.26
1505,09470000,989.3755,1017.1382,1.0281,2.81
1505,09470500,1908.8212,1942.7125,1.0178,1.78
1505,09470520,258.1628,303.1003,1.1741,17.41
1505,09470700,22.6365,42.639,1.8836,88.36
1505,09470750,10.6449,93.9555,8.8264,782.64
1505,09470800,21.7041,83.1904,3.8329,283.29
1505,09470820,2.9474,83.1904,28.2249,2722.49
1505,09470825,15.757,83.1904,5.2796,427.96
1505,09470920,2152.2801,2881.5023,1.3388,33.88
1505,09471000,3196.0453,3261.8771,1.0206,2.06
1505,09471300,8.3916,579.8579,69.1001,6810.01
1505,09471310,10.5413,579.8579,55.0084,5400.84
1505,09471380,408.4411,484.299,1.1857,18.57
1505,09471400,792.5364,809.7773,1.0218,2.18
1505,09471500,4330.4601,4600.5637,1.0624,6.24
1505,09471550,4506.5793,4600.5637,1.0209,2.09
1505,09471580,5224.006,5368.5116,1.0277,2.77
1505,09471800,6449.0704,6500.6743,1.008,0.8
1505,09472000,7580.8952,7920.0194,1.0447,4.47
1505,09472050,8018.6032,8046.8708,1.0035,0.35
1505,09472100,20.7717,8285.1968,398.8694,39786.94
1505,09472500,9279.9274,9428.5145,1.016,1.6
1505,09473000,1390.8236,1444.665,1.0387,3.87
1505,09473020,1442.6234,1444.665,1.0014,0.14
1505,09473100,11248.3184,11274.2831,1.0023,0.23
1505,09473400,11473.6473,11549.373,1.0066,0.66
1505,09473500,11533.2171,11549.373,1.0014,0.14
1505,09474000,46648.2759,13237.1176,0.2838,-71.62
1505,09474500,47396.7824,14008.8719,0.2956,-70.44
1505,09477570,48629.6168,15151.9105,0.3116,-68.84
1505,09478350,38820.2958,17159.9448,0.442,-55.8
1505,09479000,497.2777,1359.3424,2.7336,173.36
1505,09479200,1.3209,179.8342,136.1458,13514.58
1505,09479350,51579.6132,19155.7579,0.3714,-62.86
1505,09479500,20018.0181,19262.3371,0.9622,-3.78
1505,09480000,212.897,270.5877,1.271,27.1
1505,09480500,1380.4637,1418.8859,1.0278,2.78
1505,09481000,75.8867,162.3367,2.1392,113.92
1505,09481500,541.3075,591.064,1.0919,9.19
1505,09481740,3133.8856,3197.1048,1.0202,2.02
1505,09481770,3781.9369,3948.9076,1.0441,4.41
1505,09482000,4356.36,4456.3404,1.023,2.3
1505,09482001,4356.36,4456.3404,1.023,2.3
1505,09482400,39.3678,77.8499,1.9775,97.75
1505,09482410,15.3327,5605.6776,365.6021,36460.21
1505,09482950,5.957,5884.8533,987.8933,98689.33
1505,09483000,21.2379,5884.8533,277.092,27609.2
1505,09483010,2.4605,5884.8533,2391.7416,239074.16
1505,09483100,111.3695,133.2008,1.196,19.6
1505,09483300,8.2621,173.4695,20.9959,1999.59
1505,09484000,91.9446,173.4695,1.8867,88.67
1505,09484200,42.2168,45.2269,1.0713,7.13
1505,09484500,567.2074,626.3332,1.1042,10.42
1505,09484550,512.8176,545.1422,1.063,6.3
1505,09484560,748.5066,747.3922,0.9985,-0.15
1505,09484580,36.5188,132.8655,3.6383,263.83
1505,09484590,130.7944,132.8655,1.0158,1.58
1505,09484600,1183.6246,1437.0439,1.2141,21.41
1505,09485000,116.0315,212.7546,1.8336,83.36
1505,09485390,12.8722,45.3424,3.5225,252.25
1505,09485450,1551.4029,1559.2388,1.0051,0.51
1505,09485500,1559.1728,1559.2388,1.0,0.0
1505,09485550,7.0448,2307.8067,327.5916,32659.16
1505,09485700,2255.8796,2307.8067,1.023,2.3
1505,09485850,2310.2694,2307.8067,0.9989,-0.11
1505,09486055,2387.969,2383.1023,0.998,-0.2
1505,09486100,109.5565,294.161,2.685,168.5
1505,09486300,647.497,677.4265,1.0462,4.62
1505,09486350,660.447,677.4265,1.0257,2.57
1505,09486490,6765.8518,9178.5366,1.3566,35.66
1505,09486500,9072.7284,9178.5366,1.0117,1.17
1505,09486510,6924.0716,9178.5366,1.3256,32.56
1505,09486515,6817.7707,13216.1752,1.9385,93.85
1505,09486520,9430.1467,13216.1752,1.4015,40.15
1505,09486580,147.1113,151.1992,1.0278,2.78
1505,09486590,111.3695,151.1992,1.3576,35.76
1505,09486600,203.0551,361.2112,1.7789,77.89
1505,09486800,1199.1645,1321.8134,1.1023,10.23
1505,09487000,2009.8308,2040.371,1.0152,1.52
1505,09487500,1629.1025,3644.579,2.2372,123.72
1505,09488000,479.1478,529.7925,1.1057,10.57
1505,09488500,4615.3588,4816.0063,1.0435,4.35
1505,09488650,388.4982,636.0277,1.6371,63.71
1505,09489000,22224.688,8021.5103,0.3609,-63.91
1505,09536500,49.2098,153.8956,3.1273,212.73
1506,09489040,1.9425,118.9308,61.2259,6022.59
1506,09489070,98.6785,118.9308,1.2052,20.52
1506,09489075,99.6301,118.9308,1.1937,19.37
1506,09489078,140.1184,156.3334,1.1157,11.57
1506,09489082,1.8907,96.691,51.1405,5014.05
1506,09489086,153.0683,164.7214,1.0761,7.61
1506,09489100,815.8463,951.0881,1.1658,16.58
1506,09489200,38.3318,94.4868,2.465,146.5
1506,09489499,1450.3933,1779.9752,1.2272,22.72
1506,09489500,1450.3933,1779.9752,1.2272,22.72
1506,09489700,308.2086,300.3881,0.9746,-2.54
1506,09490000,32.8928,153.7566,4.6745,367.45
1506,09490500,3190.8654,3239.8434,1.0153,1.53
1506,09490800,104.1175,156.1921,1.5002,50.02
1506,09492000,924.6258,941.1822,1.0179,1.79
1506,09492400,100.4915,56.2334,0.5596,-44.04
1506,09492500,52.5768,356.2162,6.7752,577.52
1506,09493000,349.6484,356.2162,1.0188,1.88
1506,09493500,1292.4041,1417.823,1.097,9.7
1506,09494000,1636.8725,1652.1673,1.0093,0.93
1506,09494200,271.1083,346.535,1.2782,27.82
1506,09494300,582.7473,582.6812,0.9999,-0.01
1506,09494500,147.6293,145.4352,0.9851,-1.49
1506,09495500,86.5056,88.7868,1.0264,2.64
1506,09495800,472.0461,549.5599,1.1642,16.42
1506,09496000,525.7676,549.5599,1.0453,4.53
1506,09496500,1137.0048,1243.1323,1.0933,9.33
1506,09496600,0.2331,1243.1323,5333.0676,533206.76
1506,09496700,0.1554,1243.1323,7999.6014,799860.14
1506,09497500,7378.8761,8172.0378,1.1075,10.75
1506,09497700,79.1661,140.3791,1.7732,77.32
1506,09497800,764.0465,751.554,0.9836,-1.64
1506,09497850,818.4362,822.4567,1.0049,0.49
1506,09497900,160.8383,189.8889,1.1806,18.06
1506,09497980,517.9976,576.3791,1.1127,11.27
1506,09498400,505.0477,517.2208,1.0241,2.41
1506,09498500,11152.4888,11199.7854,1.0042,0.42
1506,094985005,43.9003,135.6931,3.0909,209.09
1506,09498501,96.6066,135.6931,1.4046,40.46
1506,09498502,264.1788,302.4226,1.1448,14.48
1506,09498503,2.8231,61.7143,21.8606,2086.06
1506,09498800,1113.6949,145.4836,0.1306,-86.94
1506,09498870,315.9785,317.7499,1.0056,0.56
1506,09499000,1748.242,1739.6592,0.9951,-0.49
1506,09499500,2178.18,2193.7311,1.0071,0.71
1506,09500500,15084.0908,15018.168,0.9956,-0.44
1506,09502000,16140.8059,32512.6738,2.0143,101.43
1506,09502500,16234.0455,32512.6738,2.0027,100.27
1506,09502800,660.447,831.0889,1.2584,25.84
1506,09502900,105.9305,220.9017,2.0853,108.53
1506,09502960,77.6996,116.0883,1.4941,49.41
1506,09503000,94.0166,116.0883,1.2348,23.48
1506,09503300,122.2474,596.1826,4.8769,387.69
1506,09503500,65.2677,596.1826,9.1344,813.44
1506,09503700,5568.4744,5666.6565,1.0176,1.76
1506,09503720,38.5908,163.678,4.2414,324.14
1506,09503800,339.2884,370.7329,1.0927,9.27
1506,09503990,1219.0038,1236.2844,1.0142,1.42
1506,09504000,8091.1229,8234.2247,1.0177,1.77
1506,09504350,110.8515,110.6384,0.9981,-0.19
1506,09504420,603.4672,716.4362,1.1872,18.72
1506,09504430,603.4672,716.4362,1.1872,18.72
1506,09504500,919.4458,1204.8308,1.3104,31.04
1506,09505000,9968.8642,11146.3234,1.1181,11.81
1506,09505200,287.4887,300.4468,1.0451,4.51
1506,09505220,3.626,146.1915,40.3178,3931.78
1506,09505250,124.3194,146.1915,1.1759,17.59
1506,09505300,63.7137,68.89,1.0812,8.12
1506,09505350,367.7783,420.0669,1.1422,14.22
1506,09505500,1121.4649,11146.3234,9.9391,893.91
1506,09505550,11105.869,11997.007,1.0802,8.02
1506,09505800,624.1871,661.5867,1.0599,5.99
1506,09506000,12030.4948,12101.1433,1.0059,0.59
1506,09506500,12258.4137,12693.2421,1.0355,3.55
1506,09507480,177.4142,361.7471,2.039,103.9
1506,09507600,16.4205,76.1478,4.6374,363.74
1506,09507700,12.406,91.0087,7.3358,633.58
1506,09507800,11.0592,91.0087,8.2292,722.92
1506,09507900,24.9416,91.0087,3.6489,264.89
1506,09507950,704.4768,528.8717,0.7507,-24.93
1506,09507980,857.2861,857.9817,1.0008,0.08
1506,09508000,13574.1277,13721.4609,1.0109,1.09
1506,09508300,94.2756,97.6867,1.0362,3.62
1506,09508500,14229.3947,14270.1077,1.0029,0.29
1506,09509000,15708.2779,14774.6166,0.9406,-5.94
1506,09510000,15956.9167,15123.615,0.9478,-5.22
1506,09510070,11.8621,159.8739,13.4777,1247.77
1506,09510080,25.3819,159.8739,6.2987,529.87
1506,09510100,11.629,159.8739,13.7478,1274.78
1506,09510150,135.4564,159.8739,1.1803,18.03
1506,09510170,6.734,292.9554,43.5041,4250.41
1506,09510180,39.3678,39.8662,1.0127,1.27
1506,09510200,424.7581,498.7153,1.1741,17.41
1506,09511300,16187.4257,16236.2862,1.003,0.3
1506,09512070,33822.6547,33456.2822,0.9892,-1.08
1506,09512100,360.0083,571.7597,1.5882,58.82
1506,09512162,212.379,571.7597,2.6922,169.22
1506,09512165,34247.4128,33819.2751,0.9875,-1.25
1506,09512170,34252.5928,33819.2751,0.9873,-1.27
1506,09512180,0.1036,33819.2751,326442.3781,32644137.81
1506,09512190,34351.0123,33819.2751,0.9845,-1.55
1506,09512200,4.5325,33957.1114,7491.9509,749095.09
1506,09512405,35664.1363,33819.2751,0.9483,-5.17
1506,09512406,34718.7906,33957.1114,0.9781,-2.19
1507,09512450,453.2479,1179.211,2.6017,160.17
1507,09512495,1522.913,1824.0478,1.1977,19.77
1507,09512500,1515.143,1824.0478,1.2039,20.39
1507,09512501,1522.913,1824.0478,1.1977,19.77
1507,09512600,231.5449,253.4238,1.0945,9.45
1507,09512800,2877.4768,2937.6274,1.0209,2.09
1507,09512830,97.9016,102.8314,1.0504,5.04
1507,09512860,155.1403,174.5024,1.1248,12.48
1507,09512970,24.0351,37.27,1.5506,55.06
1507,09513000,3778.7927,3721.9013,0.9849,-1.51
1507,09513700,0.3367,6040.369,17939.9963,1793899.63
1507,09513780,176.8962,316.5871,1.7897,78.97
1507,09513800,215.746,316.5871,1.4674,46.74
1507,09513835,479.1478,488.5455,1.0196,1.96
1507,09513860,168.0902,198.6412,1.1818,18.18
1507,09513910,836.5662,1670.8605,1.9973,99.73
1507,09513970,1639.4625,6295.6336,3.8401,284.01
1507,09514100,118064.608,7178.0006,0.0608,-93.92
1507,09514300,120032.999,8733.4115,0.0728,-92.72
1507,09515000,277.1287,785.1698,2.8332,183.32
1507,09515500,1080.025,1077.634,0.9978,-0.22
1507,09516500,2061.6305,2143.759,1.0398,3.98
1507,09517000,3809.8725,3809.5824,0.9999,-0.01
1507,09517490,4706.0084,712.8341,0.1515,-84.85
1507,09517500,4843.2778,4586.2016,0.9469,-5.31
1507,09518500,128592.9097,17536.5706,0.1364,-86.36
1507,09519000,128592.9097,17428.1847,0.1355,-86.45
1507,09519500,128592.9097,17536.5706,0.1364,-86.36
1507,09519502,128592.9097,17536.5706,0.1364,-86.36
1507,09519760,274.5387,387.2015,1.4104,41.04
1507,09519800,131856.2947,21226.1541,0.161,-83.9
1507,09520000,133669.2864,21583.4269,0.1615,-83.85
1507,09520170,629.3671,631.6715,1.0037,0.37
1507,09520280,142449.3461,27722.289,0.1946,-80.54
1507,09520500,149830.8122,38527.4772,0.2571,-74.29
1507,09520700,150089.811,38731.7431,0.2581,-74.19
1508,09535100,1473.7032,1708.6467,1.1594,15.94
1508,09535295,638.3943,794.3265,1.2443,24.43
1508,09535300,3237.4851,3346.5561,1.0337,3.37
1508,09537000,100.2325,103.2485,1.0301,3.01
1508,09537200,204.8681,246.1546,1.2015,20.15
1508,09537500,2649.5578,3185.9897,1.2025,20.25
1601,10039500,6423.1705,6408.7229,0.9978,-0.22
1601,10042500,523.1776,603.5797,1.1537,15.37
1601,10044000,7329.6664,9199.3884,1.2551,25.51
1601,10046000,0.0259,1565.4851,60443.719,6044271.9
1601,10046500,7389.2361,9199.3884,1.245,24.5
1601,10047000,73.0377,145.7488,1.9955,99.55
1601,10047500,128.2044,145.7488,1.1368,13.68
1601,10054600,45.0658,91.7034,2.0349,103.49
1601,10058500,56.4617,85.1844,1.5087,50.87
1601,10058600,62.1597,85.1844,1.3704,37.04
1601,10060500,47.3968,76.4283,1.6125,61.25
1601,10063000,71.4837,74.0777,1.0363,3.63
1601,10068500,9595.9059,9668.5402,1.0076,0.76
1601,10069000,56.7207,92.8169,1.6364,63.64
1601,10071500,12.8204,9993.6045,779.5055,77850.55
1601,10072000,91.1676,91.4602,1.0032,0.32
1601,10072800,44.8068,84.7202,1.8908,89.08
1601,10075000,10282.2528,10416.0793,1.013,1.3
1601,10076400,99.4555,139.7061,1.4047,40.47
1601,10076500,99.4555,139.7061,1.4047,40.47
1601,10077000,121.2114,139.7061,1.1526,15.26
1601,10079500,10600.8213,10809.5409,1.0197,1.97
1601,10080000,10644.8511,10809.5409,1.0155,1.55
1601,10084500,159.8023,193.2848,1.2095,20.95
1601,10086500,11540.987,11962.2461,1.0365,3.65
1601,10087500,50.5048,60.2075,1.1921,19.21
1601,10089500,153.8453,163.8197,1.0648,6.48
1601,10090500,4589.4589,11962.2461,2.6065,160.65
1601,10092700,12649.5019,13370.5136,1.057,5.7
1601,10093000,81.8436,108.989,1.3317,33.17
1601,10096000,139.0824,251.3881,1.8075,80.75
1601,10096500,54.9077,58.8192,1.0712,7.12
1601,10118500,155.9173,194.3437,1.2465,24.65
1601,10119000,277.6467,418.5337,1.5074,50.74
1601,10120000,368.0373,418.5337,1.1372,13.72
1601,10120500,542.8615,580.7838,1.0699,6.99
1601,10122500,32.6339,75.209,2.3046,130.46
1601,10123000,88.0596,759.0851,8.6201,762.01
1601,10123500,103.0815,759.0851,7.3639,636.39
1601,10124000,9.4535,76.4525,8.0873,708.73
1601,10124500,23.0509,76.4525,3.3167,231.67
1601,10125000,76.9226,196.662,2.5566,155.66
1601,10125500,1222.4744,1333.4529,1.0908,9.08
1601,10010400,89.6136,104.6133,1.1674,16.74
1601,10011200,17.586,147.6272,8.3946,739.46
1601,10011400,135.1974,147.6272,1.0919,9.19
1601,10011500,445.478,688.0581,1.5445,54.45
1601,10012000,152.8093,172.8037,1.1308,13.08
1601,10017000,205.1271,535.6758,2.6114,161.14
1601,10020500,2191.1299,2917.3061,1.3314,33.14
1601,10020900,129.4994,310.9256,2.401,140.1
1601,10021000,147.1113,310.9256,2.1135,111.35
1601,10023000,135.7154,191.7251,1.4127,41.27
1601,10026500,4185.4208,4871.9117,1.164,16.4
1601,10099000,41.9578,61.9985,1.4776,47.76
1601,10102200,517.9976,592.8531,1.1445,14.45
1601,10102250,13449.8083,13637.3505,1.0139,1.39
1601,10102300,30.0439,64.8081,2.1571,115.71
1601,10103010,261.5888,64.8081,0.2477,-75.23
1601,10104600,67.3397,176.7289,2.6244,162.44
1601,10104700,159.5433,176.7289,1.1077,10.77
1601,10104900,146.8523,233.7074,1.5914,59.14
1601,10105000,165.2412,233.7074,1.4143,41.43
1601,10105900,471.3778,562.2953,1.1929,19.29
1601,10106000,512.8176,562.2953,1.0965,9.65
1601,10107500,564.6174,2198.5592,3.8939,289.39
1601,10107600,634.5471,64.6409,0.1019,-89.81
1601,10108400,0.0259,555.8358,21460.94,2145994.0
1601,10109000,554.2575,555.8358,1.0028,0.28
1601,10109001,554.2575,555.8358,1.0028,0.28
1601,10111700,202.0191,202.3569,1.0017,0.17
1601,10112000,336.6985,397.0871,1.1794,17.94
1601,10113500,681.1669,742.7664,1.0904,9.04
1601,10115200,1369.5857,1388.8553,1.0141,1.41
1601,10117000,0.0259,18195.3329,702525.7297,70252472.97
1601,10117500,0.0259,18195.3329,702525.7297,70252472.97
1601,10118000,16241.8154,18195.3329,1.1203,12.03
1601,10125600,1613.5626,1675.8786,1.0386,3.86
1601,10125800,1807.8117,1827.756,1.011,1.1
1601,10126000,18205.0264,19448.7176,1.0683,6.83
1601,10126180,39.8858,38.9563,0.9767,-2.33
1601,10126400,36.2598,95.0428,2.6212,162.12
1601,10127050,0.0259,302.9724,11697.8305,1169683.05
1601,10127100,80.5486,247.9561,3.0783,207.83
1601,10127110,0.0259,19448.7176,750919.1864,75091818.64
1601,10012500,144.0033,172.8037,1.2,20.0
1601,10014000,722.6067,1151.1519,1.5931,59.31
1601,10015700,162.1333,216.8967,1.3378,33.78
1601,10015900,175.6012,216.8967,1.2352,23.52
1601,10016000,209.53,216.8967,1.0352,3.52
1601,10016900,1142.1848,1151.1519,1.0079,0.79
1601,10019500,0.0259,191.3959,7389.8371,738883.71
1601,10020100,1955.441,2917.3061,1.4919,49.19
1601,10020300,2030.5507,2917.3061,1.4367,43.67
1601,10027000,660.447,674.4846,1.0213,2.13
1601,10028500,5262.8558,5383.4342,1.0229,2.29
1601,10032000,427.348,591.5229,1.3842,38.42
1601,10035000,707.0668,707.5066,1.0006,0.06
1601,10038000,6337.7009,6326.1256,0.9982,-0.18
1601,10040000,117.3265,120.4386,1.0265,2.65
1601,10040500,97.3836,218.2453,2.2411,124.11
1601,10041000,292.6687,355.5926,1.215,21.5
1602,10243230,77.6996,73.4291,0.945,-5.5
1602,10243240,42.4758,249.2596,5.8683,486.83
1602,10243250,25.8999,249.2596,9.624,862.4
1602,10243260,28.4899,53.4773,1.8771,87.71
1602,10128000,87.5416,99.2058,1.1332,13.32
1602,10128200,41.4398,49.8868,1.2038,20.38
1602,10128500,419.5781,453.7787,1.0815,8.15
1602,10129300,766.6365,746.3346,0.9735,-2.65
1602,10129350,30.5619,33.18,1.0857,8.57
1602,10129500,867.646,865.7021,0.9978,-0.22
1602,10129900,45.0658,123.3109,2.7362,173.62
1602,10130000,71.2247,123.3109,1.7313,73.13
1602,10130500,1126.6448,1110.0599,0.9853,-1.47
1602,10130700,90.6496,87.9275,0.97,-3.0
1602,10131000,647.497,644.1921,0.9949,-0.51
1602,10132000,1882.9214,1858.7776,0.9872,-1.28
1602,10132500,318.5685,425.8878,1.3369,33.69
1602,10132900,569.7974,577.2008,1.013,1.3
1602,10133000,590.5173,577.2008,0.9774,-2.26
1602,10133500,3087.2658,3165.0911,1.0252,2.52
1602,10133540,33.6698,145.1836,4.312,331.2
1602,10133600,22.7401,57.9284,2.5474,154.74
1602,10133650,109.0385,145.1836,1.3315,33.15
1602,10133700,6.9412,145.1836,20.9163,1991.63
1602,10133800,148.1473,262.4346,1.7714,77.14
1602,10133895,194.2491,262.4346,1.351,35.1
1602,10133900,178.4502,262.4346,1.4706,47.06
1602,10133980,284.8987,371.9489,1.3055,30.55
1602,10134500,372.9583,615.7258,1.6509,65.09
1602,10135000,72.5197,91.1322,1.2567,25.67
1602,10136000,3884.9822,3913.8231,1.0074,0.74
1602,10136500,4213.9107,4335.4586,1.0288,2.88
1602,10136600,4221.6806,4335.4586,1.027,2.7
1602,10137000,4325.2801,4335.4586,1.0024,0.24
1602,10137300,239.0559,371.1764,1.5527,55.27
1602,10137500,354.8284,371.1764,1.0461,4.61
1602,10137600,440.298,791.3791,1.7974,79.74
1602,10137680,15.6176,86.4247,5.5338,453.38
1602,10137700,159.0253,160.0579,1.0065,0.65
1602,10137780,81.0666,162.3044,2.0021,100.21
1602,10137800,85.2106,162.3044,1.9047,90.47
1602,10137900,18.6479,162.3044,8.7036,770.36
1602,10139300,28.7489,863.0003,30.0186,2901.86
1602,10139500,831.3862,863.0003,1.038,3.8
1602,10140000,836.5662,863.0003,1.0316,3.16
1602,10140100,836.5662,863.0003,1.0316,3.16
1602,10140700,862.466,863.0003,1.0006,0.06
1602,10141000,5389.7653,5378.2946,0.9979,-0.21
1602,10141040,33.6698,5534.7825,164.384,16338.4
1602,10141400,53.3538,78.2717,1.467,46.7
1602,10141500,6.4491,99.8911,15.4892,1448.92
1602,10142000,25.8999,89.4149,3.4523,245.23
1602,10142500,6.0865,89.4149,14.6908,1369.08
1602,10143000,5.3872,108.7572,20.1882,1918.82
1602,10143500,8.1585,108.7572,13.3306,1233.06
1602,10144000,11.6031,108.7572,9.3731,837.31
1602,10145000,22.766,108.7572,4.7772,377.72
1602,10145400,209.789,250.4109,1.1936,19.36
1602,10145500,246.0489,250.4109,1.0177,1.77
1602,10146000,247.6029,250.4109,1.0113,1.13
1602,10146400,582.7473,592.6959,1.0171,1.71
1602,10146500,784.7664,789.8159,1.0064,0.64
1602,10147000,37.8138,83.6102,2.2111,121.11
1602,10147100,46.6198,83.6102,1.7934,79.34
1602,10147500,48.6918,75.3725,1.548,54.8
1602,10148200,50.2458,50.5478,1.006,0.6
1602,10148400,95.0526,138.7189,1.4594,45.94
1602,10148500,1165.4946,1623.5604,1.393,39.3
1602,10148510,1170.6746,553.1857,0.4725,-52.75
1602,10149000,38.8498,47.0218,1.2103,21.03
1602,10149400,251.2288,290.1655,1.155,15.5
1602,10149500,277.1287,290.1655,1.047,4.7
1602,10150000,365.1883,403.1324,1.1039,10.39
1602,10150500,1688.6722,1689.1085,1.0003,0.03
1602,10152000,1748.242,1740.8849,0.9958,-0.42
1602,10152001,1748.242,1740.8849,0.9958,-0.42
1602,10152500,271.9488,324.7264,1.1941,19.41
1602,10152700,8.1067,69.8446,8.6157,761.57
1602,10153000,27.9719,69.8446,2.497,149.7
1602,10153100,297.8486,324.7264,1.0902,9.02
1602,10153500,76.6636,155.9448,2.0341,103.41
1602,10153800,63.1957,63.7356,1.0085,0.85
1602,10154000,21.7559,369.7062,16.9934,1599.34
1602,10154200,419.5781,504.5941,1.2026,20.26
1602,10155000,595.6973,613.8459,1.0305,3.05
1602,10155100,652.677,723.7909,1.109,10.9
1602,10155200,699.2968,723.7909,1.035,3.5
1602,10155300,694.1168,723.7909,1.0428,4.28
1602,10155400,157.4713,1052.1349,6.6814,568.14
1602,10155500,929.8057,1052.1349,1.1316,13.16
1602,10156000,82.3616,79.7791,0.9686,-3.14
1602,10157000,96.3476,129.0966,1.3399,33.99
1602,10157500,129.7584,129.0966,0.9949,-0.51
1602,10158500,186.2201,184.402,0.9902,-0.98
1602,10159500,1416.7235,1437.5402,1.0147,1.47
1602,10160000,67.3397,69.877,1.0377,3.77
1602,10160500,1486.6532,1571.2554,1.0569,5.69
1602,10160800,31.8569,1571.2554,49.3224,4832.24
1602,10161000,1548.8129,1571.2554,1.0145,1.45
1602,10161500,86.5056,86.7294,1.0026,0.26
1602,10163000,1743.062,1769.3985,1.0151,1.51
1602,10164500,132.3484,155.8579,1.1776,17.76
1602,10165500,25.4337,100.0675,3.9344,293.44
1602,10166000,16.9644,100.0675,5.8987,489.87
1602,10166430,69.4117,166.862,2.4039,140.39
1602,10167000,7135.4172,7124.1594,0.9984,-0.16
1602,10167170,20.7199,55.8446,2.6952,169.52
1602,10167230,8184.3624,7590.6863,0.9275,-7.25
1602,10167300,7731.1145,8048.4019,1.041,4.1
1602,10167450,39.6268,70.7479,1.7854,78.54
1602,10167499,70.9657,70.7479,0.9969,-0.31
1602,10167500,70.9657,70.7479,0.9969,-0.31
1602,10167700,91.1676,104.7011,1.1484,14.84
1602,10167800,95.8296,104.7011,1.0926,9.26
1602,10168000,119.1395,104.7011,0.8788,-12.12
1602,10168150,21.1343,129.2396,6.1152,511.52
1602,10168200,74.5917,129.2396,1.7326,73.26
1602,10168300,127.4274,129.2396,1.0142,1.42
1602,10168499,129.4994,210.9993,1.6293,62.93
1602,10168500,129.4994,210.9993,1.6293,62.93
1602,10168800,148.4063,210.9993,1.4218,42.18
1602,10169000,170.9392,210.9993,1.2344,23.44
1602,10169500,202.0191,210.9993,1.0445,4.45
1602,10169800,19.9429,56.2859,2.8224,182.24
1602,10169999,56.2027,56.2859,1.0015,0.15
1602,10170000,56.2027,56.2859,1.0015,0.15
1602,10170250,82.8796,95.3265,1.1502,15.02
1602,10170490,8197.3124,8566.9922,1.0451,4.51
1602,10171000,8243.9322,8566.9922,1.0392,3.92
1602,10171305,38.5908,134.2502,3.4788,247.88
1602,10171500,129.7584,134.2502,1.0346,3.46
1602,10171600,131.3124,8566.9922,65.2413,6424.13
1602,10171900,15.2809,47.0324,3.0778,207.78
1602,10172000,47.6558,164.1412,3.4443,244.43
1602,10172200,18.7774,164.1412,8.7414,774.14
1602,10172400,44.0298,45.1586,1.0256,2.56
1602,10172500,49.7278,45.1586,0.9081,-9.19
1602,10172550,9225.5376,8710.6658,0.9442,-5.58
1602,10172600,9039.0585,8710.6658,0.9637,-3.63
1602,10172700,64.7497,136.0284,2.1008,110.08
1602,10172727,375.5483,52.1539,0.1389,-86.11
1602,10172750,34.4468,60.1942,1.7475,74.75
1602,10172765,17.3788,47.116,2.7111,171.11
1602,10172791,43.5118,46.885,1.0775,7.75
1602,10172794,31.3389,138.5804,4.422,342.2
1602,10172795,10.36,95.5571,9.2237,822.37
1602,10172800,10.8521,334.0032,30.7779,2977.79
1602,10172805,13.9341,110.9031,7.9591,695.91
1602,10172870,21.212,8174.0392,385.3497,38434.97
1602,10172875,22.4034,124.9413,5.5769,457.69
1602,10172893,111.3695,134.2262,1.2052,20.52
1602,10172920,42.2168,51.2977,1.2151,21.51
1602,10172921,46.6198,54.2456,1.1636,16.36
1602,10172940,85.9876,128.8495,1.4985,49.85
1602,10172950,10.878,86.8638,7.9853,698.53
1602,10172952,22.5847,108.4882,4.8036,380.36
1602,10172955,39.3678,139.3637,3.54,254.0
1602,404019111295001,0.0259,123.3109,4761.0597,476005.97
1602,404517111422801,55.1667,134.2502,2.4335,143.35
1603,09408500,0.0259,161.076,6219.179,621817.9
1603,10173450,271.9488,302.5735,1.1126,11.26
1603,10173600,66.5627,124.0025,1.8629,86.29
1603,10174500,880.596,774.1591,0.8791,-12.09
1603,10176300,251.2288,290.5819,1.1566,15.66
1603,10180000,2553.7283,2492.9441,0.9762,-2.38
1603,10183500,2929.2766,2808.9055,0.9589,-4.11
1603,10183900,185.4431,217.7746,1.1743,17.43
1603,10184450,1476.2932,1613.1064,1.0927,9.27
1603,10185000,217.818,286.6604,1.3161,31.61
1603,10187300,60.8647,61.9422,1.0177,1.77
1603,10187500,833.9762,833.1589,0.999,-0.1
1603,10189000,3126.1156,3215.0065,1.0284,2.84
1603,10190500,6190.0716,6206.2295,1.0026,0.26
1603,10191500,6322.161,6206.2295,0.9817,-1.83
1603,10194000,7011.0978,6894.3502,0.9833,-1.67
1603,10194200,424.7581,443.1132,1.0432,4.32
1603,10195000,437.708,443.1132,1.0123,1.23
1603,10195500,7381.4661,7473.1451,1.0124,1.24
1603,10204200,48.9508,138.462,2.8286,182.86
1603,10205000,8741.2099,9099.9155,1.041,4.1
1603,10205030,134.1614,150.8142,1.1241,12.41
1603,10205100,0.777,97.0805,124.9433,12394.33
1603,10205200,1.1137,97.0805,87.1697,8616.97
1603,10205300,3.8073,97.0805,25.4986,2449.86
1603,10206000,756.2765,754.0706,0.9971,-0.29
1603,10208000,10334.0526,10384.67,1.0049,0.49
1603,10208500,30.5619,193.8354,6.3424,534.24
1603,10210000,42.4758,68.1615,1.6047,60.47
1603,10211000,15.2809,86.1222,5.6359,463.59
1603,10215500,54.9077,54.6168,0.9947,-0.53
1603,10215700,21.6264,45.8566,2.1204,112.04
1603,10215900,68.3757,81.8547,1.1971,19.71
1603,10216210,1740.472,1881.5519,1.0811,8.11
1603,10216400,153.8453,197.4273,1.2833,28.33
1603,10217000,12745.3315,12716.1144,0.9977,-0.23
1603,10219000,13377.2886,13336.3476,0.9969,-0.31
1603,10219200,72.2607,76.316,1.0561,5.61
1603,10220000,15021.931,14302.2535,0.9521,-4.79
1603,10223500,15177.3303,14800.7971,0.9752,-2.48
1603,10224000,15451.8691,15049.6655,0.974,-2.6
1603,10224100,14.4521,81.1982,5.6184,461.84
1603,10224300,46.1018,81.1982,1.7613,76.13
1603,10228000,19114.1123,15105.648,0.7903,-20.97
1603,10231500,20927.1039,15306.9434,0.7314,-26.86
1603,10232500,152.0323,179.1628,1.1785,17.85
1603,10233000,30.0439,62.7358,2.0881,108.81
1603,10233500,225.329,254.888,1.1312,13.12
1603,10234000,50.5048,50.8008,1.0059,0.59
1603,10234500,235.6889,272.1384,1.1547,15.47
1603,10235000,38.0728,56.2643,1.4778,47.78
1603,10236000,36.5188,119.8516,3.2819,228.19
1603,10236500,59.5697,62.1485,1.0433,4.33
1603,10237000,784.7664,793.9516,1.0117,1.17
1603,10237500,47.9148,59.3068,1.2378,23.78
1603,10239000,1385.6436,1443.9781,1.0421,4.21
1603,10241000,2848.9869,3197.1589,1.1222,12.22
1603,10241400,40.9218,58.865,1.4385,43.85
1603,10241430,16.3169,187.5683,11.4953,1049.53
1603,10241470,30.0439,67.0639,2.2322,123.22
1603,10241500,155.3993,223.8107,1.4402,44.02
1603,10241600,62.1597,68.0694,1.0951,9.51
1603,10241800,33.9288,69.3812,2.0449,104.49
1603,10242000,209.53,267.7329,1.2778,27.78
1603,10242300,153.8194,161.076,1.0472,4.72
1603,10242430,6.475,115.5388,17.8439,1684.39
1604,10312500,323.7485,291.732,0.9011,-9.89
1604,10313000,131.0534,171.5223,1.3088,30.88
1604,10313400,186.4791,728.7479,3.9079,290.79
1604,10313900,173.0112,186.7568,1.0794,7.94
1604,10315000,919.4458,1016.2318,1.1053,10.53
1604,10315500,1074.8451,1016.2318,0.9455,-5.45
1604,10315600,1336.4339,1329.887,0.9951,-0.49
1604,10316000,90.6496,366.1516,4.0392,303.92
1604,10316500,64.4907,268.5276,4.1638,316.38
1604,10317000,634.5471,897.5955,1.4145,41.45
1604,10317400,28.4899,93.5455,3.2835,228.35
1604,10317420,11.6031,64.6728,5.5737,457.37
1604,10317430,59.3625,64.6728,1.0895,8.95
1604,10317450,16.7054,58.8508,3.5229,252.29
1604,10317460,52.3178,58.8508,1.1249,12.49
1604,10317500,2149.6901,2336.5792,1.0869,8.69
1604,10318000,2641.7879,2585.182,0.9786,-2.14
1604,10318500,7197.577,7295.8221,1.0136,1.36
1604,10319000,139.8594,141.622,1.0126,1.26
1604,10319500,1994.2908,2059.5376,1.0327,3.27
1604,10319900,2325.8093,2439.4281,1.0489,4.89
1604,10319950,424.7581,423.882,0.9979,-0.21
1604,10320000,2978.4863,3366.3371,1.1302,13.02
1604,10320100,411.8081,446.6992,1.0847,8.47
1604,10320500,3392.8844,3366.3371,0.9922,-0.78
1604,10321000,11162.8488,11251.3327,1.0079,0.79
1604,10321500,213.674,251.1197,1.1752,17.52
1604,10321590,502.4577,476.4141,0.9482,-5.18
1604,10321860,27.1172,67.5299,2.4903,149.03
1604,10321925,119.1395,104.616,0.8781,-12.19
1604,10321940,859.8761,930.9141,1.0826,8.26
1604,10321950,865.056,930.9141,1.0761,7.61
1604,10321970,971.2455,1028.4936,1.0589,5.89
1604,10322000,1025.6353,1028.4936,1.0028,0.28
1604,10322150,117.5855,116.7591,0.993,-0.7
1604,10322500,13087.2099,13096.5128,1.0007,0.07
1604,10322505,19.0364,132.3104,6.9504,595.04
1604,103225055,10.0751,132.3104,13.1325,1213.25
1604,10322535,69.9297,218.123,3.1192,211.92
1604,10322555,14.0636,111.2193,7.9083,690.83
1604,10322800,2082.8684,2081.638,0.9994,-0.06
1604,10323000,2595.1681,2603.3521,1.0032,0.32
1604,10323425,19347.2112,23036.0007,1.1907,19.07
1604,10323500,19399.0109,23036.0007,1.1875,18.75
1604,10324500,2237.1022,2347.5412,1.0494,4.94
1604,10324700,198.6521,269.7886,1.3581,35.81
1604,10325000,29007.8668,23036.0007,0.7941,-20.59
1604,10325500,137.2694,241.0152,1.7558,75.58
1604,10326000,243.4589,380.9889,1.5649,56.49
1604,10326500,23.3099,151.272,6.4896,548.96
1604,10326700,2926.6866,4380.1321,1.4966,49.66
1604,10326800,167.5722,200.0598,1.1939,19.39
1604,10327000,29525.8645,31149.2167,1.055,5.5
1604,10327500,31649.6547,32482.4946,1.0263,2.63
1604,10328000,27.7129,46.1982,1.667,66.7
1604,10328450,543.8975,1855.7316,3.4119,241.19
1604,10328475,1116.2849,1232.3608,1.104,10.4
1604,10328500,2020.1907,2493.1865,1.2341,23.41
1604,10329000,2667.6878,2621.4979,0.9827,-1.73
1604,10329500,453.8954,461.3156,1.0163,1.63
1604,10330000,33.6698,166.3324,4.9401,394.01
1604,10330500,148.6653,166.3324,1.1188,11.88
1604,10330900,37813.8264,37711.3911,0.9973,-0.27
1604,10331500,39367.8193,39603.6996,1.006,0.6
1604,10333000,40154.9944,41460.3892,1.0325,3.25
1604,10335000,41698.8086,41664.6655,0.9992,-0.08
1604,10336000,42993.8026,43377.8247,1.0089,0.89
1604,10352500,582.7473,2931.9728,5.0313,403.13
1604,10353000,362.5983,2931.9728,8.086,708.6
1604,103530001,358.7134,2931.9728,8.1736,717.36
1604,10353500,2848.9869,2931.9728,1.0291,2.91
1604,10353600,53.0948,198.405,3.7368,273.68
1604,10353650,9116.7581,7454.327,0.8177,-18.23
1604,10353700,134.6794,146.531,1.088,8.8
1604,10353750,34.4468,148.6456,4.3152,331.52
1604,10353770,80.2896,105.6099,1.3154,31.54
1604,10353790,77.6996,119.8045,1.5419,54.19
1604,10353800,129.7584,599.6453,4.6212,362.12
1605,10289000,164.7232,179.0669,1.0871,8.71
1605,10289500,50.5048,52.7041,1.0435,4.35
1605,10290000,21.3933,343.5864,16.0605,1506.05
1605,10290500,101.2685,124.9999,1.2343,23.43
1605,10291500,114.2185,285.0985,2.4961,149.61
1605,10292000,136.7514,140.5112,1.0275,2.75
1605,10293000,929.8057,1005.6855,1.0816,8.16
1605,10295200,190.1051,243.3435,1.28,28.0
1605,10295500,163.4282,166.3748,1.018,1.8
1605,10296000,468.7878,631.3985,1.3469,34.69
1605,10296500,647.497,879.1977,1.3578,35.78
1605,10302500,77.6996,128.0093,1.6475,64.75
1605,10303000,81.8436,112.4764,1.3743,37.43
1605,10304500,50.7638,79.6587,1.5692,56.92
1605,10308000,139.6004,715.5837,5.1259,412.59
1605,10308200,714.8367,911.4624,1.2751,27.51
1605,10308783,10.7744,132.144,12.2647,1126.47
1605,103087889,2.9526,132.144,44.7553,4375.53
1605,10308789,18.3112,132.144,7.2166,621.66
1605,103087891,1.4245,132.144,92.7656,9176.56
1605,103087892,0.1554,132.144,850.3511,84935.11
1605,10308792,27.9719,132.144,4.7242,372.42
1605,10308794,55.4257,132.144,2.3842,138.42
1605,10309025,4.403,66.7158,15.1524,1415.24
1605,10309030,41.8283,66.7158,1.595,59.5
1605,10310000,169.3852,436.7341,2.5783,157.83
1605,10310300,9.6089,162.101,16.87,1587.0
1605,10336580,36.4929,71.149,1.9497,94.97
1605,10336593,18.104,71.149,3.93,293.0
1605,10336600,85.7286,254.3371,2.9668,196.68
1605,103366092,101.7865,254.3371,2.4987,149.87
1605,103366097,15.0219,254.3371,16.931,1593.1
1605,10336610,142.1903,254.3291,1.7887,78.87
1605,10336612,146.3343,254.3371,1.7381,73.81
1605,10336626,43.2528,81.8751,1.8929,89.29
1605,10336630,16.5241,101.2106,6.125,512.5
1605,10336640,20.9271,101.2106,4.8363,383.63
1605,10336645,19.2695,101.2106,5.2524,425.24
1605,10336650,2.4605,77.4934,31.4951,3049.51
1605,10336655,3.626,77.4934,21.3717,2037.17
1605,10336658,5.3354,77.4934,14.5244,1352.44
1605,10336660,29.0079,77.4934,2.6715,167.15
1605,10336670,5.18,77.4934,14.9602,1396.02
1605,10336672,2.3051,77.4934,33.6184,3261.84
1605,10336674,12.8463,77.4934,6.0323,503.23
1605,10336675,23.2322,77.4934,3.3356,233.56
1605,10336676,25.1229,77.4934,3.0846,208.46
1605,10336684,2.7713,83.0603,29.9717,2897.17
1605,10336686,7.5887,83.0603,10.9453,994.53
1605,10336689,11.4736,1314.01,114.5242,11352.42
1605,10336770,19.1659,105.4336,5.5011,450.11
1605,10336775,61.3827,105.4336,1.7176,71.76
1605,10336780,95.0526,105.4336,1.1092,10.92
1605,10336785,8.029,105.4336,13.1317,1213.17
1605,10336790,104.6355,105.4336,1.0076,0.76
1605,10337500,1313.124,1440.6074,1.0971,9.71
1605,10338000,1432.2634,1440.6074,1.0058,0.58
1605,10338100,12.8463,76.0943,5.9234,492.34
1605,10338500,37.0368,76.0943,2.0546,105.46
1605,10338700,75.3687,76.0943,1.0096,0.96
1605,10339400,103.3405,108.3563,1.0485,4.85
1605,10339410,1655.0024,2262.2943,1.3669,36.69
1605,10339419,1667.9523,2262.2943,1.3563,35.63
1605,10340500,137.0104,140.3528,1.0244,2.44
1605,10341950,93.4986,109.8566,1.175,17.5
1605,10342000,94.5346,109.8566,1.1621,16.21
1605,10343000,20.9789,48.4438,2.3092,130.92
1605,10343200,152.8093,352.599,2.3074,130.74
1605,10343500,27.1949,48.8975,1.798,79.8
1605,10344400,378.1383,446.5388,1.1809,18.09
1605,10344500,448.0679,446.5388,0.9966,-0.34
1605,10344505,2258.4696,2353.6378,1.0421,4.21
1605,10345490,45.5838,2353.6378,51.6332,5063.32
1605,10345700,39.8858,2457.818,61.6214,6062.14
1605,10345900,2413.8689,2457.818,1.0182,1.82
1605,10346000,2413.8689,2457.818,1.0182,1.82
1605,10347300,41.9578,55.848,1.3311,33.11
1605,10293050,1209.5244,2071.6262,1.7128,71.28
1605,10293500,2848.9869,3109.8713,1.0916,9.16
1605,10295000,3185.6854,3109.8713,0.9762,-2.38
1605,10297500,1287.2241,1308.9313,1.0169,1.69
1605,10298500,1349.3838,1932.1651,1.4319,43.19
1605,10299100,130.5354,519.5619,3.9802,298.02
1605,10300000,2496.7485,2101.3788,0.8416,-15.84
1605,10300600,6215.9715,6256.7565,1.0066,0.66
1605,10301000,6215.9715,6256.7565,1.0066,0.66
1605,10301500,6733.9691,6391.4812,0.9491,-5.09
1605,10301600,6992.9679,6514.6192,0.9316,-6.84
1605,10301720,7179.447,7130.2642,0.9931,-0.69
1605,10301745,7182.037,7130.2642,0.9928,-0.72
1605,10302000,7381.4661,7130.2642,0.966,-3.4
1605,10302002,7290.8165,7130.2642,0.978,-2.2
1605,10302010,36.2598,7130.2642,196.6436,19564.36
1605,10302025,8117.0227,9223.112,1.1363,13.63
1605,10308800,81.5846,132.144,1.6197,61.97
1605,10309000,922.0358,1038.3656,1.1262,12.62
1605,10309035,65.7857,66.7158,1.0141,1.41
1605,10309050,26.2625,143.1847,5.4521,445.21
1605,10309070,119.9164,118.1899,0.9856,-1.44
1605,10309100,1015.2753,1480.8209,1.4585,45.85
1605,10310400,9.8938,162.101,16.3842,1538.42
1605,10310405,1476.2932,2058.0517,1.3941,39.41
1605,10310407,1740.472,2058.0517,1.1825,18.25
1605,10310500,40.1448,51.3591,1.2793,27.93
1605,10311000,2294.7295,2323.1413,1.0124,1.24
1605,10311090,4.7397,2483.7406,524.0315,52303.15
1605,10311100,10.5154,2483.7406,236.2014,23520.14
1605,10311200,13.4679,2483.7406,184.4188,18341.88
1605,10311250,3.367,2483.7406,737.6751,73667.51
1605,10311260,4.7397,2483.7406,524.0315,52303.15
1605,10311300,89.0956,2483.7406,27.8773,2687.73
1605,10311400,2481.2086,2556.2684,1.0303,3.03
1605,10311500,2558.9083,2556.2684,0.999,-0.1
1605,10311700,2823.087,3016.7609,1.0686,6.86
1605,10311750,2903.3767,3016.7609,1.0391,3.91
1605,10312000,3372.1645,4451.11,1.32,32.0
1605,10312020,3755.4828,4451.11,1.1852,18.52
1605,10312150,4664.5686,4868.0378,1.0436,4.36
1605,10336698,15.6694,60.2536,3.8453,284.53
1605,103366993,7.3815,60.2536,8.1628,716.28
1605,103366995,11.7585,60.2536,5.1242,412.42
1605,10336700,17.4565,60.2536,3.4516,245.16
1605,10336715,7.4074,53.8484,7.2696,626.96
1605,10336730,10.6449,103.6256,9.7348,873.48
1605,10336740,5.4131,103.6256,19.1436,1814.36
1605,103367585,8.1067,103.6256,12.7828,1178.28
1605,10336759,8.288,103.6256,12.5032,1150.32
1605,103367592,1.6317,103.6256,63.5081,6250.81
1605,10336760,14.5298,103.6256,7.1319,613.19
1605,10336765,14.2449,103.6256,7.2746,627.46
1605,10347310,62.6777,55.8534,0.8911,-10.89
1605,10347460,2680.6377,2698.5129,1.0067,0.67
1605,10347600,29.7849,2698.5129,90.6001,8960.01
1605,10347620,30.3029,2698.5129,89.0514,8805.14
1605,10347800,6.0606,2813.6017,464.2469,46324.69
1605,10348000,2763.5173,2813.6017,1.0181,1.81
1605,10348036,2755.7473,3704.7467,1.3444,34.44
1605,10348200,2771.2873,3704.7467,1.3368,33.68
1605,10348245,207.199,3704.7467,17.8801,1688.01
1605,10348460,8.3916,102.1242,12.1699,1116.99
1605,10348500,36.2598,102.1242,2.8165,181.65
1605,10348520,10.878,102.1242,9.3882,838.82
1605,10348850,19.917,49.7697,2.4989,149.89
1605,10348900,22.0149,49.7697,2.2607,126.07
1605,10349300,318.5685,318.1278,0.9986,-0.14
1605,10349495,362.5983,516.5783,1.4247,42.47
1605,10349700,20.3832,88.6059,4.347,334.7
1605,10349770,29.7849,88.6059,2.9749,197.49
1605,10349790,86.4279,516.5783,5.977,497.7
1605,10349980,631.9571,516.5783,0.8174,-18.26
1605,10350000,3706.273,4313.9327,1.164,16.4
1605,10350050,3711.453,4313.9327,1.1623,16.23
1605,10350340,4092.1812,4313.9327,1.0542,5.42
1605,10350390,4118.0811,4313.9327,1.0476,4.76
1605,10350400,4118.0811,4313.9327,1.0476,4.76
1605,10350405,4118.0811,4313.9327,1.0476,4.76
1605,10350500,4143.981,4313.9327,1.041,4.1
1605,10351600,4340.8201,4468.9455,1.0295,2.95
1605,10351650,4475.4995,4697.8079,1.0497,4.97
1605,10351700,4731.9083,4697.8079,0.9928,-0.72
1606,10252300,2.4346,139.0614,57.1191,5611.91
1606,10252330,26.4179,139.0614,5.2639,426.39
1606,10243700,82.3616,96.2669,1.1688,16.88
1606,10244720,26.6769,71.0057,2.6617,166.17
1606,10244745,23.3099,1676.8788,71.9385,7093.85
1606,10244950,28.7489,108.9604,3.7901,279.01
1606,10245040,25.0452,3910.2101,156.1262,15512.62
1606,10245445,81.5846,201.4619,2.4694,146.94
1606,10245800,406.6281,647.4424,1.5922,59.22
1606,10245900,31.5979,41.9411,1.3273,32.73
1606,10245910,39.1088,131.4628,3.3615,236.15
1606,10245925,92.2036,96.3702,1.0452,4.52
1606,10245960,148.9243,156.6977,1.0522,5.22
1606,10245970,48.1738,67.9145,1.4098,40.98
1606,10246846,33.4108,144.5357,4.326,332.6
1606,10246910,0.1813,252.8794,1394.8185,139381.85
1606,10246930,49.9868,58.4992,1.1703,17.03
1606,10246940,352.2384,393.0605,1.1159,11.59
1606,10247050,2667.6878,2746.9586,1.0297,2.97
1606,10247200,31.0799,88.0771,2.8339,183.39
1606,10247860,3.8332,51.6591,13.4768,1247.68
1606,10248510,3.6519,1381.7761,378.3736,37737.36
1606,10249190,42.4758,97.4149,2.2934,129.34
1606,10249200,30.0439,57.2684,1.9062,90.62
1606,10249280,60.6057,76.8997,1.2689,26.89
1606,10249300,51.7998,50.1461,0.9681,-3.19
1606,10249411,5.5426,59.0655,10.6567,965.67
1606,10249900,96.6066,116.7372,1.2084,20.84
1606,10251890,8.0031,99.258,12.4025,1140.25
1606,10251980,136.7514,147.5714,1.0791,7.91
1701,12305000,30406.4604,30493.0341,1.0028,0.28
1701,12305500,143.4853,164.2129,1.1445,14.45
1701,12306000,30717.259,32654.2199,1.0631,6.31
1701,12306500,1476.2932,1637.5324,1.1092,10.92
1701,12307000,1699.0322,1808.278,1.0643,6.43
1701,12307500,1955.441,2030.3042,1.0383,3.83
1701,12308500,33540.346,32719.5463,0.9755,-2.45
1701,12309000,43.7708,32719.5463,747.52,74652.0
1701,12309500,32866.9491,32801.128,0.998,-0.2
1701,12310000,33669.8454,32801.128,0.9742,-2.58
1701,12311000,341.3604,479.5896,1.4049,40.49
1701,12311500,54.6487,54.785,1.0025,0.25
1701,12312000,33.9288,479.5896,14.1352,1313.52
1701,12313000,95.5706,111.5851,1.1676,16.76
1701,12313500,68.8937,69.4888,1.0086,0.86
1701,12314000,34446.8419,33651.4853,0.9769,-2.31
1701,12315200,42.9938,33651.4853,782.7055,78170.55
1701,12315400,51.7998,50.3587,0.9722,-2.78
1701,12316800,59.5697,80.9952,1.3597,35.97
1701,12317000,80.2896,80.9952,1.0088,0.88
1701,12318500,34705.8407,33884.3815,0.9763,-2.37
1701,12319500,42.7348,42.5855,0.9965,-0.35
1701,12320500,75.1097,78.0268,1.0388,3.88
1701,12320700,152.2913,183.7506,1.2066,20.66
1701,12321000,181.2992,34323.4532,189.3194,18831.94
1701,12321500,251.2288,253.5888,1.0094,0.94
1701,12322000,35482.8371,34323.4532,0.9673,-3.27
1701,12322001,35482.8371,34642.3063,0.9763,-2.37
1701,12391950,57153.2676,57301.2493,1.0026,0.26
1701,12392000,57168.8076,57301.2493,1.0023,0.23
1701,12392155,305.6186,304.5396,0.9965,-0.35
1701,12392300,321.1585,737.6494,2.2968,129.68
1701,12392390,566.4304,737.6494,1.3023,30.23
1701,12392400,116.5495,126.0717,1.0817,8.17
1701,12392450,125.8734,126.0717,1.0016,0.16
1701,12392660,94.7936,99.4148,1.0488,4.88
1701,12392895,34.8612,208.6935,5.9864,498.64
1701,12393500,1481.4732,1589.7734,1.0731,7.31
1701,12394000,1582.4827,1649.3415,1.0422,4.22
1701,12394500,2051.2706,2236.9575,1.0905,9.05
1701,12395000,2336.1693,2539.1759,1.0869,8.69
1701,12395500,62677.7123,62571.5677,0.9983,-0.17
1701,12411000,867.646,1136.5596,1.3099,30.99
1701,12411500,1142.1848,1136.5596,0.9951,-0.49
1701,12411935,253.8188,253.1079,0.9972,-0.28
1701,12412000,1509.9631,1638.8418,1.0854,8.54
1701,12412500,440.298,440.8296,1.0012,0.12
1701,12413000,2318.0394,2320.4144,1.001,0.1
1701,12413040,44.6773,130.2464,2.9153,191.53
1701,12413125,56.9797,218.7609,3.8393,283.93
1701,12413130,30.0439,218.7609,7.2814,628.14
1701,12413140,38.5908,40.5151,1.0499,4.99
1701,12413150,279.7187,337.9067,1.208,20.8
1701,12413180,54.1308,77.1983,1.4261,42.61
1701,12413210,471.3778,773.892,1.6418,64.18
1701,12413250,502.4577,773.892,1.5402,54.02
1701,12413300,523.1776,773.892,1.4792,47.92
1701,12413355,536.1275,773.892,1.4435,44.35
1701,12413360,8.9873,80.2173,8.9257,792.57
1701,12413370,73.0377,80.2173,1.0983,9.83
1701,12413400,27.9719,206.3366,7.3766,637.66
1701,12413445,189.5871,206.3366,1.0883,8.83
1701,12413470,774.4064,773.892,0.9993,-0.07
1701,12413500,3128.7056,3447.2492,1.1018,10.18
1701,12413700,64.2317,135.2229,2.1052,110.52
1701,12413810,3413.6043,3447.2492,1.0099,0.99
1701,12413860,3763.2527,3794.3907,1.0083,0.83
1701,12413875,279.7187,428.4062,1.5316,53.16
1701,12414000,1538.4529,1549.6371,1.0073,0.73
1701,12414200,357.4184,369.3962,1.0335,3.35
1701,12414350,100.5692,147.4783,1.4664,46.64
1701,12414500,2654.7378,2748.496,1.0353,3.53
1701,12414900,707.0668,949.1006,1.3423,34.23
1701,12415000,1131.8248,1265.0785,1.1177,11.77
1701,12415070,4467.7295,1265.0785,0.2832,-71.68
1701,12415075,4356.36,4777.63,1.0967,9.67
1701,12415135,4457.3695,4777.63,1.0718,7.18
1701,12415140,4472.9095,4777.63,1.0681,6.81
1701,12415250,111.6285,4777.63,42.7994,4179.94
1701,12415285,38.7462,41.4854,1.0707,7.07
1701,12415290,27.9719,9577.8159,342.4088,34140.88
1701,12415350,102.0455,162.2985,1.5905,59.05
1701,12416000,56.9797,72.783,1.2773,27.73
1701,12416500,67.3397,72.783,1.0808,8.08
1701,12417000,161.3563,166.6412,1.0328,3.28
1701,12417610,9582.956,9907.3502,1.0339,3.39
1701,12417650,9588.136,9907.3502,1.0333,3.33
1701,12419000,9945.5543,10559.3715,1.0617,6.17
1701,12419200,106.7075,150.4697,1.4101,41.01
1701,12422950,323.7485,513.8795,1.5873,58.73
1701,12300200,91.6856,91.8118,1.0014,0.14
1701,12300500,282.3087,374.418,1.3263,32.63
1701,12301000,142.1903,195.2181,1.3729,37.29
1701,12301250,1026.1533,1144.173,1.115,11.5
1701,12301300,1085.205,1144.173,1.0543,5.43
1701,12301500,21750.7202,21965.1016,1.0099,0.99
1701,12301550,196.3211,199.2185,1.0148,1.48
1701,12301810,352.2384,354.7512,1.0071,0.71
1701,12301850,23069.0241,23304.5144,1.0102,1.02
1701,12301933,23307.303,25751.9341,1.1049,10.49
1701,12301999,559.4374,560.3363,1.0016,0.16
1701,12302000,2030.5507,2182.2461,1.0747,7.47
1701,12302055,2180.77,2182.2461,1.0007,0.07
1701,12302500,61.3827,70.2655,1.1447,14.47
1701,12303000,26363.489,27009.7469,1.0245,2.45
1701,12303100,29.0079,48.2369,1.6629,66.29
1701,12303500,528.3576,529.2567,1.0017,0.17
1701,12304000,222.221,212.935,0.9582,-4.18
1701,12304040,71.2247,73.4092,1.0307,3.07
1701,12304200,1349.3838,1613.9247,1.196,19.6
1701,12304500,2051.2706,2049.3885,0.9991,-0.09
1701,12323170,56.2027,64.6525,1.1503,15.03
1701,12323200,37.8138,207.402,5.4848,448.48
1701,12323233,233.3579,359.1407,1.539,53.9
1701,12323240,235.4299,359.1407,1.5255,52.55
1701,12323242,300.4386,359.1407,1.1954,19.54
1701,12323248,323.0751,359.1407,1.1116,11.16
1701,12323250,323.101,359.1407,1.1115,11.15
1701,12323500,105.9305,106.2244,1.0028,0.28
1701,12323600,888.3659,1155.3312,1.3005,30.05
1701,12323670,102.3045,127.3075,1.2444,24.44
1701,12323700,109.8155,127.3075,1.1593,15.93
1701,12323710,35.4828,74.2313,2.092,109.2
1701,12323720,74.0737,74.2313,1.0021,0.21
1701,12323750,1225.0644,1671.0192,1.364,36.4
1701,12323760,404.0381,368.5327,0.9121,-8.79
1701,12323770,414.3981,1671.0192,4.0324,303.24
1701,12323800,1699.0322,1671.0192,0.9835,-1.65
1701,12323840,68.6347,68.7544,1.0017,0.17
1701,12323850,156.6943,156.1359,0.9964,-0.36
1701,12324000,102.3045,133.4042,1.304,30.4
1701,12324100,106.4485,133.4042,1.2532,25.32
1701,12324200,2592.5781,2836.9723,1.0943,9.43
1701,12324300,2949.9965,3999.6418,1.3558,35.58
1701,12324400,2926.6866,3999.6418,1.3666,36.66
1701,12324590,1072.2551,1074.3714,1.002,0.2
1701,12324660,166.0182,172.6065,1.0397,3.97
1701,12324680,4594.6389,4616.9589,1.0049,0.49
1701,12325000,129.7584,168.2375,1.2965,29.65
1701,12325500,139.8594,315.0962,2.253,125.3
1701,12326000,10.5931,91.4147,8.6297,762.97
1701,12326500,93.4986,91.4147,0.9777,-2.23
1701,12327000,90.3906,91.4147,1.0113,1.13
1701,12327090,279.7187,453.83,1.6225,62.25
1701,12327100,40.9218,40.8403,0.998,-0.2
1701,12327500,59.0517,52.0206,0.8809,-11.91
1701,12328000,60.0877,52.0206,0.8657,-13.43
1701,12328500,497.2777,569.741,1.1457,14.57
1701,12329000,536.1275,569.741,1.0627,6.27
1701,12329500,533.5376,569.741,1.0679,6.79
1701,12330000,182.5942,183.1252,1.0029,0.29
1701,12330500,841.7461,874.8867,1.0394,3.94
1701,12331000,841.7461,874.8867,1.0394,3.94
1701,12331100,878.006,973.7893,1.1091,10.91
1701,12331500,1269.0942,1329.6522,1.0477,4.77
1701,12331590,1292.4041,1329.6522,1.0288,2.88
1701,12331600,6179.7116,6308.2494,1.0208,2.08
1701,12331800,6516.4101,6401.0598,0.9823,-1.77
1701,12331900,6863.4685,6953.4826,1.0131,1.31
1701,12332000,313.3886,316.1827,1.0089,0.89
1701,12333000,78.4766,206.5031,2.6314,163.14
1701,12333500,1960.621,2104.0275,1.0731,7.31
1701,12334000,110.5925,110.5333,0.9995,-0.05
1701,12334500,2056.4506,2104.0275,1.0231,2.31
1701,12334510,2302.4994,2303.3823,1.0004,0.04
1701,12334550,9471.5865,9567.9071,1.0102,1.02
1701,12334600,39.1088,119.6385,3.0591,205.91
1701,12334650,257.4448,639.5874,2.4844,148.44
1701,12335000,1248.3743,2340.1765,1.8746,87.46
1701,12335100,1289.8141,2340.1765,1.8144,81.44
1701,12335500,308.2086,371.0404,1.2039,20.39
1701,12336000,372.9583,371.0404,0.9949,-0.51
1701,12337000,427.348,444.0751,1.0391,3.91
1701,12337500,219.631,242.7661,1.1053,10.53
1701,12337800,797.7163,920.3915,1.1538,15.38
1701,12338000,590.5173,812.2147,1.3754,37.54
1701,12338100,20.435,102.8405,5.0326,403.26
1701,12338300,802.8963,812.2147,1.0116,1.16
1701,12338500,3289.2849,3772.4803,1.1469,14.69
1701,12338690,378.1383,394.4528,1.0431,4.31
1701,12339000,4014.4816,4005.4196,0.9977,-0.23
1701,12339450,896.1359,4940.0316,5.5126,451.26
1701,12339500,1012.6854,4940.0316,4.8782,387.82
1701,12339800,5283.5757,5406.6382,1.0233,2.33
1701,12340000,5923.3028,5989.1873,1.0111,1.11
1701,12340500,15594.3184,23355.5025,1.4977,49.77
1701,12341000,209.012,210.0967,1.0052,0.52
1701,12341500,15819.6474,23377.6387,1.4778,47.78
1701,12342500,821.0262,894.2201,1.0891,8.91
1701,12343000,1432.2634,1449.0466,1.0117,1.17
1701,12343400,984.1955,1054.9006,1.0718,7.18
1701,12343500,1046.3552,1054.9006,1.0082,0.82
1701,12344000,2719.4875,3102.9137,1.141,14.1
1701,12345000,140.8954,148.5527,1.0543,5.43
1701,12345850,170.6802,238.0381,1.3946,39.46
1701,12346000,3662.2432,3672.139,1.0027,0.27
1701,12346500,226.624,262.0528,1.1563,15.63
1701,12347000,247.0849,262.0528,1.0606,6.06
1701,12347500,67.0807,73.5291,1.0961,9.61
1701,12348000,73.2967,73.5291,1.0032,0.32
1701,12348200,4431.4697,4561.9557,1.0294,2.94
1701,12348500,58.5337,109.8058,1.8759,87.59
1701,12349000,64.2317,109.8112,1.7096,70.96
1701,12349500,45.8428,165.942,3.6198,261.98
1701,12350000,70.9657,72.3891,1.0201,2.01
1701,12350250,5034.9369,5280.1451,1.0487,4.87
1701,12350500,74.8507,81.6749,1.0912,9.12
1701,12351000,190.3641,5682.5993,29.8512,2885.12
1701,12351200,6065.7522,6159.0295,1.0154,1.54
1701,12351400,54.1308,71.6542,1.3237,32.37
1701,12351500,598.2873,706.5759,1.181,18.1
1701,12352000,647.497,706.5759,1.0912,9.12
1701,12352500,7314.1264,7404.7014,1.0124,1.24
1701,12353000,23353.9228,23675.742,1.0138,1.38
1701,12353280,440.298,479.6202,1.0893,8.93
1701,12353300,24014.3698,24837.238,1.0343,3.43
1701,12353500,25594.2625,25667.2312,1.0029,0.29
1701,12353650,26443.7786,26480.2625,1.0014,0.14
1701,12353820,116.0315,116.2394,1.0018,0.18
1701,12354000,787.3564,940.4184,1.1944,19.44
1701,12354500,27785.3924,27846.1715,1.0022,0.22
1701,12354700,27736.1827,28125.504,1.014,1.4
1701,12355100,43.5118,1869.3097,42.961,4196.1
1701,12355150,26.1589,73.1542,2.7965,179.65
1701,12355500,4030.0215,4058.2038,1.007,0.7
1701,12355700,1054.1252,1116.0128,1.0587,5.87
1701,12356000,21.7041,146.726,6.7603,576.03
1701,12356500,52.8358,146.726,2.777,177.7
1701,12357000,1318.3039,1345.0428,1.0203,2.03
1701,12357500,2442.3588,2447.8338,1.0022,0.22
1701,12358000,453.2479,2939.6414,6.4857,548.57
1701,12358500,2913.7366,2941.8949,1.0097,0.97
1701,12359000,2478.6186,2432.4626,0.9814,-1.86
1701,12359500,484.3278,483.6196,0.9985,-0.15
1701,12359800,3001.7962,3182.5003,1.0602,6.02
1701,12360000,122.2474,122.411,1.0013,0.13
1701,12360500,57.7567,57.932,1.003,0.3
1701,12360600,13.0794,3280.0209,250.7769,24977.69
1701,12361000,184.1482,198.033,1.0754,7.54
1701,12361500,72.2607,90.9944,1.2593,25.93
1701,12361600,9.7902,3835.4207,391.763,39076.3
1701,12361700,8.6247,3975.1309,460.9029,45990.29
1701,12361880,41.1808,46.0446,1.1181,11.81
1701,12361950,60.3467,68.0717,1.128,12.8
1701,12361960,51.0228,56.4237,1.1059,10.59
1701,12362500,4320.1002,4344.5846,1.0057,0.57
1701,12363000,11585.0168,11655.9234,1.0061,0.61
1701,12363500,11654.9465,14719.0337,1.2629,26.29
1701,12363920,419.5781,473.3033,1.128,12.8
1701,12364000,476.5578,746.0077,1.5654,56.54
1701,12364500,515.4076,746.0077,1.4474,44.74
1701,12365000,1445.2134,1546.6572,1.0702,7.02
1701,12365500,875.416,1546.6572,1.7668,76.68
1701,12365700,1543.6329,1546.6572,1.002,0.2
1701,12365800,198.1341,198.2877,1.0008,0.08
1701,12366000,440.298,471.67,1.0713,7.13
1701,12366080,466.1979,471.67,1.0117,1.17
1701,12366500,13833.1265,14719.0337,1.064,6.4
1701,12367000,114.4775,149.7666,1.3083,30.83
1701,12367500,520.5876,840.8041,1.6151,61.51
1701,12369000,14993.4412,15014.1551,1.0014,0.14
1701,12369200,178.9682,502.8425,2.8097,180.97
1701,12369650,33.9288,81.2058,2.3934,139.34
1701,12370000,1740.472,1888.6355,1.0851,8.51
1701,12370900,5.4649,52.6693,9.6378,863.78
1701,12371100,16.5759,93.5226,5.6421,464.21
1701,12372000,18334.5258,18371.9266,1.002,0.2
1701,12373000,82.3616,237.1017,2.8788,187.88
1701,12374000,347.0584,461.9165,1.3309,33.09
1701,12374250,50.7638,75.1999,1.4814,48.14
1701,12374500,577.5673,645.8869,1.1183,11.83
1701,12374800,37.2958,88.8729,2.3829,138.29
1701,12375900,19.7098,193.9599,9.8408,884.08
1701,12376000,125.3554,193.9599,1.5473,54.73
1701,12376500,78.7356,169.3767,2.1512,115.12
1701,12377000,360.0083,478.5357,1.3292,32.92
1701,12377150,34.9648,218.4506,6.2477,524.77
1701,12377500,62.6777,66.1301,1.0551,5.51
1701,12378000,133.6434,218.4472,1.6346,63.46
1701,12378500,73.5557,118.4127,1.6098,60.98
1701,12379000,76.9226,118.4127,1.5394,53.94
1701,12379500,123.2834,504.9082,4.0955,309.55
1701,12381000,38.5908,299.765,7.7678,676.78
1701,12381400,149.1833,299.765,2.0094,100.94
1701,12381500,187.2561,299.765,1.6008,60.08
1701,12382000,50.5048,95.0474,1.8819,88.19
1701,12382500,9.2463,95.0474,10.2796,927.96
1701,12383000,362.5983,720.3169,1.9865,98.65
1701,12383500,17.7673,720.3169,40.5417,3954.17
1701,12384000,19.2695,720.3169,37.3812,3638.12
1701,12384500,398.8582,720.3866,1.8061,80.61
1701,12385000,10.36,190.0549,18.3452,1734.52
1701,12385500,14.1931,720.3866,50.756,4975.6
1701,12386000,14.1931,105.6893,7.4465,644.65
1701,12387000,95.0526,105.6893,1.1119,11.19
1701,12387100,10.36,190.0549,18.3452,1734.52
1701,12387200,14.1931,720.3866,50.756,4975.6
1701,12387450,41.4398,101.4037,2.447,144.7
1701,12387500,166.0182,899.9848,5.421,442.1
1701,12388000,901.3159,1675.6327,1.8591,85.91
1701,12388200,991.9654,1675.6327,1.6892,68.92
1701,12388400,60.3467,69.8997,1.1583,15.83
1701,12388500,67.8577,69.8997,1.0301,3.01
1701,12388650,11.5513,245.8226,21.2809,2028.09
1701,12388700,23320.2529,23461.4003,1.0061,0.61
1701,12389000,51706.5226,52328.0917,1.012,1.2
1701,12389500,1652.4124,1654.5206,1.0013,0.13
1701,12390500,375.5483,470.3277,1.2524,25.24
1701,12390700,471.3778,470.3277,0.9978,-0.22
1701,12391000,54723.8588,54911.4883,1.0034,0.34
1701,12391400,56226.0519,56478.6349,1.0045,0.45
1701,12391550,365.1883,368.7764,1.0098,0.98
1701,12395950,63713.7075,62922.6385,0.9876,-1.24
1701,12396000,176.8962,370.3106,2.0934,109.34
1701,12396455,63195.7099,56746.9491,0.898,-10.2
1701,12396500,64490.7039,56746.9491,0.8799,-12.01
1701,12396900,181.8172,317.4868,1.7462,74.62
1701,12397100,133.3844,133.4361,1.0004,0.04
1701,12397500,315.9785,368.8758,1.1674,16.74
1701,12398000,367.7783,368.8758,1.003,0.3
1701,12398500,65267.7004,53084.3669,0.8133,-18.67
1701,12398560,65267.7004,53084.3669,0.8133,-18.67
1701,12398600,65267.7004,53084.3669,0.8133,-18.67
1701,12420500,10748.4507,11099.8485,1.0327,3.27
1701,12421000,10903.8499,11099.8485,1.018,1.8
1701,12421500,10877.9501,11099.8485,1.0204,2.04
1701,12422000,10929.7498,11099.8485,1.0156,1.56
1701,12422500,11111.049,11099.8485,0.999,-0.1
1701,12422990,328.9285,513.8795,1.5623,56.23
1701,12424000,1784.5018,1792.6192,1.0045,0.45
1701,12424500,13001.7403,13451.8972,1.0346,3.46
1701,12426000,13519.7379,15423.1958,1.1408,14.08
1701,12427000,297.8486,720.7599,2.4199,141.99
1701,12431000,1722.3421,1835.4895,1.0657,6.57
1701,12431500,1807.8117,1835.4895,1.0153,1.53
1701,12432500,15591.7284,15612.0012,1.0013,0.13
1701,12433000,15591.7284,15612.0012,1.0013,0.13
1701,12433100,258.7398,359.3707,1.3889,38.89
1701,12433200,463.6079,460.5926,0.9935,-0.65
1701,12433500,16109.726,16565.3145,1.0283,2.83
1701,12433558,18.9069,16811.2502,889.1589,88815.89
1701,12433561,49.4688,16811.2502,339.8356,33883.56
1702,12399500,154622.2902,39096.9268,0.2529,-74.71
1702,12399600,494.6877,494.5214,0.9997,-0.03
1702,12400000,442.888,580.8645,1.3115,31.15
1702,12400500,582.7473,580.8645,0.9968,-0.32
1702,12400900,235.4299,258.2505,1.0969,9.69
1702,12401500,5697.9738,6161.5562,1.0814,8.14
1702,12402500,173.0112,236.555,1.3673,36.73
1702,12404500,9841.9548,10061.2939,1.0223,2.23
1702,12404900,10473.9119,10832.4554,1.0342,3.42
1702,12405000,10541.2516,10832.4554,1.0276,2.76
1702,12405500,167054.2331,53512.136,0.3203,-67.97
1702,12407000,98.1605,191.886,1.9548,95.48
1702,12407500,124.8374,191.886,1.5371,53.71
1702,12407520,93.2396,110.816,1.1885,18.85
1702,12407700,243.7179,245.0538,1.0055,0.55
1702,12408000,1108.5149,1107.3827,0.999,-0.1
1702,12408300,341.8784,475.9759,1.3922,39.22
1702,12408420,95.8296,106.6711,1.1131,11.31
1702,12408500,214.969,367.2306,1.7083,70.83
1702,12408700,378.1383,367.2306,0.9712,-2.88
1702,12409000,2608.118,2633.3953,1.0097,0.97
1702,12409500,416.9881,53978.6301,129.4489,12844.89
1702,12410000,131.8304,195.3753,1.482,48.2
1702,12410500,207.717,195.3753,0.9406,-5.94
1702,12434500,2279.1895,2336.8652,1.0253,2.53
1702,12434590,2330.9893,2336.8652,1.0025,0.25
1702,12435000,2403.509,2540.3969,1.057,5.7
1702,12436500,193472.1118,59894.3011,0.3096,-69.04
1702,12437500,315.9785,582.3153,1.8429,84.29
1702,12437505,318.5685,582.3153,1.8279,82.79
1702,12438000,196062.1,62457.001,0.3186,-68.14
1702,12438900,121.4704,122.1924,1.0059,0.59
1702,12438905,121.9884,122.1924,1.0017,0.17
1702,12439300,155.6583,156.5333,1.0056,0.56
1702,12439500,8275.012,17491.5756,2.1138,111.38
1702,12440000,108.0025,195.9204,1.814,81.4
1702,12441000,195.5441,195.9204,1.0019,0.19
1702,12441500,222.739,659.7246,2.9619,196.19
1702,12442000,336.6985,348.1163,1.0339,3.39
1702,12442300,663.037,723.885,1.0918,9.18
1702,12442500,9194.4578,9276.4423,1.0089,0.89
1702,12443500,9272.1574,9276.4423,1.0005,0.05
1702,12444100,143.4853,104.5478,0.7286,-27.14
1702,12444290,190.1051,190.2806,1.0009,0.09
1702,12444490,250.1929,371.0999,1.4833,48.33
1702,12444550,416.9881,371.0999,0.89,-11.0
1702,12445000,18803.3137,18939.3406,1.0072,0.72
1702,12445500,176.6372,181.587,1.028,2.8
1702,12445900,308.2086,367.0889,1.191,19.1
1702,12446000,20460.9061,19791.4219,0.9673,-3.27
1702,12446150,95.0526,306.7599,3.2273,222.73
1702,12446400,167.3132,167.0891,0.9987,-0.13
1702,12446500,313.3886,390.5628,1.2463,24.63
1702,12446995,383.3182,390.5628,1.0189,1.89
1702,12447000,388.4982,390.5628,1.0053,0.53
1702,12447200,20927.1039,20506.988,0.9799,-2.01
1702,12447285,167.8312,166.4686,0.9919,-0.81
1702,12447300,21289.7023,20779.6111,0.976,-2.4
1702,12447370,378.1383,433.0234,1.1451,14.51
1702,12447382,207.717,208.0235,1.0015,0.15
1702,12447383,966.0656,1158.2656,1.199,19.9
1702,12447387,84.1746,102.8204,1.2215,22.15
1702,12447390,57.2387,88.0844,1.5389,53.89
1702,12447600,1206.9345,1361.733,1.1283,12.83
1702,12448000,1359.7438,1361.733,1.0015,0.15
1702,12448500,2608.118,2784.7823,1.0677,6.77
1702,12448990,536.1275,636.2652,1.1868,18.68
1702,12448998,634.5471,636.2652,1.0027,0.27
1702,12449500,3369.5745,3926.9172,1.1654,16.54
1702,12449600,160.5793,162.634,1.0128,1.28
1702,12449700,176.3782,287.0632,1.6275,62.75
1702,12449710,284.8987,287.0632,1.0076,0.76
1702,12449760,3965.2718,4114.2869,1.0376,3.76
1702,12449950,4589.4589,4713.766,1.0271,2.71
1702,12450500,4687.8785,4713.766,1.0055,0.55
1702,12450650,222997.9763,88407.7317,0.3965,-60.35
1702,12450700,222997.9763,88650.0416,0.3975,-60.25
1702,12451000,831.3862,885.0434,1.0645,6.45
1702,12451500,167.8312,168.0486,1.0013,0.13
1702,12451600,20.3314,46.3981,2.2821,128.21
1702,12451620,21.8854,2081.3921,95.1041,9410.41
1702,12451650,16.3169,2081.3921,127.5603,12656.03
1702,12452500,2393.149,2415.1719,1.0092,0.92
1702,12452800,525.7676,649.4509,1.2352,23.52
1702,12452890,239.3149,236.5714,0.9885,-1.15
1702,12452990,1085.205,1083.1063,0.9981,-0.19
1702,12453000,1085.205,1083.1063,0.9981,-0.19
1702,12453500,28.7489,82.146,2.8574,185.74
1702,12453690,227400.9561,92895.395,0.4085,-59.15
1702,12453700,227400.9561,92980.9765,0.4089,-59.11
1702,12454000,388.4982,403.5114,1.0386,3.86
1702,12455000,707.0668,1594.6823,2.2553,125.53
1702,12456000,42.4758,41.2906,0.9721,-2.79
1702,12456500,440.298,488.3059,1.109,10.9
1702,12457000,1530.683,1594.6823,1.0418,4.18
1702,12458000,499.8677,554.9458,1.1102,11.02
1702,12458500,546.4875,554.9458,1.0155,1.55
1702,12459000,2589.9881,2638.1254,1.0186,1.86
1702,12461000,2991.4363,3077.8417,1.0289,2.89
1702,12461400,103.0815,240.1415,2.3296,132.96
1702,12461500,48.1738,48.2221,1.001,0.1
1702,12462000,210.307,240.1415,1.1419,14.19
1702,12462500,3369.5745,3440.5028,1.021,2.1
1702,12462560,231544.9371,83777.6383,0.3618,-63.82
1702,12462600,231544.9371,83777.6383,0.3618,-63.82
1702,12463000,258.7398,336.1803,1.2993,29.93
1702,12463500,533.5376,530.9183,0.9951,-0.49
1702,12464000,2185.95,1969.4641,0.901,-9.9
1702,12464500,234393.924,78087.1404,0.3331,-66.69
1702,12464606,111.3695,140.7152,1.2635,26.35
1702,12464770,994.5554,1361.6767,1.3691,36.91
1702,12464780,1403.7736,1460.311,1.0403,4.03
1702,12464800,167.5722,197.8023,1.1804,18.04
1702,12465000,2698.7676,3139.4914,1.1633,16.33
1702,12465400,846.9261,308.2424,0.364,-63.6
1702,12465500,1105.9249,1138.7904,1.0297,2.97
1702,12467000,5770.4935,5818.6195,1.0083,0.83
1702,12467500,1035.9952,801.9217,0.7741,-22.59
1702,12468500,99.4555,895.0924,8.9999,799.99
1702,12470500,31.0799,66.8831,2.152,115.2
1702,12471090,523.1776,565.1565,1.0802,8.02
1702,12471270,108.7795,169.8959,1.5618,56.18
1702,12471400,1838.8916,1911.4469,1.0395,3.95
1702,12471500,9854.9048,107.596,0.0109,-98.91
1702,12471724,46.8788,69948.1053,1492.1058,149110.58
1702,12472300,2.2792,250.4529,109.8868,10888.68
1702,12472350,8.7024,250.4529,28.7799,2777.99
1702,12472380,145.0393,168.3803,1.1609,16.09
1702,12472500,10359.9524,11031.1505,1.0648,6.48
1702,12472600,12535.5425,11031.1505,0.88,-12.0
1702,12472800,248638.8586,69948.1053,0.2813,-71.87
1702,12472950,96.0886,69039.6719,718.5004,71750.04
1702,12473508,305.6186,66817.4817,218.6303,21763.03
1702,12473740,378.1383,448.6098,1.1864,18.64
1702,12512500,72.0017,158.5924,2.2026,120.26
1702,12512550,134.9384,158.5924,1.1753,17.53
1702,12513000,606.0572,755.8814,1.2472,24.72
1702,12513500,991.9654,1136.0741,1.1453,14.53
1702,12513650,2066.8105,1356.583,0.6564,-34.36
1702,12514000,269358.7635,63880.4744,0.2372,-76.28
1702,12514095,61.9007,69.5951,1.1243,12.43
1702,12514400,269358.7635,63880.4744,0.2372,-76.28
1703,12474500,141.6723,298.7632,2.1088,110.88
1703,12475000,82.1026,82.2525,1.0018,0.18
1703,12476000,164.7232,1252.8083,7.6055,660.55
1703,12477000,486.9178,1252.8083,2.5729,157.29
1703,12479000,525.7676,573.0665,1.09,9.0
1703,12479500,1300.174,1915.7828,1.4735,47.35
1703,12480000,445.478,534.5788,1.2,20.0
1703,12480500,517.9976,534.5788,1.032,3.2
1703,12481000,227.401,258.1853,1.1354,13.54
1703,12483500,192.9541,4118.0572,21.3422,2034.22
1703,12483600,35.2238,460.8524,13.0835,1208.35
1703,12483800,180.0042,178.1303,0.9896,-1.04
1703,12484480,551.6675,1022.8321,1.8541,85.41
1703,12484500,4128.441,4305.1368,1.0428,4.28
1703,12487000,5516.6747,5539.5047,1.0041,0.41
1703,12488000,183.1122,503.059,2.7473,174.73
1703,12488500,204.3501,206.0635,1.0084,0.84
1703,12489500,1660.1824,1666.9331,1.0041,0.41
1703,12491500,484.3278,570.6494,1.1782,17.82
1703,12492500,619.0072,766.8021,1.2388,23.88
1703,12493005,761.4565,766.8021,1.007,0.7
1703,12494000,2437.1788,2859.7593,1.1734,17.34
1703,12499000,2864.5269,2859.7593,0.9983,-0.17
1703,12500420,352.2384,291.7244,0.8282,-17.18
1703,12500447,167.8312,189.3837,1.1284,12.84
1703,12500450,9010.5686,9464.4439,1.0504,5.04
1703,12500500,178.4502,192.2434,1.0773,7.73
1703,12501000,64.2317,86.5908,1.3481,34.81
1703,12501500,73.8147,86.5908,1.1731,17.31
1703,12502000,308.2086,320.7479,1.0407,4.07
1703,12502500,448.0679,442.0841,0.9866,-1.34
1703,12503000,9458.6366,9464.4439,1.0006,0.06
1703,12505000,9479.3565,9532.3172,1.0056,0.56
1703,12505350,11.5772,10272.0388,887.2609,88626.09
1703,12505410,15.255,10272.0388,673.3542,67235.42
1703,12505450,160.5793,165.1594,1.0285,2.85
1703,12505510,214.969,333.6249,1.552,55.2
1703,12506000,315.9785,1114.8799,3.5283,252.83
1703,12506500,211.084,237.4043,1.1247,12.47
1703,12507508,1551.4029,1304.5466,0.8409,-15.91
1703,12508000,701.8868,709.1589,1.0104,1.04
1703,12508480,398.8582,400.0076,1.0029,0.29
1703,12508500,1126.6448,1459.4423,1.2954,29.54
1703,1250862050,1585.0727,1459.4423,0.9207,-7.93
1703,12508630,118.8805,121.6597,1.0234,2.34
1703,12508769,2.3828,414.1648,173.8151,17281.51
1703,12508775,1.7612,414.1648,235.1616,23416.16
1703,12508790,38.0728,414.1648,10.8782,987.82
1703,12508820,92.7216,92.6994,0.9998,-0.02
1703,12508830,70.1887,69.5816,0.9914,-0.86
1703,12508840,48.6918,414.22,8.507,750.7
1703,12508850,414.3981,13875.0182,33.4823,3248.23
1703,12508990,13879.7463,13892.4214,1.0009,0.09
1703,12509050,13985.9358,14034.6174,1.0035,0.35
1703,12509500,14123.2052,14360.8957,1.0168,1.68
1703,12509698,88.0596,114.4171,1.2993,29.93
1703,12510500,14542.7832,14688.2998,1.01,1.0
1703,12510618,73.8147,120.608,1.6339,63.39
1703,12510625,102.8225,120.608,1.173,17.3
1703,12510650,59.8287,182.7372,3.0543,205.43
1703,12510655,290.0787,320.4776,1.1048,10.48
1703,12512000,15850.7272,15945.531,1.006,0.6
1703,462023120075200,5.5167,110.6622,20.0596,1905.96
1704,13026000,266.7688,276.0701,1.0349,3.49
1704,13028500,2305.0894,2306.9861,1.0008,0.08
1704,13029000,12538.1324,13406.1504,1.0692,6.92
1704,13029500,279.7187,281.4674,1.0063,0.63
1704,13030000,95.3116,101.405,1.0639,6.39
1704,13030500,153.3273,159.83,1.0424,4.24
1704,13031500,13271.0991,13406.1504,1.0102,1.02
1704,13032000,199.6881,219.0198,1.0968,9.68
1704,13032450,13488.6581,13406.1504,0.9939,-0.61
1704,13032500,13532.6879,13634.9871,1.0076,0.76
1704,13033500,157.4713,195.984,1.2446,24.46
1704,13034000,200.9831,201.5473,1.0028,0.28
1704,13034500,145.8163,195.984,1.344,34.4
1704,13035500,163.6872,188.202,1.1498,14.98
1704,13036000,14545.3732,14519.7549,0.9982,-0.18
1704,13036500,54.6487,54.7652,1.0021,0.21
1704,13037000,14656.7427,14800.8887,1.0098,0.98
1704,13037500,14897.6116,14957.6892,1.004,0.4
1704,13038500,15047.8309,14957.6892,0.994,-0.6
1704,13039500,245.0129,444.14,1.8127,81.27
1704,13040000,437.449,444.14,1.0153,1.53
1704,13041000,675.9869,697.8652,1.0324,3.24
1704,13041010,673.3969,697.8652,1.0363,3.63
1704,13041500,328.9285,224.6454,0.683,-31.7
1704,13042000,1245.7843,1278.7499,1.0265,2.65
1704,13042500,1297.584,1522.4807,1.1733,17.33
1704,13043000,95.0526,115.4323,1.2144,21.44
1704,13043500,1354.5638,1522.4807,1.124,12.4
1704,13044000,1699.0322,2655.3239,1.5628,56.28
1704,13044500,461.0179,776.7021,1.6848,68.48
1704,13045000,12.1729,114.7442,9.4262,842.62
1704,13045500,334.1085,776.7021,2.3247,132.47
1704,13046000,2841.217,2936.755,1.0336,3.36
1704,13046995,836.5662,1204.7094,1.4401,44.01
1704,13047500,852.1061,1204.7094,1.4138,41.38
1704,13047600,872.826,1204.7094,1.3802,38.02
1704,13048500,1320.8939,1314.2572,0.995,-0.5
1704,13049500,1302.764,1314.2572,1.0088,0.88
1704,13050500,4584.279,4849.2062,1.0578,5.78
1704,13051000,123.2834,180.0684,1.4606,46.06
1704,13052000,784.7664,893.0572,1.138,13.8
1704,13052200,872.826,1209.2709,1.3855,38.55
1704,13052500,30.3029,48.3113,1.5943,59.43
1704,13053000,17.6119,1209.2709,68.6621,6766.21
1704,13054000,1219.8844,1718.3078,1.4086,40.86
1704,13054200,1416.7235,1718.3078,1.2129,21.29
1704,13054300,209.53,301.2844,1.4379,43.79
1704,13054500,176.1192,215.3151,1.2226,22.26
1704,13054600,206.9401,215.3151,1.0405,4.05
1704,13054805,2204.0799,2299.2838,1.0432,4.32
1704,13055000,2268.8296,2682.0155,1.1821,18.21
1704,13055319,129.2404,167.2141,1.2938,29.38
1704,13055340,2771.2873,2809.1657,1.0137,1.37
1704,13056500,7562.7653,8120.8879,1.0738,7.38
1704,13057150,23568.8918,23881.1398,1.0132,1.32
1704,13057155,24690.3567,24188.3668,0.9797,-2.03
1704,13057160,24698.1266,24188.3668,0.9794,-2.06
1704,13057500,354.8284,363.2779,1.0238,2.38
1704,13057940,1471.1132,1557.1926,1.0585,5.85
1704,13058000,1623.9225,1674.5207,1.0312,3.12
1704,13060000,25355.9836,26512.1299,1.0456,4.56
1704,13061500,25614.9824,26773.3331,1.0452,4.52
1704,13062000,25744.4818,30139.9425,1.1707,17.07
1704,13062500,25770.3817,30139.9425,1.1696,16.96
1704,13062504,25770.3817,30139.9425,1.1696,16.96
1704,13063000,862.466,903.3117,1.0474,4.74
1704,13063500,89.8726,89.3836,0.9946,-0.54
1704,13064500,198.3931,330.4479,1.6656,66.56
1704,13065000,1468.5233,1456.9159,0.9921,-0.79
1704,13065500,1471.1132,1863.0652,1.2664,26.64
1704,13065940,67.3397,71.663,1.0642,6.42
1704,13066000,2323.2193,2415.2112,1.0396,3.96
1704,13066500,2398.329,2415.2112,1.007,0.7
1704,13068500,3354.0346,3288.0036,0.9803,-1.97
1704,13069500,29292.7655,30999.5409,1.0583,5.83
1704,13070000,176.1192,199.4504,1.1325,13.25
1704,13070300,258.9988,395.1845,1.5258,52.58
1704,13071000,238.2789,395.1845,1.6585,65.85
1704,13071010,238.2789,395.1845,1.6585,65.85
1704,13071500,106.4485,112.377,1.0557,5.57
1704,13072000,673.3969,672.1111,0.9981,-0.19
1704,13072400,675.9869,1292.3878,1.9119,91.19
1704,13072500,74.8507,76.4077,1.0208,2.08
1704,13073000,1491.8332,1542.1208,1.0337,3.37
1704,13073500,1152.5447,1698.2949,1.4735,47.35
1704,13074000,23.7243,150.6321,6.3493,534.93
1704,13074400,2758.3373,3011.3865,1.0917,9.17
1704,13074810,463.6079,551.4732,1.1895,18.95
1704,13075000,914.2658,952.1674,1.0415,4.15
1704,13075100,144.5213,147.5206,1.0208,2.08
1704,13075320,100.7246,125.8803,1.2497,24.97
1704,13075500,3253.0251,3400.0354,1.0452,4.52
1704,13075700,11.1369,80.3457,7.2143,621.43
1704,13075910,3379.9345,3400.0354,1.0059,0.59
1704,13075958,561.5094,621.2732,1.1064,10.64
1704,13075983,46.6198,112.0561,2.4036,140.36
1704,1307599660,39.1088,40.7921,1.043,4.3
1704,1307599910,27.4539,115.6262,4.2117,321.17
1704,13076000,603.4672,604.1046,1.0011,0.11
1704,13076100,203.0551,206.4203,1.0166,1.66
1704,13076110,813.2563,918.8339,1.1298,12.98
1704,13076200,1069.6651,1127.316,1.0539,5.39
1704,13076500,35172.0385,38752.0762,1.1018,10.18
1704,13077000,35223.8383,38800.0852,1.1015,10.15
1704,13077500,480.4428,643.1426,1.3386,33.86
1704,13077600,35.4828,71.8263,2.0243,102.43
1704,13077650,839.1561,839.3963,1.0003,0.03
1704,13078000,1059.3051,1078.8027,1.0184,1.84
1704,13078205,1121.4649,1223.598,1.0911,9.11
1704,13078500,1307.944,1357.8351,1.0381,3.81
1704,13079100,18.881,76.1383,4.0325,303.25
1704,13079200,209.53,250.4094,1.1951,19.51
1704,13079500,271.4308,367.6151,1.3544,35.44
1704,13079600,69.6707,114.1863,1.6389,63.89
1704,13079901,3910.882,3820.391,0.9769,-2.31
1704,13081000,40662.8133,44840.7575,1.1027,10.27
1704,13081500,40662.8133,44840.7575,1.1027,10.27
1704,13082000,40662.8133,45310.423,1.1143,11.43
1704,13082300,223.516,304.357,1.3617,36.17
1704,13082320,300.4386,304.357,1.013,1.3
1704,13082500,1634.2825,1843.1601,1.1278,12.78
1704,13083000,134.6794,157.5599,1.1699,16.99
1704,13083500,1841.4815,1843.1601,1.0009,0.09
1704,13084000,1735.292,1901.5661,1.0958,9.58
1704,13084400,87.2826,101.667,1.1648,16.48
1704,13084500,95.8296,101.667,1.0609,6.09
1704,13088000,44495.9957,50536.2705,1.1357,13.57
1704,13088400,102.0455,134.5842,1.3189,31.89
1704,13088404,108.7795,134.5842,1.2372,23.72
1704,13088500,75.1097,213.2438,2.8391,183.91
1704,13088510,80.3673,213.2438,2.6534,165.34
1704,13089500,0.5698,120.8595,212.1096,21110.96
1704,13090000,57860.3344,51585.205,0.8915,-10.85
1704,13090500,57912.1341,51585.205,0.8907,-10.93
1704,13092000,207.199,216.0891,1.0429,4.29
1704,13092300,19.9429,144.3874,7.24,624.0
1704,13092500,58.7927,98.9751,1.6835,68.35
1704,13092747,670.8069,794.255,1.184,18.4
1704,13093000,717.4267,794.255,1.1071,10.71
1704,13093095,776.9964,794.255,1.0222,2.22
1704,13093383,59129.4286,52624.0393,0.89,-11.0
1704,13093384,59168.2784,52624.0393,0.8894,-11.06
1704,13093397,59181.2283,52624.0393,0.8892,-11.08
1704,13093478,238.9005,327.7826,1.372,37.2
1704,13094000,59543.8267,53978.377,0.9065,-9.35
1704,13094680,46.2831,104.2306,2.252,125.2
1704,13094700,102.8225,104.2306,1.0137,1.37
1704,13095000,102.8225,601.7191,5.852,485.2
1704,13105500,4040.3815,4103.9628,1.0157,1.57
1704,13106600,82.6206,83.6076,1.0119,1.19
1704,13106650,99.4555,128.2379,1.2894,28.94
1704,13107000,282.0497,343.0814,1.2164,21.64
1704,13107500,26.1589,64.4253,2.4628,146.28
1704,13108000,5581.4244,5680.9354,1.0178,1.78
1704,13108150,5646.1741,5680.9354,1.0062,0.62
1704,13108500,572.3874,590.1163,1.031,3.1
1704,13108900,626.7771,719.2432,1.1475,14.75
1704,13109000,634.5471,719.2432,1.1335,13.35
1704,13111500,958.2956,965.4436,1.0075,0.75
1704,13112000,994.5554,965.4436,0.9707,-2.93
1704,13112500,300.4386,498.7727,1.6601,66.01
1704,13113000,317.2735,498.7727,1.5721,57.21
1704,13113500,619.0072,1276.7508,2.0626,106.26
1704,13114000,1258.7342,1276.7508,1.0143,1.43
1704,13114500,2279.1895,2732.5983,1.1989,19.89
1704,13115500,380.7283,414.8939,1.0897,8.97
1704,13116000,409.2181,414.8939,1.0139,1.39
1704,13116500,675.9869,787.4412,1.1649,16.49
1704,13117000,841.7461,877.3542,1.0423,4.23
1704,13117020,986.7855,1114.238,1.1292,12.92
1704,13117030,1035.9952,1114.238,1.0755,7.55
1704,13117300,192.4361,206.6848,1.074,7.4
1704,13117360,277.1287,296.8535,1.0712,7.12
1704,13117500,559.4374,1105.8177,1.9767,97.67
1704,13118000,821.0262,1105.8177,1.3469,34.69
1704,13118700,1129.2348,1300.424,1.1516,15.16
1704,13119000,1805.2217,2143.7491,1.1875,18.75
1704,13120000,297.8486,297.6355,0.9993,-0.07
1704,13120500,1139.5948,1278.4467,1.1218,12.18
1704,13121000,1212.1144,1278.5231,1.0548,5.48
1704,13121500,1227.6544,1997.6869,1.6272,62.72
1704,13122000,375.5483,1997.6869,5.3194,431.94
1704,13122500,1688.6722,1997.6869,1.183,18.3
1704,13123000,7.6405,1997.6869,261.4614,26046.14
1704,13124265,137.2694,114.7822,0.8362,-16.38
1704,13125500,1983.9309,40.2511,0.0203,-97.97
1704,13127000,2074.5805,2220.6112,1.0704,7.04
1704,13128000,12.0693,2220.6112,183.9877,18298.77
1704,13128500,16.5241,2220.6112,134.386,13338.6
1704,13128900,21.471,2220.6112,103.4237,10242.37
1704,13129500,21.5228,2220.6112,103.1748,10217.48
1704,13129800,71.4837,99.4053,1.3906,39.06
1704,13130000,96.0886,99.4053,1.0345,3.45
1704,13130300,2330.9893,2470.6933,1.0599,5.99
1704,13130500,2463.0787,2470.6933,1.0031,0.31
1704,13130900,241.9049,553.5737,2.2884,128.84
1704,13131000,564.6174,652.2155,1.1551,15.51
1704,13131500,65.2677,102.3871,1.5687,56.87
1704,13132000,3426.5543,3426.8453,1.0001,0.01
1704,13132100,3431.7342,4406.0486,1.2839,28.39
1704,13132373,3491.304,4406.0486,1.262,26.2
1704,13132500,3651.8832,4406.0486,1.2065,20.65
1704,13134500,83397.6172,60383.2612,0.724,-27.6
1704,13135000,67520.99,68767.2475,1.0185,1.85
1704,13135500,354.8284,461.2669,1.3,30.0
1704,13135520,103.5995,104.1048,1.0049,0.49
1704,13136000,621.5971,1116.5283,1.7962,79.62
1704,13136500,243.7179,251.3734,1.0314,3.14
1704,13137000,244.2359,251.3734,1.0292,2.92
1704,13137300,146.8523,167.803,1.1427,14.27
1704,13137500,166.5362,167.803,1.0076,0.76
1704,13138000,222.998,223.5952,1.0027,0.27
1704,13138500,1339.0239,1116.5283,0.8338,-16.62
1704,13139500,1657.5924,1775.3322,1.071,7.1
1704,13139510,1590.2527,1775.3322,1.1164,11.64
1704,13140335,1800.0417,1910.7948,1.0615,6.15
1704,13140500,1722.3421,2167.7748,1.2586,25.86
1704,13140800,1937.3111,2167.7748,1.119,11.9
1704,13140900,21.6523,2167.7748,100.1175,9911.75
1704,13141000,2134.1502,2167.7748,1.0158,1.58
1704,13141070,76.56,105.6023,1.3793,37.93
1704,13141500,1621.3326,1779.6704,1.0977,9.77
1704,13142500,4172.4708,4260.8185,1.0212,2.12
1704,13144000,4584.279,4375.2763,0.9544,-4.56
1704,13144500,4610.1788,4375.2763,0.949,-5.1
1704,13145000,4630.8987,4644.4415,1.0029,0.29
1704,13145500,4716.3683,4644.4415,0.9847,-1.53
1704,13146500,5058.2468,5042.6802,0.9969,-0.31
1704,13147000,25.8999,280.3485,10.8243,982.43
1704,13147500,321.1585,314.8517,0.9804,-1.96
1704,13147900,642.3171,723.4317,1.1263,12.63
1704,13148000,683.7569,723.4317,1.058,5.8
1704,13148500,802.8963,1206.1052,1.5022,50.22
1704,13149000,129.4994,198.6311,1.5338,53.38
1704,13149500,40.4038,198.6311,4.9161,391.61
1704,13150000,193.2131,198.6311,1.028,2.8
1704,13150200,39.057,180.3285,4.6171,361.71
1704,13150430,181.2992,273.9396,1.511,51.1
1704,13150500,157.7303,273.9396,1.7368,73.68
1704,13151000,1476.2932,2019.75,1.3681,36.81
1704,13151500,1605.7926,2709.558,1.6874,68.74
1704,13152000,1761.1919,2853.9892,1.6205,62.05
1704,13152500,7744.0644,8348.5119,1.0781,7.81
1704,13153500,7769.9643,8348.5119,1.0745,7.45
1704,13153776,91944.5779,68528.9934,0.7453,-25.47
1704,13154000,362.5983,536.0706,1.4784,47.84
1704,13154400,686.3468,793.7118,1.1564,15.64
1704,13096000,1193.9845,1983.5089,1.6613,66.13
1704,13098000,132.0894,160.0942,1.212,21.2
1704,13098500,499.8677,160.0942,0.3203,-67.97
1704,13099000,720.0167,783.0114,1.0875,8.75
1704,13101000,2369.8391,2270.3416,0.958,-4.2
1704,13103000,274.5387,353.8919,1.289,28.9
1704,13104000,800.3063,884.3395,1.105,10.5
1704,13104900,882.9787,884.3395,1.0015,0.15
1704,13105000,3628.5733,3648.8164,1.0056,0.56
1704,13077700,20.3055,56.5009,2.7825,178.25
1704,13079000,52.3178,61.7708,1.1807,18.07
1704,13010000,1193.9845,1375.4877,1.152,15.2
1704,13010065,1227.6544,1375.4877,1.1204,12.04
1704,13010450,124.3194,128.434,1.0331,3.31
1704,13011000,2084.9404,2540.8936,1.2187,21.87
1704,13011500,429.938,430.5564,1.0014,0.14
1704,13011820,83.0091,126.6003,1.5251,52.51
1704,13011900,836.5662,958.6125,1.1459,14.59
1704,13012000,958.2956,958.6125,1.0003,0.03
1704,13012465,13.2866,186.0887,14.0057,1300.57
1704,13012475,114.9955,186.0887,1.6182,61.82
1704,13012490,252.2648,3914.5701,15.5177,1451.77
1704,13012500,256.4088,3914.5701,15.2669,1426.69
1704,13013000,187.2561,188.9555,1.0091,0.91
1704,13013650,4335.6401,6043.9711,1.394,39.4
1704,13014300,1055.1612,1115.4581,1.0571,5.71
1704,13014500,1577.3028,1616.2195,1.0247,2.47
1704,13015000,1608.3826,1616.2195,1.0049,0.49
1704,13016100,6065.7522,6490.7224,1.0701,7.01
1704,13016240,57.2387,109.6189,1.9151,91.51
1704,13016305,39.6268,109.6189,2.7663,176.63
1704,13016450,184.1482,183.1206,0.9944,-0.56
1704,13016500,226.365,6490.7224,28.6737,2767.37
1704,13017000,62.6777,63.188,1.0081,0.81
1704,13018000,103.8585,125.829,1.2115,21.15
1704,13018250,282.3087,325.4862,1.1529,15.29
1704,13018300,27.9719,43.3091,1.5483,54.83
1704,13018350,334.1085,406.0211,1.2152,21.52
1704,13018500,367.7783,406.0211,1.104,10.4
1704,13018750,6803.8988,8767.8553,1.2887,28.87
1704,13019000,98.1605,99.6792,1.0155,1.55
1704,13019438,54.6487,220.0481,4.0266,302.66
1704,13019500,1458.1633,1467.9726,1.0067,0.67
1704,13020000,121.2114,121.4318,1.0018,0.18
1704,13020500,36.5188,8767.8553,240.0913,23909.13
1704,13021000,23.6207,8767.8553,371.1938,37019.38
1704,13021500,41.1808,8858.0668,215.1018,21410.18
1704,13022000,33.9288,12444.6862,366.7878,36578.78
1704,13022500,8901.7891,12444.6862,1.398,39.8
1704,13023000,1160.3147,1177.5041,1.0148,1.48
1704,13023500,10144.9834,12444.6862,1.2267,22.67
1704,13024000,117.5855,461.8532,3.9278,292.78
1704,13024500,66.8217,93.3269,1.3967,39.67
1704,13025000,70.7067,98.0783,1.3871,38.71
1704,13025500,295.2586,444.5212,1.5055,50.55
1704,13026500,1437.4434,1661.4064,1.1558,15.58
1704,13027000,52.3178,88.5013,1.6916,69.16
1704,13027500,2217.0298,2306.9861,1.0406,4.06
1704,13028000,2274.0096,2306.9861,1.0145,1.45
1704,13046680,181.8172,403.4757,2.2191,121.91
1704,13047800,6.216,93.6712,15.0694,1406.94
1704,13051500,87.5416,188.0773,2.1484,114.84
1705,13154500,92721.5744,436.1538,0.0047,-99.53
1705,13155000,216.523,212.0432,0.9793,-2.07
1705,13155300,36.7778,51.5881,1.4027,40.27
1705,13155400,66.3037,572.8845,8.6403,764.03
1705,13155500,112.1465,572.8845,5.1084,410.84
1705,13155620,124.5784,572.8845,4.5986,359.86
1705,13155700,103.8585,98.9964,0.9532,-4.68
1705,13156000,177.1552,178.0757,1.0052,0.52
1705,13156500,54.6487,99.7705,1.8257,82.57
1705,13157000,285.4167,290.2829,1.017,1.7
1705,13157150,286.9707,285.4613,0.9947,-0.53
1705,13158000,12.2506,96.1648,7.8498,684.98
1705,13159000,70.7067,96.1648,1.3601,36.01
1705,13159500,76.1457,76.5917,1.0059,0.59
1705,13159800,182.5942,333.7004,1.8276,82.76
1705,13160000,214.451,333.7004,1.5561,55.61
1705,13162000,1139.5948,1333.9304,1.1705,17.05
1705,13162500,219.113,220.2954,1.0054,0.54
1705,13163000,466.1979,560.9487,1.2032,20.32
1705,13163500,69.9297,156.4095,2.2367,123.67
1705,13164000,384.8204,413.7289,1.0751,7.51
1705,13164500,248.2504,279.8086,1.1271,12.71
1705,13165000,160.5793,168.272,1.0479,4.79
1705,13165500,107.9248,219.7503,2.0361,103.61
1705,13166000,64.2317,69.9385,1.0888,8.88
1705,13166500,56.9797,72.7757,1.2772,27.72
1705,13167000,543.8975,685.995,1.2613,26.13
1705,13167500,1605.7926,1333.6456,0.8305,-16.95
1705,13168000,4895.0775,6709.4,1.3706,37.06
1705,13168500,6956.7081,7064.1884,1.0154,1.54
1705,13169500,631.9571,631.7104,0.9996,-0.04
1705,13170000,258.9988,267.1637,1.0315,3.15
1705,13171000,6863.4685,14135.1043,2.0595,105.95
1705,13171620,105671.5149,14656.2825,0.1387,-86.13
1705,13172000,388.4982,461.9664,1.1891,18.91
1705,13172454,108520.5018,17041.7881,0.157,-84.3
1705,13172500,108520.5018,17041.7881,0.157,-84.3
1705,13172890,278.1129,260.8659,0.938,-6.2
1705,13173500,1279.4541,1050.8479,0.8213,-17.87
1705,13176400,5542.5746,5547.7449,1.0009,0.09
1705,13177985,89.8726,134.2885,1.4942,49.42
1705,13178000,1209.5244,1416.4175,1.1711,17.11
1705,13184500,989.3755,985.4987,0.9961,-0.39
1705,13184870,22.6106,52.7027,2.3309,133.09
1705,13185000,2154.8701,2181.7279,1.0125,1.25
1705,13185500,54.1308,58.8609,1.0874,8.74
1705,13186000,1644.6425,2123.4294,1.2911,29.11
1705,13186500,344.4684,359.5373,1.0437,4.37
1705,13187000,144.7803,170.1617,1.1753,17.53
1705,13190500,2533.0084,2609.2812,1.0301,3.01
1705,13191000,2841.217,2855.0525,1.0049,0.49
1705,13191500,135.1974,134.8241,0.9972,-0.28
1705,13192000,25.4855,3382.6103,132.7269,13172.69
1705,13192200,3035.4661,3382.6103,1.1144,11.44
1705,13192500,113.1825,114.8889,1.0151,1.51
1705,13193000,179.4862,180.7257,1.0069,0.69
1705,13193500,18.4407,5739.2288,311.2259,31022.59
1705,13194500,5778.2635,6957.1629,1.204,20.4
1705,13196000,12.2765,119.7496,9.7543,875.43
1705,13196500,12.3283,171.7247,13.9293,1292.93
1705,13197000,15.5399,171.7247,11.0505,1005.05
1705,13197500,17.0421,171.7247,10.0765,907.65
1705,13198000,35.2238,41.3601,1.1742,17.42
1705,13198500,63.4547,97.5298,1.537,53.7
1705,13199000,308.2086,421.9459,1.369,36.9
1705,13199500,344.4684,373.6945,1.0848,8.48
1705,13200000,1028.2253,1098.4516,1.0683,6.83
1705,13200500,41.4398,42.0573,1.0149,1.49
1705,13201000,1098.155,6957.1629,6.3353,533.53
1705,13202000,6956.7081,7020.5553,1.0092,0.92
1705,13203510,6977.428,7020.5553,1.0062,0.62
1705,13203700,6998.1479,7020.5553,1.0032,0.32
1705,13204640,15.8507,42.9081,2.707,170.7
1705,13205000,42.9938,42.9081,0.998,-0.2
1705,13205500,7099.1574,7138.7829,1.0056,0.56
1705,13205633,19.3213,7138.7829,369.4771,36847.71
1705,13206000,7182.037,7469.9627,1.0401,4.01
1705,13206305,7194.987,7469.9627,1.0382,3.82
1705,13206400,35.8454,7469.9627,208.3937,20739.37
1705,13206500,44.8068,55.5795,1.2404,24.04
1705,13207000,49.7278,55.5795,1.1177,11.77
1705,13207500,147.8883,169.0518,1.1431,14.31
1705,13208000,169.6442,169.0518,0.9965,-0.35
1705,13210050,7498.0156,8689.782,1.1589,15.89
1705,13210280,72.0017,75.3219,1.0461,4.61
1705,13210810,466.1979,462.8853,0.9929,-0.71
1705,13210824,163.1693,8689.782,53.2562,5225.62
1705,13210831,11.6549,8689.782,745.5875,74458.75
1705,13210980,12.1729,160.2583,13.1651,1216.51
1705,13210986,69.4117,119.2191,1.7176,71.76
1705,13211100,49.4688,93.3369,1.8868,88.68
1705,13211205,8710.13,8689.782,0.9977,-0.23
1705,13211309,606.0572,791.6167,1.3062,30.62
1705,13212500,9893.7546,10135.206,1.0244,2.44
1705,13212549,31.9346,10135.206,317.3743,31637.43
1705,13213000,10116.4936,10135.206,1.0018,0.18
1705,13213072,230.5089,260.2072,1.1288,12.88
1705,13213100,152032.3021,58056.218,0.3819,-61.81
1705,13234500,147.8883,147.7785,0.9993,-0.07
1705,13235000,1155.1347,1205.5921,1.0437,4.37
1705,13235500,25.0452,109.2898,4.3637,336.37
1705,13236500,282.3087,356.1598,1.2616,26.16
1705,13237000,613.8272,614.7487,1.0015,0.15
1705,13237500,2017.6007,2123.1943,1.0523,5.23
1705,13237600,1.1655,103.5906,88.8812,8788.12
1705,13237700,1.8389,103.5906,56.3332,5533.32
1705,13237920,872.826,877.2429,1.0051,0.51
1705,13238000,3107.9857,3077.6051,0.9902,-0.98
1705,13238322,227.401,271.0099,1.1918,19.18
1705,13239000,372.9583,465.2695,1.2475,24.75
1705,13240000,126.6504,152.6471,1.2053,20.53
1705,13240500,141.4134,152.6471,1.0794,7.94
1705,13241000,152.8093,266.6491,1.745,74.5
1705,13241500,152.8093,266.6491,1.745,74.5
1705,13242500,157.4713,266.6491,1.6933,69.33
1705,13243500,370.3683,419.3725,1.1323,13.23
1705,13244000,1590.2527,1591.2612,1.0006,0.06
1705,13245000,1595.4327,1701.7151,1.0666,6.66
1705,13245500,2286.9595,2343.8392,1.0249,2.49
1705,13246000,2385.379,2400.8952,1.0065,0.65
1705,13246500,5480.4148,5637.6205,1.0287,2.87
1705,13247000,44.8068,45.8572,1.0234,2.34
1705,13247500,5749.7736,5785.5252,1.0062,0.62
1705,13248000,75.6277,112.1556,1.483,48.3
1705,13248500,49.9868,72.3717,1.4478,44.78
1705,13249000,59.5697,176.3509,2.9604,196.04
1705,13249500,7070.6675,7507.9633,1.0618,6.18
1705,13250000,7148.3672,7507.9633,1.0503,5.03
1705,13250500,7381.4661,8484.3675,1.1494,14.94
1705,13250600,126.6504,148.5113,1.1726,17.26
1705,13251000,8391.5615,8570.1475,1.0213,2.13
1705,13251300,10.2564,103.417,10.0832,908.32
1705,13251500,94.5346,103.417,1.094,9.4
1705,13252000,170.9392,170.3622,0.9966,-0.34
1705,13252500,5.8016,84.6024,14.5827,1358.27
1705,13253000,84.4336,306.6534,3.6319,263.19
1705,13253500,274.5387,306.6534,1.117,11.7
1705,13254500,76.1457,102.1422,1.3414,34.14
1705,13255000,207.976,219.0199,1.0531,5.31
1705,13255050,217.041,219.0199,1.0091,0.91
1705,13255060,1010.0954,632.9479,0.6266,-37.34
1705,13255500,277.1287,286.1934,1.0327,3.27
1705,13256000,1010.0954,1388.2886,1.3744,37.44
1705,13256800,168.6082,168.4295,0.9989,-0.11
1705,13257000,222.998,233.9873,1.0493,4.93
1705,13257500,12.9499,56.4578,4.3597,335.97
1705,13258000,6.9412,1929.9503,278.044,27704.4
1705,13258500,1546.2229,1929.9503,1.2482,24.82
1705,13259500,82.8796,81.9644,0.989,-1.1
1705,13260000,139.8594,216.7347,1.5497,54.97
1705,13260500,207.976,293.4105,1.4108,41.08
1705,13261000,212.12,293.4105,1.3832,38.32
1705,13261500,507.6377,515.125,1.0147,1.47
1705,13262000,13.3125,99.5135,7.4752,647.52
1705,13263000,2.849,99.5135,34.9294,3392.94
1705,13263500,3004.3862,3005.1848,1.0003,0.03
1705,13264000,606.0572,606.3302,1.0005,0.05
1705,13264500,606.0572,733.1996,1.2098,20.98
1705,13265500,745.9166,733.1996,0.983,-1.7
1705,13266900,145.0393,232.3003,1.6016,60.16
1705,13267000,145.0393,232.3003,1.6016,60.16
1705,13267050,145.2983,232.3003,1.5988,59.88
1705,13267500,17.3788,144.7233,8.3276,732.76
1705,13268000,71.4837,144.7233,2.0246,102.46
1705,13268500,82.3616,144.7233,1.7572,75.72
1705,13269000,179227.1772,84247.7664,0.4701,-52.99
1705,13289960,458.4279,457.4631,0.9979,-0.21
1705,13290200,189457.6303,93332.3445,0.4926,-50.74
1705,13161500,989.3755,1214.6659,1.2277,22.77
1705,13162225,79.2536,104.7833,1.3221,32.21
1705,13174500,541.3075,629.9052,1.1637,16.37
1705,13174900,789.9464,1008.4246,1.2766,27.66
1705,13175000,906.4958,1008.4246,1.1124,11.24
1705,13175100,1012.6854,1177.6874,1.1629,16.29
1705,13175500,984.1955,1177.6874,1.1966,19.66
1705,13176000,1186.2146,1177.6874,0.9928,-0.72
1705,13176900,51.2818,77.572,1.5127,51.27
1705,13177000,80.2896,77.572,0.9662,-3.38
1705,13177200,854.6961,1193.4125,1.3963,39.63
1705,13177800,2797.1872,3712.1682,1.3271,32.71
1705,13173000,1080.025,1050.8479,0.973,-2.7
1705,13173600,111369.4887,47535.4767,0.4268,-57.32
1705,13181000,20719.9049,19772.3807,0.9543,-4.57
1705,13182000,26935.8763,24832.4702,0.9219,-7.81
1705,13183000,28904.2673,26955.9682,0.9326,-6.74
1705,13184000,29266.8656,27339.7198,0.9342,-6.58
1705,13214000,2356.8892,2522.7223,1.0704,7.04
1705,13215000,2848.9869,2809.939,0.9863,-1.37
1705,13215480,1805.2217,1779.9644,0.986,-1.4
1705,13216500,919.4458,899.9135,0.9788,-2.12
1705,13217500,1139.5948,1362.8021,1.1959,19.59
1705,13219000,6708.0692,6819.489,1.0166,1.66
1705,13220000,7795.8642,7872.5998,1.0098,0.98
1705,13220500,7847.664,7872.5998,1.0032,0.32
1705,13226500,1396.0036,1516.58,1.0864,8.64
1705,13227000,1476.2932,1516.58,1.0273,2.73
1705,13228000,10049.1539,12133.6501,1.2074,20.74
1705,13229500,647.497,721.5285,1.1143,11.43
1705,13233300,10049.1539,12133.6501,1.2074,20.74
1705,13269300,284.8987,325.9378,1.144,14.4
1705,13270800,99.7145,182.7965,1.8332,83.32
1705,13273000,800.3063,893.7155,1.1167,11.67
1705,13274200,1683.4923,1780.1772,1.0574,5.74
1705,13275000,2830.857,2845.627,1.0052,0.52
1705,13275500,567.2074,571.0828,1.0068,0.68
1705,13277000,909.0858,1188.1098,1.3069,30.69
1705,13281500,1481.4732,1581.5596,1.0676,6.76
1705,13285000,2356.8892,2419.7806,1.0267,2.67
1705,13285500,2356.8892,2419.7806,1.0267,2.67
1705,13286700,3392.8844,3591.5028,1.0585,5.85
1705,13288200,404.0381,499.7592,1.2369,23.69
1705,13289500,4299.3803,4420.2489,1.0281,2.81
1705,13290000,188551.1344,93078.5232,0.4937,-50.63
1705,13290190,595.6973,782.8236,1.3141,31.41
1706,13290500,191141.1225,1370.1107,0.0072,-99.28
1706,13292280,75.3687,125.2572,1.6619,66.19
1706,13292380,47.9148,52.7015,1.0999,9.99
1706,13292500,245.2719,275.7036,1.1241,12.41
1706,13293000,92.4626,182.1218,1.9697,96.97
1706,13293350,40.6628,46.5821,1.1456,14.56
1706,13293500,608.6472,746.3316,1.2262,22.62
1706,13294000,113.4415,114.0584,1.0054,0.54
1706,13294500,924.6258,927.8738,1.0035,0.35
1706,13294600,69.1527,70.2165,1.0154,1.54
1706,13294640,49.4688,52.2506,1.0562,5.62
1706,13295000,380.7283,376.9584,0.9901,-0.99
1706,13295500,1313.124,1396.6074,1.0636,6.36
1706,13296000,489.5078,492.2674,1.0056,0.56
1706,13296500,2090.1204,2119.6533,1.0141,1.41
1706,13297000,209.789,209.5203,0.9987,-0.13
1706,13297330,75.3687,78.2992,1.0389,3.89
1706,13297350,16.291,202.8824,12.4536,1145.36
1706,13297355,185.4431,202.8824,1.094,9.4
1706,13297380,3107.9857,2979.594,0.9587,-4.13
1706,13297450,47.6558,47.5708,0.9982,-0.18
1706,13297500,69.6707,71.6801,1.0288,2.88
1706,13297597,299.6616,300.7557,1.0037,0.37
1706,13298000,1401.1836,1428.1085,1.0192,1.92
1706,13299000,219.113,414.6834,1.8926,89.26
1706,13299200,236.4659,414.6834,1.7537,75.37
1706,13299255,159.0253,158.6242,0.9975,-0.25
1706,13299280,50.2458,277.9569,5.5319,453.19
1706,13299500,148.9243,146.5957,0.9844,-1.56
1706,13300000,455.8379,1200.1999,2.633,163.3
1706,13300500,108.5205,836.8567,7.7115,671.15
1706,13301000,175.8602,836.8567,4.7586,375.86
1706,13301500,140.3774,163.9229,1.1677,16.77
1706,13301620,48.9508,49.514,1.0115,1.15
1706,13301900,1937.3111,2151.6365,1.1106,11.06
1706,13301990,2123.7903,2152.568,1.0136,1.36
1706,13302000,2149.6901,2152.568,1.0013,0.13
1706,13302005,2149.6901,2152.568,1.0013,0.13
1706,13302500,9678.7856,9719.4433,1.0042,0.42
1706,13302600,16.2392,109.0407,6.7147,571.47
1706,13303000,184.9252,252.2116,1.3639,36.39
1706,13303030,105.9305,163.8253,1.5465,54.65
1706,13303070,823.6162,252.2116,0.3062,-69.38
1706,13303200,108.5205,152.3863,1.4042,40.42
1706,13303500,149.4423,211.2244,1.4134,41.34
1706,13304000,37.5548,211.2244,5.6244,462.44
1706,13304490,59.3107,85.4486,1.4407,44.07
1706,13304500,58.2747,85.4486,1.4663,46.63
1706,13305000,2323.2193,2354.0495,1.0133,1.33
1706,13305260,12.4578,54.5785,4.3811,338.11
1706,13305310,3149.4255,3267.6574,1.0375,3.75
1706,13305500,3253.0251,3267.6574,1.0045,0.45
1706,13306000,546.4875,547.5494,1.0019,0.19
1706,13306300,59.4402,71.5398,1.2036,20.36
1706,13306336,44.0298,53.9851,1.2261,22.61
1706,13306370,486.9178,843.811,1.733,73.3
1706,13306375,56.7207,56.9053,1.0033,0.33
1706,13306385,106.4485,48.8195,0.4586,-54.14
1706,13306500,1349.3838,1379.3222,1.0222,2.22
1706,13307000,16158.9358,16349.2524,1.0118,1.18
1706,13307500,203.5731,385.7445,1.8949,89.49
1706,13308000,133.3844,143.3977,1.0751,7.51
1706,13308500,357.4184,385.7445,1.0793,7.93
1706,13309000,442.888,443.982,1.0025,0.25
1706,13309220,2698.7676,2751.6351,1.0196,1.96
1706,13309500,5252.4959,5507.9461,1.0486,4.86
1706,13310000,1168.0846,1186.8431,1.0161,1.61
1706,13310199,7448.8058,7451.0648,1.0003,0.03
1706,13310500,237.2429,359.5487,1.5155,51.55
1706,13310520,42.7348,42.8083,1.0017,0.17
1706,13310565,45.5838,45.4397,0.9968,-0.32
1706,13310570,522.4006,631.9238,1.2097,20.97
1706,13310660,16.3428,125.4053,7.6734,667.34
1706,13310670,58.7927,125.4053,2.133,113.3
1706,13310700,854.6961,938.0531,1.0975,9.75
1706,13311000,49.9868,64.7763,1.2959,29.59
1706,13311500,111.1105,338.5892,3.0473,204.73
1706,13312000,276.6107,338.5892,1.2241,22.41
1706,13312500,144.0033,158.1714,1.0984,9.84
1706,13313000,564.6174,564.5362,0.9999,-0.01
1706,13313500,269.3588,349.3352,1.2969,29.69
1706,13313800,6.3714,2904.1917,455.819,45481.9
1706,13314000,3017.3361,3179.9975,1.0539,5.39
1706,13314300,3390.2944,3391.9585,1.0005,0.05
1706,13314500,101.0095,157.6644,1.5609,56.09
1706,13315000,31675.5546,31701.9245,1.0008,0.08
1706,13315500,38.8498,81.9178,2.1086,110.86
1706,13316000,15.1255,101.7593,6.7277,572.77
1706,13316500,1491.8332,1492.7788,1.0006,0.06
1706,13316530,40.6628,56.7285,1.3951,39.51
1706,13316535,55.4257,56.7285,1.0235,2.35
1706,13316800,39.6268,84.7086,2.1377,113.77
1706,13317000,34760.2304,34733.7932,0.9992,-0.08
1706,13317500,48.1738,103.1474,2.1412,114.12
1706,13335690,2556.3183,2548.8792,0.9971,-0.29
1706,13335700,950.5256,944.3605,0.9935,-0.65
1706,13336000,4017.0716,4019.1571,1.0005,0.05
1706,13336100,624.1871,628.488,1.0069,0.69
1706,13336300,124.7079,124.7423,1.0003,0.03
1706,13336500,4959.8272,4962.1186,1.0005,0.05
1706,13336620,631.9571,640.9847,1.0143,1.43
1706,13336630,445.478,439.4231,0.9864,-1.36
1706,13336635,28.7489,1156.5673,40.23,3923.0
1706,13336800,185.4431,185.3247,0.9994,-0.06
1706,13336900,227.919,227.8917,0.9999,-0.01
1706,13337000,3051.006,3059.6664,1.0028,0.28
1706,13337100,264.1788,263.2448,0.9965,-0.35
1706,13337500,675.9869,898.1383,1.3286,32.86
1706,13338000,2173.0,2276.6356,1.0477,4.77
1706,13338500,3025.1061,3050.6682,1.0084,0.84
1706,13338800,372.9583,420.145,1.1265,12.65
1706,13338950,538.7175,556.4798,1.033,3.3
1706,13339000,12501.8726,12551.1635,1.0039,0.39
1706,13339500,629.3671,628.886,0.9992,-0.08
1706,13339800,385.9082,512.3019,1.3275,32.75
1706,13340000,14263.0645,14295.3712,1.0023,0.23
1706,13340500,2585.8441,2644.0373,1.0225,2.25
1706,13340600,3356.6246,3356.896,1.0001,0.01
1706,13340615,134.4204,161.0658,1.1982,19.82
1706,13340760,667.4399,1080.6029,1.619,61.9
1706,13340780,334.1085,351.9289,1.0533,5.33
1706,13340855,162.1333,235.2058,1.4507,45.07
1706,13341000,6327.341,6326.7511,0.9999,-0.01
1706,13341050,20657.7452,21364.3197,1.0342,3.42
1706,13341128,44.4701,73.3955,1.6504,65.04
1706,13341140,582.7473,590.6976,1.0136,1.36
1706,13341200,42.2168,160.6022,3.8042,280.42
1706,13341300,8.2621,160.6022,19.4385,1843.85
1706,13341400,110.5925,160.6022,1.4522,45.22
1706,13341500,1178.4446,1537.3091,1.3045,30.45
1706,13341570,1509.9631,1537.3091,1.0181,1.81
1706,13342000,41.6988,191.6743,4.5966,359.66
1706,13342245,37.0368,215.9524,5.8307,483.07
1706,13342250,82.6206,215.9524,2.6138,161.38
1706,13342295,79.5126,78.8981,0.9923,-0.77
1706,13342340,201.5011,215.9524,1.0717,7.17
1706,13342450,683.7569,706.4498,1.0332,3.32
1706,13342500,24042.8596,24307.2229,1.011,1.1
1706,13343000,24206.0289,24307.2229,1.0042,0.42
1706,13345000,821.0262,880.14,1.072,7.2
1706,13346800,45.8428,90.8193,1.9811,98.11
1706,13350448,84.4336,152.0475,1.8008,80.08
1706,13290450,189846.1285,154.616,0.0008,-99.92
1706,13290460,190105.1273,515.4934,0.0027,-99.73
1706,13291000,257.9628,365.5298,1.417,41.7
1706,13292000,1610.9726,1658.1829,1.0293,2.93
1706,13318050,85.9876,163.4262,1.9006,90.06
1706,13318060,124.8374,163.4262,1.3091,30.91
1706,13318500,1307.944,1542.8419,1.1796,17.96
1706,13318800,1437.4434,1542.8419,1.0733,7.33
1706,13319000,1756.0119,1784.7307,1.0164,1.64
1706,13320000,271.9488,474.5069,1.7448,74.48
1706,13321320,45.3248,46.2583,1.0206,2.06
1706,13323500,3237.4851,3552.2158,1.0972,9.72
1706,13323600,56.9797,86.2939,1.5145,51.45
1706,13324300,202.7961,244.9243,1.2077,20.77
1706,13325000,26.6769,110.3557,4.1368,313.68
1706,13325001,26.6769,110.3557,4.1368,313.68
1706,13325500,111.3695,638.3253,5.7316,473.16
1706,13327500,131.8304,638.3253,4.842,384.2
1706,13329500,76.6636,84.6084,1.1036,10.36
1706,13329765,675.9869,801.5283,1.1857,18.57
1706,13329770,704.4768,801.5283,1.1378,13.78
1706,13330000,183.6302,185.0878,1.0079,0.79
1706,13330300,237.5019,234.976,0.9894,-1.06
1706,13330500,176.1192,187.2234,1.063,6.3
1706,13330700,188.5511,187.2234,0.993,-0.7
1706,13331450,1626.5125,1722.6861,1.0591,5.91
1706,13331500,621.5971,618.3665,0.9948,-0.52
1706,13332500,6617.4196,6822.6039,1.031,3.1
1706,13333000,8482.2111,8701.8038,1.0259,2.59
1706,13334000,10230.453,10634.2815,1.0395,3.95
1706,13334300,240765.2947,47281.3065,0.1964,-80.36
1706,13334450,269.3588,448.2607,1.6642,66.42
1706,13334500,404.0381,448.2607,1.1095,10.95
1706,13334700,440.298,448.2607,1.0181,1.81
1706,13335050,836.5662,842.1669,1.0067,0.67
1706,13343500,267286.773,71872.1878,0.2689,-73.11
1706,13343600,268063.7694,68115.9534,0.2541,-74.59
1706,13343800,171.4572,178.3154,1.04,4.0
1706,13344000,414.3981,569.1698,1.3735,37.35
1706,13344500,1116.2849,1178.0297,1.0553,5.53
1706,13345300,932.3957,947.0365,1.0157,1.57
1706,13346000,1271.6842,1274.1917,1.002,0.2
1706,13346100,1287.2241,1274.1917,0.9899,-1.01
1706,13346500,218.595,329.91,1.5092,50.92
1706,13347000,89.3546,90.8193,1.0164,1.64
1706,13347500,18.8551,477.7089,25.3358,2433.58
1706,13348000,341.8784,329.91,0.965,-3.5
1706,13348500,70.1887,70.2562,1.001,0.1
1706,13349000,185.4431,189.6386,1.0226,2.26
1706,13349200,709.6567,768.9226,1.0835,8.35
1706,13349210,2061.6305,2304.8399,1.118,11.8
1706,13349320,189.5871,197.6445,1.0425,4.25
1706,13349325,38.0728,166.3527,4.3693,336.93
1706,13349400,782.1764,932.9358,1.1927,19.27
1706,13349410,782.1764,932.9358,1.1927,19.27
1706,13349500,1354.5638,1393.3404,1.0286,2.86
1706,13350000,5325.0156,5976.7249,1.1224,12.24
1706,13350500,489.5078,574.5688,1.1738,17.38
1706,13351000,6474.9703,6231.582,0.9624,-3.76
1706,13352500,1758.6019,1759.0818,1.0003,0.03
1706,13353000,281013.71,71307.6209,0.2538,-74.62
1707,14010000,163.1693,212.0427,1.2995,29.95
1707,14010500,207.199,212.0427,1.0234,2.34
1707,14010800,89.0956,115.5605,1.297,29.7
1707,14011000,114.7365,115.5605,1.0072,0.72
1707,14012000,414.3981,767.0134,1.8509,85.09
1707,14012995,138.3054,169.8585,1.2281,22.81
1707,14019200,554257.4556,5661.1645,0.0102,-98.98
1707,14019250,5542.5746,12497.3074,2.2548,125.48
1707,14020000,339.2884,351.041,1.0346,3.46
1707,14020300,455.8379,461.6805,1.0128,1.28
1707,14020520,84.4336,91.4179,1.0827,8.27
1707,14020700,994.5554,1038.0284,1.0437,4.37
1707,14020740,11.9657,1038.0284,86.75,8575.0
1707,14020760,10.3859,2367.2292,227.9283,22692.83
1707,14020850,1142.1848,2367.2292,2.0725,107.25
1707,14021000,1649.8224,2367.2292,1.4348,43.48
1707,14021980,77.6996,157.8421,2.0314,103.14
1707,14022000,1812.9917,2367.2292,1.3057,30.57
1707,14022200,125.8734,131.6075,1.0456,4.56
1707,14022500,466.1979,515.5569,1.1059,10.59
1707,14023500,481.7378,515.5569,1.0702,7.02
1707,14024200,180.5222,238.4382,1.3208,32.08
1707,14024500,621.5971,618.5076,0.995,-0.5
1707,14025000,753.6865,736.5623,0.9773,-2.27
1707,14025500,3263.385,3356.6046,1.0286,2.86
1707,14026000,3315.1848,3356.6046,1.0125,1.25
1707,14032000,753.6865,836.284,1.1096,10.96
1707,14033500,5931.0728,6539.9361,1.1027,10.27
1707,14034470,175.8602,380.7553,2.1651,116.51
1707,14034480,68.1167,69.8311,1.0252,2.52
1707,14034500,250.7108,380.7553,1.5187,51.87
1707,14034608,380.7283,524.5371,1.3777,37.77
1707,14034800,310.7986,346.5657,1.1151,11.51
1707,14036000,2201.4899,2248.4484,1.0213,2.13
1707,14036860,103.9621,321.8572,3.0959,209.59
1707,14037500,18.1299,513.1108,28.3019,2730.19
1707,14038500,598.2873,723.8813,1.2099,20.99
1707,14038501,598.2873,723.8813,1.2099,20.99
1707,14038530,999.7354,1037.5257,1.0378,3.78
1707,14039320,624.1871,875.5636,1.4027,40.27
1707,14039500,1528.093,1570.2778,1.0276,2.76
1707,14040500,4351.18,4366.8937,1.0036,0.36
1707,14040600,51.7998,106.8911,2.0635,106.35
1707,14041000,279.7187,281.7964,1.0074,0.74
1707,14041500,1359.7438,2619.1247,1.9262,92.62
1707,14042000,157.2123,179.7225,1.1432,14.32
1707,14042500,313.3886,423.8079,1.3523,35.23
1707,14043000,101.0095,98.4656,0.9748,-2.52
1707,14043560,95.8296,111.6054,1.1646,16.46
1707,14043840,663.037,826.5772,1.2467,24.67
1707,14044000,1333.8439,1461.5696,1.0958,9.58
1707,14044500,233.6169,306.8697,1.3136,31.36
1707,14046000,6526.77,6606.9148,1.0123,1.23
1707,14046500,13183.0395,13334.3646,1.0115,1.15
1707,14046778,691.5268,697.469,1.0086,0.86
1707,14046890,168.2456,168.9982,1.0045,0.45
1707,14047380,15.5399,239.2341,15.3948,1439.48
1707,14047390,769.2265,810.4967,1.0537,5.37
1707,14048000,19632.1099,20406.3705,1.0394,3.94
1707,14050000,341.8784,106.4986,0.3115,-68.85
1707,14050500,42.7348,146.2179,3.4215,242.15
1707,14051000,85.9876,90.3983,1.0513,5.13
1707,14052000,55.6847,46.7726,0.84,-16.0
1707,14052500,1.554,269.7003,173.5531,17255.31
1707,14053000,40.4038,269.7003,6.6751,567.51
1707,14054000,657.857,704.6694,1.0712,7.12
1707,14054500,54.3898,704.6694,12.9559,1195.59
1707,14055500,101.0095,149.7486,1.4825,48.25
1707,14056500,1250.9643,775.0886,0.6196,-38.04
1707,14057000,1313.124,775.0886,0.5903,-40.97
1707,14057500,116.8085,161.654,1.3839,38.39
1707,14060000,157.2123,204.9076,1.3034,30.34
1707,14061000,133.3844,121.7696,0.9129,-8.71
1707,14063000,2224.7998,2345.8413,1.0544,5.44
1707,14063300,26.1589,51.7922,1.9799,97.99
1707,14063500,2641.7879,2672.9185,1.0118,1.18
1707,14064500,4555.7891,3960.4215,0.8693,-13.07
1707,14066000,4737.0883,4102.7324,0.8661,-13.39
1707,14070500,4918.3874,4589.5654,0.9331,-6.69
1707,14070615,4.7915,83.9961,17.5303,1653.03
1707,14070700,17.0421,83.9961,4.9287,392.87
1707,14070900,13.8564,83.9961,6.0619,506.19
1707,14073000,122.5064,153.728,1.2549,25.49
1707,14073001,122.5064,153.728,1.2549,25.49
1707,14074500,5387.1753,4829.0675,0.8964,-10.36
1707,14074630,5594.3743,5547.8,0.9917,-0.83
1707,14074900,4.2735,92.0742,21.5455,2054.55
1707,14075000,117.0675,166.1163,1.419,41.9
1707,14076500,7005.9178,18461.4992,2.6351,163.51
1707,14077000,246.0489,267.1443,1.0857,8.57
1707,14077500,166.7952,518.8292,3.1106,211.06
1707,14078000,1165.4946,1336.6481,1.1469,14.69
1707,14078240,2437.1788,2150.1868,0.8822,-11.78
1707,14078250,2509.6985,2150.1868,0.8568,-14.32
1707,14078260,2558.9083,3541.2259,1.3839,38.39
1707,14078500,411.8081,459.1555,1.115,11.5
1707,14079500,5594.3743,5342.8375,0.955,-4.5
1707,14079800,6215.9715,5757.8032,0.9263,-7.37
1707,14080250,530.9476,559.2981,1.0534,5.34
1707,14080500,6992.9679,6778.2564,0.9693,-3.07
1707,14083000,517.9976,523.2101,1.0101,1.01
1707,14087300,10981.5496,10621.2955,0.9672,-3.28
1707,14087380,11706.7463,10621.2955,0.9073,-9.27
1707,14087400,11802.5758,10703.7985,0.9069,-9.31
1707,14087500,11214.6485,10703.7985,0.9544,-4.56
1707,14088000,57.4977,172.4947,3.0,200.0
1707,14090350,72.0017,73.1745,1.0163,1.63
1707,14090400,59.0517,84.511,1.4311,43.11
1707,14091500,818.4362,867.9508,1.0605,6.05
1707,14092110,19424.9108,18704.3149,0.9629,-3.71
1707,14092150,122.5064,126.6078,1.0335,3.35
1707,14092500,20253.707,19683.1958,0.9718,-2.82
1707,14092750,59.3107,120.3499,2.0291,102.91
1707,14092885,196.3211,271.4616,1.3827,38.27
1707,14093000,269.3588,271.4616,1.0078,0.78
1707,14093500,20564.5056,19683.1958,0.9571,-4.29
1707,14095500,277.1287,495.4878,1.7879,78.79
1707,14096300,69.4117,107.2979,1.5458,54.58
1707,14096850,375.5483,431.9726,1.1502,15.02
1707,14097100,1362.3337,1401.3106,1.0286,2.86
1707,14097200,105.4125,291.937,2.7695,176.95
1707,14097400,21.5487,116.2863,5.3964,439.64
1707,14097500,23.0509,116.2863,5.0448,404.48
1707,14098600,99.1965,116.2863,1.1723,17.23
1707,14099000,297.8486,57.4778,0.193,-80.7
1707,14101500,1080.025,1043.5093,0.9662,-3.38
1707,14102000,26417.8787,25700.5745,0.9728,-2.72
1707,14103000,27194.8752,26198.2425,0.9634,-3.66
1707,14105700,613827.1821,72189.6233,0.1176,-88.24
1707,14105800,33.9288,113.0113,3.3308,233.08
1707,14105850,72.5197,113.0113,1.5584,55.84
1707,14113200,107.4845,135.0537,1.2565,25.65
1707,14113400,11.6549,32.9344,2.8258,182.58
1707,14115815,22.3257,51.8691,2.3233,132.33
1707,14118000,51.7998,264.855,5.1131,411.31
1707,14118500,247.6029,264.855,1.0697,6.97
1707,14120000,722.6067,757.8804,1.0488,4.88
1707,14121001,852.1061,878.1401,1.0306,3.06
1707,14013000,154.3633,169.8585,1.1004,10.04
1707,14013500,44.0298,51.1727,1.1622,16.22
1707,14013600,235.6889,294.5396,1.2497,24.97
1707,14013700,240.0919,294.5396,1.2268,22.68
1707,14014000,247.8619,767.0134,3.0945,209.45
1707,14014500,248.1209,294.5396,1.1871,18.71
1707,14015000,247.8619,294.5396,1.1883,18.83
1707,14016000,125.3554,170.6443,1.3613,36.13
1707,14016500,264.1788,593.2869,2.2458,124.58
1707,14016610,274.5387,108.2076,0.3941,-60.59
1707,14017000,934.9857,973.0622,1.0407,4.07
1707,14017500,1898.4613,1948.5655,1.0264,2.64
1707,14018500,4291.6103,4358.7363,1.0156,1.56
1707,14034350,510.2277,514.7381,1.0088,0.88
1707,14036500,310.7986,586.0945,1.8858,88.58
1707,14036600,551.6675,586.0945,1.0624,6.24
1707,14107000,391.0882,426.402,1.0903,9.03
1707,14108000,225.329,238.9986,1.0607,6.07
1707,14110000,932.3957,1947.2246,2.0884,108.84
1707,14111400,1965.801,2058.5477,1.0472,4.72
1707,14111700,30.0439,125.9111,4.1909,319.09
1707,14112000,216.264,244.4175,1.1302,13.02
1707,14112300,7.1225,45.825,6.4339,543.39
1707,14112400,69.6707,109.4519,1.571,57.1
1707,14112500,725.1967,725.3351,1.0002,0.02
1707,14113000,3359.2146,3500.9498,1.0422,4.22
1707,14121300,83.9156,156.7405,1.8678,86.78
1707,14121400,168.0902,269.3136,1.6022,60.22
1707,14121500,179.4862,243.5909,1.3572,35.72
1707,14122000,479.1478,664.5654,1.387,38.7
1707,14122500,621.5971,664.5654,1.0691,6.91
1707,14122900,696.7068,765.817,1.0992,9.92
1707,14123000,761.4565,765.817,1.0057,0.57
1707,14123500,999.7354,1014.5759,1.0148,1.48
1707,14124000,101.5275,293.0445,2.8864,188.64
1707,14124500,295.2586,350.5173,1.1872,18.72
1707,14125000,303.0286,350.5173,1.1567,15.67
1707,14125500,347.0584,350.5173,1.01,1.0
1707,14126500,62.9367,277.3609,4.407,340.7
1707,14127000,279.7187,277.3609,0.9916,-0.84
1707,14127300,54.3898,87.7802,1.6139,61.39
1707,14127500,78.4766,87.7802,1.1186,11.86
1707,14128000,77.9586,107.2956,1.3763,37.63
1707,14128600,621079.1489,75906.5731,0.1222,-87.78
1708,14128870,621338.1477,119.1548,0.0002,-99.98
1708,14128910,622633.1417,233.323,0.0004,-99.96
1708,14128950,621597.1465,306.4666,0.0005,-99.95
1708,14130000,29.0079,90.4482,3.1181,211.81
1708,14131000,9.583,152.3349,15.8964,1489.64
1708,14131400,38.3318,152.3349,3.9741,297.41
1708,14131500,80.2896,152.3349,1.8973,89.73
1708,14132500,6.6045,58.2779,8.824,782.4
1708,14133450,295.2586,663.2494,2.2463,124.63
1708,14133500,303.0286,663.2494,2.1887,118.87
1708,14134000,20.7199,137.758,6.6486,564.86
1708,14134500,139.8594,137.758,0.985,-1.5
1708,14135000,258.9988,298.2777,1.1517,15.17
1708,14135500,274.5387,298.2777,1.0865,8.65
1708,14136500,626.7771,663.2494,1.0582,5.82
1708,14137000,683.7569,754.7246,1.1038,10.38
1708,14137002,683.7569,754.7246,1.1038,10.38
1708,14138720,13.1571,111.1687,8.4493,744.93
1708,14138800,21.1602,42.2932,1.9987,99.87
1708,14138850,124.0604,194.0486,1.5641,56.41
1708,14138870,14.1413,194.0486,13.7221,1272.21
1708,14138900,21.5487,194.0486,9.0051,800.51
1708,14139500,191.6591,194.0486,1.0125,1.25
1708,14139700,20.5386,40.7156,1.9824,98.24
1708,14139800,40.6628,40.7156,1.0013,0.13
1708,14139940,266.7688,360.0228,1.3496,34.96
1708,14140000,277.1287,360.0228,1.2991,29.91
1708,14140001,277.1287,360.0228,1.2991,29.91
1708,14140020,279.7187,360.0228,1.2871,28.71
1708,14140500,46.3608,64.3771,1.3886,38.86
1708,14141500,59.8287,64.3771,1.076,7.6
1708,14142000,352.2384,360.0228,1.0221,2.21
1708,14142500,1129.2348,1157.5423,1.0251,2.51
1708,14142800,28.7489,1295.171,45.0512,4405.12
1708,14222880,6578.5698,14337.017,2.1794,117.94
1708,14223780,6583.7498,63.3846,0.0096,-99.04
1708,14245295,6648.4995,14337.017,2.1564,115.64
1708,14246900,665367.9455,171.6022,0.0003,-99.97
1708,14247000,137.2694,193.3749,1.4087,40.87
1708,14247400,6658.8594,14337.017,2.1531,115.31
1708,14248700,8.6247,92.3712,10.7101,971.01
1708,14251500,103.8585,95.2669,0.9173,-8.27
1708,14252000,36.2598,68.441,1.8875,88.75
1708,14129400,621597.1465,2262.8312,0.0036,-99.64
1708,14143500,279.7187,541.1375,1.9346,93.46
1708,14144000,60.3467,541.1375,8.9671,796.71
1708,14144700,624187.1346,5589.6754,0.009,-99.1
1708,14211895,9.324,70.4953,7.5607,656.07
1708,14211898,48.9508,70.4953,1.4401,44.01
1708,14211901,7.0189,70.4953,10.0437,904.37
1708,14211902,71.4837,70.4953,0.9862,-1.38
1708,14212000,47.3968,111.8425,2.3597,135.97
1708,14213000,209.012,239.1028,1.144,14.4
1708,14213200,328.9285,330.6543,1.0052,0.52
1708,14213500,34.1878,41.5263,1.2147,21.47
1708,14214000,15.2032,69.6152,4.579,357.9
1708,14214500,30.3029,69.6152,2.2973,129.73
1708,14215000,67.3397,69.6152,1.0338,3.38
1708,14215500,30.0439,49.9871,1.6638,66.38
1708,14216000,587.9273,604.4618,1.0281,2.81
1708,14216300,85.4696,102.6242,1.2007,20.07
1708,14216350,217.818,350.2186,1.6078,60.78
1708,14216450,121.4704,122.6851,1.01,1.0
1708,14216500,349.6484,350.2186,1.0016,0.16
1708,14216800,58.0157,61.9913,1.0685,6.85
1708,14216900,67.3397,61.9913,0.9206,-7.94
1708,14217500,71.2247,1232.5508,17.3051,1630.51
1708,14218000,1245.7843,1327.6723,1.0657,6.57
1708,14219000,166.0182,171.978,1.0359,3.59
1708,14219500,1722.3421,1892.2681,1.0987,9.87
1708,14219800,32.6339,1578.5698,48.3722,4737.22
1708,14220500,1893.2813,2719.585,1.4364,43.64
1708,14221500,105.6715,691.4085,6.543,554.3
1708,14222500,323.7485,436.3541,1.3478,34.78
1708,14222920,31.8569,99.9777,3.1383,213.83
1708,14222930,21.2638,99.9777,4.7018,370.18
1708,14222950,8.5211,99.9777,11.733,1073.3
1708,14222970,1.6576,99.9777,60.315,5931.5
1708,14222980,96.8656,99.9777,1.0321,3.21
1708,14223000,463.6079,537.2615,1.1589,15.89
1708,14223500,512.8176,537.2615,1.0477,4.77
1708,14223600,523.1776,537.2615,1.0269,2.69
1708,14224000,261.5888,262.9906,1.0054,0.54
1708,14224500,146.3343,560.4357,3.8298,282.98
1708,14225000,27.1949,675.8747,24.853,2385.3
1708,14225500,49.7278,66.5035,1.3374,33.74
1708,14226000,68.6347,66.5035,0.9689,-3.11
1708,14226500,743.3266,993.3781,1.3364,33.64
1708,14228500,28.2309,993.3781,35.1877,3418.77
1708,14229500,110.8515,125.9415,1.1361,13.61
1708,14230000,129.4994,993.3781,7.6709,667.09
1708,14231000,1401.1836,1440.6915,1.0282,2.82
1708,14231900,647.497,844.557,1.3043,30.43
1708,14232000,171.7162,172.428,1.0041,0.41
1708,14232500,831.3862,844.557,1.0158,1.58
1708,14233400,2667.6878,2698.7228,1.0116,1.16
1708,14233500,2693.5876,2698.7228,1.0019,0.19
1708,14234000,46.3608,71.7179,1.547,54.7
1708,14234810,2988.8463,3594.7463,1.2027,20.27
1708,14235000,3009.5662,3594.7463,1.1944,19.44
1708,14235500,42.4758,45.755,1.0772,7.72
1708,14236200,365.1883,416.527,1.1406,14.06
1708,14236400,11.7844,416.527,35.3455,3434.55
1708,14236500,404.0381,416.527,1.0309,3.09
1708,14237000,8.5211,3594.7463,421.866,42086.6
1708,14237500,97.9016,115.1229,1.1759,17.59
1708,14238000,3625.9834,3745.6512,1.033,3.3
1708,14238500,54.1308,3745.6512,69.1964,6819.64
1708,14238800,3783.9726,4133.3003,1.0923,9.23
1708,14239000,200.9831,216.3473,1.0764,7.64
1708,14240311,46.6198,47.0026,1.0082,0.82
1708,14240500,321.1585,378.75,1.1793,17.93
1708,14240525,378.1383,378.75,1.0016,0.16
1708,14240800,334.1085,340.2792,1.0185,1.85
1708,14241000,339.2884,340.2792,1.0029,0.29
1708,14241100,735.5566,786.487,1.0692,6.92
1708,14241200,14.1672,48.4937,3.4229,242.29
1708,14241490,303.0286,336.3451,1.1099,10.99
1708,14241500,310.7986,336.3451,1.0822,8.22
1708,14242500,1227.6544,1325.9094,1.08,8.0
1708,14242511,1227.6544,1325.9094,1.08,8.0
1708,14242512,1227.6544,1325.9094,1.08,8.0
1708,14242513,1227.6544,1325.9094,1.08,8.0
1708,14242580,1284.6341,1325.9094,1.0321,3.21
1708,14242690,1323.4839,1325.9094,1.0018,0.18
1708,14243000,5796.3934,5901.8537,1.0182,1.82
1708,14243500,50.7638,115.6307,2.2778,127.78
1708,14245000,308.2086,337.0467,1.0936,9.36
1708,14246000,52.5768,73.7953,1.4036,40.36
1708,14246500,71.4837,75.3476,1.0541,5.41
1708,14247500,170.4212,188.6822,1.1072,10.72
1708,14248200,14.1931,70.2842,4.952,395.2
1708,14249000,103.3405,102.6075,0.9929,-0.71
1708,14249500,156.1763,171.1771,1.0961,9.61
1708,14250000,156.9533,171.1771,1.0906,9.06
1708,14250500,39.3678,42.0935,1.0692,6.92
1709,14144780,277.1287,458.8799,1.6558,65.58
1709,14144790,572.3874,681.5503,1.1907,19.07
1709,14144800,683.7569,681.5503,0.9968,-0.32
1709,14144900,136.4924,155.6382,1.1403,14.03
1709,14145000,152.8093,155.6382,1.0185,1.85
1709,14145110,1007.5054,1683.7422,1.6712,67.12
1709,14145500,1015.2753,1683.7422,1.6584,65.84
1709,14146000,292.6687,292.8198,1.0005,0.05
1709,14146500,303.0286,332.2302,1.0964,9.64
1709,14146700,13.1053,1683.7422,128.4776,12747.76
1709,14147000,78.9946,77.0097,0.9749,-2.51
1709,14147200,310.7986,383.5152,1.234,23.4
1709,14147500,637.1371,645.489,1.0131,1.31
1709,14148000,2393.149,2409.7582,1.0069,0.69
1709,14149010,2566.6782,2742.5392,1.0685,6.85
1709,14149011,2566.6782,2742.5392,1.0685,6.85
1709,14149510,2589.9881,2742.5392,1.0589,5.89
1709,14150000,2592.5781,2742.5392,1.0578,5.78
1709,14150250,77.1816,77.2257,1.0006,0.06
1709,14150290,284.8987,309.9501,1.0879,8.79
1709,14150300,305.6186,309.9501,1.0142,1.42
1709,14150500,328.9285,652.7174,1.9844,98.44
1709,14150800,113.7005,127.2497,1.1192,11.92
1709,14151000,481.7378,652.7174,1.3549,35.49
1709,14151500,135.9744,151.8788,1.117,11.7
1709,14152000,3470.5841,3537.841,1.0194,1.94
1709,14152500,186.7381,210.2056,1.1257,12.57
1709,14153500,269.3588,327.6723,1.2165,21.65
1709,14154500,546.4875,565.0928,1.034,3.4
1709,14155500,699.2968,970.0534,1.3872,38.72
1709,14156000,220.149,245.6888,1.116,11.6
1709,14156500,246.8259,245.6888,0.9954,-0.46
1709,14157000,1370.1037,1444.3691,1.0542,5.42
1709,14157500,1662.7724,1724.7836,1.0373,3.73
1709,14158000,5257.6759,8668.0156,1.6486,64.86
1709,14158050,5283.5757,8668.0156,1.6406,64.06
1709,14158100,5309.4756,8668.0156,1.6326,63.26
1709,14158500,239.3149,96.7769,0.4044,-59.56
1709,14158700,378.1383,237.2437,0.6274,-37.26
1709,14158740,414.3981,237.2437,0.5725,-42.75
1709,14158790,40.4038,60.9463,1.5084,50.84
1709,14158798,55.4257,60.9463,1.0996,9.96
1709,14158800,61.3827,237.2437,3.865,286.5
1709,14158850,476.5578,502.3,1.054,5.4
1709,14158930,7.77,59.0672,7.602,660.2
1709,14158977,197.8751,205.4477,1.0383,3.83
1709,14159000,901.3159,1166.3697,1.2941,29.41
1709,14159100,387.4622,412.1227,1.0636,6.36
1709,14159110,1362.2301,2154.7813,1.5818,58.18
1709,14159130,146.5933,179.5971,1.2251,22.51
1709,14159200,414.3981,536.1355,1.2938,29.38
1709,14159410,536.1275,556.7568,1.0385,3.85
1709,14159500,538.7175,556.7568,1.0335,3.35
1709,14161000,29.7849,123.0217,4.1303,313.03
1709,14161100,118.6215,123.0217,1.0371,3.71
1709,14161500,62.4187,63.6357,1.0195,1.95
1709,14162000,194.2491,238.4119,1.2274,22.74
1709,14162050,10.8521,238.4119,21.9693,2096.93
1709,14162200,227.142,238.4119,1.0496,4.96
1709,14162450,109.0385,108.9567,0.9992,-0.08
1709,14162500,2408.6889,2436.8324,1.0117,1.17
1709,14163000,123.2834,124.6418,1.011,1.1
1709,14163150,2667.6878,2560.9496,0.96,-4.0
1709,14163900,2799.7771,3286.8892,1.174,17.4
1709,14164000,2760.9273,3286.8892,1.1905,19.05
1709,14164550,67.3397,68.7382,1.0208,2.08
1709,14164900,2952.5864,3286.8892,1.1132,11.32
1709,14165000,458.4279,463.5967,1.0113,1.13
1709,14165500,3462.8141,3286.8892,0.9492,-5.08
1709,14166000,8857.7593,8733.324,0.986,-1.4
1709,14166500,231.2859,722.4577,3.1237,212.37
1709,14167000,246.3079,328.0358,1.3318,33.18
1709,14169000,652.677,932.2202,1.4283,42.83
1709,14169300,8.6765,72.1946,8.3207,732.07
1709,14169500,55.1667,72.1946,1.3087,30.87
1709,14170000,1012.6854,1066.0235,1.0527,5.27
1709,14170500,37.8138,90.5938,2.3958,139.58
1709,14171000,411.8081,396.0724,0.9618,-3.82
1709,14171500,277.1287,320.214,1.1555,15.55
1709,14171600,11447.7474,11416.9838,0.9973,-0.27
1709,14171750,11551.347,12509.2923,1.0829,8.29
1709,14172000,271.9488,348.6237,1.2819,28.19
1709,14173500,963.4756,964.1121,1.0007,0.07
1709,14174000,12535.5425,12509.2923,0.9979,-0.21
1709,14174450,168.0902,410.2136,2.4404,144.04
1709,14178000,559.4374,592.4953,1.0591,5.91
1709,14178430,40.4038,52.9092,1.3095,30.95
1709,14178440,7.1484,52.9092,7.4016,640.16
1709,14178470,10.36,201.1344,19.4146,1841.46
1709,14178480,5.1282,201.1344,39.2214,3822.14
1709,14178490,0.5698,201.1344,352.9929,35199.29
1709,14178500,24.5013,201.1344,8.2091,720.91
1709,14178610,161.6153,201.1344,1.2445,24.45
1709,14178620,2.7454,201.1344,73.2627,7226.27
1709,14178625,1.295,201.1344,155.3169,15431.69
1709,14178700,18.9587,42.0222,2.2165,121.65
1709,14179000,279.7187,280.3735,1.0023,0.23
1709,14179100,25.6409,1073.8273,41.8795,4087.95
1709,14180300,67.3397,79.8714,1.1861,18.61
1709,14180510,1131.8248,1161.636,1.0263,2.63
1709,14181350,14.1413,1161.636,82.1447,8114.47
1709,14181410,1173.2646,1214.1076,1.0348,3.48
1709,14181500,1173.2646,1214.1076,1.0348,3.48
1709,14181750,38.3318,49.6105,1.2942,29.42
1709,14181900,137.5284,196.5588,1.4292,42.92
1709,14182400,240.8689,292.7976,1.2156,21.56
1709,14182500,290.0787,292.7976,1.0094,0.94
1709,14183000,1694.7587,1769.7884,1.0443,4.43
1709,14183020,1737.882,1769.7884,1.0184,1.84
1709,14184100,1906.2312,4672.1059,2.451,145.1
1709,14184300,107.7435,106.9338,0.9925,-0.75
1709,14185000,450.6579,509.6255,1.1308,13.08
1709,14185600,84.1746,84.0405,0.9984,-0.16
1709,14185700,193.2131,195.3005,1.0108,1.08
1709,14185800,269.3588,347.3098,1.2894,28.94
1709,14185865,105.6715,107.6086,1.0183,1.83
1709,14185880,19.2954,239.7962,12.4276,1142.76
1709,14185900,256.9268,304.8634,1.1866,18.66
1709,14186000,701.8868,712.8251,1.0156,1.56
1709,14186110,707.0668,1272.7759,1.8001,80.01
1709,14186200,707.0668,1272.7759,1.8001,80.01
1709,14186500,743.3266,1272.7759,1.7123,71.23
1709,14186610,1274.2742,1529.8589,1.2006,20.06
1709,14186700,1276.8641,1529.8589,1.1981,19.81
1709,14187000,134.1614,164.5695,1.2267,22.67
1709,14187100,161.3563,164.5695,1.0199,1.99
1709,14187200,1442.6234,1529.8589,1.0605,6.05
1709,14187500,1657.5924,1660.9561,1.002,0.2
1709,14188570,1779.3218,1841.1582,1.0348,3.48
1709,14188610,2.6677,108.2691,40.5854,3958.54
1709,14188700,287.4887,403.2741,1.4027,40.27
1709,14188750,401.4482,403.2741,1.0045,0.45
1709,14188800,284.1994,376.0057,1.323,32.3
1709,14188850,369.5395,376.0057,1.0175,1.75
1709,14189000,4636.0787,4672.1059,1.0078,0.78
1709,14189500,88.8366,141.4405,1.5921,59.21
1709,14190000,297.8486,388.4849,1.3043,30.43
1709,14190100,58.7927,140.161,2.384,138.4
1709,14190500,621.5971,816.049,1.3128,31.28
1709,14190610,802.8963,816.049,1.0164,1.64
1709,14190700,70.9657,87.5665,1.2339,23.39
1709,14191000,18855.1134,18932.5467,1.0041,0.41
1709,14191500,269.3588,290.6166,1.0789,7.89
1709,14192000,284.8987,290.6166,1.0201,2.01
1709,14192500,344.4684,579.4319,1.6821,68.21
1709,14193000,167.5722,217.5429,1.2982,29.82
1709,14193300,70.9657,138.5259,1.952,95.2
1709,14194000,1300.174,1818.6899,1.3988,39.88
1709,14194150,1367.5137,1818.6899,1.3299,32.99
1709,14194300,23.3876,120.0201,5.1318,413.18
1709,14195000,17.3529,41.8671,2.4127,141.27
1709,14196000,17.8709,41.8671,2.3428,134.28
1709,14196001,17.8709,41.8671,2.3428,134.28
1709,14196500,126.3914,233.9451,1.851,85.1
1709,14197000,173.0112,233.9451,1.3522,35.22
1709,14197500,1903.6413,1997.0747,1.0491,4.91
1709,14197900,21626.4007,21552.589,0.9966,-0.34
1709,14198000,21755.9001,23951.1734,1.1009,10.09
1709,14198400,2.0202,90.8148,44.9536,4395.36
1709,14198500,251.2288,281.6013,1.1209,12.09
1709,14199000,520.5876,523.8294,1.0062,0.62
1709,14199704,1.5799,132.6635,83.97,8297.0
1709,14200000,836.5662,2265.7497,2.7084,170.84
1709,14200100,64.7497,65.1424,1.0061,0.61
1709,14200300,124.0604,139.4309,1.1239,12.39
1709,14200400,25.4078,104.7703,4.1236,312.36
1709,14200700,188.8101,201.9276,1.0695,6.95
1709,14201000,525.7676,724.5918,1.3782,37.82
1709,14201300,38.8498,1009.4333,25.983,2498.3
1709,14201340,813.2563,1009.4333,1.2412,24.12
1709,14201500,152.0323,177.8351,1.1697,16.97
1709,14202000,1240.6043,1368.4135,1.103,10.3
1709,14202500,125.6144,201.9422,1.6076,60.76
1709,14202650,62.4187,67.8449,1.0869,8.69
1709,14202850,41.1808,115.3926,2.8021,180.21
1709,14202920,26.6769,115.3926,4.3256,332.56
1709,14202980,100.4915,115.3926,1.1483,14.83
1709,14203000,112.1465,115.3926,1.0289,2.89
1709,14203500,323.7485,352.4972,1.0888,8.88
1709,14203750,18.9069,85.8347,4.5399,353.99
1709,14204000,85.9876,136.8402,1.5914,59.14
1709,14204500,171.1982,194.0525,1.1335,13.35
1709,14205350,71.4837,83.8004,1.1723,17.23
1709,14205400,87.5416,166.2001,1.8985,89.85
1709,14205500,111.3695,166.2001,1.4923,49.23
1709,14205800,380.7283,598.1219,1.571,57.1
1709,14206000,71.4837,96.0471,1.3436,34.36
1709,14206180,157.9893,172.987,1.0949,9.49
1709,14206241,1196.5745,1454.3687,1.2154,21.54
1709,14206500,1471.1132,1454.3687,0.9886,-1.14
1709,14206752,42.4758,42.0999,0.9911,-0.89
1709,14206900,6.1383,82.0297,13.3636,1236.36
1709,14206950,81.5846,82.0297,1.0055,0.55
1709,14207200,1828.5316,1834.49,1.0033,0.33
1709,14207500,1828.5316,1834.49,1.0033,0.33
1709,14207501,1828.5316,1834.49,1.0033,0.33
1709,14207700,25899.8811,28445.3292,1.0983,9.83
1709,14207740,25899.8811,28445.3292,1.0983,9.83
1709,14207770,25899.8811,28445.3292,1.0983,9.83
1709,14208000,352.2384,408.2686,1.1591,15.91
1709,14208300,367.7783,394.1908,1.0718,7.18
1709,14208500,139.8594,139.9711,1.0008,0.08
1709,14208700,140.8954,257.5054,1.8276,82.76
1709,14209000,321.1585,366.0301,1.1397,13.97
1709,14209250,365.1883,366.0301,1.0023,0.23
1709,14209500,1240.6043,1296.0675,1.0447,4.47
1709,14209600,109.8155,110.4428,1.0057,0.57
1709,14209700,116.8085,120.5397,1.0319,3.19
1709,14209710,1538.4529,1729.3047,1.1241,12.41
1709,14210000,1737.882,1780.4047,1.0245,2.45
1709,14210750,187.5151,188.2974,1.0042,0.42
1709,14211000,2416.4589,2440.0156,1.0097,0.97
1709,14211010,2434.5888,2440.0156,1.0022,0.22
1709,14211315,16.2651,28688.5961,1763.8103,176281.03
1709,14211400,39.7822,68.9879,1.7341,73.41
1709,14211499,12.147,68.9879,5.6794,467.94
1709,14211500,69.4117,135.533,1.9526,95.26
1709,14211542,7.9772,135.533,16.9901,1599.01
1709,14211546,11.37,135.533,11.9202,1092.02
1709,14211550,137.7097,135.533,0.9842,-1.58
1709,14211720,29007.8668,29003.1545,0.9998,-0.02
1709,14211805,29655.3639,29003.1545,0.978,-2.2
1709,14211814,12.7945,146.8022,11.4738,1047.38
1709,441344122095400,16.9903,63.6357,3.7454,274.54
1709,441400122123000,15.5399,63.6357,4.095,309.5
1709,441504122105500,2.9785,63.6357,21.3651,2036.51
1709,444649121594701,161.3563,201.1344,1.2465,24.65
1709,444650123134500,624.1871,816.049,1.3074,30.74
1709,444728122450000,1781.9118,1769.7884,0.9932,-0.68
1709,452348122454701,82.6206,82.0297,0.9928,-0.72
1709,452559122472401,15.6435,82.0297,5.2437,424.37
1709,452631122463101,8.4434,82.0297,9.7153,871.53
1709,452712122474101,27.6093,82.0297,2.9711,197.11
1709,452731123092100,112.6645,115.3926,1.0242,2.42
1709,452736122294900,1.4504,68.9879,47.5649,4656.49
1709,452746122220200,9.9715,68.9879,6.9185,591.85
1709,452753122233100,11.8621,68.9879,5.8158,481.58
1709,452755122234100,10.3859,68.9879,6.6425,564.25
1709,452807122215001,0.9324,68.9879,73.9899,7298.99
1709,452842122450101,16.4205,82.0297,4.9956,399.56
1709,453004122510301,58.7927,97.7571,1.6627,66.27
1709,453030122560101,186.4791,196.826,1.0555,5.55
1709,453250122494501,7.511,97.7571,13.0152,1201.52
1709,453320122483701,5.18,97.7571,18.8721,1787.21
1710,11533000,2.3828,15.5145,6.5111,551.11
1710,14361590,131.3124,278.9706,2.1245,112.45
1710,14361600,146.0753,146.3199,1.0017,0.17
1710,14299800,180.7294,576.8895,3.192,219.2
1710,14301000,1727.5221,1744.3371,1.0097,0.97
1710,14301340,2170.41,2213.5907,1.0199,1.99
1710,14301500,416.9881,497.6329,1.1934,19.34
1710,14302020,489.5078,497.6329,1.0166,1.66
1710,14302480,404.0381,394.5354,0.9765,-2.35
1710,14302500,375.5483,394.5354,1.0506,5.06
1710,14302900,16.0579,50.9396,3.1722,217.22
1710,14303000,31.0799,50.9396,1.639,63.9
1710,14303200,8.0031,98.2734,12.2795,1127.95
1710,14303600,466.1979,595.5709,1.2775,27.75
1710,14304350,17.3529,268.1536,15.4529,1445.29
1710,14304850,17.8709,111.5908,6.2443,524.43
1710,14305500,523.1776,635.9885,1.2156,21.56
1710,14306030,183.8892,215.1881,1.1702,17.02
1710,14306032,220.149,230.0724,1.0451,4.51
1710,14306036,10.8262,510.2731,47.1334,4613.34
1710,14306050,25.8999,87.1817,3.3661,236.61
1710,14306065,50.5048,87.1817,1.7262,72.62
1710,14306080,78.9946,87.1817,1.1036,10.36
1710,14306085,87.2826,87.1817,0.9988,-0.12
1710,14306100,163.1693,328.9246,2.0158,101.58
1710,14306200,128.2044,162.9092,1.2707,27.07
1710,14306300,76.1457,78.0202,1.0246,2.46
1710,14306340,14.7629,82.011,5.5552,455.52
1710,14306400,295.2586,309.1385,1.047,4.7
1710,14306500,865.056,890.0174,1.0289,2.89
1710,14306600,53.0948,102.1169,1.9233,92.33
1710,14306700,0.6993,102.1169,146.028,14502.8
1710,14306800,2.0202,102.1169,50.5482,4954.82
1710,14306810,3.0303,102.1169,33.6988,3269.88
1710,14306900,30.8209,103.3125,3.352,235.2
1710,14306950,406.6281,811.0037,1.9945,99.45
1710,14307000,691.5268,811.0037,1.1728,17.28
1710,14307500,135.9744,161.444,1.1873,18.73
1710,14307580,450.6579,578.1094,1.2828,28.28
1710,14307620,1522.913,1698.8203,1.1155,11.55
1710,14307645,106.7075,170.2219,1.5952,59.52
1710,14307700,393.6782,414.3601,1.0525,5.25
1710,14308000,1162.9047,1167.1035,1.0036,0.36
1710,14308500,147.3703,219.8344,1.4917,49.17
1710,14308600,1660.1824,1665.5194,1.0032,0.32
1710,14308700,143.2263,1959.5023,13.6812,1268.12
1710,14308910,1939.9011,1959.5023,1.0101,1.01
1710,14308990,167.5722,192.1023,1.1464,14.64
1710,14309000,202.0191,280.926,1.3906,39.06
1710,14309500,225.07,226.1564,1.0048,0.48
1710,14310000,1181.0346,1290.1072,1.0924,9.24
1710,14310700,113.7005,49.0459,0.4314,-56.86
1710,14310800,142.9673,49.0459,0.3431,-65.69
1710,14311000,140.3774,308.3933,2.1969,119.69
1710,14311200,158.7663,194.762,1.2267,22.67
1710,14311300,76.6636,103.1015,1.3449,34.49
1710,14311500,409.2181,417.1746,1.0194,1.94
1710,14312000,4325.2801,4661.3292,1.0777,7.77
1710,14312050,55.4257,65.5634,1.1829,18.29
1710,14312170,39.4455,120.6506,3.0587,205.87
1710,14312200,137.7874,174.5743,1.267,26.7
1710,14312260,4656.7986,4661.3292,1.001,0.1
1710,14312330,4584.279,4661.3292,1.0168,1.68
1710,14312400,21.3415,33.2665,1.5588,55.88
1710,14312500,139.6004,268.4862,1.9232,92.32
1710,14313200,440.298,548.4955,1.2457,24.57
1710,14313500,440.298,548.4955,1.2457,24.57
1710,14313700,515.4076,593.7623,1.152,15.2
1710,14314000,668.2169,1163.462,1.7411,74.11
1710,14314500,107.7435,126.9813,1.1786,17.86
1710,14314501,107.7435,126.9813,1.1786,17.86
1710,14314700,156.4353,199.3917,1.2746,27.46
1710,14315500,867.128,1163.462,1.3417,34.17
1710,14315700,872.2303,1163.462,1.3339,33.39
1710,14315950,159.5433,217.4898,1.3632,36.32
1710,14316000,178.1912,217.4898,1.2205,22.05
1710,14316001,178.1912,217.4898,1.2205,22.05
1710,14316455,1126.9038,1396.4422,1.2392,23.92
1710,14316460,1131.8248,1396.4422,1.2338,23.38
1710,14316495,78.7356,78.9243,1.0024,0.24
1710,14316500,1230.2444,1396.4422,1.1351,13.51
1710,14316700,587.9273,588.0614,1.0002,0.02
1710,14317450,2294.7295,2338.1136,1.0189,1.89
1710,14317500,2294.7295,3205.9762,1.3971,39.71
1710,14317600,252.2648,253.704,1.0057,0.57
1710,14318000,458.4279,533.5609,1.1639,16.39
1710,14318500,3133.8856,3205.9762,1.023,2.3
1710,14319200,42.4758,118.5785,2.7917,179.17
1710,14319500,3480.944,3555.7343,1.0215,2.15
1710,14319830,10.8003,173.6688,16.0801,1508.01
1710,14319835,8.1585,173.6688,21.287,2028.7
1710,14319850,23.802,276.9044,11.6337,1063.37
1710,14319900,229.4729,276.9044,1.2067,20.67
1710,14320700,543.8975,636.7597,1.1707,17.07
1710,14320934,23.4394,95.117,4.058,305.8
1710,14321000,9538.9262,9540.7671,1.0002,0.02
1710,14321400,74.3327,91.6301,1.2327,23.27
1710,14322000,269.3588,593.9305,2.205,120.5
1710,14322810,756.2765,756.8112,1.0007,0.07
1710,14322900,10606.0013,10554.6198,0.9952,-0.48
1710,14323000,233.0989,348.2628,1.4941,49.41
1710,14323100,533.5376,666.0655,1.2484,24.84
1710,14323200,225.329,183.7737,0.8156,-18.44
1710,14324500,121.4704,141.4009,1.1641,16.41
1710,14324580,10.0492,1556.0968,154.8485,15384.85
1710,14324600,80.8076,162.5754,2.0119,101.19
1710,14324700,105.1535,162.5754,1.5461,54.61
1710,14324900,241.3869,283.9198,1.1762,17.62
1710,14325000,437.708,526.3661,1.2026,20.26
1710,14326300,761.4565,798.3671,1.0485,4.85
1710,14326500,789.9464,798.3671,1.0107,1.07
1710,14326510,1535.8629,1538.4727,1.0017,0.17
1710,14326800,191.4001,745.7701,3.8964,289.64
1710,14327000,732.9666,745.7701,1.0175,1.75
1710,14327055,2398.329,2468.0279,1.0291,2.91
1710,14327150,300.4386,348.9804,1.1616,16.16
1710,14327250,183.1122,236.1996,1.2899,28.99
1710,14327300,222.998,236.1996,1.0592,5.92
1710,14327500,404.0381,461.0876,1.1412,14.12
1710,14328000,808.0763,1005.2259,1.244,24.4
1710,14329500,82.8796,135.8052,1.6386,63.86
1710,14330000,981.6055,1005.2259,1.0241,2.41
1710,14330500,134.6794,650.1553,4.8274,382.74
1710,14331000,67.3397,650.1553,9.6549,865.49
1710,14332000,217.041,650.1553,2.9955,199.55
1710,14332001,217.041,650.1553,2.9955,199.55
1710,14333000,146.3343,293.5769,2.0062,100.62
1710,14333500,117.8445,127.5566,1.0824,8.24
1710,14334700,637.1371,650.1553,1.0204,2.04
1710,14335000,1683.4923,1785.1343,1.0604,6.04
1710,14335072,1784.5018,1785.1343,1.0004,0.04
1710,14335075,1805.2217,1785.1343,0.9889,-1.11
1710,14335200,175.0832,122.9753,0.7024,-29.76
1710,14335500,357.4184,373.8586,1.046,4.6
1710,14337500,634.5471,639.9604,1.0085,0.85
1710,14337600,2429.4088,2817.5219,1.1598,15.98
1710,14337800,204.0911,267.4265,1.3103,31.03
1710,14337830,287.4887,345.6399,1.2023,20.23
1710,14337870,36.7778,345.6399,9.398,839.8
1710,14338000,334.1085,345.6399,1.0345,3.45
1710,14339000,3146.8356,3213.9926,1.0213,2.13
1710,14339500,42.9938,51.2131,1.1912,19.12
1710,14341500,357.4184,363.1232,1.016,1.6
1710,14342500,53.8718,82.3296,1.5283,52.83
1710,14343000,113.4415,145.8761,1.2859,28.59
1710,14344500,134.6794,145.8761,1.0831,8.31
1710,14347000,696.7068,965.9806,1.3865,38.65
1710,14348000,758.8665,965.9806,1.2729,27.29
1710,14348430,1.5022,101.5322,67.5893,6658.93
1710,14350000,166.5362,180.9619,1.0866,8.66
1710,14353000,27.7129,64.3249,2.3211,132.11
1710,14353500,21.0825,64.3249,3.0511,205.11
1710,14354200,463.6079,518.571,1.1186,11.86
1710,14357500,748.5066,795.0002,1.0621,6.21
1710,14359000,5317.2456,5313.1737,0.9992,-0.08
1710,14359500,300.4386,380.8195,1.2675,26.75
1710,14361500,6368.7808,6462.6482,1.0147,1.47
1710,14361700,178.4502,192.4948,1.0787,7.87
1710,14362000,582.7473,650.8546,1.1169,11.69
1710,14362250,41.4398,786.7834,18.9862,1798.62
1710,14363000,782.1764,786.7834,1.0059,0.59
1710,14365400,279.7187,292.3668,1.0452,4.52
1710,14366000,1250.9643,1287.2741,1.029,2.9
1710,14368500,22.2739,214.1679,9.6152,861.52
1710,14369500,1807.8117,1859.1206,1.0284,2.84
1710,14370000,81.3256,115.0215,1.4143,41.43
1710,14370400,8464.0811,8589.6467,1.0148,1.48
1710,14371500,57.2387,80.5402,1.4071,40.71
1710,14372000,118.1035,132.3942,1.121,12.1
1710,14372250,9873.0347,10107.9003,1.0238,2.38
1710,14372300,10201.9632,10289.9983,1.0086,0.86
1710,14372500,109.5565,604.6995,5.5195,451.95
1710,14373500,62.9367,122.2987,1.9432,94.32
1710,14375000,197.3571,248.7498,1.2604,26.04
1710,14375100,217.3,248.7498,1.1447,14.47
1710,14375400,68.8937,70.1634,1.0184,1.84
1710,14375500,109.8155,165.4462,1.5066,50.66
1710,14376500,125.8734,165.4462,1.3144,31.44
1710,14377000,942.7557,990.1348,1.0503,5.03
1710,14377100,984.1955,990.1348,1.006,0.6
1710,14377500,56.9797,132.1364,2.319,131.9
1710,14378000,1722.3421,1765.365,1.025,2.5
1710,14378200,2558.9083,2562.0798,1.0012,0.12
1710,14400000,701.8868,764.1639,1.0887,8.87
1710,420423122363100,0.6216,101.5322,163.3409,16234.09
1710,420425122361700,0.777,101.5322,130.6727,12967.27
1710,12009500,30.3029,83.0544,2.7408,174.08
1710,12010500,42.4758,198.489,4.673,367.3
1710,12010700,46.3608,297.0774,6.4079,540.79
1710,12011000,46.6198,87.5759,1.8785,87.85
1710,12011200,24.4236,87.5759,3.5857,258.57
1710,12011500,107.2255,119.1152,1.1109,11.09
1710,12012000,52.8358,274.1625,5.189,418.9
1710,12013500,336.6985,615.0055,1.8266,82.66
1710,12014500,72.0017,105.6173,1.4669,46.69
1710,12015100,10.3082,173.4759,16.829,1582.9
1710,12015200,149.4423,173.4759,1.1608,16.08
1710,12015500,77.1816,80.8654,1.0477,4.77
1710,12016500,48.1738,52.6187,1.0923,9.23
1710,12016600,489.5078,651.7654,1.3315,33.15
1710,12017000,567.2074,651.7654,1.1491,14.91
1710,12017315,0.4403,76.6546,174.0971,17309.71
1710,12018000,19.2695,89.9684,4.6689,366.89
1710,12018500,15.3586,89.9684,5.8578,485.78
1710,12019310,178.4502,296.4376,1.6612,66.12
1710,12020000,292.6687,296.4376,1.0129,1.29
1710,12020500,120.9524,151.3343,1.2512,25.12
1710,12020525,150.2193,151.3343,1.0074,0.74
1710,12020800,69.9297,324.6172,4.6421,364.21
1710,12020900,116.2905,324.6172,2.7914,179.14
1710,12021000,124.3194,324.6172,2.6112,161.12
1710,12021800,880.596,1132.8076,1.2864,28.64
1710,12023500,1124.0548,1132.8076,1.0078,0.78
1710,12024000,109.8155,168.4851,1.5343,53.43
1710,12024400,76.6636,134.6831,1.7568,75.68
1710,12024500,81.5846,134.6831,1.6508,65.08
1710,12025000,401.4482,406.2731,1.012,1.2
1710,12025100,1600.6127,1687.0554,1.054,5.4
1710,12025300,32.6339,62.2243,1.9067,90.67
1710,12025310,36.7778,62.2243,1.6919,69.19
1710,12025700,103.5995,159.2584,1.5373,53.73
1710,12026000,159.8023,159.2584,0.9966,-0.34
1710,12026150,170.6802,267.5272,1.5674,56.74
1710,12026400,290.0787,478.0787,1.6481,64.81
1710,12027000,49.9868,112.4046,2.2487,124.87
1710,12027500,2318.0394,2543.0941,1.0971,9.71
1710,12028060,2478.6186,2543.0941,1.026,2.6
1710,12029000,164.9822,361.8685,2.1934,119.34
1710,12029500,71.7427,72.1507,1.0057,0.57
1710,12030000,64.2317,68.5574,1.0673,6.73
1710,12030900,91.4266,102.9096,1.1256,12.56
1710,12031000,3351.4446,3359.8811,1.0025,0.25
1710,12032500,168.0902,180.101,1.0715,7.15
1710,12033000,3670.0132,3774.3107,1.0284,2.84
1710,12033500,61.3568,153.8539,2.5075,150.75
1710,12034200,170.6802,508.9856,2.9821,198.21
1710,12035000,774.4064,776.3189,1.0025,0.25
1710,12035002,4560.9691,4616.234,1.0121,1.21
1710,12035100,4610.1788,4616.234,1.0013,0.13
1710,12035400,106.9665,273.6736,2.5585,155.85
1710,12035450,24.7862,273.6736,11.0414,1004.14
1710,12035500,183.1122,273.6736,1.4946,49.46
1710,12036000,191.9181,273.6736,1.426,42.6
1710,12036500,290.0787,337.1747,1.1624,16.24
1710,12036650,7.0448,337.1747,47.8617,4686.17
1710,12037400,401.4482,507.3084,1.2637,26.37
1710,12037500,466.1979,507.3084,1.0882,8.82
1710,12039000,336.6985,417.4659,1.2399,23.99
1710,12039005,341.8784,417.4659,1.2211,22.11
1710,12039220,90.6496,92.5749,1.0212,2.12
1710,12039300,191.9181,208.2781,1.0852,8.52
1710,12039500,683.7569,752.4435,1.1005,10.05
1710,12039510,52.8358,104.1144,1.9705,97.05
1710,1203951610,1067.0751,1123.4802,1.0529,5.29
1710,12039520,196.8391,202.7291,1.0299,2.99
1710,12040000,362.5983,395.9072,1.0919,9.19
1710,12040500,1152.5447,1165.4409,1.0112,1.12
1710,12040700,253.3008,325.9109,1.2867,28.67
1710,12040900,130.5354,138.9451,1.0644,6.44
1710,12041000,538.7175,655.6464,1.2171,21.71
1710,12041200,655.267,770.9628,1.1766,17.66
1710,12041500,217.041,307.0909,1.4149,41.49
1710,12042000,300.4386,307.0909,1.0221,2.21
1710,12042500,567.2074,584.0922,1.0298,2.98
1710,12042800,287.4887,328.8765,1.144,14.4
1710,12043000,334.1085,351.6705,1.0526,5.26
1710,12043015,745.9166,741.9162,0.9946,-0.54
1710,12043080,103.0815,103.6257,1.0053,0.53
1710,12043100,223.516,274.1964,1.2267,22.67
1710,12043150,200.7241,232.2494,1.1571,15.71
1710,12043163,82.8796,108.2015,1.3055,30.55
1710,12043173,25.7963,47.6198,1.846,84.6
1711,12043190,14.0377,67.1637,4.7845,378.45
1711,12043300,132.6074,183.4853,1.3837,38.37
1711,12043350,354.8284,80.8104,0.2277,-77.23
1711,12043430,36.2598,35.8848,0.9897,-1.03
1711,12044000,125.8734,173.7637,1.3805,38.05
1711,12044900,512.8176,513.3206,1.001,0.1
1711,12045500,696.7068,756.2692,1.0855,8.55
1711,12046260,823.6162,830.0554,1.0078,0.78
1711,12046500,823.6162,830.0554,1.0078,0.78
1711,12047300,120.6934,148.4351,1.2299,22.99
1711,12047500,40.1448,49.3861,1.2302,23.02
1711,12048000,404.0381,457.4014,1.1321,13.21
1711,12049000,510.2277,513.6942,1.0068,0.68
1711,12050500,29.0079,100.0666,3.4496,244.96
1711,12051500,35.7418,96.8297,2.7091,170.91
1711,12051900,26.6769,92.3417,3.4615,246.15
1711,12052000,61.3827,92.3417,1.5044,50.44
1711,12052200,127.9454,67.8966,0.5307,-46.93
1711,12052210,127.9454,176.9001,1.3826,38.26
1711,12052500,171.9752,176.9001,1.0286,2.86
1711,12053000,242.1639,298.447,1.2324,23.24
1711,12053500,300.4386,298.447,0.9934,-0.66
1711,12054000,172.2342,197.8056,1.1485,14.85
1711,12054500,132.8664,217.3365,1.6358,63.58
1711,12054600,55.9437,56.212,1.0048,0.48
1711,12055000,216.264,217.3365,1.005,0.5
1711,12056500,148.1473,240.0658,1.6205,62.05
1711,12057500,242.6819,240.0658,0.9892,-1.08
1711,12058000,4.7397,303.7658,64.09,6309.0
1711,12058500,4.3253,303.7658,70.2303,6923.03
1711,12058790,253.5598,303.7658,1.198,19.8
1711,12058800,264.1788,303.7658,1.1498,14.98
1711,12059000,3.367,303.7658,90.2189,8921.89
1711,12059500,303.0286,303.7658,1.0024,0.24
1711,12059800,67.3397,155.8351,2.3142,131.42
1711,12060000,169.9032,267.8457,1.5765,57.65
1711,12060500,197.6161,267.8457,1.3554,35.54
1711,12061250,53.3538,267.8457,5.0202,402.02
1711,12061500,587.9273,633.97,1.0783,7.83
1711,12062500,9.6607,633.97,65.6239,6462.39
1711,12063000,8.1844,60.0726,7.3399,633.99
1711,12063500,51.2818,60.0726,1.1714,17.14
1711,12064500,4.9469,62.8687,12.7088,1170.88
1711,12065000,11.4736,62.8687,5.4794,447.94
1711,12065500,3.9109,127.6832,32.6482,3164.82
1711,12066000,15.514,127.6832,8.2302,723.02
1711,12067000,2.59,127.6832,49.2987,4829.87
1711,12067500,38.8498,127.6832,3.2866,228.66
1711,12068500,47.6558,60.2659,1.2646,26.46
1711,12069550,35.7418,126.5516,3.5407,254.07
1711,12069600,6.7599,110.1087,16.2886,1528.86
1711,12069651,15.2809,110.1087,7.2056,620.56
1711,12070000,13.2089,154.5958,11.7039,1070.39
1711,12070040,0.4403,154.5958,351.1162,35011.62
1711,12070045,5.2836,154.5958,29.2597,2825.97
1711,12070050,6.5268,154.5958,23.6864,2268.64
1711,12072000,39.6268,62.3125,1.5725,57.25
1711,12072500,37.5289,94.5357,2.519,151.9
1711,12072800,8.806,109.7969,12.4685,1146.85
1711,12073000,27.7129,109.7969,3.9619,296.19
1711,12073500,16.7572,98.9625,5.9057,490.57
1711,12073550,0.5439,155.705,286.2764,28527.64
1711,12073600,0.518,155.705,300.5902,29959.02
1711,12075000,35.2238,41.6773,1.1832,18.32
1711,12075500,39.3678,82.3534,2.0919,109.19
1711,12076000,45.8428,82.3534,1.7964,79.64
1711,12076500,101.7865,153.935,1.5123,51.23
1711,12076800,142.1903,153.935,1.0826,8.26
1711,12077000,142.4493,153.935,1.0806,8.06
1711,12077500,50.5048,76.6702,1.5181,51.81
1711,12078000,41.6988,78.3876,1.8799,87.99
1711,12078400,45.0658,51.224,1.1367,13.67
1711,12078650,1.3468,55.5764,41.2657,4026.57
1711,12078730,15.1255,441.8251,29.2106,2821.06
1711,12079000,232.5809,232.3907,0.9992,-0.08
1711,12080000,414.3981,441.8251,1.0662,6.62
1711,12080010,419.5781,441.8251,1.053,5.3
1711,12080500,9.842,110.7356,11.2514,1025.14
1711,12080650,31.7274,110.7356,3.4902,249.02
1711,12080670,32.1159,110.7356,3.448,244.8
1711,12080750,53.0948,110.7356,2.0856,108.56
1711,12081000,63.7137,110.7356,1.738,73.8
1711,12081010,1.1914,110.7356,92.9462,9194.62
1711,12082500,344.4684,585.6348,1.7001,70.01
1711,12083000,194.7671,196.4959,1.0089,0.89
1711,12083500,29.7849,750.0445,25.1821,2418.21
1711,12084000,652.677,750.0445,1.1492,14.92
1711,12084500,72.5197,72.1345,0.9947,-0.53
1711,12086500,756.2765,1263.2608,1.6704,67.04
1711,12087000,209.012,219.9498,1.0523,5.23
1711,12088000,89.3546,110.5258,1.2369,23.69
1711,12088400,1116.2849,1263.2608,1.1317,13.17
1711,12088500,1152.5447,1263.2608,1.0961,9.61
1711,12089000,67.3397,72.8403,1.0817,8.17
1711,12089500,1339.0239,1405.0115,1.0493,4.93
1711,12090200,224.293,246.3971,1.0986,9.86
1711,12090340,0.0259,154.9547,5982.8329,598183.29
1711,12090355,53.6128,154.9547,2.8903,189.03
1711,12090360,110.3335,154.9547,1.4044,40.44
1711,12090365,0.3626,154.9547,427.3452,42634.52
1711,12090380,0.4921,154.9547,314.8859,31388.59
1711,12090400,16.1874,154.9547,9.5725,857.25
1711,12090452,44.5478,154.9547,3.4784,247.84
1711,12090480,59.8287,154.9547,2.59,159.0
1711,12090500,191.1411,264.5009,1.3838,38.38
1711,12091000,231.5449,264.5009,1.1423,14.23
1711,12091040,234.1349,264.5009,1.1297,12.97
1711,12091050,10.9556,264.5009,24.1429,2314.29
1711,12091060,15.3068,264.5009,17.2799,1627.99
1711,12091070,17.4047,264.5009,15.1971,1419.71
1711,12091100,18.9846,264.5009,13.9324,1293.24
1711,12091180,11.888,264.5009,22.2493,2124.93
1711,12091200,12.2506,264.5009,21.5908,2059.08
1711,12091290,16.9385,264.5009,15.6153,1461.53
1711,12091300,16.9903,264.5009,15.5677,1456.77
1711,12091500,269.3588,264.5009,0.982,-1.8
1711,12091700,11.4218,93.1931,8.1592,715.92
1711,12092000,240.3509,329.2205,1.3697,36.97
1711,12092500,339.2884,473.9171,1.3968,39.68
1711,12093000,67.0807,72.7907,1.0851,8.51
1711,12093500,445.478,473.9171,1.0638,6.38
1711,12093900,197.3571,592.6385,3.0029,200.29
1711,12094000,204.3501,592.6385,2.9001,190.01
1711,12094400,58.0157,235.3807,4.0572,305.72
1711,12094500,64.7497,75.1277,1.1603,16.03
1711,12095000,205.9041,235.3807,1.1432,14.32
1711,12095500,59.3107,87.0851,1.4683,46.83
1711,12096000,32.3749,1136.3621,35.1001,3410.01
1711,12096500,1134.4148,1136.3621,1.0017,0.17
1711,12096505,1147.3647,1136.3621,0.9904,-0.96
1711,12096600,41.9578,159.2613,3.7957,279.57
1711,12096865,90.9086,96.8892,1.0658,6.58
1711,12097000,559.4374,756.2902,1.3519,35.19
1711,12097500,190.3641,197.075,1.0353,3.53
1711,12097820,88.8366,98.6067,1.11,11.0
1711,12097850,971.2455,1105.1507,1.1379,13.79
1711,12098500,1038.5852,1105.1507,1.0641,6.41
1711,12098700,1061.8951,1105.1507,1.0407,4.07
1711,12099100,1064.4851,1105.1507,1.0382,3.82
1711,12099200,1064.4851,1105.1507,1.0382,3.82
1711,12099300,11.9139,1105.1507,92.7611,9176.11
1711,12099400,21.4192,1105.1507,51.5963,5059.63
1711,12099500,31.8569,1105.1507,34.6911,3369.11
1711,12099600,39.8858,1105.1507,27.7079,2670.79
1711,12100000,1105.9249,1284.1023,1.1611,16.11
1711,12100490,1227.6544,1284.1023,1.046,4.6
1711,12100494,1227.6544,1284.1023,1.046,4.6
1711,12100496,1230.2444,1284.1023,1.0438,4.38
1711,12100498,1232.8343,1284.1023,1.0416,4.16
1711,12100500,1235.4243,1284.1023,1.0394,3.94
1711,12101102,1240.6043,1284.1023,1.0351,3.51
1711,12101470,2442.3588,2549.1313,1.0437,4.37
1711,12101500,2455.3087,2549.1313,1.0382,3.82
1711,12102000,28.8266,2549.1313,88.4299,8742.99
1711,12102025,3.0562,2549.1313,834.0891,83308.91
1711,12102075,33.6698,2549.1313,75.7096,7470.96
1711,12102078,38.5908,2549.1313,66.0554,6505.54
1711,12102140,8.0031,2549.1313,318.5195,31751.95
1711,12102190,6.0865,2549.1313,418.8192,41781.92
1711,12102212,8.9355,2549.1313,285.2826,28428.26
1711,12102500,15.5399,88.2275,5.6775,467.75
1711,12102900,12.3542,88.2275,7.1415,614.15
1711,12103000,18.9846,88.2275,4.6473,364.73
1711,12103020,43.5118,88.2275,2.0277,102.77
1711,12103380,42.7348,95.5925,2.2369,123.69
1711,12103400,90.1316,95.5925,1.0606,6.06
1711,12103500,29.7849,62.74,2.1064,110.64
1711,12104000,12.0952,244.6804,20.2295,1922.95
1711,12104500,249.1569,292.9405,1.1757,17.57
1711,12104700,8.3657,292.9405,35.017,3401.7
1711,12105000,22.1703,57.4889,2.5931,159.31
1711,12105500,29.2669,572.0196,19.545,1854.5
1711,12105700,42.7348,78.8501,1.8451,84.51
1711,12105710,43.2528,78.8501,1.823,82.3
1711,12105900,572.3874,612.4936,1.0701,7.01
1711,12106000,10.619,612.4936,57.6793,5667.93
1711,12106500,595.6973,612.4936,1.0282,2.82
1711,12106700,598.2873,612.4936,1.0237,2.37
1711,12107000,621.5971,706.0807,1.1359,13.59
1711,12107300,8.5211,1034.243,121.3749,12037.49
1711,12107500,738.1466,1034.243,1.4011,40.11
1711,12107950,4.9987,1034.243,206.9033,20590.33
1711,12108000,66.0447,1034.243,15.6597,1465.97
1711,12108050,0.6734,1034.243,1535.8594,153485.94
1711,12108450,3.9368,1034.243,262.7128,26171.28
1711,12108500,70.9657,1034.243,14.5738,1357.38
1711,12108800,808.0763,1034.243,1.2799,27.99
1711,12109500,15.7471,188.2915,11.9572,1095.72
1711,12110000,54.1308,188.2915,3.4785,247.85
1711,12110003,1.7094,188.2915,110.1512,10915.12
1711,12110400,8.9873,188.2915,20.9509,1995.09
1711,12110500,34.9648,188.2915,5.3852,438.52
1711,12111500,33.6698,55.8073,1.6575,65.75
1711,12112000,55.9437,55.8073,0.9976,-0.24
1711,12112500,153.3273,188.2915,1.228,22.8
1711,12112550,14.2449,188.2915,13.2181,1221.81
1711,12112600,172.7522,188.2915,1.09,9.0
1711,12113000,1033.4053,1097.3423,1.0619,6.19
1711,12113344,1168.0846,1257.1552,1.0763,7.63
1711,12113346,21.8595,1257.1552,57.5107,5651.07
1711,12113347,6.4491,1257.1552,194.9359,19393.59
1711,12113349,14.5816,1257.1552,86.215,8521.5
1711,12113350,1139.5948,1257.1552,1.1032,10.32
1711,12113375,49.2098,1257.1552,25.5469,2454.69
1711,12113390,1193.9845,1257.1552,1.0529,5.29
1711,12113415,1250.9643,1257.1552,1.0049,0.49
1711,12113500,24.0869,65.5988,2.7234,172.34
1711,12114000,15.5399,65.5988,4.2213,322.13
1711,12114500,65.7857,211.9255,3.2215,222.15
1711,12115000,105.4125,211.9255,2.0104,101.04
1711,12115500,34.7058,59.0615,1.7018,70.18
1711,12115700,12.0175,59.0615,4.9146,391.46
1711,12115800,5.5426,211.9255,38.2359,3723.59
1711,12116100,0.4921,290.8084,590.9565,58995.65
1711,12116400,217.3,290.8084,1.3383,33.83
1711,12116500,218.077,290.8084,1.3335,33.35
1711,12116700,13.3902,290.8084,21.7179,2071.79
1711,12116800,9.7643,290.8084,29.783,2878.3
1711,12117000,44.5478,290.8084,6.528,552.8
1711,12117500,313.3886,344.3886,1.0989,9.89
1711,12117600,347.0584,344.3886,0.9923,-0.77
1711,12117700,12.7168,344.3886,27.0813,2608.13
1711,12117820,24.3977,344.3886,14.1156,1311.56
1711,12118000,28.4899,344.3886,12.0881,1108.81
1711,12118400,29.0079,382.0655,13.1711,1217.11
1711,12118500,32.6339,382.0655,11.7076,1070.76
1711,12119000,476.5578,482.5776,1.0126,1.26
1711,12119300,7.3038,1571.2896,215.1342,21413.42
1711,12119375,19.6062,1571.2896,80.1424,7914.24
1711,12119450,1.813,1571.2896,866.6833,86568.33
1711,12119500,32.3749,1571.2896,48.5343,4753.43
1711,12119600,32.8928,1571.2896,47.7699,4676.99
1711,12119700,17.6119,1571.2896,89.2174,8821.74
1711,12120000,31.0799,1571.2896,50.5565,4955.65
1711,12120500,17.327,1571.2896,90.6844,8968.44
1711,12120600,45.5838,145.8712,3.2001,220.01
1711,12121000,69.9297,145.8712,2.086,108.6
1711,12121510,24.6049,145.8712,5.9285,492.85
1711,12121600,146.5933,145.8712,0.9951,-0.49
1711,12121700,10.101,261.1524,25.8542,2485.42
1711,12121810,2.7454,261.1524,95.1241,9412.41
1711,12122010,264.1788,627.938,2.3769,137.69
1711,12122500,36.0008,121.8922,3.3858,238.58
1711,12123000,27.7129,121.8922,4.3984,339.84
1711,12123100,31.5979,121.8922,3.8576,285.76
1711,12123200,3.626,121.8922,33.6163,3261.63
1711,12124000,33.6698,121.8922,3.6202,262.02
1711,12124500,124.8374,121.8922,0.9764,-2.36
1711,12125000,388.4982,627.938,1.6163,61.63
1711,12125200,411.8081,627.938,1.5248,52.48
1711,12125500,39.6268,627.938,15.8463,1484.63
1711,12125800,9.5053,74.4568,7.8332,683.32
1711,12125900,36.7778,74.4568,2.0245,102.45
1711,12125950,10.878,74.4568,6.8447,584.47
1711,12126000,63.7137,74.4568,1.1686,16.86
1711,12126100,69.9297,74.4568,1.0647,6.47
1711,12126500,549.0775,627.938,1.1436,14.36
1711,12126800,24.7344,64.2158,2.5962,159.62
1711,12126900,15.9025,64.2158,4.0381,303.81
1711,12127100,59.8287,64.2158,1.0733,7.33
1711,12127300,9.5053,1571.2896,165.3074,16430.74
1711,12127500,19.3731,1571.2896,81.1067,8010.67
1711,12127600,20.2019,1571.2896,77.7793,7677.93
1711,12128000,31.3389,1571.2896,50.1387,4913.87
1711,12129000,206.6811,351.4466,1.7004,70.04
1711,12130500,349.6484,845.0941,2.417,141.7
1711,12131000,249.9339,261.2724,1.0454,4.54
1711,12131500,629.3671,845.0941,1.3428,34.28
1711,12132000,118.1035,118.1737,1.0006,0.06
1711,12133000,919.4458,934.5463,1.0164,1.64
1711,12133500,27.4539,246.4414,8.9766,797.66
1711,12134000,378.1383,379.9316,1.0047,0.47
1711,12134500,1385.6436,1889.7925,1.3638,36.38
1711,12135000,49.2098,152.888,3.1069,210.69
1711,12135500,21.5228,51.5974,2.3973,139.73
1711,12136000,26.6769,51.5974,1.9342,93.42
1711,12136500,9.842,152.888,15.5343,1453.43
1711,12137200,29.5259,71.8616,2.4339,143.39
1711,12137260,40.4038,176.7257,4.374,337.4
1711,12137290,30.0439,176.7257,5.8823,488.23
1711,12137500,192.9541,271.6338,1.4078,40.78
1711,12137800,199.6881,271.6338,1.3603,36.03
1711,12138000,224.293,271.6338,1.2111,21.11
1711,12138150,239.8329,271.6338,1.1326,13.26
1711,12138160,243.9769,271.6338,1.1134,11.34
1711,12138500,15.9802,1889.7925,118.2582,11725.82
1711,12139500,9.842,145.8616,14.8204,1382.04
1711,12141000,146.0753,145.8616,0.9985,-0.15
1711,12141100,2160.0501,2155.4566,0.9979,-0.21
1711,12141300,398.8582,442.8345,1.1103,11.03
1711,12141500,437.708,442.8345,1.0117,1.17
1711,12142000,165.7592,218.5736,1.3186,31.86
1711,12142200,18.9328,218.5736,11.5447,1054.47
1711,12142300,19.8652,218.5736,11.0028,1000.28
1711,12142500,221.703,218.5736,0.9859,-1.41
1711,12143000,247.8619,266.5778,1.0755,7.55
1711,12143400,107.7435,118.4577,1.0994,9.94
1711,12143500,118.6215,118.4577,0.9986,-0.14
1711,12143600,170.6802,224.3116,1.3142,31.42
1711,12143700,4.0663,224.3116,55.1638,5416.38
1711,12143800,4.8174,224.3116,46.563,4556.3
1711,12143900,9.4276,224.3116,23.7932,2279.32
1711,12144000,211.602,224.3116,1.0601,6.01
1711,12144500,971.2455,1299.4282,1.3379,33.79
1711,12144800,10.6967,88.6852,8.2909,729.09
1711,12145000,83.3976,88.6852,1.0634,6.34
1711,12145500,79.2536,83.6988,1.0561,5.61
1711,12146000,40.1448,1299.4282,32.3685,3136.85
1711,12147000,44.2888,44.0289,0.9941,-0.59
1711,12147470,86.2466,127.7928,1.4817,48.17
1711,12147500,103.3405,127.7928,1.2366,23.66
1711,12147600,13.8305,48.7268,3.5231,252.31
1711,12147700,5.2836,48.7268,9.2223,822.23
1711,12147800,22.8437,48.7268,2.1331,113.31
1711,12148000,51.0228,209.1866,4.0999,309.99
1711,12148300,76.6636,209.1866,2.7286,172.86
1711,12148500,210.825,253.2238,1.2011,20.11
1711,12148700,14.4521,253.2238,17.5216,1652.16
1711,12149000,1561.7628,1648.9941,1.0559,5.59
1711,12149500,21.73,1648.9941,75.8856,7488.56
1711,12150400,1670.5423,1787.7522,1.0702,7.02
1711,12150500,49.7278,72.7665,1.4633,46.33
1711,12150800,3980.8117,4073.968,1.0234,2.34
1711,12152500,141.1544,169.0298,1.1975,19.75
1711,12153000,44.0298,86.9647,1.9751,97.51
1711,12154000,39.6268,86.9647,2.1946,119.46
1711,12154500,18.5443,354.9588,19.1411,1814.11
1711,12155300,328.9285,354.9588,1.0791,7.91
1711,12155500,4439.2396,4612.8628,1.0391,3.91
1711,12156000,4.8951,4612.8628,942.3472,94134.72
1711,12157000,39.8858,98.5161,2.47,147.0
1711,12157005,45.0658,98.5161,2.1861,118.61
1711,12157020,24.3718,98.5161,4.0422,304.22
1711,12157025,1.295,98.5161,76.0746,7507.46
1711,12157250,20.5127,81.058,3.9516,295.16
1711,12158010,24.4495,81.058,3.3153,231.53
1711,12158032,4.2994,81.058,18.8534,1785.34
1711,12158040,39.8858,81.058,2.0323,103.23
1711,12158500,96.3476,187.7335,1.9485,94.85
1711,12159500,113.1825,187.7335,1.6587,65.87
1711,12161000,308.2086,309.7005,1.0048,0.48
1711,12161500,154.8813,162.2912,1.0478,4.78
1711,12162000,471.3778,656.589,1.3929,39.29
1711,12162500,515.4076,656.589,1.2739,27.39
1711,12163000,28.2309,122.527,4.3402,334.02
1711,12163500,16.6795,122.527,7.346,634.6
1711,12164000,119.6575,122.527,1.024,2.4
1711,12164500,650.087,656.589,1.01,1.0
1711,12165000,51.7998,67.6682,1.3063,30.63
1711,12165500,212.897,232.189,1.0906,9.06
1711,12165800,19.4249,369.3548,19.0145,1801.45
1711,12166000,69.9297,67.0742,0.9592,-4.08
1711,12166185,372.9583,445.1293,1.1935,19.35
1711,12166300,416.9881,445.1293,1.0675,6.75
1711,12166500,170.6802,172.8185,1.0125,1.25
1711,12167000,678.5769,737.1376,1.0863,8.63
1711,12167500,18.9846,1699.9981,89.5461,8854.61
1711,12167700,1442.6234,1699.9981,1.1784,17.84
1711,12168500,134.6794,196.1998,1.4568,45.68
1711,12169500,19.4767,1699.9981,87.2836,8628.36
1711,12170000,16.5759,1817.6197,109.6542,10865.42
1711,12170300,1714.5721,1817.6197,1.0601,6.01
1711,12171000,334.1085,349.0348,1.0447,4.47
1711,12171500,1696.4422,1727.4081,1.0183,1.83
1711,12172000,163.6872,176.5382,1.0785,7.85
1711,12172500,1981.3409,2608.574,1.3166,31.66
1711,12173000,183.8892,187.1174,1.0176,1.76
1711,12173500,533.5376,561.1241,1.0517,5.17
1711,12174000,543.8975,561.1241,1.0317,3.17
1711,12174500,2587.3981,2608.574,1.0082,0.82
1711,12175400,237.5019,277.6942,1.1692,16.92
1711,12175500,271.9488,277.6942,1.0211,2.11
1711,12176000,295.2586,2938.1466,9.9511,895.11
1711,12177000,2913.7366,3240.6844,1.1122,11.22
1711,12177500,56.9797,59.0664,1.0366,3.66
1711,12178000,3043.236,3240.6844,1.0649,6.49
1711,12178100,69.6707,72.5719,1.0416,4.16
1711,12178150,75.1615,72.5719,0.9655,-3.45
1711,12179000,3299.6449,3325.9186,1.008,0.8
1711,12179800,3338.4947,4067.4275,1.2183,21.83
1711,12179900,128.7224,132.3598,1.0283,2.83
1711,12180000,131.8304,132.3598,1.004,0.4
1711,12180500,65.7857,68.7992,1.0458,4.58
1711,12181000,3576.7736,4067.4275,1.1372,13.72
1711,12181090,4.4548,150.8873,33.8709,3287.09
1711,12181100,6.1124,150.8873,24.6855,2368.55
1711,12181200,0.2072,150.8873,728.2237,72722.37
1711,12182000,362.5983,479.499,1.3224,32.24
1711,12182500,445.478,479.499,1.0764,7.64
1711,12183000,3.6778,479.499,130.3772,12937.72
1711,12183500,31.0799,479.499,15.428,1442.8
1711,12184500,109.8155,111.0967,1.0117,1.17
1711,12184700,4286.4303,7101.0896,1.6566,65.66
1711,12185000,197.8751,211.044,1.0666,6.66
1711,12185300,7.8477,108.0014,13.7622,1276.22
1711,12185500,85.7286,108.0014,1.2598,25.98
1711,12186000,393.6782,619.4732,1.5736,57.36
1711,12186450,171.9752,220.706,1.2834,28.34
1711,12186500,201.7601,220.706,1.0939,9.39
1711,12187000,670.8069,671.6313,1.0012,0.12
1711,12187500,758.8665,1778.8381,2.3441,134.41
1711,12188380,732.9666,891.1636,1.2158,21.58
1711,12188400,795.1263,891.1636,1.1208,12.08
1711,12188500,54.3898,55.649,1.0232,2.32
1711,12189000,867.646,891.1636,1.0271,2.71
1711,12189500,1849.2515,1896.0846,1.0253,2.53
1711,12190000,61.9007,62.2498,1.0056,0.56
1711,12190400,195.2851,224.5427,1.1498,14.98
1711,12190710,94.1461,94.47,1.0034,0.34
1711,12190718,27.1949,557.0018,20.4819,1948.19
1711,12191500,546.4875,557.0018,1.0192,1.92
1711,12191800,21.6523,770.2796,35.575,3457.5
1711,12192600,37.2958,770.2796,20.6532,1965.32
1711,12192700,58.0157,59.9606,1.0335,3.35
1711,12193400,769.2265,770.2796,1.0014,0.14
1711,12193500,769.2265,770.2796,1.0014,0.14
1711,12194000,7088.7975,7379.6662,1.041,4.1
1711,12194500,133.6434,139.697,1.0453,4.53
1711,12196000,27.7129,7536.8545,271.9622,27096.22
1711,12196150,7433.2659,7536.8545,1.0139,1.39
1711,12196200,16.9903,89.9804,5.296,429.6
1711,12196400,83.6566,89.9804,1.0756,7.56
1711,12196500,88.5776,89.9804,1.0158,1.58
1711,12197020,6.6822,7815.1007,1169.5454,116854.54
1711,12197040,6.475,7815.1007,1206.9709,120597.09
1711,12197110,14.7629,7815.1007,529.3732,52837.32
1711,12197680,2.2274,7815.1007,3508.6363,350763.63
1711,12197700,7.77,7815.1007,1005.8091,100480.91
1711,12198000,4.8692,7815.1007,1605.0145,160401.45
1711,12198500,25.0193,7815.1007,312.3631,31136.31
1711,12199000,7808.8142,8057.4138,1.0318,3.18
1711,12199600,66.0706,182.8306,2.7672,176.72
1711,12199800,9.2204,94.1779,10.2141,921.41
1711,12200000,53.0948,94.1779,1.7738,77.38
1711,12200100,180.7812,182.8306,1.0113,1.13
1711,12200500,8010.8332,8057.4138,1.0058,0.58
1711,12200684,13.7269,8271.673,602.5869,60158.69
1711,12200690,23.5689,8271.673,350.9572,34995.72
1711,12200701,16.7831,8271.673,492.8566,49185.66
1711,12200728,1.6317,76.2751,46.746,4574.6
1711,12200730,5.2577,76.2751,14.5074,1350.74
1711,12200733,1.2432,76.2751,61.3541,6035.41
1711,12200750,1.2691,143.6433,113.1857,11218.57
1711,12200762,1.3209,149.6286,113.2783,11227.83
1711,12201000,96.0886,95.4105,0.9929,-0.71
1711,12201500,227.401,299.212,1.3158,31.58
1711,12201950,10.6967,147.4446,13.7842,1278.42
1711,12201960,8.7024,147.4446,16.9431,1594.31
1711,12202000,20.0206,147.4446,7.3646,636.46
1711,12202050,13.2607,147.4446,11.1189,1011.89
1711,12202300,9.7902,147.4446,15.0605,1406.05
1711,12202310,3.0303,147.4446,48.657,4765.7
1711,12202400,1.3986,147.4446,105.4235,10442.35
1711,12202420,2.0461,147.4446,72.0616,7106.16
1711,12202450,3.108,147.4446,47.4406,4644.06
1711,12203000,143.4853,170.4224,1.1877,18.77
1711,12203500,145.2983,170.4224,1.1729,17.29
1711,12204010,59.2589,72.2615,1.2194,21.94
1711,12205000,271.9488,499.6846,1.8374,83.74
1711,12205500,505.0477,607.932,1.2037,20.37
1711,12206000,62.1597,74.7487,1.2025,20.25
1711,12206900,27.1949,760.7487,27.974,2697.4
1711,12207200,730.3766,760.7487,1.0416,4.16
1711,12207750,10.6967,80.3051,7.5075,650.75
1711,12207850,47.9148,55.2732,1.1536,15.36
1711,12208000,189.8461,257.2174,1.3549,35.49
1711,12208500,22.5329,257.2174,11.4152,1041.52
1711,12209000,266.7688,269.5931,1.0106,1.06
1711,12209490,59.5697,57.5754,0.9665,-3.35
1711,12209500,59.8287,57.5754,0.9623,-3.77
1711,12210000,334.1085,389.9066,1.167,16.7
1711,12210220,6.0088,480.3029,79.9336,7893.36
1711,12210500,1512.5531,1617.7175,1.0695,6.95
1711,12210700,1525.503,1617.7175,1.0604,6.04
1711,12210900,23.2063,1617.7175,69.7103,6871.03
1711,12211200,1626.5125,1946.1087,1.1965,19.65
1711,12211500,1678.3123,1946.1087,1.1596,15.96
1711,12212000,57.7567,96.2259,1.6661,66.61
1711,12212050,97.9016,96.2259,0.9829,-1.71
1711,12212100,98.6785,96.2259,0.9751,-2.49
1711,12212430,2.331,1946.1087,834.8853,83388.53
1711,12212900,61.1237,92.6956,1.5165,51.65
1711,12213100,2035.7307,2165.3107,1.0637,6.37
1711,12213145,2035.7307,2165.3107,1.0637,6.37
1711,12214000,47.6558,137.5749,2.8868,188.68
1711,12214300,22.2739,224.2897,10.0696,906.96
1711,12214350,41.1808,224.2897,5.4465,444.65
1711,12214500,80.2896,224.2897,2.7935,179.35
1712,10361700,19.9429,145.3749,7.2896,628.96
1712,10366000,502.4577,479.3162,0.9539,-4.61
1712,10366500,33.6698,177.6514,5.2763,427.63
1712,10367500,36.2598,177.6514,4.8994,389.94
1712,10368500,181.2992,235.4894,1.2989,29.89
1712,10369000,82.8796,142.843,1.7235,72.35
1712,10369500,46.6198,58.7643,1.2605,26.05
1712,10370000,163.1693,230.9632,1.4155,41.55
1712,10370500,18.1299,230.9632,12.7393,1173.93
1712,10371000,173.5292,187.0354,1.0778,7.78
1712,10371500,644.907,711.8388,1.1038,10.38
1712,10374500,709.6567,2110.3483,2.9738,197.38
1712,10376500,98.4195,2762.6446,28.0701,2707.01
1712,10377000,145.0393,124.1588,0.856,-14.4
1712,10378000,95.8296,93.7888,0.9787,-2.13
1712,10378500,440.298,435.9012,0.99,-1.0
1712,10382500,409.2181,489.6536,1.1966,19.66
1712,10382550,406.6281,489.6536,1.2042,20.42
1712,10382600,559.4374,693.3472,1.2394,23.94
1712,10384000,712.2467,693.3472,0.9735,-2.65
1712,10384100,720.0167,1096.7785,1.5233,52.33
1712,10386000,984.1955,1372.948,1.395,39.5
1712,10386500,1113.6949,1372.948,1.2328,23.28
1712,10390000,466.1979,465.4795,0.9985,-0.15
1712,10390001,466.1979,465.4795,0.9985,-0.15
1712,10396000,517.9976,541.8588,1.0461,4.61
1712,10397000,77.6996,76.6915,0.987,-1.3
1712,10401500,1968.391,2044.8651,1.0389,3.89
1712,10402000,5568.4744,7925.7083,1.4233,42.33
1712,10403000,590.5173,685.101,1.1602,16.02
1712,10406500,227.919,230.8631,1.0129,1.29
1712,423815118453900,157.4713,357.4227,2.2698,126.98
1712,423830118453200,49.2098,49.0308,0.9964,-0.36
1712,424003118453700,47.9148,58.7304,1.2257,22.57
1712,424325118495900,424.7581,541.8588,1.2757,27.57
1712,424547118503500,455.8379,541.8588,1.1887,18.87
1712,424551118503200,56.9797,57.2317,1.0044,0.44
1801,11460920,40.6628,90.815,2.2334,123.34
1801,11460940,36.5188,89.9169,2.4622,146.22
1801,11461000,258.9988,533.4349,2.0596,105.96
1801,11461400,0.6475,271.2187,418.8725,41787.25
1801,11461500,238.7969,271.2187,1.1358,13.58
1801,11462000,271.9488,533.4349,1.9615,96.15
1801,11462080,740.7366,871.9618,1.1772,17.72
1801,11462500,937.5757,966.3529,1.0307,3.07
1801,11462700,81.0666,108.3448,1.3365,33.65
1801,11463000,1302.764,1580.4251,1.2131,21.31
1801,11463160,7.4851,221.3134,29.5673,2856.73
1801,11463170,33.9288,221.3134,6.5229,552.29
1801,11463200,221.444,221.3134,0.9994,-0.06
1801,11463500,1696.4422,1805.4923,1.0643,6.43
1801,11463682,1771.5519,1805.4923,1.0192,1.92
1801,11463900,113.1825,181.1542,1.6005,60.05
1801,11463940,40.6628,61.2967,1.5074,50.74
1801,11463980,2048.6806,2056.5038,1.0038,0.38
1801,11464000,2053.8606,2056.5038,1.0013,0.13
1801,11464050,3.0821,93.996,30.4975,2949.75
1801,11464400,145.0393,336.7417,2.3217,132.17
1801,11464500,227.401,336.7417,1.4808,48.08
1801,11464860,31.5979,88.6705,2.8062,180.62
1801,11465000,339.2884,564.6019,1.6641,66.41
1801,11465050,5.8016,564.6019,97.3187,9631.87
1801,11465150,57.7567,58.5547,1.0138,1.38
1801,11465200,419.5781,564.6019,1.3456,34.56
1801,11465240,453.2479,564.6019,1.2457,24.57
1801,11465350,562.0274,564.6019,1.0046,0.46
1801,11465390,2646.9678,3357.8373,1.2686,26.86
1801,11465500,111.3695,658.2806,5.9108,491.08
1801,11465660,14.1931,160.5853,11.3143,1031.43
1801,11465680,105.6715,160.5853,1.5197,51.97
1801,11465690,8.806,160.5853,18.236,1723.6
1801,11465700,17.5601,160.5853,9.1449,814.49
1801,11465750,206.1631,441.3949,2.141,114.1
1801,11465800,32.3749,144.0553,4.4496,344.96
1801,11465850,84.6926,144.0553,1.7009,70.09
1801,11466050,89.0956,144.0553,1.6169,61.69
1801,11466065,26.1589,144.0553,5.5069,450.69
1801,11466080,89.3546,144.0553,1.6122,61.22
1801,11466170,54.3898,144.0553,2.6486,164.86
1801,11466200,147.6293,199.9529,1.3544,35.44
1801,11466320,200.9831,199.9529,0.9949,-0.51
1801,11466800,650.087,658.2806,1.0126,1.26
1801,11467000,3465.4041,3598.4074,1.0384,3.84
1801,11467002,3504.2539,3598.4074,1.0269,2.69
1801,11467200,162.6513,181.4526,1.1156,11.56
1801,11467295,124.8374,773.1783,6.1935,519.35
1801,11467485,287.4887,288.9948,1.0052,0.52
1801,11467500,416.9881,773.1783,1.8542,85.42
1801,11467510,416.9881,773.1783,1.8542,85.42
1801,11467553,121.9884,124.0823,1.0172,1.72
1801,11467590,215.487,295.3818,1.3708,37.08
1801,11467600,255.1138,295.3818,1.1578,15.78
1801,11467800,169.9032,239.7497,1.4111,41.11
1801,11467850,3.9627,118.9945,30.0288,2902.88
1801,11468000,784.7664,815.2844,1.0389,3.89
1801,11468010,37.2958,110.4322,2.961,196.1
1801,11468070,93.7576,141.171,1.5057,50.57
1801,11468092,229.7319,469.4032,2.0433,104.33
1801,11468150,1.5799,492.107,311.4813,31048.13
1801,11468500,274.5387,293.3096,1.0684,6.84
1801,11468540,32.3749,43.9351,1.3571,35.71
1801,11468600,85.2106,309.6449,3.6339,263.39
1801,11468850,4.8692,42.3395,8.6954,769.54
1801,11468900,183.6302,256.343,1.396,39.6
1801,11468990,38.5908,44.454,1.1519,15.19
1801,11469000,634.5471,767.6696,1.2098,20.98
1801,11469500,97.3836,97.7398,1.0037,0.37
1801,11469800,2.0979,331.7777,158.1483,15714.83
1801,11470500,751.0966,903.7101,1.2032,20.32
1801,11471500,903.9059,1159.3474,1.2826,28.26
1801,11471800,112.4055,166.3917,1.4803,48.03
1801,11472000,1206.9345,1267.0843,1.0498,4.98
1801,11472150,1367.5137,1368.5865,1.0008,0.08
1801,11472160,9.6348,190.9982,19.8239,1882.39
1801,11472180,60.6057,44.9494,0.7417,-25.83
1801,11472200,416.9881,419.1218,1.0051,0.51
1801,11472500,1825.9416,1835.0573,1.005,0.5
1801,11472800,528.3576,530.7618,1.0046,0.46
1801,11472900,419.5781,419.2296,0.9992,-0.08
1801,11473000,950.5256,1102.891,1.1603,16.03
1801,11473100,78.7356,79.8589,1.0143,1.43
1801,11473500,1051.5352,1102.891,1.0488,4.88
1801,11473530,44.2888,85.8449,1.9383,93.83
1801,11473600,39.3678,44.0954,1.1201,12.01
1801,11473700,247.6029,257.3028,1.0392,3.92
1801,11473800,217.818,299.2093,1.3737,37.37
1801,11473900,1929.5411,1949.763,1.0105,1.05
1801,11473980,9.9197,1949.763,196.5555,19555.55
1801,11474400,67.0807,201.2552,3.0002,200.02
1801,11474500,642.3171,731.9012,1.1395,13.95
1801,11474700,58.5337,72.5208,1.239,23.9
1801,11474750,85.9876,85.7654,0.9974,-0.26
1801,11474780,53.6128,85.7654,1.5997,59.97
1801,11475000,5457.1049,5457.5271,1.0001,0.01
1801,11475100,159.0253,193.9462,1.2196,21.96
1801,11475500,113.7005,153.7708,1.3524,35.24
1801,11475560,16.8349,153.7708,9.134,813.4
1801,11475610,13.183,97.793,7.4181,641.81
1801,11475700,130.2764,169.2757,1.2994,29.94
1801,11475800,642.3171,727.3583,1.1324,13.24
1801,11475940,192.4361,197.0808,1.0241,2.41
1801,11476000,1212.1144,1396.6505,1.1522,15.22
1801,11476500,1390.8236,1396.6505,1.0042,0.42
1801,11476600,72.7787,107.5067,1.4772,47.72
1801,11476700,217.818,227.709,1.0454,4.54
1801,11477000,8062.633,8168.4524,1.0131,1.31
1801,11477425,1.9166,221.144,115.384,11438.4
1801,11477450,2.7454,221.144,80.5511,7955.11
1801,11477475,8.0549,221.144,27.4547,2645.47
1801,11477500,220.667,221.144,1.0022,0.22
1801,11477700,93.7576,150.2959,1.603,60.3
1801,11478000,523.1776,574.271,1.0977,9.77
1801,11478400,1.8389,574.271,312.2919,31129.19
1801,11478500,574.9774,574.271,0.9988,-0.12
1801,11479000,328.9285,354.8914,1.0789,7.89
1801,11479500,347.0584,354.8914,1.0226,2.26
1801,11479560,9360.217,9528.7533,1.018,1.8
1801,11479700,114.4775,144.927,1.266,26.6
1801,11480000,15.0219,52.273,3.4798,247.98
1801,11480390,242.9409,312.0421,1.2844,28.44
1801,11480410,313.3886,540.5368,1.7248,72.48
1801,11480500,370.3683,540.5368,1.4595,45.95
1801,11480750,909.0858,1153.8147,1.2692,26.92
1801,11480780,1017.8653,1153.8147,1.1336,13.36
1801,11480800,104.6355,125.8057,1.2023,20.23
1801,11481000,1256.1442,1280.2816,1.0192,1.92
1801,11481200,104.8945,115.9155,1.1051,10.51
1801,11481500,175.3422,248.3604,1.4164,41.64
1801,11482000,214.969,248.3604,1.1553,15.53
1801,11482110,43.7708,364.124,8.3189,731.89
1801,11482120,388.4982,522.3485,1.3445,34.45
1801,11482125,15.7212,522.3485,33.2257,3222.57
1801,11482130,20.1501,522.3485,25.9229,2492.29
1801,11482200,479.1478,522.3485,1.0902,9.02
1801,11482468,8.9614,102.8271,11.4745,1047.45
1801,11482500,717.4267,731.3748,1.0194,1.94
1801,11488700,4.5066,669.9422,148.6587,14765.87
1801,11489500,48.1738,160.0682,3.3227,232.27
1801,11490000,77.6996,160.0682,2.0601,106.01
1801,11490500,461.0179,443.2021,0.9614,-3.86
1801,11511990,20719.9049,11679.6421,0.5637,-43.63
1801,11512000,37.8138,11679.6421,308.8723,30787.23
1801,11512500,11318.248,11679.6421,1.0319,3.19
1801,11516530,11991.645,11908.888,0.9931,-0.69
1801,11516600,232.5809,257.0245,1.1051,10.51
1801,11516750,182.0762,326.6757,1.7942,79.42
1801,11516900,124.8374,122.5129,0.9814,-1.86
1801,11517000,1743.062,1981.6022,1.1369,13.69
1801,11517500,2053.8606,1981.6022,0.9648,-3.52
1801,11517800,274.5387,281.6416,1.0259,2.59
1801,11517900,51.0228,149.2681,2.9255,192.55
1801,11517950,128.2044,149.2681,1.1643,16.43
1801,11518000,148.9243,149.2681,1.0023,0.23
1801,11518050,284.8987,298.9648,1.0494,4.94
1801,11518200,107.4845,113.9243,1.0599,5.99
1801,11518300,31.0799,567.7655,18.268,1726.8
1801,11518310,2.5641,567.7655,221.4298,22042.98
1801,11518600,180.7812,319.1501,1.7654,76.54
1801,11519000,45.8428,109.7394,2.3938,139.38
1801,11519500,1691.2622,1712.0339,1.0123,1.23
1801,11520000,2082.3504,2107.0079,1.0118,1.18
1801,11520500,17974.5175,17762.7789,0.9882,-1.18
1801,11521000,18311.2159,18034.8236,0.9849,-1.51
1801,11521500,310.7986,348.8454,1.1224,12.24
1801,11522200,234.1349,246.167,1.0514,5.14
1801,11522260,24.5013,19518.497,796.6315,79563.15
1801,11522300,652.677,751.0497,1.1507,15.07
1801,11522400,525.7676,527.6862,1.0036,0.36
1801,11522500,1945.0811,1944.3109,0.9996,-0.04
1801,11523000,21950.1492,21924.7993,0.9988,-0.12
1801,11523030,145.2983,163.2215,1.1234,12.34
1801,11523050,193.2131,22396.3066,115.915,11491.5
1801,11523200,385.9082,410.0074,1.0624,6.24
1801,11523700,277.1287,302.6061,1.0919,9.19
1801,11524000,776.9964,923.2447,1.1882,18.82
1801,11525500,1862.2015,1974.9682,1.0606,6.06
1801,11525530,57.7567,58.243,1.0084,0.84
1801,11525535,1965.801,1974.9682,1.0047,0.47
1801,11525540,1973.5709,1974.9682,1.0007,0.07
1801,11525600,79.7716,95.4097,1.196,19.6
1801,11525630,93.7576,95.4097,1.0176,1.76
1801,11525655,2097.8904,2433.9447,1.1602,16.02
1801,11525670,86.7646,87.2555,1.0057,0.57
1801,11525750,116.0315,128.6515,1.1088,10.88
1801,11525800,125.3554,128.6515,1.0263,2.63
1801,11525854,2411.2789,2433.9447,1.0094,0.94
1801,11525900,188.2921,190.4953,1.0117,1.17
1801,11526000,2626.2479,2946.0405,1.1218,12.18
1801,11526250,2737.6174,2946.0405,1.0761,7.61
1801,11526300,168.0902,165.9235,0.9871,-1.29
1801,11526400,2944.8165,2946.0405,1.0004,0.04
1801,11526500,391.0882,394.1882,1.0079,0.79
1801,11527000,3726.9929,3724.377,0.9993,-0.07
1801,11527400,448.0679,467.3165,1.043,4.3
1801,11527500,461.0179,467.3165,1.0137,1.37
1801,11528000,4488.4494,4488.8626,1.0001,0.01
1801,11528100,538.7175,635.5935,1.1798,17.98
1801,11528200,885.7759,887.5104,1.002,0.2
1801,11528400,224.552,427.453,1.9036,90.36
1801,11528440,70.1887,70.6041,1.0059,0.59
1801,11528500,979.0155,1002.306,1.0238,2.38
1801,11528700,1978.7509,2088.9929,1.0557,5.57
1801,11529000,2325.8093,2412.3048,1.0372,3.72
1801,11529500,2413.8689,4488.8626,1.8596,85.96
1801,11529800,105.9305,112.3654,1.0607,6.07
1801,11530000,7389.2361,7386.9104,0.9997,-0.03
1801,11530020,40.9218,41.679,1.0185,1.85
1801,11530150,9.2204,30348.4074,3291.4566,329045.66
1801,11530300,310.7986,324.8626,1.0453,4.53
1801,11530500,31338.8561,31356.4687,1.0006,0.06
1801,11531000,339.2884,338.8535,0.9987,-0.13
1801,11531500,409.2181,409.2036,1.0,-0.0
1801,11532000,753.6865,756.1922,1.0033,0.33
1801,11532500,1590.2527,1862.3578,1.1711,17.11
1801,11532620,74.0737,95.6986,1.2919,29.19
1801,11532650,1740.472,1862.3578,1.07,7.0
1801,11532700,86.2466,88.328,1.0241,2.41
1801,11483500,569.7974,711.8182,1.2492,24.92
1801,11484000,699.2968,711.8182,1.0179,1.79
1801,11485000,4118.0811,3966.1701,0.9631,-3.69
1801,11491400,530.9476,557.7032,1.0504,5.04
1801,11491450,2.331,557.7032,239.256,23825.6
1801,11491470,29.2669,691.7458,23.6358,2263.58
1801,11491950,55.9437,181.7855,3.2494,224.94
1801,11493500,3341.0847,3374.1277,1.0099,0.99
1801,11495800,201.2421,536.4988,2.6659,166.59
1801,11497500,1362.3337,1470.0944,1.0791,7.91
1801,11497550,1471.1132,3314.53,2.2531,125.31
1801,11499000,1398.5936,1442.8956,1.0317,3.17
1801,11499100,1471.1132,1442.8956,0.9808,-1.92
1801,11501000,4053.3314,4169.8616,1.0287,2.87
1801,11502500,7847.664,7826.4098,0.9973,-0.27
1801,11504000,233.0989,489.2652,2.099,109.9
1801,11504100,227.142,489.2652,2.154,115.4
1801,11504107,14.7111,489.2652,33.2582,3225.82
1801,11504115,204.0911,489.2652,2.3973,139.73
1801,11505600,271.9488,299.0236,1.0996,9.96
1801,11505700,19.2436,299.0236,15.5388,1453.88
1801,11507500,9867.8547,9888.5875,1.0021,0.21
1801,11509500,10152.7534,10333.0111,1.0178,1.78
1801,11510000,219.89,219.3721,0.9976,-0.24
1801,11510500,10489.4518,10333.0111,0.9851,-1.49
1801,11510700,10567.1515,10404.9849,0.9847,-1.53
1801,11514500,31.3389,106.7519,3.4064,240.64
1802,11336580,138.3054,111.6056,0.807,-19.3
1802,11336585,82.6206,124.5518,1.5075,50.75
1802,11341400,349.6484,391.1366,1.1187,11.87
1802,11341500,663.037,722.8168,1.0902,9.02
1802,11342000,1100.7449,1204.3883,1.0942,9.42
1802,11342500,1191.3945,1204.3883,1.0109,1.09
1802,11343000,209.53,210.6889,1.0055,0.55
1802,11343500,525.7676,556.7991,1.059,5.9
1802,11344000,549.0775,556.7991,1.0141,1.41
1802,11344500,258.9988,283.6275,1.0951,9.51
1802,11345500,639.7271,792.5896,1.2389,23.89
1802,11346000,87.5416,95.1776,1.0872,8.72
1802,11346500,95.0526,98.9546,1.0411,4.11
1802,11347500,60.8647,66.2107,1.0878,8.78
1802,11348000,2219.6198,2836.603,1.278,27.8
1802,11348200,2797.1872,2836.603,1.0141,1.41
1802,11348500,3706.273,4016.2217,1.0836,8.36
1802,11349000,4105.1312,4216.6004,1.0272,2.72
1802,11349500,352.2384,418.6624,1.1886,18.86
1802,11350500,668.2169,686.5416,1.0274,2.74
1802,11351000,163.1693,201.9397,1.2376,23.76
1802,11351500,71.7427,81.9541,1.1423,14.23
1802,11351945,6410.2206,6944.7301,1.0834,8.34
1802,11351946,6410.2206,6944.7301,1.0834,8.34
1802,11351948,6410.2206,6944.7301,1.0834,8.34
1802,11351950,6410.2206,6944.7301,1.0834,8.34
1802,11352000,6410.2206,6944.7301,1.0834,8.34
1802,11352500,613.8272,621.5389,1.0126,1.26
1802,11352900,60.0877,126.2968,2.1019,110.19
1802,11353500,217.559,224.4563,1.0317,3.17
1802,11353600,16.7313,53.5376,3.1998,219.98
1802,11353700,318.5685,1019.0582,3.1989,219.89
1802,11354500,1924.3612,1019.0582,0.5296,-47.04
1802,11355000,9456.0466,9051.154,0.9572,-4.28
1802,11355010,9740.9453,9306.2164,0.9554,-4.46
1802,11355500,419.5781,424.273,1.0112,1.12
1802,11356500,492.0977,424.273,0.8622,-13.78
1802,11357000,499.8677,424.273,0.8488,-15.12
1802,11358000,19.4508,457.1001,23.5003,2250.03
1802,11358020,19.5026,457.1001,23.4379,2243.79
1802,11358500,57.4977,1152.4321,20.0431,1904.31
1802,11358700,898.7259,1152.4321,1.2823,28.23
1802,11359120,922.0358,1152.4321,1.2499,24.99
1802,11359200,922.0358,1152.4321,1.2499,24.99
1802,11359500,942.7557,1152.4321,1.2224,22.24
1802,11360000,155.6583,97.8045,0.6283,-37.17
1802,11360500,245.0129,416.6578,1.7006,70.06
1802,11361000,471.3778,473.8715,1.0053,0.53
1802,11361450,11932.0752,11214.0368,0.9398,-6.02
1802,11362000,12587.3422,11214.0368,0.8909,-10.91
1802,11362500,12038.2647,11647.9836,0.9676,-3.24
1802,11362880,34.1878,80.6337,2.3585,135.85
1802,11362890,34.1878,80.6337,2.3585,135.85
1802,11362900,34.1878,80.6337,2.3585,135.85
1802,11362940,21.1861,80.6337,3.806,280.6
1802,11362945,21.1861,80.6337,3.806,280.6
1802,11362950,21.1861,80.6337,3.806,280.6
1802,11363000,12201.434,11647.9836,0.9546,-4.54
1802,11363500,141.9313,160.9217,1.1338,13.38
1802,11364000,12478.5627,11990.0964,0.9609,-3.91
1802,11364200,90.1316,91.7069,1.0175,1.75
1802,11364300,76.6636,89.399,1.1661,16.61
1802,11365000,12825.6211,12085.3405,0.9423,-5.77
1802,11365500,165.7592,168.7063,1.0178,1.78
1802,11366000,257.7038,14215.392,55.1617,5416.17
1802,11366500,13856.4364,14215.392,1.0259,2.59
1802,11367200,833.9762,787.2198,0.9439,-5.61
1802,11367300,44.2888,43.2068,0.9756,-2.44
1802,11367500,927.2157,991.9243,1.0698,6.98
1802,11367700,1038.5852,991.9243,0.9551,-4.49
1802,11367760,1046.3552,1148.5585,1.0977,9.77
1802,11367800,1105.9249,1148.5585,1.0386,3.86
1802,11368000,1564.3528,1614.9047,1.0323,3.23
1802,11368500,1639.4625,1614.9047,0.985,-1.5
1802,11369000,1743.062,1701.8865,0.9764,-2.36
1802,11369500,16459.3744,15747.6383,0.9568,-4.32
1802,11370500,16752.0431,15916.9879,0.9502,-4.98
1802,11371000,297.8486,307.0985,1.0311,3.11
1802,11371500,445.478,517.2018,1.161,16.1
1802,11372000,590.5173,644.3676,1.0912,9.12
1802,11372050,24.2164,97.7459,4.0364,303.64
1802,11372060,30.8209,97.7459,3.1714,217.14
1802,11372200,200.2061,204.2024,1.02,2.0
1802,11372350,84.4336,89.1802,1.0562,5.62
1802,11372700,49.2098,139.0334,2.8253,182.53
1802,11373200,28.4899,109.1123,3.8299,282.99
1802,11373300,157.4713,161.4145,1.025,2.5
1802,11374000,1100.7449,1106.4882,1.0052,0.52
1802,11374060,8.4175,210.2358,24.9762,2397.62
1802,11374100,196.0621,210.2358,1.0723,7.23
1802,11374400,631.9571,645.1372,1.0209,2.09
1802,11375500,152.2913,351.9882,2.3113,131.13
1802,11375700,229.7319,351.9882,1.5322,53.22
1802,11375810,1023.0453,1115.9152,1.0908,9.08
1802,11375815,1238.0143,2283.5335,1.8445,84.45
1802,11375820,562.0274,565.7302,1.0066,0.66
1802,11375870,960.8856,1027.6313,1.0695,6.95
1802,11375900,1028.2253,1027.6313,0.9994,-0.06
1802,11376000,2400.919,2442.1248,1.0172,1.72
1802,11376015,16.5759,82.971,5.0055,400.55
1802,11376025,71.4837,82.971,1.1607,16.07
1802,11376038,30.0439,89.9808,2.995,199.5
1802,11376040,188.0331,502.8913,2.6745,167.45
1802,11376050,192.6951,502.8913,2.6098,160.98
1802,11376120,76.6636,83.9379,1.0949,9.49
1802,11376140,344.4684,502.8913,1.4599,45.99
1802,11376150,481.7378,502.8913,1.0439,4.39
1802,11376160,486.9178,502.8913,1.0328,3.28
1802,11376420,172.7522,310.1806,1.7955,79.55
1802,11376440,228.696,310.1806,1.3563,35.63
1802,11376460,264.1788,310.1806,1.1741,17.41
1802,11376490,919.4458,956.0417,1.0398,3.98
1802,11376500,922.0358,956.0417,1.0369,3.69
1802,11376550,924.6258,956.0417,1.034,3.4
1802,11377100,23050.8942,22204.5482,0.9633,-3.67
1802,11377200,23050.8942,22204.5482,0.9633,-3.67
1802,11377500,240.3509,243.2338,1.012,1.2
1802,11378000,23361.6928,23123.1927,0.9898,-1.02
1802,11378500,23517.092,23123.1927,0.9833,-1.67
1802,11378800,242.1639,285.93,1.1807,18.07
1802,11378860,282.3087,285.93,1.0128,1.28
1802,11379000,318.5685,328.4925,1.0312,3.12
1802,11379500,239.3149,357.6383,1.4944,49.44
1802,11380000,336.6985,357.6383,1.0622,6.22
1802,11380500,352.2384,357.6383,1.0153,1.53
1802,11381000,54.9077,127.59,2.3237,132.37
1802,11381500,339.2884,344.1196,1.0142,1.42
1802,11381595,344.4684,344.1196,0.999,-0.1
1802,11381990,1.6835,757.6306,450.0351,44903.51
1802,11382000,525.7676,757.6306,1.441,44.1
1802,11382090,735.5566,757.6306,1.03,3.0
1802,11382500,130.7944,275.2646,2.1046,110.46
1802,11382550,179.7452,275.2646,1.5314,53.14
1802,11383000,347.0584,405.8402,1.1694,16.94
1802,11383500,538.7175,574.3083,1.0661,6.61
1802,11383600,543.8975,574.3083,1.0559,5.59
1802,11383800,28057.3412,28199.3238,1.0051,0.51
1802,11384000,187.5151,214.6084,1.1445,14.45
1802,11384350,126.6504,542.6243,4.2844,328.44
1802,11384500,264.1788,361.6227,1.3689,36.89
1802,11384600,118.1035,132.7516,1.124,12.4
1802,11385000,254.3368,277.1951,1.0899,8.99
1802,11385500,727.7867,779.6828,1.0713,7.13
1802,11386500,404.0381,445.6212,1.1029,10.29
1802,11387000,1546.2229,1915.4301,1.2388,23.88
1802,11387200,1613.5626,1915.4301,1.1871,18.71
1802,11387500,1642.0525,1915.4301,1.1665,16.65
1802,11387800,164.2052,175.931,1.0714,7.14
1802,11388000,1911.4112,2010.3748,1.0518,5.18
1802,11388500,2002.0608,2010.3748,1.0042,0.42
1802,11389000,31274.1064,37908.28,1.2121,21.21
1802,11389500,31312.9563,37908.28,1.2106,21.06
1802,11389700,114.9955,155.3643,1.351,35.1
1802,11389720,158.7663,245.7784,1.5481,54.81
1802,11389740,249.6749,391.2339,1.567,56.7
1802,11389780,261.5888,391.2339,1.4956,49.56
1802,11389950,29.5259,77.4341,2.6226,162.26
1802,11390000,380.7283,391.2339,1.0276,2.76
1802,11390200,3.3929,148.4733,43.7602,4276.02
1802,11390210,162.9103,148.4733,0.9114,-8.86
1802,11390500,33449.6964,37908.28,1.1333,13.33
1802,11390655,100.7505,253.1183,2.5123,151.23
1802,11390660,156.4353,219.3616,1.4023,40.23
1802,11390672,98.9375,322.7181,3.2618,226.18
1802,11391000,37645.4772,37908.28,1.007,0.7
1802,11391400,210.048,247.4968,1.1783,17.83
1802,11391460,19.5285,46.9276,2.403,140.3
1802,11391500,113.9595,135.3589,1.1878,18.78
1802,11392100,1517.733,1673.1439,1.1024,10.24
1802,11392500,1776.7318,1969.4142,1.1084,10.84
1802,11393000,2007.2408,2010.2235,1.0015,0.15
1802,11393500,2121.2003,2169.2332,1.0226,2.26
1802,11394000,2286.9595,2338.214,1.0224,2.24
1802,11394500,2750.5674,2872.628,1.0444,4.44
1802,11394620,25.615,88.5049,3.4552,245.52
1802,11394800,20.953,66.5159,3.1745,217.45
1802,11395030,67.0807,135.943,2.0266,102.66
1802,11395200,97.6426,135.943,1.3923,39.23
1802,11395300,36.5188,87.5666,2.3978,139.78
1802,11396000,77.6996,87.5666,1.127,12.7
1802,11396200,226.624,278.6912,1.2298,22.98
1802,11396300,271.9488,278.6912,1.0248,2.48
1802,11396350,279.7187,278.6912,0.9963,-0.37
1802,11396395,40.1448,49.8267,1.2412,24.12
1802,11396397,40.1448,49.8267,1.2412,24.12
1802,11396400,48.4328,49.8267,1.0288,2.88
1802,11397000,341.8784,406.9387,1.1903,19.03
1802,11397500,3473.1741,9305.0277,2.6791,167.91
1802,11399500,1276.8641,1533.4806,1.201,20.1
1802,11400000,178.7092,169.145,0.9465,-5.35
1802,11400500,179.4862,169.145,0.9424,-5.76
1802,11401000,210.566,169.145,0.8033,-19.67
1802,11401100,221.444,169.145,0.7638,-23.62
1802,11401112,1585.0727,1615.7547,1.0194,1.94
1802,11401125,177.6732,291.0084,1.6379,63.79
1802,11401150,315.9785,314.7891,0.9962,-0.38
1802,11401165,17.4565,1253.2956,71.7953,7079.53
1802,11401180,76.6636,90.872,1.1853,18.53
1802,11401200,1362.3337,1939.0655,1.4233,42.33
1802,11401300,149.1833,271.0719,1.817,81.7
1802,11401500,1914.0012,1939.0655,1.0131,1.31
1802,11401900,178.9682,246.5221,1.3775,37.75
1802,11401920,206.6811,246.5221,1.1928,19.28
1802,11401940,17.4047,246.5221,14.1641,1316.41
1802,11402000,476.5578,524.8211,1.1013,10.13
1802,11402500,502.4577,524.8211,1.0445,4.45
1802,11403000,2654.7378,2661.9405,1.0027,0.27
1802,11403200,4592.0489,4620.0197,1.0061,0.61
1802,11403530,81.5846,115.4151,1.4147,41.47
1802,11404000,13.4679,85.0661,6.3162,531.62
1802,11404300,37.2958,85.0661,2.2808,128.08
1802,11404330,4957.2372,5015.0956,1.0117,1.17
1802,11404380,23.7502,5015.0956,211.1602,21016.02
1802,11404400,5029.7569,5015.0956,0.9971,-0.29
1802,11404500,5058.2468,5283.767,1.0446,4.46
1802,11405000,5089.3266,5283.767,1.0382,3.82
1802,11405085,6.6822,117.8786,17.6408,1664.08
1802,11405120,13.0794,117.8786,9.0125,801.25
1802,11405200,119.3985,306.6772,2.5685,156.85
1802,11405300,284.8987,306.6772,1.0764,7.64
1802,11406000,39.1088,61.6911,1.5774,57.74
1802,11406500,378.1383,433.9402,1.1476,14.76
1802,11406799,9342.0871,9305.0277,0.996,-0.4
1802,11407000,9386.1169,9496.2192,1.0117,1.17
1802,11407150,9520.7963,9496.2192,0.9974,-0.26
1802,11407300,121.9884,552.331,4.5277,352.77
1802,11407500,79.2536,125.4895,1.5834,58.34
1802,11407700,10292.6128,10271.8468,0.998,-0.2
1802,11407810,97.3836,196.6192,2.019,101.9
1802,11407815,97.3836,196.6192,2.019,101.9
1802,11407900,99.1965,196.6192,1.9821,98.21
1802,11408500,103.0815,196.6192,1.9074,90.74
1802,11408501,103.0815,196.6192,1.9074,90.74
1802,11408550,103.3405,196.6192,1.9026,90.26
1802,11408700,250.1929,302.4354,1.2088,20.88
1802,11408850,352.2384,544.3271,1.5453,54.53
1802,11408880,375.5483,544.3271,1.4494,44.94
1802,11409000,419.5781,544.3271,1.2973,29.73
1802,11409001,419.5781,544.3271,1.2973,29.73
1802,11409300,59.5697,91.0916,1.5292,52.92
1802,11409400,75.3687,91.0916,1.2086,20.86
1802,11409500,89.0956,91.0916,1.0224,2.24
1802,11410000,512.8176,544.3271,1.0614,6.14
1802,11410001,536.1275,544.3271,1.0153,1.53
1802,11410400,47.1378,83.5988,1.7735,77.35
1802,11410500,245.2719,366.1536,1.4928,49.28
1802,11411000,188.2921,187.8608,0.9977,-0.23
1802,11411500,572.3874,630.5018,1.1015,10.15
1802,11412000,23.2581,630.5018,27.1089,2610.89
1802,11412500,33.4108,630.5018,18.8712,1787.12
1802,11413000,647.497,742.111,1.1461,14.61
1802,11413100,909.0858,1167.791,1.2846,28.46
1802,11413300,127.9454,159.136,1.2438,24.38
1802,11413320,8.1844,1167.791,142.6856,14168.56
1802,11413323,5.3613,1167.791,217.8196,21681.96
1802,11413500,1261.3242,1271.2736,1.0079,0.79
1802,11413517,1266.5042,1271.2736,1.0038,0.38
1802,11413520,1266.5042,1271.2736,1.0038,0.38
1802,11413600,6.9412,1900.2606,273.7667,27276.67
1802,11413700,1857.0215,1900.2606,1.0233,2.33
1802,11413900,10.2564,152.1929,14.8389,1383.89
1802,11413950,2.3828,152.1929,63.8718,6287.18
1802,11414000,134.1614,152.1929,1.1344,13.44
1802,11414100,82.1026,138.9958,1.693,69.3
1802,11414210,305.6186,512.6776,1.6775,67.75
1802,11414250,310.7986,512.6776,1.6495,64.95
1802,11414280,4.7397,512.6776,108.1672,10716.72
1802,11414350,1.036,512.6776,494.8649,49386.49
1802,11414360,1.2432,512.6776,412.3874,41138.74
1802,11414410,11.9139,130.5046,10.9539,995.39
1802,11414450,23.2322,130.5046,5.6174,461.74
1802,11414470,42.4758,130.5046,3.0724,207.24
1802,11414500,42.9938,130.5046,3.0354,203.54
1802,11414700,1.6835,130.5046,77.5202,7652.02
1802,11415000,14.1154,130.5046,9.2455,824.55
1802,11416500,73.2967,130.5046,1.7805,78.05
1802,11416585,0.5957,130.5046,219.0787,21807.87
1802,11416610,0.9324,130.5046,139.967,13896.7
1802,11416620,1.1396,130.5046,114.5184,11351.84
1802,11416670,1.0619,130.5046,122.8978,12189.78
1802,11416700,2.3569,130.5046,55.3715,5437.15
1802,11417000,512.8176,695.4939,1.3562,35.62
1802,11417100,59.8287,60.1075,1.0047,0.47
1802,11417500,797.7163,911.1825,1.1422,14.22
1802,11418000,2869.7068,3129.4619,1.0905,9.05
1802,11418500,219.113,231.6795,1.0574,5.74
1802,11419000,3107.9857,3129.4619,1.0069,0.69
1802,11420000,52.8358,67.8985,1.2851,28.51
1802,11420500,184.6662,279.6827,1.5145,51.45
1802,11420700,225.588,279.6827,1.2398,23.98
1802,11420800,3444.6842,3483.4442,1.0113,1.13
1802,11421000,3467.9941,3483.4442,1.0045,0.45
1802,11421500,3480.944,3483.4442,1.0007,0.07
1802,11421700,13814.9966,15320.1627,1.109,10.9
1802,11421710,1.9684,267.2673,135.7796,13477.96
1802,11421770,31.8569,267.2673,8.3896,738.96
1802,11421790,55.6847,267.2673,4.7997,379.97
1802,11422500,271.9488,385.3497,1.417,41.7
1802,11423000,362.5983,385.3497,1.0627,6.27
1802,11423500,686.3468,729.8755,1.0634,6.34
1802,11424000,756.2765,1228.2135,1.624,62.4
1802,11424500,258.7398,296.0142,1.1441,14.41
1802,11424600,1.5281,79.2342,51.8517,5085.17
1802,11425000,15335.3196,15320.1627,0.999,-0.1
1802,11425100,15332.7296,15320.1627,0.9992,-0.08
1802,11425500,55039.8373,59934.3465,1.0889,8.89
1802,11426110,1.6835,140.0767,83.206,8220.6
1802,11426120,1.0101,140.0767,138.6767,13767.67
1802,11426130,1.2432,140.0767,112.6748,11167.48
1802,11426140,0.4921,140.0767,284.6522,28365.22
1802,11426150,9.2722,140.0767,15.1072,1410.72
1802,11426160,2.072,140.0767,67.6049,6660.49
1802,11426195,1.3209,657.2457,497.5764,49657.64
1802,11426196,3.4965,657.2457,187.9733,18697.33
1802,11426200,4.3512,80.0238,18.3913,1739.13
1802,11426400,23.5689,80.0238,3.3953,239.53
1802,11426500,797.7163,907.6818,1.1379,13.79
1802,11427000,885.7759,907.6818,1.0247,2.47
1802,11427500,124.0604,151.7184,1.2229,22.29
1802,11427700,25.7445,61.1169,2.374,137.4
1802,11427750,27.1949,61.1169,2.2474,124.74
1802,11427760,227.401,287.4782,1.2642,26.42
1802,11427770,230.7679,287.4782,1.2457,24.57
1802,11427800,59.3107,122.7746,2.07,107.0
1802,11427960,69.4117,122.7746,1.7688,76.88
1802,11428000,81.3256,122.7746,1.5097,50.97
1802,11428001,81.3256,122.7746,1.5097,50.97
1802,11428400,15.5399,122.7746,7.9006,690.06
1802,11428800,295.2586,347.5615,1.1771,17.71
1802,11428995,40.6628,148.3066,3.6472,264.72
1802,11429000,41.6988,148.3066,3.5566,255.66
1802,114296005,74.3327,82.0873,1.1043,10.43
1802,11430000,123.2834,148.3066,1.203,20.3
1802,11430500,147.3703,148.3066,1.0064,0.64
1802,11431000,505.0477,817.1171,1.6179,61.79
1802,11431800,30.3029,78.6093,2.5941,159.41
1802,11432500,39.1088,78.6093,2.01,101.0
1802,11433040,54.6487,78.6093,1.4384,43.84
1802,11433100,46.6198,126.6697,2.7171,171.71
1802,11433200,815.8463,817.1171,1.0016,0.16
1802,11433260,230.2499,239.253,1.0391,3.91
1802,11433300,1357.1538,1477.5542,1.0887,8.87
1802,11433400,32.3749,40.7037,1.2573,25.73
1802,11433420,1.9684,1595.664,810.6438,80964.38
1802,11433500,1590.2527,1595.664,1.0034,0.34
1802,11433790,2517.4684,4824.7228,1.9165,91.65
1802,11433800,2520.0584,4824.7228,1.9145,91.45
1802,11433930,9.9456,4824.7228,485.1135,48411.35
1802,11434000,2579.6282,4824.7228,1.8703,87.03
1802,11435000,9.6607,141.2072,14.6167,1361.67
1802,11435100,22.6883,141.2072,6.2238,522.38
1802,11435500,189.5871,200.9891,1.0601,6.01
1802,11436000,39.3678,61.0852,1.5517,55.17
1802,11436510,2.3051,61.0852,26.5001,2550.01
1802,11436999,34.9648,81.9572,2.344,134.4
1802,11437000,34.9648,81.9572,2.344,134.4
1802,11438000,277.1287,288.295,1.0403,4.03
1802,11439500,499.8677,700.2891,1.4009,40.09
1802,11439501,499.8677,700.2891,1.4009,40.09
1802,11439510,1.554,700.2891,450.6385,44963.85
1802,11439999,56.9797,60.7519,1.0662,6.62
1802,11440000,56.9797,60.7519,1.0662,6.62
1802,11440480,2.072,700.2891,337.9789,33697.89
1802,11440500,18.9587,700.2891,36.9376,3593.76
1802,11440530,3.108,700.2891,225.3193,22431.93
1802,11440550,1.813,700.2891,386.2616,38526.16
1802,11440850,1.2691,78.8318,62.1166,6111.66
1802,11441000,214.969,216.9658,1.0093,0.93
1802,11441500,71.2247,117.3339,1.6474,64.74
1802,11441750,115.2545,117.3339,1.018,1.8
1802,11441800,378.1383,459.5662,1.2153,21.53
1802,11441900,442.888,459.5662,1.0377,3.77
1802,11442000,458.4279,459.5662,1.0025,0.25
1802,11442500,1162.9047,1335.9949,1.1488,14.88
1802,11442700,20.8235,1335.9949,64.158,6315.8
1802,11443000,1297.584,1335.9949,1.0296,2.96
1802,11443500,1276.8641,1335.9949,1.0463,4.63
1802,11443501,1276.8641,1335.9949,1.0463,4.63
1802,11444200,189.0691,193.2366,1.022,2.2
1802,11444201,189.0691,193.2366,1.022,2.2
1802,11444260,189.0691,193.2366,1.022,2.2
1802,11444280,189.0691,1335.9949,7.0662,606.62
1802,11444500,1548.8129,1632.1671,1.0538,5.38
1802,11445000,1634.2825,1816.5199,1.1115,11.15
1802,11445500,1743.062,1816.5199,1.0421,4.21
1802,11446000,252.7828,259.9219,1.0282,2.82
1802,11446030,2074.5805,2201.2942,1.0611,6.11
1802,11446220,4825.1478,4967.8048,1.0296,2.96
1802,11446500,4889.8976,4967.8048,1.0159,1.59
1802,11446700,5003.857,5089.4431,1.0171,1.71
1802,11446980,5019.397,5089.4431,1.014,1.4
1802,11447000,5014.217,5089.4431,1.015,1.5
1802,11447030,13.0017,5089.4431,391.4432,39044.32
1802,11447293,207.458,262.0664,1.2632,26.32
1802,11447300,1.0101,262.0664,259.4472,25844.72
1802,11447330,5.2577,492.7048,93.7115,9271.15
1802,11447360,81.3256,101.3564,1.2463,24.63
1802,11447500,60882.8505,60413.1066,0.9923,-0.77
1802,11448500,16.4723,68.6551,4.1679,316.79
1802,11448750,44.2888,44.5824,1.0066,0.66
1802,11448800,127.9454,214.3429,1.6753,67.53
1802,11448900,30.8209,68.6551,2.2276,122.76
1802,11449000,32.6339,68.6551,2.1038,110.38
1802,11449010,36.7778,68.6551,1.8668,86.68
1802,11449100,142.9673,214.3429,1.4992,49.92
1802,11449206,129.7584,202.9132,1.5638,56.38
1802,11449235,70.7067,71.4712,1.0108,1.08
1802,11449255,270.6538,544.4852,2.0117,101.17
1802,11449350,11.3182,48.1236,4.2519,325.19
1802,11449370,4.403,48.1236,10.9298,992.98
1802,11449430,26.4179,115.1629,4.3593,335.93
1802,11449450,34.1878,45.0153,1.3167,31.67
1802,11449460,32.3749,1329.0528,41.052,4005.2
1802,11449500,94.7936,115.1629,1.2149,21.49
1802,11449820,60.3467,75.2652,1.2472,24.72
1802,11450500,1367.5137,1329.0528,0.9719,-2.81
1802,11451000,1367.5137,1329.0528,0.9719,-2.81
1802,11451100,155.9173,196.6432,1.2612,26.12
1802,11451292,310.7986,508.168,1.635,63.5
1802,11451300,313.3886,508.168,1.6215,62.15
1802,11451500,510.2277,578.9539,1.1347,13.47
1802,11451520,1877.7414,2488.4501,1.3252,32.52
1802,11451540,7.511,2090.6127,278.3414,27734.14
1802,11451600,26.4179,49.6325,1.8787,87.87
1802,11451690,25.5632,178.5666,6.9853,598.53
1802,11451700,11.629,265.8343,22.8595,2185.95
1802,11451715,245.7899,265.8343,1.0816,8.16
1802,11451720,258.9988,265.8343,1.0264,2.64
1802,11451760,2473.4386,2488.4501,1.0061,0.61
1802,11451800,2496.7485,2488.4501,0.9967,-0.33
1802,11451950,2696.1776,2705.0181,1.0033,0.33
1802,11452000,2703.9476,2705.0181,1.0004,0.04
1802,11452500,2949.9965,2943.9314,0.9979,-0.21
1802,11453155,13.2089,82.8279,6.2706,527.06
1802,11453170,2.1497,82.8279,38.5301,3753.01
1802,11453200,21.6264,82.8279,3.8299,282.99
1802,11453500,292.6687,476.9621,1.6297,62.97
1802,11453550,97.9016,97.0784,0.9916,-0.84
1802,11453570,19.2177,181.0033,9.4186,841.86
1802,11453580,18.2853,181.0033,9.8988,889.88
1802,11453590,104.6355,229.6037,2.1943,119.43
1802,11453600,202.7961,229.6037,1.1322,13.22
1802,11453700,2.2533,111.4179,49.4468,4844.68
1802,11454000,1486.6532,1589.3391,1.0691,6.91
1802,11454100,41.1808,42.9139,1.0421,4.21
1802,11454500,1644.6425,1693.2477,1.0296,2.96
1802,11455000,1652.4124,1693.2477,1.0247,2.47
1802,11339500,549.0775,683.3955,1.2446,24.46
1802,11340500,85.2106,89.608,1.0516,5.16
1803,11185300,61.1237,154.2466,2.5235,152.35
1803,11185350,1372.6937,1375.0927,1.0017,0.17
1803,11185400,341.8784,343.9993,1.0062,0.62
1803,11185600,10.4895,2254.9069,214.969,21396.9
1803,11186000,2191.1299,2254.9069,1.0291,2.91
1803,11186001,2191.1299,2254.9069,1.0291,2.91
1803,11186340,1.1914,66.0535,55.4422,5444.22
1803,11186360,0.777,66.0535,85.0113,8401.13
1803,11186380,0.5957,66.0535,110.8843,10988.43
1803,11186500,66.8217,2509.6658,37.5577,3655.77
1803,11186550,65.7857,66.0535,1.0041,0.41
1803,11186750,22.8178,2509.6658,109.9872,10898.72
1803,11187000,2613.298,2657.8668,1.0171,1.71
1803,11188000,2766.1073,5368.4306,1.9408,94.08
1803,11188200,378.1383,404.6141,1.07,7.0
1803,11189500,1372.6937,2540.0613,1.8504,85.04
1803,11189700,261.5888,2540.0613,9.7101,871.01
1803,11190000,2543.3683,2540.0613,0.9987,-0.13
1803,11191000,5371.6353,5566.1081,1.0362,3.62
1803,11192500,5848.1932,5895.6598,1.0081,0.81
1803,11192501,5848.1932,5895.6598,1.0081,0.81
1803,11193000,5975.1026,5981.7105,1.0011,0.11
1803,11194000,6234.1014,6243.7617,1.0015,0.15
1803,11194152,6355.8308,6319.6829,0.9943,-0.57
1803,11194200,3.5742,130.1129,36.4035,3540.35
1803,11195500,126.3914,125.9308,0.9964,-0.36
1803,11195600,71.2247,134.0952,1.8827,88.27
1803,11196000,126.1324,300.213,2.3801,138.01
1803,11196400,427.348,485.385,1.1358,13.58
1803,11196420,137.7874,207.7366,1.5077,50.77
1803,11197250,147.8883,275.9324,1.8658,86.58
1803,11197800,595.6973,598.8677,1.0053,0.53
1803,11199000,37.5548,148.5517,3.9556,295.56
1803,11199500,239.8329,295.9465,1.234,23.4
1803,11200000,43.5118,50.4088,1.1585,15.85
1803,11200800,215.746,264.5938,1.2264,22.64
1803,11201095,331.5185,489.7088,1.4772,47.72
1803,11201456,80.0306,107.9925,1.3494,34.94
1803,11201800,87.5416,107.9925,1.2336,23.36
1803,11201850,88.3186,107.9925,1.2228,22.28
1803,11202000,101.7865,107.9925,1.061,6.1
1803,11202001,101.7865,107.9925,1.061,6.1
1803,11202710,220.926,284.541,1.2879,28.79
1803,11202711,220.926,284.541,1.2879,28.79
1803,11202750,239.3149,284.541,1.189,18.9
1803,11203000,34.9648,66.1477,1.8918,89.18
1803,11203100,252.7828,253.5859,1.0032,0.32
1803,11203200,639.7271,640.2161,1.0008,0.08
1803,11203220,639.7271,1010.279,1.5792,57.92
1803,11203500,655.267,1010.279,1.5418,54.18
1803,11203580,52.0588,102.2525,1.9642,96.42
1803,11204000,207.976,260.7141,1.2536,25.36
1803,11204100,248.1209,260.7141,1.0508,5.08
1803,11204500,282.3087,320.2482,1.1344,13.44
1803,11204900,1025.6353,1070.3606,1.0436,4.36
1803,11205000,1023.0453,1070.3606,1.0462,4.62
1803,11206500,264.1788,267.004,1.0107,1.07
1803,11206501,264.1788,267.004,1.0107,1.07
1803,11206820,21.7559,72.8015,3.3463,234.63
1803,11208000,133.1254,133.8029,1.0051,0.51
1803,11208001,133.1254,133.8029,1.0051,0.51
1803,11208500,4.921,725.6458,147.4597,14645.97
1803,11208570,885.7759,725.6458,0.8192,-18.08
1803,11208600,427.348,725.6458,1.698,69.8
1803,11208601,885.7759,725.6458,0.8192,-18.08
1803,11208610,4.8951,98.2048,20.0619,1906.19
1803,11208620,41.4398,98.2048,2.3698,136.98
1803,11208625,61.3827,98.2048,1.5999,59.99
1803,11208720,222.221,246.7262,1.1103,11.03
1803,11208730,222.221,246.7262,1.1103,11.03
1803,11208731,222.221,246.7262,1.1103,11.03
1803,11209500,334.1085,358.525,1.0731,7.31
1803,11209900,1082.615,1702.9527,1.573,57.3
1803,11210000,172.2342,231.2485,1.3426,34.26
1803,11210100,224.552,231.2485,1.0298,2.98
1803,11210500,1344.2038,1702.9527,1.2669,26.69
1803,11210900,1450.3933,1702.9527,1.1741,17.41
1803,11210950,1452.9833,1702.9527,1.172,17.2
1803,11211300,195.8031,211.5323,1.0803,8.03
1803,11211500,1675.7223,1702.9527,1.0162,1.62
1803,11211785,135.4564,229.5268,1.6945,69.45
1803,11211790,156.4353,229.5268,1.4672,46.72
1803,11212000,81.8436,171.0726,2.0902,109.02
1803,11212260,2.331,3484.5451,1494.8782,149387.82
1803,11212500,1056.7151,1232.3176,1.1662,16.62
1803,11213000,2162.6401,2270.7491,1.05,5.0
1803,11213500,2465.6687,2466.3793,1.0003,0.03
1803,11214000,97.6426,140.5416,1.4393,43.93
1803,11214200,38.8498,140.5416,3.6176,261.76
1803,11214400,72.2607,259.3233,3.5887,258.87
1803,11214500,89.8726,116.4363,1.2956,29.56
1803,11214600,102.8225,116.4363,1.1324,13.24
1803,11214900,461.0179,603.7089,1.3095,30.95
1803,11215000,468.7878,603.7089,1.2878,28.78
1803,11215500,55.1667,603.7089,10.9433,994.33
1803,11215800,2.2274,603.7089,271.0387,27003.87
1803,11215810,0.2849,603.7089,2119.0301,211803.01
1803,11215820,2.2015,603.7089,274.2274,27322.74
1803,11215830,0.6993,603.7089,863.3086,86230.86
1803,11215840,1.9943,603.7089,302.7186,30171.86
1803,11216000,593.1073,603.7089,1.0179,1.79
1803,11216200,616.4172,1001.782,1.6252,62.52
1803,11216500,647.497,1001.782,1.5472,54.72
1803,11216800,19.6839,92.5066,4.6996,369.96
1803,11217000,131.3124,172.5805,1.3143,31.43
1803,11217500,49.2098,67.9583,1.381,38.1
1803,11218000,341.8784,342.9618,1.0032,0.32
1803,11218400,1002.3254,1001.782,0.9995,-0.05
1803,11218499,3475.764,3739.7944,1.076,7.6
1803,11218500,3475.764,3739.7944,1.076,7.6
1803,11219000,51.2818,82.997,1.6185,61.85
1803,11220000,181.2992,188.2968,1.0386,3.86
1803,11220500,145.2983,165.4039,1.1384,13.84
1803,11221500,4001.5316,4432.829,1.1078,10.78
1803,11221700,328.9285,329.4346,1.0015,0.15
1803,11222000,4384.8499,4432.829,1.0109,1.09
1803,11222975,1.036,5045.583,4870.2762,486927.62
1803,11224500,248.1209,371.6638,1.4979,49.79
1803,11225000,271.9488,371.6638,1.3667,36.67
1803,11253130,4721.5483,5511.425,1.1673,16.73
1803,11253310,120.1754,143.6939,1.1957,19.57
1803,352533118494601,6122.7319,6243.7617,1.0198,1.98
1803,355422119223201,2.59,946.094,365.2889,36428.89
1804,11224000,113.4415,201.4081,1.7754,77.54
1804,11226000,91.9446,147.8312,1.6078,60.78
1804,11226500,644.907,852.6039,1.3221,32.21
1804,11227000,68.3757,116.9095,1.7098,70.98
1804,11227500,5.8275,116.9095,20.0618,1906.18
1804,11228000,37.8138,116.9095,3.0917,209.17
1804,11228500,123.8014,165.5891,1.3375,33.75
1804,11230000,442.888,709.2569,1.6014,60.14
1804,11230070,453.2479,709.2569,1.5648,56.48
1804,11230200,18.6997,709.2569,37.9288,3692.88
1804,11230215,476.5578,709.2569,1.4883,48.83
1804,11230500,135.9744,139.1655,1.0235,2.35
1804,11230530,136.7514,139.1655,1.0177,1.77
1804,11230560,4.2735,709.2569,165.967,16496.7
1804,11230600,5.1023,709.2569,139.0079,13800.79
1804,11230650,3.367,709.2569,210.6505,20965.05
1804,11230670,3.626,709.2569,195.604,19460.4
1804,11231500,239.5739,264.7351,1.105,10.5
1804,11231600,240.3509,264.7351,1.1015,10.15
1804,11231700,5.5426,264.7351,47.7639,4676.39
1804,11232000,1098.155,1196.7515,1.0898,8.98
1804,11232500,31.3389,86.7798,2.7691,176.91
1804,11234500,155.6583,252.8783,1.6246,62.46
1804,11234750,2577.0382,3097.5563,1.202,20.2
1804,11234760,2597.7581,3097.5563,1.1924,19.24
1804,11235000,2719.4875,3097.5563,1.139,13.9
1804,11237000,210.048,345.9046,1.6468,64.68
1804,11237500,59.3107,65.6083,1.1062,10.62
1804,11237700,59.5697,65.6083,1.1014,10.14
1804,11238000,61.3827,65.6083,1.0688,6.88
1804,11238500,339.2884,345.9046,1.0195,1.95
1804,11238600,3100.2158,3357.8453,1.0831,8.31
1804,11239300,11.4477,91.9989,8.0364,703.64
1804,11241500,76.1457,91.9989,1.2082,20.82
1804,11242000,3354.0346,3785.2652,1.1286,12.86
1804,11242400,43.7708,151.0276,3.4504,245.04
1804,11243405,65.0087,336.017,5.1688,416.88
1804,11244000,131.5714,151.0276,1.1479,14.79
1804,11244050,147.3703,151.0276,1.0248,2.48
1804,11245000,103.0815,336.017,3.2597,225.97
1804,11245300,266.7688,336.017,1.2596,25.96
1804,11245500,30.0439,59.4907,1.9801,98.01
1804,11246000,8.5729,59.4907,6.9394,593.94
1804,11246500,336.6985,336.017,0.998,-0.2
1804,11246700,3783.9726,4245.0335,1.1218,12.18
1804,11247000,3833.1824,4245.0335,1.1074,10.74
1804,11247200,1.1914,74.7633,62.7528,6175.28
1804,11247500,70.7067,74.7633,1.0574,5.74
1804,11248000,240.0919,248.2906,1.0341,3.41
1804,11250110,4242.4005,4386.9068,1.0341,3.41
1804,11250500,92.2036,94.6939,1.027,2.7
1804,11251000,4340.8201,4386.9068,1.0106,1.06
1804,11251500,149.9603,189.1645,1.2614,26.14
1804,11251600,200.4651,189.1645,0.9436,-5.64
1804,11252275,4623.1288,4657.9738,1.0075,0.75
1804,11252500,4667.1586,4747.5208,1.0172,1.72
1804,11252975,4685.2885,4755.6052,1.015,1.5
1804,11253000,4690.4685,4755.6052,1.0139,1.39
1804,11253058,4708.5984,4755.6052,1.01,1.0
1804,11253115,4718.9583,4755.6052,1.0078,0.78
1804,11255500,758.8665,793.0147,1.045,4.5
1804,11255550,0.8547,216.8597,253.7273,25272.73
1804,11255575,789.9464,793.0147,1.0039,0.39
1804,11256000,12092.6545,5933.3143,0.4907,-50.93
1804,11257100,27.4539,81.1206,2.9548,195.48
1804,11257500,344.4684,396.2602,1.1504,15.04
1804,11257700,21.1602,74.614,3.5261,252.61
1804,11258000,668.2169,704.9496,1.055,5.5
1804,11258800,149.7013,150.6001,1.006,0.6
1804,11258900,87.0236,145.7826,1.6752,67.52
1804,11258920,35.2238,43.7056,1.2408,24.08
1804,11258960,448.0679,478.3886,1.0677,6.77
1804,11258980,520.5876,609.2454,1.1703,17.03
1804,11259000,611.2372,768.1056,1.2566,25.66
1804,11259300,657.857,768.2544,1.1678,16.78
1804,11260000,16687.2934,7707.7562,0.4619,-53.81
1804,11260001,16697.6533,7707.7562,0.4616,-53.84
1804,11260200,64.4907,125.1644,1.9408,94.08
1804,11260225,69.1527,104.9312,1.5174,51.74
1804,11260480,170.1622,281.9226,1.6568,65.68
1804,11260815,19354.9811,15749.2629,0.8137,-18.63
1804,11261500,19722.7595,15749.2629,0.7985,-20.15
1804,11262800,411.8081,1003.928,2.4379,143.79
1804,11263000,219.113,263.0713,1.2006,20.06
1804,11264500,468.7878,593.3609,1.2657,26.57
1804,11265000,121.4704,122.7251,1.0103,1.03
1804,11265500,611.2372,850.4703,1.3914,39.14
1804,11266000,110.5925,109.9203,0.9939,-0.61
1804,11266500,831.3862,850.4703,1.023,2.3
1804,11267300,258.9988,419.6682,1.6203,62.03
1804,11267500,341.8784,419.6682,1.2275,22.75
1804,11268000,624.1871,623.714,0.9992,-0.08
1804,11268200,1789.6818,1951.9238,1.0907,9.07
1804,11268500,2359.4792,2435.2191,1.0321,3.21
1804,11269300,44.0298,105.6788,2.4002,140.02
1804,11270000,2685.8177,2752.2287,1.0247,2.47
1804,11270900,2747.9774,2898.2026,1.0547,5.47
1804,11271290,2893.0167,2898.2026,1.0018,0.18
1804,11271320,175.0832,281.0612,1.6053,60.53
1804,11271360,3216.7652,3291.3952,1.0232,2.32
1804,11271500,3260.795,3291.3952,1.0094,0.94
1804,11272500,3297.0549,3291.3952,0.9983,-0.17
1804,11273400,20587.8155,19151.5499,0.9302,-6.98
1804,11273500,3304.8248,3291.3952,0.9959,-0.41
1804,11274000,24656.6868,19314.9739,0.7834,-21.66
1804,11274500,347.0584,361.1811,1.0407,4.07
1804,11274550,25107.3447,20265.3194,0.8071,-19.29
1804,11274570,25249.7941,20692.8621,0.8195,-18.05
1804,11274600,1.8389,94.4298,51.3515,5035.15
1804,11274610,0.0518,192.1407,3709.2966,370829.66
1804,11274630,188.0331,192.1407,1.0218,2.18
1804,11274710,0.9583,113.7405,118.6904,11769.04
1804,11274790,779.5864,775.6275,0.9949,-0.51
1804,11274800,1046.3552,1175.5123,1.1234,12.34
1804,11275000,119.1395,115.2612,0.9674,-3.26
1804,11276500,1183.6246,1249.2693,1.0555,5.55
1804,11276600,1253.5542,1249.2693,0.9966,-0.34
1804,11276900,1261.3242,1971.0633,1.5627,56.27
1804,11277000,287.4887,609.985,2.1218,112.18
1804,11277300,305.6186,609.985,1.9959,99.59
1804,11278000,203.0551,242.3128,1.1933,19.33
1804,11278300,585.3373,609.985,1.0421,4.21
1804,11278400,606.0572,609.985,1.0065,0.65
1804,11278500,49.4688,1971.0633,39.8446,3884.46
1804,11279500,168.0902,422.6747,2.5146,151.46
1804,11280000,176.8962,422.6747,2.3894,138.94
1804,11281000,225.329,422.8559,1.8766,87.66
1804,11281500,135.7154,188.6324,1.3899,38.99
1804,11282000,190.3641,188.7261,0.9914,-0.86
1804,11282500,424.7581,422.8559,0.9955,-0.45
1804,11283000,2393.149,3280.1981,1.3707,37.07
1804,11283100,30.8209,126.7876,4.1137,311.37
1804,11283200,23.5948,126.7876,5.3735,437.35
1804,11283250,126.6504,235.7179,1.8612,86.12
1804,11283350,70.4477,99.2565,1.4089,40.89
1804,11283500,372.9583,407.2945,1.0921,9.21
1804,11284400,42.4758,75.8152,1.7849,78.49
1804,11284500,64.7497,75.8152,1.1709,17.09
1804,11284700,59.8287,119.9465,2.0048,100.48
1804,11285000,179.2272,258.3893,1.4417,44.17
1804,11285500,3281.5149,3374.5121,1.0283,2.83
1804,11286500,251.7468,260.6802,1.0355,3.55
1804,11288000,3967.8618,3975.0104,1.0018,0.18
1804,11289650,3983.4017,4100.8301,1.0295,2.95
1804,11289651,3983.4017,4100.8301,1.0295,2.95
1804,11289660,3988.5817,4100.8301,1.0281,2.81
1804,11289850,197.0981,198.1482,1.0053,0.53
1804,11290000,4879.5376,4855.062,0.995,-0.5
1804,11291500,63.1957,64.88,1.0267,2.67
1804,11292000,123.0244,302.9132,2.4622,146.22
1804,11292500,174.8242,177.2605,1.0139,1.39
1804,11292615,595.6973,701.9616,1.1784,17.84
1804,11292680,12.8722,701.9616,54.533,5353.3
1804,11292700,743.3266,795.3953,1.07,7.0
1804,11292900,818.4362,914.4669,1.1173,11.73
1804,11293000,841.7461,914.4669,1.0864,8.64
1804,11293200,859.8761,914.4669,1.0635,6.35
1804,11293372,41.6988,113.0798,2.7118,171.18
1804,11293462,13.6233,113.0798,8.3004,730.04
1804,11293500,72.0017,113.0798,1.5705,57.05
1804,11293590,74.3327,113.0798,1.5213,52.13
1804,11293600,74.5917,113.0798,1.516,51.6
1804,11293650,122.7654,379.9835,3.0952,209.52
1804,11293700,2.9267,159.4184,54.4706,5347.06
1804,11294000,117.5855,159.4184,1.3558,35.58
1804,11294300,287.4887,379.9835,1.3217,32.17
1804,11294400,385.9082,704.8602,1.8265,82.65
1804,11294500,429.938,704.8602,1.6394,63.94
1804,11295100,424.7581,704.8602,1.6594,65.94
1804,11295220,75.8867,82.011,1.0807,8.07
1804,11295230,75.8867,82.011,1.0807,8.07
1804,11295270,429.938,704.8602,1.6394,63.94
1804,11295300,507.6377,704.8602,1.3885,38.85
1804,11295340,31.5979,704.8602,22.3072,2130.72
1804,11295400,1629.1025,1773.7402,1.0888,8.88
1804,11295401,1629.1025,1773.7402,1.0888,8.88
1804,11295910,68.8937,114.6017,1.6635,66.35
1804,11296500,116.0315,220.9033,1.9038,90.38
1804,11297200,124.5784,220.9033,1.7732,77.32
1804,11298000,173.2702,220.9033,1.2749,27.49
1804,11298650,6.0088,104.2779,17.3543,1635.43
1804,11298700,15.5658,104.2779,6.6992,569.92
1804,11299500,2343.9392,2538.5066,1.083,8.3
1804,11299600,37.2958,88.0553,2.361,136.1
1804,11299997,2538.1883,2609.3201,1.028,2.8
1804,11300000,2538.1883,2609.3201,1.028,2.8
1804,11302000,2553.7283,2609.3201,1.0218,2.18
1804,11302500,2672.8677,2743.1981,1.0263,2.63
1804,11303000,2784.2372,3101.9962,1.1141,11.41
1804,11303500,35065.849,29501.3188,0.8413,-15.87
1804,11304000,159.5433,166.107,1.0411,4.11
1804,11305000,67.8577,85.0739,1.2537,25.37
1804,11305500,124.3194,129.212,1.0394,3.94
1804,11306000,305.6186,468.4594,1.5328,53.28
1804,11306500,137.2694,141.3098,1.0294,2.94
1804,11307000,42.9938,43.174,1.0042,0.42
1804,11307500,89.6136,90.952,1.0149,1.49
1804,11307550,189.3281,322.7707,1.7048,70.48
1804,11308000,220.667,322.7707,1.4627,46.27
1804,11308500,58.7927,70.5775,1.2004,20.04
1804,11308600,795.1263,936.663,1.178,17.8
1804,11308900,940.1657,1081.7685,1.1506,15.06
1804,11309000,54.6487,55.2181,1.0104,1.04
1804,11309500,1017.8653,1081.7685,1.0628,6.28
1804,11311500,110.3335,328.6219,2.9784,197.84
1804,11312000,123.2834,328.6219,2.6656,166.56
1804,11312500,132.3484,44.327,0.3349,-66.51
1804,11313472,6.8376,53.8784,7.8798,687.98
1804,11313477,12.0693,53.8784,4.4641,346.41
1804,11313482,2.6677,332.3268,124.5748,12357.48
1804,11313485,14.7111,332.3268,22.5902,2159.02
1804,11314500,440.298,506.6094,1.1506,15.06
1804,11315000,54.3898,60.9093,1.1199,11.99
1804,11315030,56.4617,60.9093,1.0788,7.88
1804,11315500,85.4696,136.3776,1.5956,59.56
1804,11315900,96.8656,136.3776,1.4079,40.79
1804,11316000,124.3194,136.3776,1.097,9.7
1804,11316100,123.8014,136.3776,1.1016,10.16
1804,11316500,707.0668,892.8485,1.2627,26.27
1804,11316600,862.466,892.8485,1.0352,3.52
1804,11316605,19.0364,892.8485,46.9021,4590.21
1804,11316670,924.6258,966.3382,1.0451,4.51
1804,11316700,945.3457,966.3382,1.0222,2.22
1804,11316800,53.8718,61.7053,1.1454,14.54
1804,11317000,177.1552,403.6528,2.2785,127.85
1804,11317500,100.2325,122.1386,1.2186,21.86
1804,11318000,16.3687,43.5458,2.6603,166.03
1804,11318500,194.5081,204.0662,1.0491,4.91
1804,11319500,1408.9535,1429.6392,1.0147,1.47
1804,11321000,1520.323,1611.0979,1.0597,5.97
1804,11321500,13.442,1611.0979,119.8552,11885.52
1804,11322000,22.1444,1611.0979,72.7542,7175.42
1804,11323500,1608.3826,5157.9144,3.2069,220.69
1804,11325500,1711.9821,5157.9144,3.0128,201.28
1804,11326300,183.6302,245.2563,1.3356,33.56
1804,11326500,77.1816,98.9285,1.2818,28.18
1804,11327000,124.5784,186.848,1.4998,49.98
1804,11327500,131.3124,186.848,1.4229,42.29
1804,11328000,696.7068,757.6579,1.0875,8.75
1804,11329000,21.8595,76.6621,3.507,250.7
1804,11329500,839.1561,885.5682,1.0553,5.53
1804,11330000,100.2325,112.0197,1.1176,11.76
1804,11331000,22.248,162.7975,7.3174,631.74
1804,11331500,83.9156,162.7975,1.94,94.0
1804,11332500,47.1378,53.5975,1.137,13.7
1804,11333000,162.1333,162.7975,1.0041,0.41
1804,11333500,530.9476,550.4108,1.0367,3.67
1804,11334200,277.1287,520.395,1.8778,87.78
1804,11334300,166.5362,170.4104,1.0233,2.33
1804,11334500,1129.2348,1337.2412,1.1842,18.42
1804,11335000,1388.2336,1469.2359,1.0583,5.83
1804,11335655,26.6769,134.2241,5.0315,403.15
1804,11335700,119.1395,134.2241,1.1266,12.66
1804,11336000,1875.1514,2460.1654,1.312,31.2
1804,11336500,46.1018,51.0317,1.1069,10.69
1804,11337500,110.3335,133.0952,1.2063,20.63
1804,11337600,99.1965,226.0251,2.2786,127.86
1805,11161570,9.7643,240.5584,24.6366,2363.66
1805,11161590,7.9513,240.5584,30.2541,2925.41
1805,11161800,15.7212,240.5584,15.3015,1430.15
1805,11161900,65.0087,77.2951,1.189,18.9
1805,11162000,70.7067,77.2951,1.0932,9.32
1805,11162500,118.8805,209.2258,1.76,76.0
1805,11162540,47.3968,55.3393,1.1676,16.76
1805,11162570,131.8304,135.2151,1.0257,2.57
1805,11162600,12.5096,577.94,46.1996,4519.96
1805,111626182,10.36,74.3786,7.1794,617.94
1805,11162619,16.3169,74.3786,4.5584,355.84
1805,11162620,16.9385,74.3786,4.3911,339.11
1805,11162630,70.1887,74.3786,1.0597,5.97
1805,11162720,27.9719,82.0736,2.9341,193.41
1805,11162722,1.813,82.0736,45.2697,4426.97
1805,11162735,5.439,85.6955,15.7558,1475.58
1805,11162737,5.698,85.6955,15.0396,1403.96
1805,11162753,77.1816,85.6955,1.1103,11.03
1805,11162800,4.7138,113.6844,24.1175,2311.75
1805,11162900,0.9842,113.6844,115.51,11451.0
1805,11162940,73.8147,99.8822,1.3531,35.31
1805,11162950,0.6216,99.8822,160.6864,15968.64
1805,11163200,1.0878,99.8822,91.8208,9082.08
1805,11163500,19.3213,99.8822,5.1695,416.95
1805,11164500,96.8656,99.8822,1.0311,3.11
1805,11165000,98.9375,99.8822,1.0095,0.95
1805,11165500,105.6715,99.8822,0.9452,-5.48
1805,11166000,18.8033,77.3742,4.1149,311.49
1805,11166500,46.8788,54.3451,1.1593,15.93
1805,11166550,63.4547,54.3451,0.8564,-14.36
1805,11166575,9.9974,62.8899,6.2907,529.07
1805,11166578,7.7182,62.8899,8.1483,714.83
1805,11166900,82.6206,99.7419,1.2072,20.72
1805,11167000,89.6136,99.7419,1.113,11.3
1805,11167500,33.1518,376.0105,11.3421,1034.21
1805,11167660,14.7629,376.0105,25.4699,2446.99
1805,11167700,19.9688,376.0105,18.8299,1782.99
1805,11167800,160.0613,376.0105,2.3492,134.92
1805,11168000,101.2685,126.0122,1.2443,24.43
1805,11168500,110.3335,126.0122,1.1421,14.21
1805,11169000,378.1383,376.0105,0.9944,-0.56
1805,11169025,414.3981,376.0105,0.9074,-9.26
1805,11169500,23.8797,107.5467,4.5037,350.37
1805,11169580,0.9583,102.1527,106.5983,10559.83
1805,11169600,0.6993,102.1527,146.0792,14507.92
1805,11169616,10.3082,102.1527,9.9099,890.99
1805,11169800,282.3087,504.1374,1.7858,78.58
1805,11169860,310.7986,504.1374,1.6221,62.21
1805,11170450,533.5376,630.8717,1.1824,18.24
1805,11170500,528.3576,630.8717,1.194,19.4
1805,11172000,616.4172,47.8599,0.0776,-92.24
1805,11172100,55.6847,811.4212,14.5717,1357.17
1805,11172175,826.2062,811.4212,0.9821,-1.79
1805,11172365,2.1497,68.2966,31.7704,3077.04
1805,11172500,32.3749,68.2966,2.1096,110.96
1805,11172945,86.2466,519.7074,6.0258,502.58
1805,11172955,90.3906,519.7074,5.7496,474.96
1805,11173000,97.1246,519.7074,5.3509,435.09
1805,11173200,199.6881,256.5603,1.2848,28.48
1805,11173500,255.8908,256.5603,1.0026,0.26
1805,11173510,360.0083,519.7074,1.4436,44.36
1805,11173575,385.9082,519.7074,1.3467,34.67
1805,11173800,17.068,102.4829,6.0044,500.44
1805,11174000,95.8296,102.4829,1.0694,6.94
1805,11174160,517.9976,519.7074,1.0033,0.33
1805,11174500,100.2325,112.6121,1.1235,12.35
1805,11174600,102.3045,112.6121,1.1008,10.08
1805,11176000,98.9375,119.7157,1.21,21.0
1805,11176090,131.5714,461.2787,3.5059,250.59
1805,11176100,20.2537,66.0749,3.2624,226.24
1805,11176140,34.7058,69.2572,1.9955,99.55
1805,11176145,138.0464,209.7357,1.5193,51.93
1805,11176150,167.3132,209.7357,1.2536,25.36
1805,11176180,194.2491,461.2787,2.3747,137.47
1805,11176200,367.7783,461.2787,1.2542,25.42
1805,11176300,69.4117,461.2787,6.6455,564.55
1805,11176340,574.9774,1085.3226,1.8876,88.76
1805,11176350,580.1573,1085.3226,1.8707,87.07
1805,11176400,336.6985,377.7013,1.1218,12.18
1805,11176500,380.7283,433.6298,1.1389,13.89
1805,11176600,442.888,433.6298,0.9791,-2.09
1805,11176900,1043.7652,1085.3226,1.0398,3.98
1805,11177000,1048.9452,1085.3226,1.0347,3.47
1805,11177200,19.3731,1085.3226,56.0221,5502.21
1805,11179000,1639.4625,1692.423,1.0323,3.23
1805,11179100,1652.4124,1692.423,1.0242,2.42
1805,11180000,1655.0024,1692.423,1.0226,2.26
1805,11180500,24.32,1692.423,69.5898,6858.98
1805,11180810,23.5171,119.9507,5.1006,410.06
1805,11180825,46.6198,119.9507,2.573,157.3
1805,11180900,27.1949,45.5328,1.6743,67.43
1805,11180960,14.996,45.5328,3.0363,203.63
1805,11180965,16.4982,45.5328,2.7599,175.99
1805,11181000,97.1246,119.9507,1.235,23.5
1805,11181004,2.5382,119.9507,47.2584,4625.84
1805,11181006,5.698,119.9507,21.0515,2005.15
1805,11181008,14.2708,119.9507,8.4053,740.53
1805,11181040,115.5135,73.2333,0.634,-36.6
1805,11181300,4.3253,89.5217,20.6973,1969.73
1805,11181330,4.5066,86.5557,19.2065,1820.65
1805,11181335,2.1497,86.5557,40.2643,3926.43
1805,11182030,3.8591,116.7613,30.2562,2925.62
1805,11182100,25.8999,116.7613,4.5082,350.82
1805,11182400,39.1088,61.6258,1.5758,57.58
1805,11182500,15.255,132.837,8.7077,770.77
1805,11182800,124.0604,132.837,1.0707,7.07
1805,11183000,131.5714,132.837,1.0096,0.96
1805,11183500,205.1271,373.6535,1.8216,82.16
1805,11183600,220.667,373.6535,1.6933,69.33
1805,11183670,220.926,373.6535,1.6913,69.13
1805,11183700,3.1598,80.7564,25.5575,2455.75
1805,11184000,20.0465,80.7564,4.0285,302.85
1805,11184500,73.2967,80.7564,1.1018,10.18
1805,11185000,5.0764,373.6535,73.6063,7260.63
1805,11185100,11.2664,373.6535,33.1652,3216.52
1805,11455900,56.7207,115.7411,2.0405,104.05
1805,11455950,11.6549,271.7767,23.3186,2231.86
1805,11456000,204.0911,271.7767,1.3316,33.16
1805,11456500,143.4853,192.5335,1.3418,34.18
1805,11457000,45.0658,74.6987,1.6575,65.75
1805,11457500,48.4328,74.6987,1.5423,54.23
1805,11458000,564.6174,732.2582,1.2969,29.69
1805,11458100,44.8068,76.8653,1.7155,71.55
1805,11458200,25.356,732.2582,28.8791,2787.91
1805,11458300,38.5908,732.2582,18.9749,1797.49
1805,11458350,32.6339,88.9553,2.7259,172.59
1805,11458370,1087.795,2326.7734,2.139,113.9
1805,11458433,37.0368,116.6237,3.1489,214.89
1805,11458500,151.2553,238.9539,1.5798,57.98
1805,11458600,11.6549,71.6684,6.1492,514.92
1805,11459000,80.0306,116.0956,1.4506,45.06
1805,11459150,117.5855,2326.7734,19.7879,1878.79
1805,11459300,74.8507,80.3263,1.0732,7.32
1805,11459500,45.5838,60.6385,1.3303,33.03
1805,11459800,3.2116,27.2396,8.4817,748.17
1805,11459830,1.7871,27.2396,15.2424,1424.24
1805,11460000,46.8788,47.9707,1.0233,2.33
1805,11460100,12.147,45.7105,3.7631,276.31
1805,11460151,18.3889,116.8348,6.3535,535.35
1805,11460160,1.813,49.0268,27.0419,2604.19
1805,11460170,20.2796,49.0268,2.4175,141.75
1805,11460400,88.8366,111.5713,1.2559,25.59
1805,11460500,94.7936,95.3463,1.0058,0.58
1805,11460600,211.602,276.8263,1.3082,30.82
1805,11460605,28.7489,276.8263,9.6291,862.91
1805,11460750,80.5486,193.814,2.4062,140.62
1805,11460800,103.8585,193.814,1.8661,86.61
1805,373507121472101,46.3608,102.4829,2.2106,121.06
1806,11119500,33.9288,45.6175,1.3445,34.45
1806,11119530,9.2204,157.8014,17.1145,1611.45
1806,11119660,7.9513,405.8553,51.0429,5004.29
1806,11119700,8.8319,405.8553,45.9535,4495.35
1806,11119745,17.0939,405.8553,23.7427,2274.27
1806,11119750,22.2739,405.8553,18.2211,1722.11
1806,11119760,1.6058,405.8553,252.7445,25174.45
1806,11119780,17.2234,405.8553,23.5641,2256.41
1806,11119900,9.9974,51.3369,5.1351,413.51
1806,11119940,16.5759,51.3369,3.0971,209.71
1806,11120000,48.9508,51.3369,1.0487,4.87
1806,11120500,14.2708,122.8565,8.6089,760.89
1806,11120510,24.3977,122.8565,5.0356,403.56
1806,11120520,8.029,122.8565,15.3017,1430.17
1806,11120530,11.4477,122.8565,10.7319,973.19
1806,11120550,48.6918,52.2105,1.0723,7.23
1806,11120600,53.0948,63.6269,1.1984,19.84
1806,11120700,8.0031,2697.0296,336.9997,33599.97
1806,11120800,21.9372,2697.0296,122.9432,12194.32
1806,11121000,36.0008,73.9763,2.0548,105.48
1806,11121010,36.0008,73.9763,2.0548,105.48
1806,11123000,559.4374,653.046,1.1673,16.73
1806,11123500,717.4267,787.3217,1.0974,9.74
1806,11124000,168.0902,197.7803,1.1766,17.66
1806,11124500,191.6591,197.7803,1.0319,3.19
1806,11125000,61.6417,67.9953,1.1031,10.31
1806,11125600,6.2678,1285.013,205.0191,20401.91
1806,11125605,6.2678,1285.013,205.0191,20401.91
1806,11126000,1092.975,1285.013,1.1757,17.57
1806,11126400,1111.1049,1285.8335,1.1573,15.73
1806,11126500,144.5213,145.1252,1.0042,0.42
1806,11127500,35.7418,46.6282,1.3046,30.46
1806,11128000,1328.6639,1585.0075,1.1929,19.29
1806,11128250,76.1457,105.5124,1.3857,38.57
1806,11128400,30.0439,1585.0075,52.7565,5175.65
1806,11128500,1499.6031,1585.0075,1.057,5.7
1806,11129000,39.1088,42.4586,1.0857,8.57
1806,11129500,1582.4827,1585.0075,1.0016,0.16
1806,11129800,84.9516,103.9621,1.2238,22.38
1806,11130000,102.0455,103.9621,1.0188,1.88
1806,11130500,1730.1121,1802.1042,1.0416,4.16
1806,11131000,1812.9917,1907.915,1.0524,5.24
1806,11131500,1833.7116,1907.915,1.0405,4.05
1806,11132000,1898.4613,1907.915,1.005,0.5
1806,11132500,121.9884,135.3459,1.1095,10.95
1806,11133000,2043.5006,2177.3702,1.0655,6.55
1806,11133500,2046.0906,2177.3702,1.0642,6.42
1806,11133700,12.3024,2177.3702,176.9868,17598.68
1806,11134000,2110.8403,2177.3702,1.0315,3.15
1806,11134500,2123.7903,2177.3702,1.0252,2.52
1806,11134800,30.0439,2177.3702,72.473,7147.3
1806,11135000,2185.95,2324.7352,1.0635,6.35
1806,11135200,20.2019,2324.7352,115.075,11407.5
1806,11135250,2281.7795,2324.7352,1.0188,1.88
1806,11135500,2318.0394,2324.7352,1.0029,0.29
1806,11135800,90.3906,199.0355,2.2019,120.19
1806,11136000,242.6819,249.0298,1.0262,2.62
1806,11136040,44.8068,46.6823,1.0419,4.19
1806,11136045,297.8486,249.0298,0.8361,-16.39
1806,11136100,349.6484,395.434,1.1309,13.09
1806,11136150,0.7252,395.434,545.2783,54427.83
1806,11136400,46.3608,60.6654,1.3086,30.86
1806,11136480,11.9657,363.7384,30.3983,2939.83
1806,11136500,232.8399,363.7384,1.5622,56.22
1806,11136600,106.7075,134.5632,1.261,26.1
1806,11136650,41.6988,41.7637,1.0016,0.16
1806,11136710,1914.0012,1981.7522,1.0354,3.54
1806,11136800,2294.7295,2907.83,1.2672,26.72
1806,11137000,2341.3493,2907.83,1.2419,24.19
1806,11137400,215.746,228.5287,1.0592,5.92
1806,11137500,224.293,228.5287,1.0189,1.89
1806,11137900,266.7688,305.3179,1.1445,14.45
1806,11138000,303.0286,305.3179,1.0076,0.76
1806,11138100,2931.8665,2966.0625,1.0117,1.17
1806,11138500,730.3766,744.1418,1.0188,1.88
1806,11139000,242.4229,242.6638,1.001,0.1
1806,11139350,43.5118,52.6549,1.2101,21.01
1806,11139500,74.3327,75.3595,1.0138,1.38
1806,11140000,1219.8844,1230.168,1.0084,0.84
1806,11140585,4237.2205,4300.3165,1.0149,1.49
1806,11140600,14.1672,4739.5,334.5395,33353.95
1806,11141000,4509.1693,4739.5,1.0511,5.11
1806,11141050,47.9148,65.0061,1.3567,35.67
1806,11141150,34.9648,175.5667,5.0212,402.12
1806,11141160,8.0549,175.5667,21.7964,2079.64
1806,11141280,54.1308,83.0041,1.5334,53.34
1806,11141300,176.8962,375.3156,2.1217,112.17
1806,11141400,47.1378,47.5342,1.0084,0.84
1806,11141500,264.1788,375.3156,1.4207,42.07
1806,11141600,38.8498,73.6949,1.8969,89.69
1806,11142080,62.1597,62.3389,1.0029,0.29
1806,11142100,36.2598,39.3136,1.0842,8.42
1806,11142200,32.3749,122.8474,3.7945,279.45
1806,11142240,59.3107,59.3754,1.0011,0.11
1806,11142300,68.1167,83.2424,1.2221,22.21
1806,11142500,106.7075,110.4805,1.0354,3.54
1806,11142550,89.6136,92.3927,1.031,3.1
1806,11142800,2.1238,432.5584,203.6728,20267.28
1806,11143000,120.4344,151.1968,1.2554,25.54
1806,11143010,149.9603,151.1968,1.0082,0.82
1806,11143200,499.8677,577.1744,1.1547,15.47
1806,11143250,639.7271,657.2059,1.0273,2.73
1806,11143300,35.7418,51.1783,1.4319,43.19
1806,11143500,182.0762,229.0233,1.2578,25.78
1806,11144000,24.7603,229.0233,9.2496,824.96
1806,11144200,15.3068,290.4884,18.9777,1797.77
1806,11144600,290.0787,423.4476,1.4598,45.98
1806,11145000,295.2586,423.4476,1.4342,43.42
1806,11145500,385.9082,423.4476,1.0973,9.73
1806,11147000,65.5267,173.8093,2.6525,165.25
1806,11147040,7.6405,52.8718,6.92,592.0
1806,11147070,47.1378,52.8718,1.1216,12.16
1806,11147098,173.0112,173.8093,1.0046,0.46
1806,11147500,1010.0954,1050.9161,1.0404,4.04
1806,11147600,261.5888,419.0187,1.6018,60.18
1806,11147700,23.9833,488.042,20.3493,1934.93
1806,11147800,587.9273,614.2861,1.0448,4.48
1806,11148000,2038.3206,2110.4569,1.0354,3.54
1806,11148500,2387.969,2461.5578,1.0308,3.08
1806,11148800,380.7283,433.6269,1.1389,13.89
1806,11148900,419.5781,433.6269,1.0335,3.35
1806,11149400,852.1061,962.6399,1.1297,12.97
1806,11149500,903.9059,962.6399,1.065,6.5
1806,11149650,13.3643,351.7561,26.3205,2532.05
1806,11149700,528.3576,549.9807,1.0409,4.09
1806,11149900,562.0274,630.7347,1.1222,12.22
1806,11150000,717.4267,836.8626,1.1665,16.65
1806,11150500,6565.6199,6798.9287,1.0355,3.55
1806,11150800,12.4319,80.9104,6.5083,550.83
1806,11151000,543.8975,600.3197,1.1037,10.37
1806,11151300,603.4672,675.2955,1.119,11.9
1806,11151500,670.8069,675.2955,1.0067,0.67
1806,11151700,9228.1276,9239.0131,1.0012,0.12
1806,11151870,292.6687,355.2837,1.2139,21.39
1806,11152000,631.9571,626.0784,0.9907,-0.93
1806,11152050,787.3564,770.2011,0.9782,-2.18
1806,11152300,10468.7319,10637.6128,1.0161,1.61
1806,11152500,10763.9906,11083.9542,1.0297,2.97
1806,11152540,82.6206,109.3109,1.323,32.3
1806,11152570,36.7778,11083.9542,301.376,30037.6
1806,11152600,95.0526,146.842,1.5449,54.49
1806,11152650,137.7874,290.8599,2.1109,111.09
1806,11152870,172.2342,173.3633,1.0066,0.66
1806,11153000,378.1383,735.8418,1.946,94.6
1806,11153040,398.8582,735.8418,1.8449,84.49
1806,11153470,24.9416,75.7899,3.0387,203.87
1806,11153500,50.7638,75.7899,1.493,49.3
1806,11153650,218.077,1322.8547,6.066,506.6
1806,11153700,1033.4053,1322.8547,1.2801,28.01
1806,11153790,7.4592,120.6286,16.1719,1517.19
1806,11153800,2.3569,120.6286,51.1813,5018.13
1806,11153900,54.3898,120.6286,2.2179,121.79
1806,11154000,78.7356,120.6286,1.5321,53.21
1806,11154100,19.1659,224.5491,11.7161,1071.61
1806,11154200,184.4072,224.5491,1.2177,21.77
1806,11154500,1307.944,224.5491,0.1717,-82.83
1806,11154700,37.5548,141.0379,3.7555,275.55
1806,11156000,279.7187,336.333,1.2024,20.24
1806,11156450,3.2116,75.1955,23.4138,2241.38
1806,11156500,647.497,911.8674,1.4083,40.83
1806,11156700,99.1965,103.8316,1.0467,4.67
1806,11157500,538.7175,568.1705,1.0547,5.47
1806,11158500,1517.733,1711.2684,1.1275,12.75
1806,11158600,1543.6329,1711.2684,1.1086,10.86
1806,11158900,26.4179,3367.8395,127.4833,12648.33
1806,11159000,3071.7259,3367.8395,1.0964,9.64
1806,11159150,27.4539,71.9526,2.6209,162.09
1806,11159200,72.0017,71.9526,0.9993,-0.07
1806,11159400,18.2594,136.1893,7.4586,645.86
1806,11159490,145.2983,136.1893,0.9373,-6.27
1806,11159500,3294.4649,62.4117,0.0189,-98.11
1806,11159690,26.4179,63.2373,2.3937,139.37
1806,11159700,31.8569,63.2373,1.985,98.5
1806,11159800,31.5979,110.0352,3.4824,248.24
1806,11159940,82.8796,110.0352,1.3277,32.77
1806,11160000,104.1175,110.0352,1.0568,5.68
1806,11160020,15.9802,132.7617,8.3079,730.79
1806,11160060,41.4398,132.7617,3.2037,220.37
1806,11160070,29.2669,132.7617,4.5362,353.62
1806,11160200,23.2581,273.5647,11.7621,1076.21
1806,11160300,28.7489,273.5647,9.5157,851.57
1806,11160430,22.8178,273.5647,11.9891,1098.91
1806,11160500,274.5387,352.5455,1.2841,28.41
1806,11161000,297.8486,352.5455,1.1836,18.36
1806,11161500,44.8068,352.5455,7.8681,686.81
1807,11010900,1.5799,634.7027,401.7379,40073.79
1807,11011900,2.0202,68.9085,34.1099,3310.99
1807,11012000,802.8963,810.1626,1.0091,0.91
1807,11012100,2.59,107.829,41.633,4063.3
1807,11012500,220.149,244.7262,1.1116,11.16
1807,11013000,1245.7843,1286.4504,1.0326,3.26
1807,11013500,4390.0298,4448.4405,1.0133,1.33
1807,11013600,5.8534,45.1207,7.7085,670.85
1807,11014000,181.5582,255.8946,1.4094,40.94
1807,11014850,6.216,113.9195,18.3269,1732.69
1807,11015000,117.5855,240.7896,2.0478,104.78
1807,11015001,117.5855,240.7896,2.0478,104.78
1807,11016000,290.0787,338.3495,1.1664,16.64
1807,11016200,339.2884,470.0416,1.3854,38.54
1807,11021300,26.4179,43.1526,1.6335,63.35
1807,11021500,170.9392,213.4219,1.2485,24.85
1807,11022000,192.1771,213.4219,1.1105,11.05
1807,11022200,31.5979,880.3673,27.8616,2686.16
1807,11022350,55.1667,72.9085,1.3216,32.16
1807,11022480,953.1156,1119.9416,1.175,17.5
1807,11022500,976.4255,1119.9416,1.147,14.7
1807,11022830,27.9719,43.2981,1.5479,54.79
1807,11023000,1111.1049,1119.9416,1.008,0.8
1807,11023100,20.4609,1279.9467,62.5557,6155.57
1807,11023250,20.5127,149.2729,7.2771,627.71
1807,11023310,21.0566,149.2729,7.0891,608.91
1807,11023315,2.4087,149.2729,61.9727,6097.27
1807,11023318,6.2937,149.2729,23.7179,2271.79
1807,11023320,10.7226,149.2729,13.9214,1292.14
1807,11023325,14.1413,149.2729,10.5558,955.58
1807,11023330,80.8076,149.2729,1.8473,84.73
1807,11023340,109.0385,149.2729,1.369,36.9
1807,11023400,40.9218,46.8111,1.1439,14.39
1807,11023450,2.8749,243.6603,84.7548,8375.48
1807,11023500,32.3749,83.273,2.5722,157.22
1807,11024500,39.6268,273.4606,6.9009,590.09
1807,11025500,290.0787,328.8749,1.1337,13.37
1807,11026000,331.5185,691.3233,2.0853,108.53
1807,11027000,58.2747,71.7225,1.2308,23.08
1807,11027500,71.7427,71.7225,0.9997,-0.03
1807,11028500,149.1833,163.8695,1.0984,9.84
1807,11029000,644.907,691.3233,1.072,7.2
1807,11029500,696.7068,779.6969,1.1191,11.91
1807,11030500,875.416,891.9531,1.0189,1.89
1807,11030730,167.3132,220.9811,1.3208,32.08
1807,11031000,87.0236,90.2648,1.0372,3.72
1807,11031500,49.2098,126.683,2.5743,157.43
1807,11032500,36.5188,70.0092,1.9171,91.71
1807,11033000,66.0447,70.0092,1.06,6.0
1807,11035000,533.5376,531.5002,0.9962,-0.38
1807,11035500,616.4172,674.1492,1.0937,9.37
1807,11036700,730.3766,805.7648,1.1032,10.32
1807,11037700,28.4899,805.7648,28.2825,2728.25
1807,11037701,28.4899,805.7648,28.2825,2728.25
1807,11038500,821.0262,935.9629,1.14,14.0
1807,11039100,2.6159,935.9629,357.7993,35679.93
1807,11039600,10.6449,935.9629,87.9263,8692.63
1807,11039800,942.7557,1001.2548,1.0621,6.21
1807,11040000,966.0656,1001.2548,1.0364,3.64
1807,11040200,19.8134,94.9667,4.7931,379.31
1807,11040500,1181.0346,1182.2258,1.001,0.1
1807,11040700,1292.4041,1447.3403,1.1199,11.99
1807,11041000,1328.6639,1447.3403,1.0893,8.93
1807,11042000,1442.6234,1447.3403,1.0033,0.33
1807,11042400,339.2884,355.8712,1.0489,4.89
1807,11042490,315.9785,401.1937,1.2697,26.97
1807,11042520,828.7962,940.5887,1.1349,13.49
1807,11042631,33.9288,940.5887,27.7224,2672.24
1807,11042700,77.6996,137.9655,1.7756,77.56
1807,11042800,143.4853,147.0548,1.0249,2.49
1807,11042900,233.6169,230.6407,0.9873,-1.27
1807,11043000,574.9774,573.6777,0.9977,-0.23
1807,11044000,1522.913,1681.1201,1.1039,10.39
1807,11044250,26.6769,1681.1201,63.0179,6201.79
1807,11044300,1605.7926,1681.1201,1.0469,4.69
1807,11044350,54.6487,55.6691,1.0187,1.87
1807,11044500,1667.9523,1681.1201,1.0079,0.79
1807,11044600,1.3468,1681.1201,1248.2386,124723.86
1807,11044800,85.4696,123.9672,1.4504,45.04
1807,11044900,123.0244,123.9672,1.0077,0.77
1807,11045000,1825.9416,1917.8216,1.0503,5.03
1807,11045050,1838.8916,1917.8216,1.0429,4.29
1807,11045300,18.0522,1917.8216,106.2375,10523.75
1807,11045370,0.0777,1917.8216,24682.5023,2468150.23
1807,11045600,25.3042,1917.8216,75.7907,7479.07
1807,11045700,25.3042,1917.8216,75.7907,7479.07
1807,11046000,1872.5614,1917.8216,1.0242,2.42
1807,11046050,1914.0012,1917.8216,1.002,0.2
1807,11046062,4.144,2077.3097,501.2836,50028.36
1807,11046072,23.802,2077.3097,87.2746,8627.46
1807,11046082,5.6203,2077.3097,369.61,36861.0
1807,11046090,40.4038,69.0818,1.7098,70.98
1807,11046100,67.5987,69.0818,1.0219,2.19
1807,11046102,69.9297,69.0818,0.9879,-1.21
1807,11046200,89.6136,110.5011,1.2331,23.31
1807,11046250,109.2975,110.5011,1.011,1.1
1807,11046252,109.8155,110.5011,1.0062,0.62
1807,11046300,209.271,345.6084,1.6515,65.15
1807,11046310,238.0199,345.6084,1.452,45.2
1807,11046325,239.5739,345.6084,1.4426,44.26
1807,11046350,75.1097,345.6084,4.6014,360.14
1807,11046360,81.8436,345.6084,4.2228,322.28
1807,11046370,341.8784,345.6084,1.0109,1.09
1807,11046372,360.0083,345.6084,0.96,-4.0
1807,11046400,109.0385,201.6755,1.8496,84.96
1807,11046500,274.5387,457.7442,1.6673,66.73
1807,11046501,303.0286,457.7442,1.5106,51.06
1807,11046530,282.3087,457.7442,1.6214,62.14
1807,11046550,303.0286,457.7442,1.5106,51.06
1807,11047000,92.4626,141.3039,1.5282,52.82
1807,11047200,36.2598,141.3039,3.897,289.7
1807,11047300,140.1184,141.3039,1.0085,0.85
1807,11047350,450.6579,457.7442,1.0157,1.57
1807,11047500,20.4868,85.2376,4.1606,316.06
1807,11047700,89.0956,85.2376,0.9567,-4.33
1807,11048000,238.2789,357.7698,1.5015,50.15
1807,11048175,5.439,107.7274,19.8066,1880.66
1807,11048200,7.3815,107.7274,14.5943,1359.43
1807,11048500,108.2615,107.7274,0.9951,-0.49
1807,11048553,18.2853,357.7698,19.566,1856.6
1807,11048555,287.4887,357.7698,1.2445,24.45
1807,11048600,13.96,357.7698,25.6281,2462.81
1807,11049300,468.7878,540.9779,1.154,15.4
1807,11051499,543.8975,804.9031,1.4799,47.99
1807,11052800,52.3178,109.7344,2.0975,109.75
1807,11054000,109.8155,109.7344,0.9993,-0.07
1807,11055000,127.1684,804.9031,6.3294,532.94
1807,11055500,43.7708,51.2462,1.1708,17.08
1807,11055501,43.7708,51.2462,1.1708,17.08
1807,11055800,50.7638,59.9338,1.1806,18.06
1807,11055801,50.7638,59.9338,1.1806,18.06
1807,11056000,852.1061,804.9031,0.9446,-5.54
1807,11056200,929.8057,1861.5376,2.0021,100.21
1807,11056500,4.5066,73.068,16.2136,1521.36
1807,11057000,305.6186,315.2766,1.0316,3.16
1807,11057500,323.7485,315.2766,0.9738,-2.62
1807,11058000,8.029,82.8834,10.3231,932.31
1807,11058500,22.7919,82.8834,3.6365,263.65
1807,11058600,12.4837,82.8834,6.6393,563.93
1807,11059000,123.8014,1861.5376,15.0365,1403.65
1807,11059300,1401.1836,1861.5376,1.3285,32.85
1807,11060400,28.4899,1861.5376,65.3403,6434.03
1807,11062000,120.6934,420.8707,3.4871,248.71
1807,11063000,105.1535,105.3209,1.0016,0.16
1807,11063500,39.1088,184.35,4.7138,371.38
1807,11063510,146.3343,184.35,1.2598,25.98
1807,11063680,14.219,56.9829,4.0075,300.75
1807,11065000,481.7378,1861.5376,3.8642,286.42
1807,11065800,497.2777,1861.5376,3.7435,274.35
1807,11065801,670.8069,1861.5376,2.7751,177.51
1807,11066050,1867.3814,5852.2118,3.1339,213.39
1807,11066440,2092.7104,5852.2118,2.7965,179.65
1807,11066460,2206.6699,5852.2118,2.6521,165.21
1807,11066500,2209.2599,5852.2118,2.6489,164.89
1807,11067000,11.8103,5852.2118,495.5157,49451.57
1807,11067001,11.8103,5852.2118,495.5157,49451.57
1807,11067480,2486.3886,5852.2118,2.3537,135.37
1807,11067500,2595.1681,5852.2118,2.255,125.5
1807,11067890,2615.888,5852.2118,2.2372,123.72
1807,11068000,2615.888,5852.2118,2.2372,123.72
1807,11069300,5.698,289.5104,50.8094,4980.94
1807,11069500,367.7783,637.2009,1.7326,73.26
1807,11070000,102.5635,132.159,1.2886,28.86
1807,11070020,123.2834,132.159,1.072,7.2
1807,11070050,125.8734,132.159,1.0499,4.99
1807,11070070,134.1614,132.159,0.9851,-1.49
1807,11070150,652.677,901.1641,1.3807,38.07
1807,11070210,945.3457,1448.1911,1.5319,53.19
1807,11070232,1.2432,126.8401,102.0276,10102.76
1807,11070240,34.4468,126.8401,3.6822,268.22
1807,11070256,131.0534,255.4962,1.9496,94.96
1807,11070262,27.4539,255.4962,9.3064,830.64
1807,11070263,1.1914,255.4962,214.4514,21345.14
1807,11070270,241.6459,255.4962,1.0573,5.73
1807,11070365,1450.3933,1448.1911,0.9985,-0.15
1807,11070375,1455.5733,1880.1526,1.2917,29.17
1807,11070465,300.4386,326.6058,1.0871,8.71
1807,11070475,315.9785,326.6058,1.0336,3.36
1807,11070500,1872.5614,1880.1526,1.0041,0.41
1807,11071760,10.878,2406.6234,221.2387,22023.87
1807,11071900,149.9603,2188.8359,14.5961,1359.61
1807,11072000,424.7581,2406.6234,5.6659,466.59
1807,11072100,580.1573,2634.4524,4.5409,354.09
1807,11072200,644.907,2634.4524,4.085,308.5
1807,11073000,44.2888,69.6798,1.5733,57.33
1807,11073200,69.6707,167.9623,2.4108,141.08
1807,11073300,94.7936,167.9623,1.7719,77.19
1807,11073360,126.6504,167.9623,1.3262,32.62
1807,11073440,277.1287,599.4813,2.1632,116.32
1807,11073470,26.1848,146.6465,5.6004,460.04
1807,11073493,15.5658,146.6465,9.4211,842.11
1807,11073495,196.3211,238.5158,1.2149,21.49
1807,11073500,564.6174,5852.2118,10.3649,936.49
1807,11074000,3859.0823,5949.9294,1.5418,54.18
1807,11074500,3910.882,5949.9294,1.5214,52.14
1807,11075600,3998.9416,6033.3598,1.5087,50.87
1807,11075610,4001.5316,6033.3598,1.5078,50.78
1807,11075720,50.5048,149.1975,2.9541,195.41
1807,11075730,51.0228,149.1975,2.9241,192.41
1807,11075740,52.0588,149.1975,2.8659,186.59
1807,11075755,4110.3111,6033.3598,1.4679,46.79
1807,11075760,4125.8511,6033.3598,1.4623,46.23
1807,11075800,32.3749,131.4773,4.0611,306.11
1807,11077000,219.113,241.125,1.1005,10.05
1807,11077001,217.041,241.125,1.111,11.1
1807,11077500,255.3728,241.125,0.9442,-5.58
1807,11078000,4402.9798,6364.9139,1.4456,44.56
1807,11078100,4405.5698,6364.9139,1.4447,44.47
1807,11080000,150.7373,240.8869,1.5981,59.81
1807,11080500,219.113,240.8869,1.0994,9.94
1807,11080880,106.4485,270.1209,2.5376,153.76
1807,11081000,73.0377,72.8267,0.9971,-0.29
1807,11081500,48.1738,48.668,1.0103,1.03
1807,11082000,269.3588,270.1209,1.0028,0.28
1807,11083500,554.2575,913.2133,1.6476,64.76
1807,11084000,17.1975,913.2133,53.1014,5210.14
1807,11084500,16.4723,913.2133,55.4392,5443.92
1807,11085000,611.2372,913.2133,1.494,49.4
1807,11085560,83.6566,259.8984,3.1067,210.67
1807,11086000,18.7515,259.8984,13.8601,1286.01
1807,11086300,42.2168,51.1348,1.2112,21.12
1807,11086400,47.3968,51.1348,1.0789,7.89
1807,11086500,7.0448,259.8984,36.8924,3589.24
1807,11086990,227.401,214.8807,0.9449,-5.51
1807,11087020,1144.7747,1703.7308,1.4883,48.83
1807,11087195,229.7319,1703.7308,7.4162,641.62
1807,11087500,1157.7247,1703.7308,1.4716,47.16
1807,11088000,1222.4744,1703.7308,1.3937,39.37
1807,11088500,55.9437,127.1635,2.2731,127.31
1807,11089000,61.1237,51.5293,0.843,-15.7
1807,11089500,12.7945,51.5293,4.0274,302.74
1807,11090000,19.4249,51.5293,2.6527,165.27
1807,11090200,31.3389,51.5293,1.6443,64.43
1807,11090500,310.7986,1703.7308,5.4818,448.18
1807,11090700,388.4982,1703.7308,4.3854,338.54
1807,11092000,26.6769,56.3127,2.1109,111.09
1807,11092450,409.2181,1207.1574,2.9499,194.99
1807,11093000,73.2967,140.4072,1.9156,91.56
1807,11093490,15.0219,57.1872,3.8069,280.69
1807,11093500,56.2027,57.1872,1.0175,1.75
1807,11094000,168.0902,212.8201,1.2661,26.61
1807,11094500,174.8242,212.8201,1.2173,21.73
1807,11095000,23.8797,212.8201,8.9122,791.22
1807,11095500,274.5387,395.2799,1.4398,43.98
1807,11096000,3.2634,395.2799,121.1257,12012.57
1807,11096500,54.6487,53.996,0.9881,-1.19
1807,11097000,396.2682,1207.1574,3.0463,204.63
1807,11097260,0.9065,1207.1574,1331.6745,133067.45
1807,11097500,1331.2539,1450.4322,1.0895,8.95
1807,11098000,41.4398,118.0949,2.8498,184.98
1807,11098500,1551.4029,1609.9239,1.0377,3.77
1807,11099500,13.7269,139.8424,10.1874,918.74
1807,11100000,25.1488,139.8424,5.5606,456.06
1807,11100500,4.7656,139.8424,29.3443,2834.43
1807,11100760,22.0149,139.8424,6.3522,535.22
1807,11101000,16.7572,61.4014,3.6642,266.42
1807,11101080,51.5408,61.4014,1.1913,19.13
1807,11101180,28.7489,337.7445,11.7481,1074.81
1807,11101250,236.2069,337.7445,1.4299,42.99
1807,11101380,39.3678,337.7445,8.5792,757.92
1807,11101500,300.4386,337.7445,1.1242,12.42
1807,11102000,10.7744,337.7445,31.3471,3034.71
1807,11102300,321.1585,337.7445,1.0516,5.16
1807,11102500,370.3683,337.7445,0.9119,-8.81
1807,11102750,37.5548,2151.2202,57.2821,5628.21
1807,11103000,2141.9202,2151.2202,1.0043,0.43
1807,11103010,2152.2801,2151.2202,0.9995,-0.05
1807,11103500,231.8039,331.6195,1.4306,43.06
1807,11104000,46.6198,50.9251,1.0923,9.23
1807,11105500,271.9488,283.7526,1.0434,4.34
1807,11105510,282.8267,283.7526,1.0033,0.33
1807,11105850,182.8532,292.8529,1.6016,60.16
1807,11106000,435.118,430.9303,0.9904,-0.96
1807,11106400,166.2772,202.7346,1.2193,21.93
1807,11106500,180.7812,202.7346,1.1214,12.14
1807,11106550,642.3171,802.834,1.2499,24.99
1807,11107000,6.6563,71.8201,10.7898,978.98
1807,11107500,34.9648,71.8201,2.0541,105.41
1807,11107745,406.6281,618.5091,1.5211,52.11
1807,11107770,72.5197,75.4988,1.0411,4.11
1807,11107860,133.6434,188.4853,1.4104,41.04
1807,11107870,157.7303,188.4853,1.195,19.5
1807,11107922,112.4055,116.4552,1.036,3.6
1807,11108000,1064.4851,1685.4221,1.5833,58.33
1807,11108075,95.8296,97.359,1.016,1.6
1807,11108080,70.4477,70.2235,0.9968,-0.32
1807,11108090,6.475,215.8169,33.331,3233.1
1807,11108095,5.4908,215.8169,39.3054,3830.54
1807,11108130,113.1825,139.592,1.2333,23.33
1807,11108134,357.4184,477.981,1.3373,33.73
1807,11108135,357.4184,477.981,1.3373,33.73
1807,11108145,476.5578,477.981,1.003,0.3
1807,11108500,1618.7426,1685.4221,1.0412,4.12
1807,11109000,1670.5423,1685.4221,1.0089,0.89
1807,11109100,58.2747,174.9752,3.0026,200.26
1807,11109200,14.2449,182.7398,12.8284,1182.84
1807,11109250,152.0323,182.7398,1.202,20.2
1807,11109375,512.8176,531.5179,1.0365,3.65
1807,11109395,160.0613,176.0767,1.1001,10.01
1807,11109525,764.0465,869.1232,1.1375,13.75
1807,11109550,797.7163,869.1232,1.0895,8.95
1807,11109600,963.4756,1094.5453,1.136,13.6
1807,11109800,1100.7449,1133.8421,1.0301,3.01
1807,11110000,1131.8248,1133.8421,1.0018,0.18
1807,11110500,61.1237,65.5003,1.0716,7.16
1807,11111500,128.2044,247.7301,1.9323,93.23
1807,11113000,652.677,696.0294,1.0664,6.64
1807,11113001,650.087,696.0294,1.0707,7.07
1807,11113500,99.4555,117.4136,1.1806,18.06
1807,11114000,4081.8213,4164.112,1.0202,2.02
1807,11114495,123.8014,141.3592,1.1418,14.18
1807,11114500,131.3124,141.3592,1.0765,7.65
1807,11115500,141.4134,141.3592,0.9996,-0.04
1807,11116000,40.4038,41.6303,1.0304,3.04
1807,11116500,183.1122,238.8641,1.3045,30.45
1807,11116550,197.8751,238.8641,1.2071,20.71
1807,11117000,87.2826,132.5351,1.5185,51.85
1807,11117500,132.6074,132.5351,0.9995,-0.05
1807,11117600,34.1878,106.986,3.1294,212.94
1807,11117800,23.5948,106.986,4.5343,353.43
1807,11118000,106.7075,106.986,1.0026,0.26
1807,11118500,486.9178,584.3446,1.2001,20.01
1807,11118501,486.9178,584.3446,1.2001,20.01
1808,10354000,323.7485,689.4041,2.1294,112.94
1808,10354700,5.8534,127.7756,21.8294,2082.94
1808,10355000,50.7638,109.1353,2.1499,114.99
1808,10355500,2.7195,109.1353,40.1308,3913.08
1808,10356500,477.0758,496.9927,1.0417,4.17
1808,10357000,40.6628,61.4581,1.5114,51.14
1808,10358470,7.9772,1639.6389,205.5416,20454.16
1808,10358500,233.0989,1639.6389,7.0341,603.41
1808,10359100,14.5816,2778.7878,190.5677,18956.77
1808,10359250,64.2317,82.6993,1.2875,28.75
1808,10359300,585.3373,586.2068,1.0015,0.15
1808,10359350,2.3569,97.5506,41.3896,4038.96
1808,10360230,16.4723,45.3464,2.7529,175.29
1808,10360900,66.3037,77.0337,1.1618,16.18
1808,10361000,69.9297,77.0337,1.1016,10.16
1809,10250600,60.8647,85.5651,1.4058,40.58
1809,10250800,448.0679,483.0585,1.0781,7.81
1809,10251000,2.4605,1719.7912,698.9633,69796.33
1809,10251259,3993.7617,4579.6071,1.1467,14.67
1809,10251300,8003.0633,8819.7506,1.102,10.2
1809,10251330,8394.1515,8819.7506,1.0507,5.07
1809,10251335,89.3546,376.2667,4.2109,321.09
1809,10251350,7.9254,42.2778,5.3345,433.45
1809,10251375,8505.521,8878.9936,1.0439,4.39
1809,10260470,4.0922,44.3256,10.8318,983.18
1809,10260480,17.5083,44.3256,2.5317,153.17
1809,10260500,347.0584,349.5785,1.0073,0.73
1809,10260550,8.3398,87.5833,10.5019,950.19
1809,10260620,0.9065,87.5833,96.6174,9561.74
1809,10260630,2.9785,87.5833,29.4053,2840.53
1809,10260650,6.9412,87.5833,12.6179,1161.79
1809,10260700,29.0079,87.5833,3.0193,201.93
1809,10260820,88.0596,87.5833,0.9946,-0.54
1809,10260865,6.7081,192.7137,28.7286,2772.86
1809,10260950,182.0762,192.7137,1.0584,5.84
1809,10261000,182.0762,192.7137,1.0584,5.84
1809,10261100,541.3075,599.6981,1.1079,10.79
1809,10261500,1328.6639,1157.1365,0.8709,-12.91
1809,10261800,1.8648,2377.1346,1274.7455,127374.55
1809,10261900,2481.2086,2377.1346,0.9581,-4.19
1809,10262000,2825.677,3168.095,1.1212,12.12
1809,10262500,3341.0847,3412.0176,1.0212,2.12
1809,10262600,0.6216,3412.0176,5489.1139,548811.39
1809,10262700,84.9516,3783.6917,44.5394,4353.94
1809,10263000,5493.3648,4412.7485,0.8033,-19.67
1809,10263500,59.3107,129.9225,2.1905,119.05
1809,10263630,89.0956,129.9225,1.4582,45.82
1809,10263665,39.1088,40.9133,1.0461,4.61
1809,10263675,137.5284,180.9844,1.316,31.6
1809,10263900,1.2432,80.7933,64.9885,6398.85
1809,10264000,126.9094,165.0741,1.3007,30.07
1809,10264100,29.2669,165.0741,5.6403,464.03
1809,10264500,202.0191,268.9861,1.3315,33.15
1809,10264502,0.2072,268.9861,1298.2016,129720.16
1809,10264503,2.072,129.595,62.5461,6154.61
1809,10264508,0.4144,129.595,312.7306,31173.06
1809,10264510,0.0777,59.7656,769.1869,76818.69
1809,10264530,4.6102,77.2966,16.7665,1576.65
1809,10264550,1.0101,77.2966,76.5241,7552.41
1809,10264555,0.2849,188.2061,660.6072,65960.72
1809,10264560,9.324,45.1073,4.8378,383.78
1809,10264590,92.4626,89.1463,0.9641,-3.59
1809,10264600,40.9218,109.8722,2.6849,168.49
1809,10264605,9.9197,109.8722,11.0762,1007.62
1809,10264646,23.9574,49.069,2.0482,104.82
1809,10264650,1.9684,49.069,24.9285,2392.85
1809,10264658,435.118,533.9536,1.2271,22.71
1809,10264660,453.2479,533.9536,1.1781,17.81
1809,10264675,4.4807,49.243,10.9901,999.01
1809,10264682,14.0118,92.1262,6.5749,557.49
1809,10264710,106.9665,271.4047,2.5373,153.73
1809,10264740,249.9339,286.6881,1.1471,14.71
1809,10264750,88.474,94.8148,1.0717,7.17
1809,10264770,422.1681,446.5893,1.0578,5.78
1809,10264870,21.471,686.1716,31.9581,3095.81
1809,10264878,26.9359,92.0196,3.4162,241.62
1809,10265100,102.3045,109.733,1.0726,7.26
1809,10265150,176.8962,227.6822,1.2871,28.71
1809,10265160,16.4982,227.6822,13.8004,1280.04
1809,10265200,47.1378,154.6187,3.2801,228.01
1809,10265500,1100.7449,1093.1509,0.9931,-0.69
1809,10268000,1543.6329,1829.7691,1.1854,18.54
1809,10268227,6.3196,90.5019,14.3209,1332.09
1809,10270800,34.7058,81.6946,2.3539,135.39
1809,10270830,72.0017,81.6946,1.1346,13.46
1809,10270872,43.2528,84.897,1.9628,96.28
1809,10270877,81.8436,84.897,1.0373,3.73
1809,10270885,167.0542,268.8656,1.6095,60.95
1809,10270940,188.2921,268.8656,1.4279,42.79
1809,10270960,66.5627,268.8656,4.0393,303.93
1809,10270970,258.9988,268.8656,1.0381,3.81
1809,10271200,269.3588,268.8656,0.9982,-0.18
1809,10271210,269.3588,268.8656,0.9982,-0.18
1809,10271211,269.3588,268.8656,0.9982,-0.18
1809,10276000,84.4336,106.9482,1.2667,26.67
1809,10276500,70.7067,96.4037,1.3634,36.34
1809,10277000,27.9719,96.4037,3.4464,244.64
1809,10277400,5086.7366,5858.4373,1.1517,15.17
1809,10277500,5117.8165,5858.4373,1.1447,14.47
1809,10278000,29.7849,5858.4373,196.6918,19569.18
1809,10278500,29.0079,114.1714,3.9359,293.59
1809,10281500,69.6707,64.5268,0.9262,-7.38
1809,10281800,46.8788,448.3252,9.5635,856.35
1809,10282000,48.6918,448.3252,9.2074,820.74
1809,10282480,69.1527,82.8004,1.1974,19.74
1809,10284800,4.4289,84.1124,18.9918,1799.18
1809,10285500,38.0728,77.0962,2.025,102.5
1809,10285700,6744.329,7450.9872,1.1048,10.48
1809,10286000,103.8585,118.4873,1.1409,14.09
1809,10287069,44.2888,62.6554,1.4147,41.47
1809,10287070,44.2888,62.6554,1.4147,41.47
1809,10287071,44.2888,62.6554,1.4147,41.47
1809,10287262,39.6268,150.8765,3.8074,280.74
1809,10287281,56.9797,150.8765,2.6479,164.79
1809,10287289,60.3467,150.8765,2.5002,150.02
1809,10287290,60.3467,150.8765,2.5002,150.02
1809,10287291,60.3467,150.8765,2.5002,150.02
1809,10287400,132.8664,150.8765,1.1356,13.56
1809,10287655,11.4736,121.3419,10.5757,957.57
1809,10287720,9.5053,121.3419,12.7658,1176.58
1809,10287770,43.2528,121.3419,2.8054,180.54
1809,10287780,68.1167,121.3419,1.7814,78.14
1809,10287900,90.3906,121.3419,1.3424,34.24
1809,10251215,245.0129,246.1795,1.0048,0.48
1809,10251218,1217.2944,1606.1016,1.3194,31.94
1809,10251220,1217.2944,1606.1016,1.3194,31.94
1809,10251242,105.6715,218.6621,2.0693,106.93
1809,10251243,34.4468,218.6621,6.3478,534.78
1809,10251248,10.101,177.5752,17.58,1658.0
1809,10251249,176.6372,177.5752,1.0053,0.53
1809,10251250,667.1032,742.9475,1.1137,11.37
1809,102512531,1.2173,881.5738,724.2076,72320.76
1809,102512533,2.1238,881.5738,415.0946,41409.46
1809,102512535,1.7612,881.5738,500.5552,49955.52
1809,1025125356,0.5957,881.5738,1479.9025,147890.25
1809,102512537,0.8547,881.5738,1031.4472,103044.72
1809,1025125372,6.0865,881.5738,144.8415,14384.15
1809,10251255,788.237,881.5738,1.1184,11.84
1809,10251258,818.4362,588.9396,0.7196,-28.04
1810,10253080,8.5729,1160.1631,135.3298,13432.98
1810,10253320,258.9988,268.7765,1.0378,3.78
1810,10253350,22.1444,90.9392,4.1066,310.66
1810,10253540,62.4187,97.64,1.5643,56.43
1810,10253600,19.9688,72.7391,3.6426,264.26
1810,10254050,696.7068,680.417,0.9766,-2.34
1810,10255200,0.2849,368.0979,1292.0309,129103.09
1810,10255700,231.0269,259.6767,1.124,12.4
1810,10255800,372.9583,463.5255,1.2428,24.28
1810,10255805,398.8582,262.1028,0.6571,-34.29
1810,10255810,56.4617,149.1168,2.641,164.1
1810,10255820,0.1295,873.5005,6745.2088,674420.88
1810,10255850,102.8225,227.872,2.2162,121.62
1810,10255885,4384.8499,4050.2964,0.9237,-7.63
1810,10255890,4.3771,681.0698,155.5991,15459.91
1810,10255895,6.475,681.0698,105.185,10418.5
1810,10256000,148.9243,681.0698,4.5733,357.33
1810,10256060,153.0683,681.0698,4.4495,344.95
1810,10256200,38.3318,122.6446,3.1996,219.96
1810,10256300,114.4775,122.6446,1.0713,7.13
1810,10256400,398.8582,419.8228,1.0526,5.26
1810,10256500,28.2309,44.4787,1.5755,57.55
1810,10256501,28.2309,44.4787,1.5755,57.55
1810,10257499,10.7226,523.0998,48.785,4778.5
1810,10257500,10.7226,523.0998,48.785,4778.5
1810,10257548,683.7569,991.0594,1.4494,44.94
1810,10257549,683.7569,991.0594,1.4494,44.94
1810,10257550,683.7569,991.0594,1.4494,44.94
1810,10257600,92.2036,130.5261,1.4156,41.56
1810,10257650,96.6066,130.5261,1.3511,35.11
1810,10257710,9.9456,991.0594,99.6485,9864.85
1810,10257720,12.1988,991.0594,81.2421,8024.21
1810,10257800,50.7638,99.2557,1.9552,95.52
1810,10258000,43.7708,91.2527,2.0848,108.48
1810,10258100,1.2173,85.7908,70.4766,6947.66
1810,10258500,241.1279,268.1221,1.1119,11.19
1810,10258700,22.7401,268.1221,11.7907,1079.07
1810,10259000,22.4034,407.701,18.1982,1719.82
1810,10259050,360.0083,1461.032,4.0583,305.83
1810,10259100,1522.913,1461.032,0.9594,-4.06
1810,10259200,79.2536,175.9358,2.2199,121.99
1810,10259300,2779.0572,3290.6409,1.1841,18.41
1810,10259540,3872.0322,3883.5429,1.003,0.3
1810,10259600,1.6835,233.4594,138.6757,13767.57
1810,10260200,39.1088,63.219,1.6165,61.65
1810,10260400,16.4723,83.2002,5.0509,405.09
2001,16700000,55.4516,460.8108,8.3101,731.01
2001,16700600,84.6926,460.8108,5.441,444.1
2001,16701200,91.0381,460.8108,5.0617,406.17
2001,16701300,94.0943,460.8108,4.8973,389.73
2001,16701600,22.6624,460.8108,20.3337,1933.37
2001,16701700,11.9398,158.3826,13.265,1226.5
2001,16701750,78.5543,158.3826,2.0162,101.62
2001,16701800,99.5591,158.3826,1.5908,59.08
2001,16703000,251.7468,577.1399,2.2925,129.25
2001,16704000,384.8722,577.1399,1.4996,49.96
2001,16709000,12.5355,577.1399,46.0403,4504.03
2001,16713000,635.7903,577.1399,0.9078,-9.22
2001,16716000,19.917,65.9037,3.3089,230.89
2001,16717000,31.1835,65.9037,2.1134,111.34
2001,16717600,1.6576,123.5569,74.54,7354.0
2001,16717700,4.5325,123.5569,27.2603,2626.03
2001,16717800,7.3038,154.9914,21.2207,2022.07
2001,16717815,3.5224,154.9914,44.0018,4300.18
2001,16717820,2.6936,154.9914,57.5409,5654.09
2001,16720000,3.9886,66.1833,16.5932,1559.32
2001,16720300,1.0878,66.1833,60.8417,5984.17
2001,16725000,2.1497,66.1833,30.7874,2978.74
2001,16732200,37.0368,66.1833,1.787,78.7
2001,16737000,1.9684,41.466,21.0659,2006.59
2001,16738000,2.0202,41.466,20.5258,1952.58
2001,16739000,1.8389,41.466,22.5494,2154.94
2001,16740000,0.3626,45.0393,124.2127,12321.27
2001,16741000,0.8547,45.0393,52.6963,5169.63
2001,16742000,0.518,45.0393,86.9489,8594.89
2001,16747500,12.8463,43.1111,3.3559,235.59
2001,16751500,3.8073,65.467,17.1952,1619.52
2001,16756000,6.1901,145.7522,23.5461,2254.61
2001,16756100,6.4232,145.7522,22.6916,2169.16
2001,16756300,6.6304,145.7522,21.9825,2098.25
2001,16756500,11.4477,145.7522,12.732,1173.2
2001,16757000,2.331,145.7522,62.5281,6152.81
2001,16759000,1.1914,145.7522,122.3375,12133.75
2001,16759200,7.3038,88.8536,12.1655,1116.55
2001,16759300,21.6005,88.8536,4.1135,311.35
2001,16759500,23.3617,88.8536,3.8034,280.34
2001,16759600,28.2309,88.8536,3.1474,214.74
2001,16759800,2.7454,243.9475,88.8572,8785.72
2001,16764000,4.3512,82.683,19.0024,1800.24
2001,16765000,38.4613,82.683,2.1498,114.98
2001,16767000,38.5131,66.5037,1.7268,72.68
2001,16770500,4.2994,129.1595,30.0414,2904.14
2002,16500100,4.9987,72.8689,14.5776,1357.76
2002,16500800,1.8389,75.938,41.2955,4029.55
2002,16501000,17.7155,75.938,4.2865,328.65
2002,16501200,22.0926,75.938,3.4373,243.73
2002,16502000,1.1396,46.7091,40.9874,3998.74
2002,16507000,4.9987,42.624,8.5271,752.71
2002,16508000,8.5211,42.624,5.0022,400.22
2002,16509000,13.0276,42.624,3.2718,227.18
2002,16510000,3.4965,42.624,12.1905,1119.05
2002,16511000,1.6058,42.624,26.5439,2554.39
2002,16513000,0.2072,42.624,205.7151,20471.51
2002,16514000,2.2792,42.624,18.7014,1770.14
2002,16515000,1.9166,42.624,22.2395,2123.95
2002,16516000,9.2204,48.5612,5.2667,426.67
2002,16517000,8.1326,48.5612,5.9712,497.12
2002,16518000,9.2981,48.5612,5.2227,422.27
2002,16519000,13.1053,48.5612,3.7054,270.54
2002,16520000,1.3727,48.5612,35.3765,3437.65
2002,16521000,15.255,48.5612,3.1833,218.33
2002,16521300,5.4649,63.3503,11.5923,1059.23
2002,16522950,38.3318,63.3503,1.6527,65.27
2002,16524000,6.5786,47.1695,7.1702,617.02
2002,16527000,7.6146,47.1695,6.1946,519.46
2002,16527500,13.5974,47.1695,3.469,246.9
2002,16531100,0.6993,47.1695,67.4527,6645.27
2002,16532000,1.6317,47.1695,28.9083,2790.83
2002,16536000,3.1339,47.1695,15.0514,1405.14
2002,16542000,0.3885,47.1695,121.4149,12041.49
2002,16543000,1.2432,47.1695,37.9422,3694.22
2002,16544000,0.9842,47.1695,47.9269,4692.69
2002,16545000,5.7498,47.1695,8.2037,720.37
2002,16552600,5.6203,47.1695,8.3927,739.27
2002,16552800,6.475,47.1695,7.2849,628.49
2002,16554000,7.9772,47.1695,5.9131,491.31
2002,16554500,0.1813,47.1695,260.1748,25917.48
2002,16555000,10.1269,47.1695,4.6579,365.79
2002,16556000,10.3082,47.1695,4.5759,357.59
2002,16557000,1.2173,47.1695,38.7494,3774.94
2002,16565000,1.7612,43.1922,24.5244,2352.44
2002,16566000,0.6475,43.1922,66.7065,6570.65
2002,16567000,1.5022,43.1922,28.7528,2775.28
2002,16570000,9.5571,43.1922,4.5194,351.94
2002,16574000,2.4605,43.1922,17.5543,1655.43
2002,16574500,2.849,43.1922,15.1606,1416.06
2002,16577000,6.2419,43.1922,6.9198,591.98
2002,16585000,3.4706,43.8957,12.6479,1164.79
2002,16586000,1.6058,43.8957,27.3358,2633.58
2002,16587000,1.5281,43.8957,28.7258,2772.58
2002,16591000,5.18,43.8957,8.4741,747.41
2002,16593000,5.698,43.8957,7.7037,670.37
2002,16595000,5.957,43.8957,7.3688,636.88
2002,16595200,5.3613,43.8957,8.1875,718.75
2002,16596200,0.3108,43.8957,141.2351,14023.51
2002,16602400,0.5957,44.8939,75.3636,7436.36
2002,16604500,15.8766,57.8284,3.6424,264.24
2002,16605500,17.068,57.8284,3.3881,238.81
2002,16610000,1.813,44.2393,24.4013,2340.13
2002,16612000,10.101,44.2393,4.3797,337.97
2002,16614000,11.0592,44.2393,4.0002,300.02
2002,16617000,0.9583,50.1414,52.3235,5132.35
2002,16618000,8.806,50.1414,5.694,469.4
2002,16620000,10.8262,55.6891,5.1439,414.39
2002,16623000,4.9469,55.6891,11.2574,1025.74
2002,16630000,2.849,45.9849,16.1408,1514.08
2002,16634000,3.0821,46.9074,15.2194,1421.94
2002,16636000,4.0663,46.9074,11.5357,1053.57
2002,16638000,4.7397,46.9074,9.8968,889.68
2002,16638500,12.9758,46.9074,3.615,261.5
2002,16641000,4.7656,60.1104,12.6135,1161.35
2002,16644000,2.9267,60.1104,20.5387,1953.87
2002,16646200,10.7226,60.1104,5.606,460.6
2002,16647000,9.6089,33.7495,3.5123,251.23
2002,16660000,38.9275,104.84,2.6932,169.32
2003,16681000,2.8231,19.532,6.9187,591.87
2003,16682000,3.108,25.4929,8.2024,720.24
2005,16400000,12.1211,33.9238,2.7987,179.87
2005,16401000,5.2318,33.9238,6.4842,548.42
2005,16402000,11.37,30.6196,2.693,169.3
2005,16403000,3.6519,30.6196,8.3846,738.46
2005,16403600,3.2116,42.6005,13.2646,1226.46
2005,16403900,3.0562,42.6005,13.9391,1293.91
2005,16404000,6.8376,42.6005,6.2304,523.04
2005,16404200,1.1914,42.6005,35.7568,3475.68
2005,16405000,2.849,42.6005,14.9529,1395.29
2005,16405500,5.2577,42.6005,8.1025,710.25
2005,16406000,7.7441,42.6005,5.5011,450.11
2005,16408000,9.7902,42.6005,4.3514,335.14
2005,16409000,3.367,30.9825,9.2018,820.18
2005,16410000,0.3885,30.9825,79.7493,7874.93
2005,16411400,13.0535,65.1896,4.994,399.4
2005,16412000,0.5957,60.1715,101.0103,10001.03
2005,16413000,0.2331,60.1715,258.1374,25713.74
2005,16414000,17.1457,55.8209,3.2557,225.57
2005,16414200,18.9328,55.8209,2.9484,194.84
2005,16415000,1.1396,49.1859,43.1609,4216.09
2005,16415600,13.6751,49.1859,3.5967,259.67
2005,16416000,0.7252,42.6237,58.7754,5777.54
2005,16417200,2.072,42.6774,20.5973,1959.73
2005,16417800,1.1914,42.6774,35.8214,3482.14
2005,16419500,2.5641,42.6774,16.6443,1564.43
2006,16200000,3.5742,151.3499,42.3453,4134.53
2006,16201000,2.9785,151.3499,50.8144,4981.44
2006,16204000,12.6909,151.3499,11.9258,1092.58
2006,16206000,5.1541,151.3499,29.3651,2836.51
2006,16208000,10.619,151.3499,14.2528,1325.28
2006,16208500,2.2274,151.3499,67.9495,6694.95
2006,16209000,13.6233,151.3499,11.1096,1010.96
2006,16210200,43.2528,151.3499,3.4992,249.92
2006,16210500,101.6829,151.3499,1.4884,48.84
2006,16211000,4.6361,151.3499,32.6461,3164.61
2006,16211003,4.7138,151.3499,32.108,3110.8
2006,16211300,10.8262,61.5528,5.6856,468.56
2006,16211600,5.483,34.8835,6.3621,536.21
2006,16211800,9.3499,24.014,2.5684,156.84
2006,16212000,1.554,62.5336,40.2406,3924.06
2006,16212480,4.8174,51.4408,10.6782,967.82
2006,16212490,27.4539,51.4408,1.8737,87.37
2006,16212601,17.4047,142.1926,8.1698,716.98
2006,16212700,17.9486,142.1926,7.9222,692.22
2006,16212800,11.0074,142.1926,12.9179,1191.79
2006,16212900,35.7418,142.1926,3.9783,297.83
2006,16213000,116.9121,142.1926,1.2162,21.62
2006,16216000,65.2418,69.9618,1.0723,7.23
2006,16223000,15.5399,82.5204,5.3102,431.02
2006,16224500,6.6822,82.5204,12.3493,1134.93
2006,16225000,6.7599,82.5204,12.2074,1120.74
2006,16225800,4.6102,82.5204,17.8996,1689.96
2006,16225900,8.2362,82.5204,10.0193,901.93
2006,16226000,8.8837,82.5204,9.289,828.9
2006,16226200,10.4118,82.5204,7.9257,692.57
2006,16226400,11.9139,82.5204,6.9264,592.64
2006,16227000,22.8696,82.5204,3.6083,260.83
2006,16227500,2.3828,52.0009,21.8235,2082.35
2006,16227700,1.554,52.0009,33.4627,3246.27
2006,16228000,7.0189,52.0009,7.4087,640.87
2006,16228200,8.4434,52.0009,6.1588,515.88
2006,16228900,1.4763,48.9305,33.1442,3214.42
2006,16229000,6.6304,48.9305,7.3798,637.98
2006,16229300,13.4938,48.9305,3.6261,262.61
2006,16232000,8.6765,48.9305,5.6395,463.95
2006,16237600,0.4921,48.8434,99.2554,9825.54
2006,16238000,6.3973,48.8434,7.635,663.5
2006,16238500,2.9008,48.8434,16.838,1583.8
2006,16240500,2.7195,48.8434,17.9605,1696.05
2006,16240501,2.7454,48.8434,17.7911,1679.11
2006,16241600,11.0851,48.8434,4.4062,340.62
2006,16242000,12.924,48.8434,3.7793,277.93
2006,16242500,14.9183,48.8434,3.274,227.4
2006,16244000,2.9785,48.8434,16.3987,1539.87
2006,16246000,2.7195,48.8434,17.9605,1696.05
2006,16247000,9.6348,48.8434,5.0695,406.95
2006,16247100,26.4179,48.8434,1.8489,84.89
2006,16247130,30.3029,48.8434,1.6118,61.18
2006,16247140,33.4108,48.8434,1.4619,46.19
2006,16247150,2.8231,48.8434,17.3014,1630.14
2006,16247550,7.3556,41.1758,5.5979,459.79
2006,16247900,3.2893,41.1758,12.5182,1151.82
2006,16249000,5.5167,28.6731,5.1975,419.75
2006,16249900,4.2476,52.0629,12.2571,1125.71
2006,16254000,5.2577,52.0629,9.9023,890.23
2006,16260500,14.0895,52.0629,3.6951,269.51
2006,16264600,28.4899,52.0629,1.8274,82.74
2006,16264690,1.1914,52.0629,43.6991,4269.91
2006,16264850,28.4899,52.0629,1.8274,82.74
2006,16265000,2.9267,43.8911,14.9969,1399.69
2006,16265600,2.8231,43.8911,15.5472,1454.72
2006,16266000,4.4548,43.8911,9.8526,885.26
2006,16270500,8.288,43.8911,5.2958,429.58
2006,16270900,1.2691,43.8911,34.5846,3358.46
2006,16272200,9.8938,43.8911,4.4362,343.62
2006,16273900,11.3441,43.8911,3.8691,286.91
2006,16273950,1.0878,43.8911,40.3487,3934.87
2006,16274100,13.5197,43.8911,3.2464,224.64
2006,16274950,0.7511,43.8911,58.436,5743.6
2006,16275000,2.4864,43.8911,17.6526,1665.26
2006,16278000,0.8288,43.8911,52.9577,5195.77
2006,16278500,1.2432,43.8911,35.3051,3430.51
2006,16279200,4.7656,43.8911,9.21,821.0
2006,16283000,0.7252,48.7553,67.2305,6623.05
2006,16283200,2.1497,48.7553,22.6802,2168.02
2006,16283500,9.6607,48.7553,5.0468,404.68
2006,16283600,0.1295,48.7553,376.4906,37549.06
2006,16283700,0.1295,48.7553,376.4906,37549.06
2006,16283800,0.8029,48.7553,60.7243,5972.43
2006,16284000,2.4864,48.7553,19.6089,1860.89
2006,16284200,2.5123,48.7553,19.4067,1840.67
2006,16284500,5.8534,48.7553,8.3294,732.94
2006,16291000,2.8749,48.7553,16.959,1595.9
2006,16292000,3.1598,48.7553,15.4299,1442.99
2006,16294100,9.8679,48.7553,4.9408,394.08
2006,16294900,5.8016,48.7553,8.4038,740.38
2006,16295300,2.2015,48.7553,22.1465,2114.65
2006,16296500,9.6607,33.0014,3.4161,241.61
2006,16301050,7.1743,45.5813,6.3534,535.34
2006,16303000,7.2002,45.5813,6.3306,533.06
2006,16303003,7.1743,45.5813,6.3534,535.34
2006,16304200,2.8231,45.5813,16.1459,1514.59
2006,16306000,2.3828,45.5813,19.1294,1812.94
2006,16308000,1.3727,65.582,47.7762,4677.62
2006,16308990,1.6317,65.582,40.1926,3919.26
2006,16309000,1.9684,65.582,33.3176,3231.76
2006,16310000,1.7612,65.582,37.2373,3623.73
2006,16325000,8.1585,35.5986,4.3634,336.34
2006,16329000,2.4087,35.5986,14.7792,1377.92
2006,16330000,31.9864,35.5986,1.1129,11.29
2006,16343000,37.3994,56.7323,1.5169,51.69
2006,16345000,7.77,56.7323,7.3015,630.15
2006,212837157522001,2.9526,48.7553,16.5127,1551.27
2007,16010000,9.8938,50.025,5.0562,405.62
2007,16011000,3.9886,50.025,12.5421,1154.21
2007,16012000,2.2015,50.025,22.7233,2172.33
2007,16013000,4.5325,50.025,11.037,1003.7
2007,16015000,5.698,50.025,8.7794,777.94
2007,16016000,52.5768,221.7965,4.2185,321.85
2007,16017000,4.1958,221.7965,52.8618,5186.18
2007,16019000,5.4131,221.7965,40.9742,3997.42
2007,16020000,7.5369,221.7965,29.4282,2842.82
2007,16021000,21.3674,221.7965,10.3801,938.01
2007,16028000,113.1307,221.7965,1.9605,96.05
2007,16031000,149.261,221.7965,1.486,48.6
2007,16031001,217.041,221.7965,1.0219,2.19
2007,16036000,67.7541,68.4031,1.0096,0.96
2007,16037100,64.7497,68.4031,1.0564,5.64
2007,16047000,32.6339,69.4569,2.1284,112.84
2007,16049000,47.8112,69.4569,1.4527,45.27
2007,16052400,5.6203,59.3973,10.5684,956.84
2007,16052500,17.6119,59.3973,3.3726,237.26
2007,16053000,3.367,98.9737,29.3954,2839.54
2007,16053800,14.996,98.9737,6.6,560.0
2007,16054000,1.036,98.9737,95.5349,9453.49
2007,16054500,13.183,98.9737,7.5077,650.77
2007,16055000,46.827,98.9737,2.1136,111.36
2007,16057900,10.5931,68.9451,6.5085,550.85
2007,16060000,61.4863,68.9451,1.1213,12.13
2007,16063000,13.8305,136.769,9.8889,888.89
2007,16068000,16.1615,136.769,8.4626,746.26
2007,16071000,43.2528,136.769,3.1621,216.21
2007,16071500,1.9425,136.769,70.4091,6940.91
2007,16078000,7.8995,66.9942,8.4808,748.08
2007,16080000,9.7902,66.9942,6.843,584.3
2007,16093200,23.9833,54.1568,2.2581,125.81
2007,16097000,4.4548,58.1268,13.0482,1204.82
2007,16097300,0.3108,58.1268,187.0241,18602.41
2007,16097500,3.108,58.1268,18.7024,1770.24
2007,16098000,9.4535,45.9315,4.8587,385.87
2007,16101000,18.5184,85.8417,4.6355,363.55
2007,16103000,47.9407,85.8417,1.7906,79.06
2007,16104200,54.3898,85.8417,1.5783,57.83
2007,16105000,4.921,85.8417,17.444,1644.4
2007,16106000,17.7155,37.0157,2.0894,108.94
2007,16108000,27.0395,60.8044,2.2487,124.87
2007,16114000,3.5483,48.472,13.6607,1266.07
2007,16114800,2.8231,48.472,17.1699,1616.99
2007,16115000,7.1225,48.472,6.8055,580.55
2007,16116000,2.8231,48.472,17.1699,1616.99
2007,16117000,4.144,48.472,11.697,1069.7
2007,16130000,9.8161,51.7517,5.2721,427.21
2101,50010500,8.1844,60.4661,7.388,638.8
2101,50013000,19.7357,35.71,1.8094,80.94
2101,50014000,12.1211,35.71,2.9461,194.61
2101,50020500,48.1738,54.0003,1.1209,12.09
2101,50021000,14.1413,22.0395,1.5585,55.85
2101,50021030,17.7932,22.0395,1.2386,23.86
2101,50021050,20.435,22.0395,1.0785,7.85
2101,50021500,26.1589,436.3201,16.6796,1567.96
2101,50021700,93.2396,436.3201,4.6796,367.96
2101,50022810,7.7441,16.8057,2.1701,117.01
2101,50023000,14.6593,16.8057,1.1464,14.64
2101,50024400,30.3029,42.8196,1.4131,41.31
2101,50024950,185.7021,436.3201,2.3496,134.96
2101,50025155,22.9473,125.2517,5.4582,445.82
2101,50025850,17.845,125.2517,7.0189,601.89
2101,50026025,98.3677,125.2517,1.2733,27.33
2101,50026100,113.7005,125.2517,1.1016,10.16
2101,50026200,131.5714,230.5502,1.7523,75.23
2101,50026400,36.2339,35.6721,0.9845,-1.55
2101,50027000,81.5846,87.2107,1.069,6.9
2101,50027200,437.708,548.0287,1.252,25.2
2101,50027250,421.9091,548.0287,1.2989,29.89
2101,50027600,449.8809,548.0287,1.2182,21.82
2101,50027750,453.2479,548.0287,1.2091,20.91
2101,50027850,9.7902,59.62,6.0898,508.98
2101,50027880,6.5268,16.8971,2.5889,158.89
2101,50027920,28.2309,59.62,2.1119,111.19
2101,50028000,46.6198,59.62,1.2789,27.89
2101,50028400,57.4977,59.62,1.0369,3.69
2101,50029000,517.9976,548.0287,1.058,5.8
2101,50030460,11.888,71.7774,6.0378,503.78
2101,50031000,138.8234,453.451,3.2664,226.64
2101,50031200,142.9673,453.451,3.1717,217.17
2101,50031500,9.5312,16.03,1.6819,68.19
2101,50033500,22.2739,73.3499,3.2931,229.31
2101,50034000,43.2528,73.3499,1.6958,69.58
2101,50035000,347.0584,453.451,1.3066,30.66
2101,50035200,341.8784,453.451,1.3264,32.64
2101,50035950,42.9938,43.6506,1.0153,1.53
2101,50037000,409.2181,453.451,1.1081,10.81
2101,50038100,427.348,453.451,1.0611,6.11
2101,50038300,24.3459,25.9768,1.067,6.7
2101,50038320,39.1088,227.188,5.8091,480.91
2101,50038600,14.219,21.8954,1.5399,53.99
2101,50039500,220.667,227.188,1.0296,2.96
2101,50040000,21.2379,21.5058,1.0126,1.26
2101,50043000,163.4282,371.0712,2.2705,127.05
2101,50043197,22.1703,78.0334,3.5197,251.97
2101,50043800,303.0286,371.0712,1.2245,22.45
2101,50043950,24.3977,41.6846,1.7085,70.85
2101,50043980,32.5044,41.6846,1.2824,28.24
2101,50044210,372.9583,468.1084,1.2551,25.51
2101,50044810,20.8753,28.2391,1.3528,35.28
2101,50044830,23.802,28.2391,1.1864,18.64
2101,50045010,447.5499,540.5048,1.2077,20.77
2101,50045700,20.4868,22.9416,1.1198,11.98
2101,50046000,538.7175,625.5623,1.1612,16.12
2101,50047535,1.0878,21.069,19.3686,1836.86
2101,50047540,2.072,21.069,10.1685,916.85
2101,50047545,1.1655,21.069,18.0773,1707.73
2101,50047560,21.5487,189.8096,8.8084,780.84
2101,50047820,82.6206,189.8096,2.2974,129.74
2101,50047850,108.2615,189.8096,1.7533,75.33
2101,50048000,186.2201,189.8096,1.0193,1.93
2101,50048565,0.8547,26.5744,31.0922,3009.22
2101,50048690,2.9267,67.3892,23.0258,2202.58
2101,50048700,4.2735,67.3892,15.7692,1476.92
2101,50048750,4.4807,67.3892,15.0399,1403.99
2101,50048770,19.399,67.3892,3.4738,247.38
2101,50048800,21.1602,67.3892,3.1847,218.47
2101,50049000,32.3749,67.3892,2.0815,108.15
2101,50049100,39.3678,67.3892,1.7118,71.18
2101,50049300,9.1168,67.3892,7.3918,639.18
2101,50049600,4.5843,67.3892,14.7001,1370.01
2101,50049620,5.2318,67.3892,12.8807,1188.07
2101,50050900,15.5399,538.7777,34.6705,3367.05
2101,50051150,8.4175,538.7777,64.0071,6300.71
2101,50051180,9.6866,538.7777,55.6212,5462.12
2101,50051310,26.1589,36.277,1.3868,38.68
2101,50051800,106.4226,538.7777,5.0626,406.26
2101,50053025,18.5443,77.0381,4.1543,315.43
2101,50053050,20.435,77.0381,3.7699,276.99
2101,50055000,232.5809,538.8051,2.3166,131.66
2101,50055100,13.7269,48.7179,3.5491,254.91
2101,50055170,35.4828,48.7179,1.373,37.3
2101,50055225,42.9938,48.7179,1.1331,13.31
2101,50055380,12.2506,20.29,1.6562,65.62
2101,50055390,13.1571,20.29,1.5421,54.21
2101,50055650,2.1238,181.2262,85.3315,8433.15
2101,50055750,57.7567,181.2262,3.1378,213.78
2101,50056400,42.4758,49.4506,1.1642,16.42
2101,50056900,5.957,181.2262,30.4225,2942.25
2101,50057000,155.9173,181.2262,1.1623,16.23
2101,50058350,19.5026,19.6225,1.0061,0.61
2101,50059050,541.3075,752.2815,1.3897,38.97
2101,50059210,33.4108,34.0916,1.0204,2.04
2101,50061300,37.2958,44.0648,1.1815,18.15
2101,50061800,26.4179,45.4288,1.7196,71.96
2101,50062500,7.1225,17.7462,2.4916,149.16
2101,50063250,5.5167,63.8714,11.5779,1057.79
2101,50063300,5.7757,63.8714,11.0587,1005.87
2101,50063500,0.6475,63.8714,98.6435,9764.35
2101,50063800,22.3257,63.8714,2.8609,186.09
2101,50064200,18.9328,63.8714,3.3736,237.36
2101,50065500,17.8191,40.32,2.2627,126.27
2101,50065700,30.5619,40.32,1.3193,31.93
2101,50066000,34.7317,40.32,1.1609,16.09
2101,50067000,10.2564,18.7057,1.8238,82.38
2101,50070500,10.7744,67.3742,6.2532,525.32
2101,50070900,28.4899,67.3742,2.3648,136.48
2101,50071000,38.5908,67.3742,1.7459,74.59
2101,50073400,12.5355,62.2664,4.9672,396.72
2101,50074950,0.1554,70.2688,452.1823,45118.23
2101,50075000,3.2634,70.2688,21.5325,2053.25
2101,50075500,28.4899,70.2688,2.4664,146.64
2101,50076000,31.8569,70.2688,2.2058,120.58
2101,50077000,45.5838,70.2688,1.5415,54.15
2101,50077500,54.3898,70.2688,1.2919,29.19
2101,50081000,17.2234,64.3684,3.7373,273.73
2101,50081500,23.8538,64.3684,2.6985,169.85
2101,50082000,44.8068,64.3684,1.4366,43.66
2101,50082800,12.147,101.761,8.3774,737.74
2101,50083500,42.4758,101.761,2.3957,139.57
2101,50084000,20.435,101.761,4.9797,397.97
2101,50085100,67.8577,101.761,1.4996,49.96
2101,50090500,13.9341,48.0145,3.4458,244.58
2101,50091200,32.8928,48.0145,1.4597,45.97
2101,50092000,47.3968,66.7596,1.4085,40.85
2101,50093000,10.619,11.5579,1.0884,8.84
2101,50093050,66.3037,75.3753,1.1368,13.68
2101,50093120,66.3037,75.3753,1.1368,13.68
2101,50095200,21.2897,33.5628,1.5765,57.65
2101,50095500,31.8569,33.5628,1.0536,5.36
2101,50099000,1.7094,23.9277,13.9978,1299.78
2101,50100200,25.6927,31.5723,1.2288,22.88
2101,50100450,43.2528,92.9286,2.1485,114.85
2101,50106100,112.6645,169.8484,1.5076,50.76
2101,50106500,119.1395,169.8484,1.4256,42.56
2101,50108000,33.4108,50.5427,1.5128,51.28
2101,50108500,46.8788,50.5427,1.0782,7.82
2101,50109400,16.8349,16.6464,0.9888,-1.12
2101,50110650,35.6123,112.1395,3.1489,214.89
2101,50110900,36.7778,57.5529,1.5649,56.49
2101,50111000,49.9868,57.5529,1.1514,15.14
2101,50111200,55.4257,57.5529,1.0384,3.84
2101,50111500,133.3844,155.1665,1.1633,16.33
2101,50111700,137.7874,155.1665,1.1261,12.61
2101,50111750,145.8681,155.1665,1.0637,6.37
2101,50112100,188.5511,155.1665,0.8229,-17.71
2101,50112500,25.1229,98.9671,3.9393,293.93
2101,50113800,30.8209,45.0934,1.4631,46.31
2101,50114000,46.1018,126.4475,2.7428,174.28
2101,50114390,64.4907,126.4475,1.9607,96.07
2101,50114700,73.5557,126.4475,1.7191,71.91
2101,50114900,18.8292,26.9209,1.4297,42.97
2101,50115000,22.8437,26.9209,1.1785,17.85
2101,50115230,29.1115,52.7014,1.8103,81.03
2101,50115240,30.3029,52.7014,1.7392,73.92
2101,50115900,48.1738,52.7014,1.094,9.4
2101,50121000,62.6777,83.5815,1.3335,33.35
2101,50122000,78.2176,83.5815,1.0686,6.86
2101,50124000,47.9148,65.1504,1.3597,35.97
2101,50124200,48.9508,65.1504,1.3309,33.09
2101,50124500,53.8718,65.1504,1.2094,20.94
2101,50125790,45.0658,119.436,2.6503,165.03
2101,50125900,18.7256,119.436,6.3782,537.82
2101,50126150,83.1386,119.436,1.4366,43.66
2101,50127000,94.2756,119.436,1.2669,26.69
2101,50128000,117.8445,119.436,1.0135,1.35
2101,50129000,22.0149,50.9006,2.3121,131.21
2101,50129500,54.3898,50.9006,0.9358,-6.42
2101,50130320,0.9842,6.2419,6.3421,534.21
2101,50131990,91.6856,329.5708,3.5946,259.46
2101,50133800,10.8003,35.7064,3.3061,230.61
2101,50136000,45.5838,62.1636,1.3637,36.37
2101,50136400,47.3968,62.1636,1.3116,31.16
2101,50138000,310.7986,329.5708,1.0604,6.04
2101,50141000,39.8858,45.053,1.1295,12.95
2101,50141600,26.1589,101.5493,3.882,288.2
2101,50142700,36.7778,67.9458,1.8475,84.75
2101,50143930,323.7485,468.501,1.4471,44.71
2101,50144000,347.0584,468.501,1.3499,34.99
2101,50145000,383.3182,468.501,1.2222,22.22
2101,50145395,19.1918,29.6417,1.5445,54.45
2101,50147800,184.4072,265.0073,1.4371,43.71
2101,50148890,245.0129,265.0073,1.0816,8.16
2101,50214500,0.6164,15.2869,24.7996,2379.96
2101,50215000,0.259,15.2869,59.0231,5802.31
2101,50231000,0.7252,18.3976,25.3691,2436.91
2101,50232000,1.7612,37.3095,21.1842,2018.42
2101,50233000,1.7353,37.3095,21.5004,2050.04
2102,50252000,1.2691,17.9946,14.1791,1317.91
2102,50274000,6.0347,18.8661,3.1263,212.63
2102,50276000,7.6923,18.8661,2.4526,145.26
2102,50292600,0.9842,18.97,19.2746,1827.46
2102,50294000,3.8332,17.5638,4.582,358.2
2102,50295000,0.9583,17.5638,18.3281,1732.81
2102,50332000,3.6778,31.8193,8.6518,765.18
2102,50333500,13.9859,31.8193,2.2751,127.51
2102,50334500,10.6449,31.8193,2.9892,198.92
2102,50345000,5.439,30.0656,5.5278,452.78
2201,16807650,1.1396,32.3969,28.4284,2742.84
2201,16808300,0.6734,20.0185,29.7277,2872.77
2201,16809400,1.9166,26.1945,13.6672,1266.72
2201,16809600,2.6677,26.1945,9.8192,881.92
2201,16816000,5.3872,26.1945,4.8624,386.24
2201,16821000,2.4087,26.1945,10.875,987.5
2201,16835000,11.2405,47.1813,4.1974,319.74
2201,16840000,4.9469,47.1813,9.5376,853.76
2201,16845000,16.3687,81.0807,4.9534,395.34
2201,16846000,16.6536,81.0807,4.8687,386.87
2201,16847000,4.9728,81.0807,16.3049,1530.49
2201,16848100,3.4188,81.0807,23.7162,2271.62
2201,16848500,3.0562,81.0807,26.53,2553.0
2201,16850000,41.3103,81.0807,1.9627,96.27
2201,16854500,15.3327,81.0807,5.2881,428.81
2201,16855000,18.363,81.0807,4.4154,341.54
2201,16858000,16.9126,42.8295,2.5324,153.24
2201,16862000,7.252,26.7375,3.6869,268.69
2201,16865000,14.4262,26.7375,1.8534,85.34
2202,16801000,1.7871,23.6619,13.2404,1224.04
2202,16801500,0.9065,23.6619,26.1026,2510.26
